date,stock,action,shares,price,amount,fee,net_amount
2023-05-19,000958.SZ,buy,162100,3.648457446808501,591414.952127658,827.9809329787212,592242.9330606367
2023-05-19,688172.SH,buy,25400,23.25019122120818,590554.8570186878,826.7767998261629,591381.633818514
2023-05-19,603458.SH,buy,109200,5.4177254953076135,591615.6240875914,828.261873722628,592443.8859613141
2023-05-19,603038.SH,buy,127400,4.642902086137285,591505.7257738902,828.1080160834462,592333.8337899736
2023-05-19,301015.SZ,buy,48300,12.248245192307676,591590.2427884608,828.2263399038451,592418.4691283647
2023-05-19,920970.BJ,buy,63200,9.360400000000006,591577.2800000004,828.2081920000005,592405.4881920004
2023-05-19,600728.SH,buy,111400,5.308496900826459,591366.5547520675,827.9131766528945,592194.4679287205
2023-05-19,000816.SZ,buy,81400,7.266622516556271,591503.0728476804,828.1043019867526,592331.1771496672
2023-05-19,002471.SZ,buy,218100,2.7120312500000026,591494.0156250006,828.0916218750008,592322.1072468756
2023-05-19,600509.SH,buy,48600,12.15635388739942,590798.7989276119,827.1183184986567,591625.9172461106
2023-05-19,603616.SH,buy,189500,3.121077844311377,591444.2514970059,828.0219520958083,592272.2734491017
2023-05-19,603360.SH,buy,91400,6.471096691386201,591458.2375926988,828.0415326297783,592286.2791253286
2023-05-19,002580.SZ,buy,35700,16.56812500000003,591482.062500001,828.0748875000014,592310.1373875011
2023-05-19,001872.SZ,buy,31600,18.6828354725788,590377.6009334901,826.5286413068861,591204.129574797
2023-05-19,600015.SH,buy,121900,4.852058441558448,591465.9240259748,828.0522936363648,592293.9763196112
2023-05-19,920505.BJ,buy,31900,18.530570175438587,591125.1885964909,827.5752640350872,591952.763860526
2023-05-19,300182.SZ,buy,58200,10.162090163934392,591433.6475409816,828.0071065573743,592261.654647539
2023-05-19,601899.SH,buy,23700,24.92090526315797,590625.4547368438,826.8756366315813,591452.3303734754
2023-05-19,601689.SH,buy,3400,169.94728272827277,577820.7612761274,808.9490657865783,578629.7103419141
2023-05-19,300717.SZ,buy,39300,15.041952323476153,591148.7263126128,827.6082168376579,591976.3345294505
2023-05-19,002716.SZ,buy,190900,3.0994076655052245,591676.9233449474,828.3476926829263,592505.2710376304
2023-05-19,002240.SZ,buy,4100,144.1490589711428,591011.1417816855,827.4155984943598,591838.5573801799
2023-05-19,000592.SZ,buy,300000,1.972370242214532,591711.0726643596,828.3955017301034,592539.4681660897
2023-05-19,603220.SH,buy,61400,9.621646475770936,590769.0936123355,827.0767310572697,591596.1703433928
2023-05-19,001914.SZ,buy,48000,12.32432898773008,591567.7914110438,828.1949079754613,592395.9863190193
2023-05-19,002878.SZ,buy,63500,9.30677651747396,590980.3088595965,827.372432403435,591807.681292
2023-05-19,001216.SZ,buy,46300,12.762553743513694,590906.238324684,827.2687336545575,591733.5070583386
2023-05-19,300803.SZ,buy,9400,62.47714140644853,587285.1292206162,822.1991809088627,588107.328401525
2023-05-19,603070.SH,buy,27500,21.469605457227196,590414.1500737478,826.5798101032469,591240.7298838511
2023-05-19,605117.SH,buy,400,1333.229452810181,533291.7811240724,746.6084935737014,534038.3896176461
2023-05-19,002907.SZ,buy,39400,14.990002988643209,590606.1177525424,826.8485648535593,591432.9663173959
2023-05-19,300562.SZ,buy,101100,5.852684824902714,591706.4357976645,828.3890101167302,592534.8248077813
2023-05-19,603103.SH,buy,40000,14.757532944754182,590301.3177901673,826.4218449062342,591127.7396350736
2023-05-19,600569.SH,buy,341400,1.7329101562500049,591615.5273437516,828.2617382812523,592443.789082033
2023-05-19,600929.SH,buy,63700,9.287019667170958,591583.15279879,828.216413918306,592411.3692127083
2023-05-19,601198.SH,buy,107400,5.507442660550451,591499.3417431185,828.0990784403658,592327.4408215589
2023-05-19,301112.SZ,buy,30000,19.71881381892444,591564.4145677332,828.1901803948265,592392.6047481281
2023-05-19,605298.SH,buy,69300,8.536474164133752,591577.659574469,828.2087234042566,592405.8682978733
2023-05-19,300864.SZ,buy,171300,3.453075081315504,591511.7614293458,828.1164660010842,592339.877895347
2023-05-19,300819.SZ,buy,66100,8.951792626728103,591713.4926267277,828.3988896774188,592541.8915164052
2023-05-19,300548.SZ,buy,57500,10.286577208918253,591478.1895127995,828.0694653179193,592306.2589781175
2023-05-19,603995.SH,buy,24900,23.73079044117653,590896.6819852956,827.2553547794139,591723.937340075
2023-05-19,688293.SH,buy,24000,24.51430367808869,588343.2882741286,823.68060358378,589166.9688777124
2023-05-19,300946.SZ,buy,80100,7.387171610169491,591712.4459745763,828.3974243644068,592540.8433989407
2023-05-19,600808.SH,buy,248500,2.3810679611650465,591695.3883495141,828.3735436893197,592523.7618932035
2023-05-19,300948.SZ,buy,204900,2.8864304644999264,591429.6021760349,828.0014430464489,592257.6036190814
2023-05-19,000995.SZ,buy,51900,11.386117741935468,590939.5108064509,827.3153151290312,591766.82612158
2023-05-19,000802.SZ,buy,163000,3.630120603015069,591709.6582914562,828.3935216080387,592538.0518130643
2023-05-19,603126.SH,buy,41700,14.178222222222256,591231.8666666681,827.7246133333354,592059.5912800014
2023-05-19,300192.SZ,buy,43600,13.56489175977653,591429.2807262568,828.0009930167595,592257.2817192735
2023-05-19,603298.SH,buy,19400,30.34873554356203,588765.4695451034,824.2716573631448,589589.7412024665
2023-05-19,600678.SH,buy,176300,3.35545983701979,591567.569266589,828.1945969732246,592395.7638635623
2023-05-19,002749.SZ,buy,64200,9.206097904915383,591031.4854955676,827.4440796937946,591858.9295752614
2023-05-19,300468.SZ,buy,133800,4.422202797202775,591690.7342657313,828.3670279720238,592519.1012937033
2023-05-19,300878.SZ,buy,88600,6.675740375123391,591470.5972359325,828.0588361303055,592298.6560720628
2023-05-19,002524.SZ,buy,129100,4.580212665406436,591305.455103971,827.8276371455593,592133.2827411166
2023-05-19,002425.SZ,buy,117300,5.042183760683753,591448.1551282043,828.027417179486,592276.1825453838
2023-05-19,002021.SZ,buy,522600,1.132200000000003,591687.7200000016,828.3628080000022,592516.0828080017
2023-05-19,603860.SH,buy,18800,31.368840579710195,589734.2028985517,825.6278840579724,590559.8307826098
2023-05-19,600035.SH,buy,115900,5.103401162790703,591484.1947674425,828.0778726744195,592312.272640117
2023-05-19,002233.SZ,buy,127500,4.638580922595773,591419.0676309611,827.9866946833455,592247.0543256445
2023-05-19,688233.SH,buy,36800,16.042817470497695,590375.6829143151,826.5259560800412,591202.2088703952
2023-05-19,688468.SH,buy,133800,4.418348035284674,591174.9671210893,827.6449539695251,592002.6120750589
2023-05-19,000411.SZ,buy,40100,14.745920621931246,591311.416939443,827.8359837152202,592139.2529231582
2023-05-19,300707.SZ,buy,60700,9.744378705533602,591483.7874258896,828.0773023962455,592311.8647282859
2023-05-19,002795.SZ,buy,56600,10.4527242466713,591624.1923615956,828.2738693062338,592452.4662309019
2023-05-19,600138.SH,buy,45900,12.887648437500005,591543.0632812502,828.1602885937502,592371.223569844
2023-05-19,603279.SH,buy,15400,38.24647246244871,588995.6759217101,824.5939462903941,589820.2698680005
2023-05-19,300447.SZ,buy,19600,30.04934869739479,588967.2344689379,824.554128256513,589791.7885971944
2023-05-19,920553.BJ,buy,175800,3.3645390625000013,591485.9671875002,828.0803540625003,592314.0475415627
2023-05-19,600712.SH,buy,372500,1.5884505606523964,591697.8338430177,828.3769673802248,592526.210810398
2023-05-19,002927.SZ,buy,62100,9.51642892037129,590970.2359550571,827.3583303370799,591797.5942853942
2023-05-19,002222.SZ,buy,11000,53.36223851030095,586984.6236133104,821.7784730586345,587806.4020863691
2023-05-19,600053.SH,buy,91400,6.467718984626383,591149.5151948514,827.609321272792,591977.1245161243
2023-05-19,920608.BJ,buy,92700,6.380015000000002,591427.3905000002,827.9983467000003,592255.3888467002
2023-05-19,605028.SH,buy,38800,15.21684622918706,590413.6336924579,826.5790871694411,591240.2127796274
2023-05-19,002688.SZ,buy,146800,4.0289802130898025,591454.295281583,828.0360133942162,592282.3312949772
2023-05-19,002482.SZ,buy,1005700,0.5883112582781456,591664.632450331,828.3304854304633,592492.9629357615
2023-05-19,600279.SH,buy,145400,4.069398249452941,591690.5054704576,828.3667076586406,592518.8721781162
2023-05-19,301259.SZ,buy,45800,12.898676470588256,590759.3823529421,827.063135294119,591586.4454882363
2023-05-19,002494.SZ,buy,168300,3.514521452145217,591493.96039604,828.0915445544559,592322.0519405945
2023-05-19,000937.SZ,buy,36100,16.37402173913042,591102.1847826082,827.5430586956514,591929.7278413039
2023-05-19,002535.SZ,buy,235300,2.5143286219081227,591621.5247349812,828.2701346289738,592449.7948696102
2023-05-19,000605.SZ,buy,98600,5.997571942446043,591360.5935251798,827.9048309352517,592188.4983561151
2023-05-19,605336.SH,buy,75100,7.875241566609481,591430.6416523721,828.0028983133209,592258.6445506854
2023-05-19,688101.SH,buy,63800,9.273489891518691,591648.6550788925,828.3081171104494,592476.963196003
2023-05-19,300221.SZ,buy,123500,4.790909090909086,591677.2727272721,828.3481818181809,592505.6209090904
2023-05-19,601588.SH,buy,463700,1.2758633633633631,591617.8415915915,828.2649782282281,592446.1065698197
2023-05-19,000506.SZ,buy,89000,6.648216723549483,591691.288395904,828.3678037542657,592519.6561996583
2023-05-19,603661.SH,buy,21000,28.050447761194054,589059.4029850751,824.6831641791052,589884.0861492542
2023-05-19,601226.SH,buy,49200,12.010187353629998,590901.2177985959,827.2617049180343,591728.479503514
2023-05-19,688160.SH,buy,20400,28.820038562664276,587928.7866783512,823.1003013496917,588751.886979701
2023-05-19,603309.SH,buy,23800,24.775789563437943,589663.791609823,825.5293082537522,590489.3209180768
2023-05-19,000680.SZ,buy,101900,5.802993243243236,591325.0114864857,827.85501608108,592152.8665025668
2023-05-19,603130.SH,buy,29900,19.733767605633787,590039.6514084502,826.0555119718302,590865.706920422
2023-05-19,002661.SZ,buy,50000,11.816993918331864,590849.6959165932,827.1895742832305,591676.8854908765
2023-05-19,301109.SZ,buy,58200,10.16507675087944,591607.4669011834,828.2504536616567,592435.717354845
2023-05-19,301299.SZ,buy,10600,55.34398798521266,586646.2726432541,821.3047817005557,587467.5774249547
2023-05-19,002774.SZ,buy,82900,7.133311688311669,591351.5389610374,827.8921545454524,592179.4311155829
2023-05-19,600755.SH,buy,61100,9.678714574898782,591369.4605263156,827.9172447368419,592197.3777710525
2023-05-19,600872.SH,buy,17700,33.34422652642377,590192.8095177007,826.2699333247809,591019.0794510255
2023-05-19,688176.SH,buy,47200,12.508602272727275,590406.0272727273,826.5684381818182,591232.5957109092
2023-05-19,600261.SH,buy,210500,2.8103842105263084,591585.8763157879,828.2202268421031,592414.09654263
2023-05-19,301285.SZ,buy,84600,6.991741935483876,591501.3677419359,828.1019148387103,592329.4696567747
2023-05-19,002246.SZ,buy,51800,11.413904605263138,591240.2585526305,827.7363619736827,592067.9949146042
2023-05-19,301062.SZ,buy,160700,3.680052631578952,591384.4578947376,827.9382410526326,592212.3961357903
2023-05-19,300721.SZ,buy,45700,12.923753898128924,590615.5531444919,826.8617744022886,591442.4149188942
2023-05-19,601919.SH,buy,25800,22.91437499999997,591190.8749999993,827.667224999999,592018.5422249993
2023-05-19,600333.SH,buy,123700,4.783357142857122,591701.278571426,828.3817899999965,592529.6603614261
2023-05-19,000826.SZ,buy,553200,1.0694569892473094,591623.6064516115,828.273049032256,592451.8795006438
2023-05-19,000045.SZ,buy,42200,14.01393700787405,591388.1417322849,827.9433984251989,592216.0851307102
2023-05-19,603908.SH,buy,6400,91.5434788980069,585878.2649472441,820.2295709261417,586698.4945181702
2023-05-19,300893.SZ,buy,46000,12.8500608272506,591102.7980535276,827.5439172749386,591930.3419708026
2023-05-19,000002.SZ,buy,90900,6.506382063882064,591430.1296068797,828.0021814496315,592258.1317883293
2023-05-19,000920.SZ,buy,44600,13.260952380952364,591438.4761904754,828.0138666666655,592266.4900571421
2023-05-19,002392.SZ,buy,176200,3.357293233082718,591555.0676691749,828.1770947368448,592383.2447639117
2023-05-19,301171.SZ,buy,27900,21.17060795454541,590659.961931817,826.9239467045438,591486.8858785216
2023-05-19,600110.SH,buy,54200,10.90500000000002,591051.0000000012,827.4714000000016,591878.4714000012
2023-05-19,688201.SH,buy,13800,42.58684114646583,587698.4078212285,822.7777709497199,588521.1855921783
2023-05-19,000766.SZ,buy,150200,3.9375570776255726,591421.073059361,827.9895022831054,592249.0625616441
2023-05-19,600702.SH,buy,600,848.3546381578977,509012.78289473866,712.6178960526341,509725.4007907913
2023-05-19,920870.BJ,buy,6900,85.56367521367535,590389.3589743599,826.5451025641039,591215.9040769241
2023-05-19,600602.SH,buy,55500,10.646700356718222,590891.8697978613,827.2486177170058,591719.1184155784
2023-05-19,300564.SZ,buy,136400,4.336902985074637,591553.5671641806,828.1749940298528,592381.7421582105
2023-05-19,600313.SH,buy,25400,23.237370967742056,590229.2225806483,826.3209116129076,591055.5434922612
2023-05-19,601015.SH,buy,96800,6.106679566563469,591126.5820433438,827.5772148606814,591954.1592582045
2023-05-19,603369.SH,buy,5800,101.38330046583827,588023.142701862,823.2323997826069,588846.3751016447
2023-05-19,603093.SH,buy,141300,4.186174944403252,591506.5196441795,828.1091275018513,592334.6287716813
2023-05-19,002489.SZ,buy,164100,3.605515222482429,591665.0480093666,828.3310672131132,592493.3790765798
2023-05-19,920971.BJ,buy,18200,32.34347826086957,588651.3043478262,824.1118260869566,589475.4161739132
2023-05-19,600834.SH,buy,59300,9.972961847389534,591396.6375501994,827.9552925702792,592224.5928427697
2023-05-19,601339.SH,buy,65600,9.015,591384.0,827.9376,592211.9376000001
2023-05-19,601996.SH,buy,271000,2.1831293706293726,591628.0594405599,828.2792832167839,592456.3387237767
2023-05-19,300872.SZ,buy,173900,3.402306611786218,591661.1197896233,828.3255677054726,592489.4453573289
2023-05-19,002170.SZ,buy,47300,12.501964285714324,591342.9107142875,827.8800750000025,592170.7907892875
2023-05-19,688205.SH,buy,8600,68.53182563094082,589373.700426091,825.1231805965274,590198.8236066876
2023-05-19,000966.SZ,buy,88400,6.692267441860475,591596.4418604659,828.2350186046523,592424.6768790706
2023-05-19,300947.SZ,buy,249200,2.374091196777904,591623.5262370537,828.2729367318751,592451.7991737856
2023-05-19,301300.SZ,buy,37000,15.953474870017333,590278.5701906413,826.3899982668978,591104.9601889083
2023-05-19,002483.SZ,buy,78400,7.542295081967219,591315.9344262299,827.8423081967219,592143.7767344266
2023-05-19,002707.SZ,buy,68400,8.642014218009505,591113.7725118501,827.5592815165902,591941.3317933667
2023-05-19,300171.SZ,buy,7600,77.46658149171273,588746.0193370167,824.2444270718235,589570.2637640886
2023-05-19,002042.SZ,buy,440500,1.3430067567567543,591594.4763513503,828.2322668918904,592422.7086182423
2023-05-19,600673.SH,buy,101900,5.805015075376892,591531.0361809053,828.1434506532675,592359.1796315586
2023-05-19,002033.SZ,buy,39100,15.123996031746078,591348.2448412717,827.8875427777804,592176.1323840495
2023-05-19,300940.SZ,buy,192900,3.066773554654337,591580.6186928216,828.2128661699502,592408.8315589916
2023-05-19,002554.SZ,buy,124400,4.756250000000007,591677.5000000008,828.3485000000011,592505.8485000009
2023-05-19,603659.SH,buy,35900,16.444256519705352,590348.8090574221,826.488332680391,591175.2973901025
2023-05-19,605100.SH,buy,136300,4.341077844311371,591688.9101796399,828.364474251496,592517.2746538915
2023-05-19,300756.SZ,buy,62900,9.393600566572228,590857.4756373932,827.2004658923505,591684.6761032856
2023-05-19,300735.SZ,buy,131900,4.486008591707141,591704.5332461719,828.3863465446407,592532.9195927166
2023-05-19,000545.SZ,buy,183200,3.228421474358972,591446.8141025637,828.0255397435891,592274.8396423073
2023-05-19,300725.SZ,buy,13900,42.33639075753128,588475.8315296847,823.8661641415586,589299.6976938263
2023-05-19,600177.SH,buy,87900,6.729724930362104,591542.821378829,828.1599499303605,592370.9813287593
2023-05-19,002675.SZ,buy,40100,14.752865168539309,591589.8932584262,828.2258505617967,592418.1191089881
2023-05-19,000809.SZ,buy,100400,5.890355648535546,591391.7071129688,827.9483899581563,592219.655502927
2023-05-19,000011.SZ,buy,60300,9.802187171398518,591071.8864353306,827.5006410094628,591899.3870763402
2023-05-19,300674.SZ,buy,59200,9.992946236559098,591582.4172042985,828.2153840860179,592410.6325883846
2023-05-19,300218.SZ,buy,54800,10.787144638403984,591135.5261845383,827.5897366583536,591963.1159211966
2023-05-19,000031.SZ,buy,283400,2.0873411602209955,591552.4848066301,828.1734787292821,592380.6582853594
2023-05-19,300720.SZ,buy,64800,9.121513790891584,591074.0936497746,827.5037311096844,591901.5973808842
2023-05-19,600115.SH,buy,142000,4.1665315699658585,591647.4829351519,828.3064761092127,592475.7894112611
2023-05-19,301060.SZ,buy,31700,18.626573617952957,590462.3836891088,826.6473371647522,591289.0310262736
2023-05-19,300465.SZ,buy,56000,10.559226653696513,591316.6926070047,827.8433696498065,592144.5359766545
2023-05-19,300614.SZ,buy,34200,17.292963091922037,591419.3377437337,827.9870728412271,592247.3248165749
2023-05-19,300377.SZ,buy,104300,5.668016736401664,591174.1456066936,827.643803849371,592001.789410543
2023-05-19,002566.SZ,buy,54200,10.914640718562843,591573.5269461061,828.2029377245485,592401.7298838306
2023-05-19,000779.SZ,buy,48900,12.07877053140096,590651.878985507,826.9126305797097,591478.7916160867
2023-05-19,301088.SZ,buy,51300,11.52676450156306,591323.018930185,827.852226502259,592150.8711566873
2023-05-22,002878.SZ,sell,63500,8.328203556100563,528840.9258123857,740.3772961373401,528100.5485162485
2023-05-22,002222.SZ,sell,11000,46.54007923930255,511940.871632328,716.7172202852593,511224.1544120428
2023-05-22,688322.SH,buy,15200,38.52210725075536,585536.0302114815,819.7504422960741,586355.7806537776
2023-05-22,301391.SZ,buy,4800,122.67933844339628,588860.8245283021,824.4051543396229,589685.2296826417
2023-05-23,605117.SH,sell,398,400.2156887592792,159285.84412619311,223.00018177667036,159062.84394441644
2023-05-23,002878.SZ,buy,5000,8.144892703862673,40724.463519313365,57.014248927038714,40781.47776824041
2023-05-23,301015.SZ,buy,2700,14.592767984330465,39400.473557692254,55.16066298076915,39455.634220673026
2023-05-23,603070.SH,buy,1500,26.15788163716821,39236.82245575231,54.93155143805324,39291.75400719037
2023-05-23,002222.SZ,buy,900,42.39274960380335,38153.47464342302,53.41486450079223,38206.889507923814
2023-05-24,301060.SZ,sell,32213,16.96405446086483,546463.0863478387,765.0483208869742,545698.0380269518
2023-05-24,605117.SH,buy,1200,431.0638600212092,517276.63202545105,724.1872848356314,518000.8193102867
2023-05-25,920870.BJ,sell,6967,20.42685185185188,142313.87685185205,199.23942759259288,142114.63742425948
2023-05-26,002021.SZ,sell,479561,0.8761600000000023,420172.1657600011,588.2410320640015,419583.92472793715
2023-05-26,920870.BJ,buy,5000,19.73920940170943,98696.04700854716,138.17446581196603,98834.22147435913
2023-05-26,301112.SZ,buy,4500,21.73686010891763,97815.87049012932,136.94221868618106,97952.81270881552
2023-05-26,301060.SZ,buy,6100,16.091461412151087,98157.91461412163,137.42108045977028,98295.33569458142
2023-05-26,301285.SZ,buy,8400,11.798214285714296,99105.00000000009,138.74700000000013,99243.74700000009
2023-05-26,605028.SH,buy,5000,19.46226126346718,97311.3063173359,136.23582884427026,97447.54214618017
2023-05-26,600509.SH,buy,7200,13.70963136729218,98709.3458445037,138.19308418230517,98847.538928686
2023-05-29,002021.SZ,buy,1000,0.8424500000000023,842.4500000000022,1.179430000000003,843.6294300000022
2023-05-29,603616.SH,buy,200,3.7956047904191625,759.1209580838325,1.0627693413173656,760.18372742515
2023-05-30,301112.SZ,sell,4580,20.429379680054453,93566.5589346494,130.99318250850916,93435.56575214089
2023-05-30,000966.SZ,sell,93281,6.576374207188168,613450.7624207195,858.8310673890073,612591.9313533305
2023-05-30,301259.SZ,sell,45652,7.618724598930491,347810.0153903748,486.9340215465247,347323.0813688283
2023-05-30,002425.SZ,buy,29400,5.131059829059822,150853.15897435878,211.1944225641023,151064.3533969229
2023-05-30,000802.SZ,buy,38200,3.9399899497487367,150507.61608040176,210.71066251256246,150718.32674291433
2023-05-30,601689.SH,buy,700,196.45187843784376,137516.31490649065,192.5228408690869,137708.83774735974
2023-05-30,301391.SZ,buy,1000,146.64009433962272,146640.0943396227,205.2961320754718,146845.3904716982
2023-05-30,688160.SH,buy,4000,37.599887817703696,150399.5512708148,210.5593717791407,150610.11064259394
2023-05-30,600509.SH,buy,9200,16.324323056300216,150183.77211796198,210.25728096514678,150394.02939892714
2023-05-30,000766.SZ,buy,33600,4.481609589041098,150582.0821917809,210.81491506849326,150792.8971068494
2023-05-31,000966.SZ,buy,500,6.553255813953494,3276.627906976747,4.587279069767446,3281.2151860465146
2023-05-31,301112.SZ,buy,100,21.3549761742682,2135.49761742682,2.989696664397548,2138.4873140912177
2023-05-31,605298.SH,buy,300,10.535410334346524,3160.6231003039575,4.424872340425541,3165.047972644383
2023-05-31,301259.SZ,buy,400,7.3743137254902065,2949.725490196083,4.129615686274516,2953.8551058823573
2023-05-31,000680.SZ,buy,500,6.649081081081072,3324.5405405405363,4.6543567567567505,3329.194897297293
2023-06-01,002795.SZ,sell,60904,5.944218640504531,362026.69208128797,506.8373689138032,361519.85471237416
2023-06-01,301109.SZ,sell,58491,8.90671170450912,520962.47430844296,729.3474640318201,520233.1268444112
2023-06-01,600728.SH,buy,81500,5.426213842975218,442236.4282024803,619.1309994834725,442855.5592019638
2023-06-01,688322.SH,buy,7000,62.74641877759713,439224.9314431799,614.9149040204519,439839.8463472004
2023-06-02,002021.SZ,buy,400,1.228480000000003,491.3920000000012,0.6879488000000017,492.0799488000012
2023-06-05,600702.SH,sell,572,676.8391842105285,387152.0133684223,542.0128187157912,386610.0005497065
2023-06-05,002795.SZ,buy,11500,5.59290469516466,64318.403994393586,90.04576559215101,64408.44975998574
2023-06-05,301109.SZ,buy,7300,8.81622561560602,64358.44699392395,90.10182579149352,64448.54881971545
2023-06-05,603038.SH,buy,11900,5.409569313593544,64373.874831763176,90.12342476446844,64463.99825652765
2023-06-05,601339.SH,buy,6400,9.975,63840.0,89.376,63929.376000000004
2023-06-05,002240.SZ,buy,400,144.41276976160705,57765.10790464282,80.87115106649995,57845.97905570932
2023-06-05,000809.SZ,buy,10800,5.986255230125503,64651.55648535544,90.51217907949761,64742.06866443494
2023-06-06,603309.SH,sell,23015,21.37173260572989,491870.4259208734,688.6185962892228,491181.8073245842
2023-06-06,000045.SZ,sell,47306,15.868159448818934,750659.1508858285,1050.92281124016,749608.2280745885
2023-06-06,605028.SH,buy,19500,21.332380019588623,415981.41038197814,582.3739745347694,416563.78435651294
2023-06-06,600702.SH,buy,600,617.9505098684231,370770.30592105386,519.0784282894754,371289.38434934337
2023-06-06,000680.SZ,buy,51100,8.145864864864855,416253.69459459407,582.7551724324317,416836.4497670265
2023-06-07,002482.SZ,buy,10200,0.7221247240618102,7365.672185430463,10.311941059602649,7375.984126490066
2023-06-07,603038.SH,buy,1100,6.533004710632575,7186.305181695832,10.060827254374166,7196.366008950207
2023-06-07,301285.SZ,buy,800,9.141658986175122,7313.327188940098,10.238658064516137,7323.565847004615
2023-06-07,603309.SH,buy,300,20.79760402455663,6239.281207366989,8.734993690313784,6248.016201057303
2023-06-07,000045.SZ,buy,400,15.76037729658796,6304.150918635184,8.825811286089257,6312.9767299212735
2023-06-07,000809.SZ,buy,1000,7.053608786610857,7053.608786610857,9.8750523012552,7063.483838912113
2023-06-08,603038.SH,sell,1100,5.990148048452225,6589.162853297447,9.224827994616426,6579.938025302831
2023-06-08,000802.SZ,buy,500,8.438547738693453,4219.273869346726,5.906983417085417,4225.180852763812
2023-06-08,603103.SH,buy,300,15.477364419665484,4643.209325899646,6.500493056259503,4649.709818955906
2023-06-09,000802.SZ,sell,500,6.898412060301497,3449.206030150748,4.828888442211047,3444.3771417085372
2023-06-09,605298.SH,buy,100,12.673608336951828,1267.3608336951827,1.7743051671732557,1269.1351388623561
2023-06-09,603038.SH,buy,200,5.71904441453567,1143.808882907134,1.6013324360699874,1145.410215343204
2023-06-09,601588.SH,buy,900,1.423858858858859,1281.4729729729731,1.7940621621621624,1283.2670351351353
2023-06-12,603360.SH,sell,94358,3.082765259555052,290883.5643610956,407.23699010553383,290476.32737099007
2023-06-12,605298.SH,sell,100,11.618226226660903,1161.8226226660904,1.6265516717325266,1160.196070994358
2023-06-12,601339.SH,sell,6205,7.638140547263683,47394.66209577116,66.35252693407962,47328.30956883708
2023-06-12,000802.SZ,buy,18100,6.240391959798984,112951.09447236161,158.13153226130626,113109.22600462292
2023-06-12,301171.SZ,buy,4400,25.22378409090905,110984.64999999982,155.37850999999975,111140.02850999983
2023-06-12,603070.SH,buy,4200,26.370206489675592,110754.86725663749,155.0568141592925,110909.92407079678
2023-06-13,603360.SH,buy,200,2.971755561893899,594.3511123787798,0.8320915573302917,595.1832039361102
2023-06-14,920970.BJ,sell,61462,1.8600266666666692,114320.95898666682,160.04934258133355,114160.90964408549
2023-06-14,600177.SH,sell,87130,5.69582172701949,496276.9470752082,694.7877259052915,495582.15934930294
2023-06-14,600602.SH,buy,5700,21.161676575505435,120621.55648038098,168.87017907253338,120790.42665945353
2023-06-14,605298.SH,buy,11400,10.735401650021734,122383.57881024777,171.33701033434687,122554.91582058213
2023-06-14,601689.SH,buy,400,253.95931243124312,101583.72497249725,142.21721496149615,101725.94218745876
2023-06-14,601339.SH,buy,16000,7.648507462686568,122376.11940298509,171.32656716417912,122547.44597014927
2023-06-14,300674.SZ,buy,8300,14.631232974910338,121439.2336917558,170.01492716845812,121609.24861892426
2023-06-15,000920.SZ,buy,500,14.309248511904752,7154.624255952376,10.016473958333327,7164.64072991071
2023-06-15,920970.BJ,buy,4400,1.8228600000000024,8020.584000000011,11.228817600000015,8031.812817600011
2023-06-15,600177.SH,buy,1300,5.893426183844002,7661.454038997203,10.726035654596084,7672.180074651799
2023-06-21,000802.SZ,sell,18743,5.663932160804008,106159.08048994953,148.62271268592934,106010.4577772636
2023-06-21,600015.SH,sell,115865,3.781720779220784,438169.0780844161,613.4367093181826,437555.64137509797
2023-06-21,301171.SZ,sell,4559,25.04540151515148,114181.98550757559,159.85477971060584,114022.13072786499
2023-06-21,603860.SH,buy,1900,30.74945652173917,58423.967391304424,81.79355434782619,58505.760945652255
2023-06-21,688205.SH,buy,400,109.8244247787612,43929.76991150448,61.50167787610627,43991.271589380594
2023-06-21,002878.SZ,buy,5000,11.888219650521172,59441.098252605865,83.21753755364821,59524.31579015952
2023-06-21,601689.SH,buy,100,350.06878300330027,35006.87830033003,49.009629620462036,35055.88792995049
2023-06-21,688160.SH,buy,600,83.97978483786132,50387.87090271679,70.54301926380352,50458.4139219806
2023-06-21,002222.SZ,buy,1000,58.99564183835166,58995.64183835166,82.59389857369231,59078.23573692535
2023-06-21,002471.SZ,buy,20300,2.9426041666666696,59734.864583333394,83.62881041666675,59818.49339375007
2023-06-21,605117.SH,buy,100,451.1948568398731,45119.48568398731,63.16727995758223,45182.65296394489
2023-06-21,300548.SZ,buy,2900,20.65192299752272,59890.57669281589,83.84680736994225,59974.42350018584
2023-06-21,002535.SZ,buy,16700,3.570353356890454,59624.90106007058,83.47486148409881,59708.37592155468
2023-06-21,300946.SZ,buy,5400,11.020715572033897,59511.86408898304,83.31660972457625,59595.18069870762
2023-06-26,600728.SH,sell,81493,4.931404958677697,401874.9842975215,562.6249780165301,401312.359319505
2023-06-26,603860.SH,sell,1900,27.46259782608699,52178.935869565285,73.05051021739139,52105.88535934789
2023-06-26,920870.BJ,buy,3500,18.18575498575502,63650.142450142564,89.11019943019959,63739.252649572765
2023-06-26,603220.SH,buy,6000,10.840281938326,65041.691629955996,91.0583682819384,65132.74999823794
2023-06-26,600602.SH,buy,2300,27.235101070154688,62640.73246135578,87.69702544589809,62728.42948680168
2023-06-26,000802.SZ,buy,11600,5.5855075376884304,64791.8874371858,90.70864241206012,64882.59607959786
2023-06-26,600015.SH,buy,17800,3.660061688311692,65149.098051948116,91.20873727272736,65240.30678922085
2023-06-26,301060.SZ,buy,3600,17.945484400656834,64603.7438423646,90.44524137931045,64694.18908374391
2023-06-26,301062.SZ,buy,14500,4.479523026315798,64953.08388157907,90.9343174342107,65044.018199013284
2023-06-26,600509.SH,buy,3500,18.474028150133996,64659.09852546899,90.52273793565658,64749.621263404646
2023-06-27,000966.SZ,buy,100,6.778805496828758,677.8805496828758,0.9490327695560261,678.8295824524319
2023-06-27,600728.SH,buy,100,5.067081611570258,506.7081611570258,0.7093914256198361,507.41755258264567
2023-06-28,600755.SH,sell,61881,8.655863697705803,535633.5014777328,749.8869020688259,534883.6145756639
2023-06-28,002222.SZ,sell,1020,52.26545958795548,53310.76877971459,74.63507629160043,53236.133703422995
2023-06-28,601919.SH,sell,25230,16.533232276119385,417133.4503264921,583.9868304570889,416549.463496035
2023-06-28,300548.SZ,sell,2774,14.421820809248564,40006.13092485552,56.008583294797724,39950.122341560724
2023-06-28,603860.SH,buy,9700,26.990888586956554,261811.61929347858,366.53626701087,262178.15556048945
2023-06-28,301299.SZ,buy,3800,67.81717344423916,257705.2590881088,360.7873627233523,258066.0464508322
2023-06-28,002707.SZ,buy,28800,9.07669826224331,261408.90995260733,365.97247393365024,261774.882426541
2023-06-28,601226.SH,buy,18800,13.875983606557396,260868.49180327906,365.2158885245907,261233.70769180366
2023-06-29,000592.SZ,buy,200,2.14751730103806,429.50346020761197,0.6013048442906568,430.10476505190263
2023-06-30,000937.SZ,sell,34226,10.969959239130423,375457.82491847785,525.640954885869,374932.183963592
2023-06-30,920870.BJ,buy,1600,18.102799145299173,28964.478632478676,40.550270085470146,29005.028902564147
2023-06-30,603220.SH,buy,2300,12.487059471365647,28720.23678414099,40.20833149779739,28760.44511563879
2023-06-30,600755.SH,buy,3600,8.110809716599192,29198.914979757094,40.87848097165993,29239.793460728757
2023-06-30,600602.SH,buy,1100,26.09534482758631,28704.87931034494,40.186831034482914,28745.066141379422
2023-06-30,301285.SZ,buy,3000,9.658887096774196,28976.661290322587,40.56732580645162,29017.22861612904
2023-06-30,601015.SH,buy,4700,6.103157894736842,28684.84210526316,40.158778947368425,28725.00088421053
2023-06-30,301171.SZ,buy,1500,18.383181818181797,27574.772727272695,38.604681818181774,27613.377409090877
2023-06-30,000816.SZ,buy,3900,7.387549668874148,28811.44370860918,40.33602119205285,28851.779729801234
2023-06-30,601919.SH,buy,1700,16.441231343283565,27950.09328358206,39.13013059701488,27989.223414179076
2023-06-30,300548.SZ,buy,1800,15.703055326176726,28265.499587118105,39.57169942196535,28305.07128654007
2023-06-30,605028.SH,buy,1200,22.529199314397637,27035.039177277165,37.84905484818803,27072.888232125355
2023-06-30,002675.SZ,buy,2100,13.5828760923845,28524.03979400745,39.93365571161043,28563.973449719062
2023-06-30,605100.SH,buy,5200,5.611450774920739,29179.54402958784,40.851361641422976,29220.395391229264
2023-07-03,600929.SH,buy,100,9.825030257186086,982.5030257186086,1.3755042360060519,983.8785299546147
2023-07-03,000802.SZ,buy,200,6.867869346733653,1373.5738693467306,1.9230034170854229,1375.496872763816
2023-07-03,000937.SZ,buy,100,11.247778532608686,1124.7778532608686,1.574688994565216,1126.352542255434
2023-07-03,002489.SZ,buy,400,3.867400468384069,1546.9601873536276,2.1657442622950787,1549.1259316159228
2023-07-05,000766.SZ,buy,100,4.483652968036531,448.3652968036531,0.6277114155251143,448.99300821917825
2023-07-06,920608.BJ,sell,91172,5.546299999999999,505667.2635999999,707.9341690399998,504959.3294309599
2023-07-06,600138.SH,buy,4300,12.9804375,55815.881250000006,78.14223375,55894.02348375001
2023-07-06,301112.SZ,buy,2400,22.79917035398229,54718.0088495575,76.6052123893805,54794.61406194688
2023-07-06,920505.BJ,buy,1900,29.49157894736841,56033.99999999998,78.44759999999997,56112.447599999985
2023-07-06,002222.SZ,buy,800,67.85198098256716,54281.584786053725,75.99421870047522,54357.5790047542
2023-07-06,301062.SZ,buy,10400,5.385663377192991,56010.8991228071,78.41525877192994,56089.31438157904
2023-07-06,605117.SH,buy,100,527.0315662778372,52703.15662778372,73.7844192788972,52776.94104706262
2023-07-06,601919.SH,buy,3000,18.67964552238804,56038.93656716412,78.45451119402976,56117.39107835815
2023-07-06,002535.SZ,buy,5500,10.22411660777384,56232.64134275612,78.72569787985857,56311.36704063598
2023-07-06,605028.SH,buy,2000,27.19697967678744,54393.95935357488,76.15154309500483,54470.11089666989
2023-07-07,920505.BJ,sell,1900,25.53742105263157,48521.09999999998,67.92953999999996,48453.17045999998
2023-07-07,002535.SZ,sell,5500,8.155998233215536,44857.990282685445,62.80118639575962,44795.18909628969
2023-07-07,920608.BJ,buy,6200,5.546474999999999,34388.145,48.14340299999999,34436.288403
2023-07-07,000809.SZ,buy,4600,7.535240585774035,34662.10669456056,48.52694937238479,34710.63364393295
2023-07-07,000779.SZ,buy,2600,13.166804347826078,34233.691304347805,47.92716782608693,34281.6184721739
2023-07-10,605117.SH,sell,98,437.3234888653238,42857.70190880173,60.00078267232242,42797.70112612941
2023-07-10,688201.SH,sell,12700,16.69398105416564,212013.55938790363,296.81898314306505,211716.74040476058
2023-07-10,920505.BJ,buy,5600,22.43747368421052,125649.8526315789,175.90979368421046,125825.76242526312
2023-07-10,600313.SH,buy,4400,28.73100000000014,126416.40000000062,176.98296000000087,126593.38296000063
2023-07-12,600115.SH,sell,145714,3.953971843003401,576149.0531313976,806.6086743839566,575342.4444570136
2023-07-12,301062.SZ,sell,10389,4.813282894736848,50005.19599342112,70.00727439078956,49935.18871903033
2023-07-12,002749.SZ,sell,73576,10.932413376309418,804363.2465753417,1126.1085452054783,803237.1380301362
2023-07-12,000680.SZ,sell,53779,7.989689189189176,429677.4949054047,601.5484928675666,429075.94641253713
2023-07-12,920870.BJ,buy,13600,19.411965811965853,264002.7350427356,369.6038290598298,264372.33887179545
2023-07-12,603103.SH,buy,14400,18.44153066396351,265558.0415610745,371.78125818550427,265929.82281926
2023-07-12,000802.SZ,buy,36500,7.279703517587919,265709.17839195905,371.9928497487427,266081.1712417078
2023-07-12,000411.SZ,buy,21200,12.506575286415703,265139.3960720129,371.19515450081803,265510.59122651373
2023-07-12,605117.SH,buy,500,457.5270159066813,228763.50795334065,320.2689111346769,229083.77686447534
2023-07-12,603093.SH,buy,49400,5.376254633061511,265586.97887323867,371.82177042253414,265958.80064366123
2023-07-12,688201.SH,buy,17200,15.33738098129705,263802.95287830924,369.32413402963294,264172.27701233886
2023-07-13,600115.SH,buy,1700,3.8522056313993054,6548.749573378819,9.168249402730346,6557.91782278155
2023-07-13,002927.SZ,buy,600,10.888519785051315,6533.111871030789,9.146356619443106,6542.258227650233
2023-07-13,301062.SZ,buy,1300,4.750690789473691,6175.898026315799,8.64625723684212,6184.544283552642
2023-07-13,603070.SH,buy,100,35.13797935103255,3513.797935103255,4.919317109144557,3518.7172522123997
2023-07-13,002749.SZ,buy,600,10.216277195809822,6129.766317485893,8.58167284448025,6138.347990330373
2023-07-13,000680.SZ,buy,800,8.064527027027014,6451.621621621611,9.032270270270255,6460.653891891881
2023-07-14,605028.SH,sell,1909,22.09291013712045,42175.36545176294,59.04551163246811,42116.319940130474
2023-07-14,603220.SH,buy,400,10.789255506607937,4315.702202643175,6.041983083700445,4321.744185726876
2023-07-14,000506.SZ,buy,800,6.171757679180887,4937.40614334471,6.912368600682593,4944.318511945393
2023-07-14,601899.SH,buy,100,33.562115789473765,3356.2115789473764,4.698696210526327,3360.910275157903
2023-07-14,300548.SZ,buy,200,18.10737131846959,3621.4742636939177,5.070063969171485,3626.5443276630895
2023-07-14,002535.SZ,buy,500,9.974628975265006,4987.314487632503,6.982240282685504,4994.296727915189
2023-07-14,300707.SZ,buy,200,18.494162549407115,3698.832509881423,5.178365513833993,3704.0108753952572
2023-07-17,002661.SZ,sell,46859,9.343666377063402,437834.8627628139,612.9688078679395,437221.893954946
2023-07-17,301299.SZ,buy,1000,73.33033271719049,73330.33271719048,102.66246580406667,73432.99518299455
2023-07-17,301391.SZ,buy,500,149.98627358490566,74993.13679245283,104.99039150943396,75098.12718396226
2023-07-17,603369.SH,buy,800,95.53479968944076,76427.8397515526,106.99897565217364,76534.83872720478
2023-07-17,603298.SH,buy,1600,46.681156515034615,74689.85042405539,104.56579059367755,74794.41621464907
2023-07-17,605028.SH,buy,3500,21.76386508325169,76173.52779138091,106.64293890793327,76280.17073028885
2023-07-17,600702.SH,buy,100,567.7422171052648,56774.22171052648,79.48391039473707,56853.70562092122
2023-07-18,000802.SZ,sell,38450,7.127989949748725,274071.2135678385,383.69969899497386,273687.5138688435
2023-07-18,600602.SH,buy,2000,24.499262782402,48998.525564804,68.5979357907256,49067.123500594724
2023-07-18,301259.SZ,buy,6300,7.821434937611425,49275.04010695198,68.98505614973277,49344.025163101716
2023-07-18,301171.SZ,buy,2800,17.47434090909088,48928.15454545447,68.49941636363626,48996.653961818105
2023-07-18,002222.SZ,buy,700,68.3394651347066,47837.62559429462,66.97267583201247,47904.59827012664
2023-07-18,002535.SZ,buy,4100,11.89717314487631,48778.40989399287,68.28977385159003,48846.69966784447
2023-07-18,002661.SZ,buy,5400,9.165788444830564,49495.25760208505,69.29336064291907,49564.55096272797
2023-07-19,000802.SZ,buy,200,7.176120603015057,1435.2241206030112,2.0093137688442155,1437.2334343718555
2023-07-19,603220.SH,buy,100,14.951883259911902,1495.1883259911901,2.0932636563876663,1497.281589647578
2023-07-20,002927.SZ,sell,553,8.209831460674174,4540.0367977528185,6.356051516853946,4533.680746235965
2023-07-20,300864.SZ,buy,400,4.496275749909644,1798.5102999638577,2.517914419949401,1801.0282143838072
2023-07-20,000506.SZ,buy,200,6.972798634812286,1394.5597269624573,1.95238361774744,1396.5121105802048
2023-07-20,000826.SZ,buy,1800,0.9766317204301058,1757.9370967741904,2.4611119354838666,1760.3982087096745
2023-07-21,000802.SZ,sell,198,5.956824120602998,1179.4511758793935,1.651231646231151,1177.7999442331625
2023-07-21,301285.SZ,sell,3133,9.432539170506915,29552.145221198167,41.373003309677436,29510.77221788849
2023-07-21,000506.SZ,sell,200,6.343310580204777,1268.6621160409554,1.7761269624573375,1266.8859890784981
2023-07-21,002535.SZ,sell,3937,9.53890459363956,37554.667385158944,52.57653433922252,37502.090850819724
2023-07-21,002927.SZ,buy,4700,7.530896433805584,35395.213238886245,49.55329853444074,35444.766537420684
2023-07-21,603130.SH,buy,1800,19.66253609154928,35392.564964788704,49.549590950704186,35442.11455573941
2023-07-26,002222.SZ,sell,655,53.95756339144199,35342.2040213945,49.4790856299523,35292.72493576455
2023-07-26,603070.SH,sell,86,24.043215339233107,2067.7165191740473,2.8948031268436663,2064.8217160472036
2023-07-26,002774.SZ,buy,200,8.112743506493487,1622.5487012986973,2.2715681818181763,1624.8202694805157
2023-07-26,000002.SZ,buy,300,6.773933507371007,2032.1800522113022,2.845052073095823,2035.0251042843981
2023-07-26,601588.SH,buy,1400,1.6867267267267274,2361.417417417418,3.3059843843843852,2364.7234018018025
2023-07-26,002878.SZ,buy,200,9.602632587369737,1920.5265174739473,2.6887371244635263,1923.2152545984109
2023-07-26,000802.SZ,buy,300,6.715919597989931,2014.7758793969792,2.8206862311557708,2017.596565628135
2023-07-26,000506.SZ,buy,300,6.572866894197953,1971.860068259386,2.7606040955631403,1974.6206723549492
2023-07-26,301285.SZ,buy,200,10.663940092165904,2132.7880184331807,2.985903225806453,2135.773921658987
2023-07-26,300947.SZ,buy,600,3.744861910241656,2246.9171461449937,3.145684004602991,2250.0628301495967
2023-07-26,603995.SH,buy,100,23.23598161764712,2323.598161764712,3.253037426470597,2326.851199191183
2023-07-26,002535.SZ,buy,300,7.751095406360413,2325.3286219081238,3.255460070671373,2328.5840819787954
2023-07-26,301088.SZ,buy,200,10.835764154220236,2167.152830844047,3.034013963181666,2170.1868448072287
2023-07-27,000802.SZ,sell,300,5.963894472361794,1789.1683417085383,2.5048356783919536,1786.6635060301464
2023-07-27,301259.SZ,buy,200,8.328948306595382,1665.7896613190765,2.332105525846707,1668.1217668449233
2023-07-27,000826.SZ,buy,1500,1.1762903225806436,1764.4354838709653,2.4702096774193514,1766.9056935483848
2023-07-28,000802.SZ,buy,200,5.981467336683402,1196.2934673366806,1.674810854271353,1197.968278190952
2023-07-31,601198.SH,buy,100,6.351911314984703,635.1911314984702,0.8892675840978583,636.0803990825681
2023-07-31,603093.SH,buy,100,7.0176686434395625,701.7668643439563,0.9824736100815388,702.7493379540379
2023-08-01,301015.SZ,sell,2346,9.30731837606836,21834.968910256375,30.568956474358924,21804.399953782016
2023-08-01,603103.SH,buy,100,17.00700076026355,1700.7000760263552,2.380980106436897,1703.0810561327921
2023-08-01,600602.SH,buy,100,20.02553507728902,2002.553507728902,2.803574910820463,2005.3570826397226
2023-08-01,600712.SH,buy,1300,1.9813404689092784,2575.742609582062,3.6060396534148866,2579.348649235477
2023-08-01,603070.SH,buy,100,22.372356194690333,2237.2356194690333,3.1321298672566464,2240.36774933629
2023-08-01,301088.SZ,buy,200,11.76269885376869,2352.539770753738,3.2935556790552334,2355.8333264327935
2023-08-01,603616.SH,buy,500,4.631425149700593,2315.7125748502967,3.2419976047904155,2318.954572455087
2023-08-02,600569.SH,buy,700,2.2522949218750044,1576.606445312503,2.207249023437504,1578.8136943359405
2023-08-02,301015.SZ,buy,200,8.619030448717933,1723.8060897435864,2.413328525641021,1726.2194182692276
2023-08-02,000506.SZ,buy,200,8.463754266211605,1692.750853242321,2.3698511945392493,1695.1207044368603
2023-08-02,002471.SZ,buy,400,4.322427083333337,1728.9708333333347,2.4205591666666684,1731.3913925000015
2023-08-02,002716.SZ,buy,500,3.424459930313588,1712.2299651567942,2.397121951219512,1714.6270871080137
2023-08-03,002471.SZ,sell,400,3.7529375000000034,1501.1750000000013,2.1016450000000018,1499.0733550000014
2023-08-04,605336.SH,sell,80450,7.885137221269285,634359.289451114,888.1030052315596,633471.1864458825
2023-08-04,603038.SH,buy,9400,8.522079407806197,80107.54643337826,112.15056500672956,80219.696998385
2023-08-04,600313.SH,buy,2700,29.074427419354976,78500.95403225844,109.90133564516181,78610.8553679036
2023-08-04,603369.SH,buy,600,116.88383152173886,70130.29891304331,98.18241847826063,70228.48133152157
2023-08-04,002222.SZ,buy,1400,55.43025158478591,77602.35221870027,108.64329310618038,77710.99551180645
2023-08-04,002471.SZ,buy,22200,3.622968750000003,80429.90625000007,112.6018687500001,80542.50811875008
2023-08-04,002535.SZ,buy,8900,9.068454063604229,80709.24116607763,112.99293763250867,80822.23410371014
2023-08-04,000766.SZ,buy,16400,4.899676560121767,80354.69558599697,112.49657382039577,80467.19215981738
2023-08-04,600702.SH,buy,100,758.2810822368442,75828.10822368442,106.15935151315819,75934.26757519759
2023-08-07,300465.SZ,buy,300,13.6026945525292,4080.8083657587604,5.713131712062265,4086.521497470823
2023-08-07,605336.SH,buy,600,7.713597770154363,4628.158662092618,6.4794221269296655,4634.638084219549
2023-08-07,603093.SH,buy,600,7.95469236471458,4772.815418828748,6.681941586360248,4779.497360415108
2023-08-08,603038.SH,sell,9787,7.932284656796775,77633.26993607004,108.68657791049804,77524.58335815954
2023-08-08,002749.SZ,sell,606,8.949967767929083,5423.680467365024,7.593152654311034,5416.087314710713
2023-08-08,603103.SH,buy,2200,20.24566269640141,44540.4579320831,62.35664110491634,44602.81457318802
2023-08-08,300803.SZ,buy,300,122.76590759075944,36829.77227722783,51.56168118811896,36881.33395841595
2023-08-09,600602.SH,sell,105,20.790725326991765,2183.026159334135,3.056236623067789,2179.9699227110673
2023-08-09,000766.SZ,buy,500,5.470228310502283,2735.1141552511417,3.829159817351598,2738.9433150684936
2023-08-09,603038.SH,buy,400,7.100218707940786,2840.0874831763144,3.9761224764468404,2844.0636056527615
2023-08-09,002749.SZ,buy,300,8.511438356164378,2553.4315068493133,3.5748041095890386,2557.0063109589028
2023-08-10,002535.SZ,sell,8952,8.046943462897518,72036.23787985859,100.85073303180202,71935.38714682679
2023-08-10,301299.SZ,buy,100,122.94031012528256,12294.031012528256,17.21164341753956,12311.242655945796
2023-08-10,002907.SZ,buy,900,19.46908995815908,17522.180962343173,24.53105334728044,17546.712015690453
2023-08-10,600602.SH,buy,800,21.079904875148724,16863.923900118978,23.60949346016657,16887.533393579146
2023-08-10,603616.SH,buy,3800,4.946916167664664,18798.281437125723,26.317594011976013,18824.5990311377
2023-08-11,301299.SZ,sell,100,104.21191723146453,10421.191723146452,14.589668412405032,10406.602054734047
2023-08-11,002535.SZ,buy,800,7.772332155477022,6217.865724381618,8.705012014134265,6226.570736395753
2023-08-15,000506.SZ,sell,183,6.6173890784982925,1210.9822013651876,1.6953750819112627,1209.2868262832765
2023-08-15,600602.SH,buy,100,22.50096313912019,2250.096313912019,3.1501348394768267,2253.246448751496
2023-08-15,000011.SZ,buy,200,10.827718191377487,2165.5436382754974,3.0317610935856965,2168.5753993690832
2023-08-16,603220.SH,buy,100,13.875396475770934,1387.5396475770933,1.9425555066079305,1389.4822030837013
2023-08-16,000506.SZ,buy,300,6.428532423208189,1928.5597269624568,2.6999836177474394,1931.2597105802045
2023-08-16,002907.SZ,buy,100,21.398520621637868,2139.8520621637867,2.9957928870293014,2142.847855050816
2023-08-17,300377.SZ,buy,100,8.575650627615058,857.5650627615058,1.2005910878661081,858.765653849372
2023-08-18,000766.SZ,sell,503,4.736194824961949,2382.3059969558603,3.3352283957382043,2378.9707685601225
2023-08-18,002907.SZ,sell,98,17.618410041841077,1726.6041841004255,2.4172458577405957,1724.186938242685
2023-08-21,301171.SZ,sell,2476,11.382068181818168,28182.000818181783,39.454801145454496,28142.54601703633
2023-08-21,603220.SH,buy,200,15.783810572687235,3156.762114537447,4.419466960352426,3161.1815814977995
2023-08-21,600602.SH,buy,100,28.774818668252205,2877.4818668252205,4.028474613555309,2881.510341438776
2023-08-21,002927.SZ,buy,400,8.414835124572559,3365.9340498290235,4.712307669760633,3370.6463574987843
2023-08-21,002907.SZ,buy,200,17.378526598924157,3475.7053197848313,4.865987447698764,3480.57130723253
2023-08-22,000995.SZ,buy,200,12.887022580645144,2577.4045161290287,3.60836632258064,2581.0128824516096
2023-08-22,301171.SZ,buy,200,11.14412689393938,2228.8253787878757,3.120355530303026,2231.945734318179
2023-08-22,000411.SZ,buy,200,11.244934533551556,2248.986906710311,3.148581669394435,2252.1354883797053
2023-08-22,000766.SZ,buy,400,5.4701369863013705,2188.054794520548,3.063276712328767,2191.118071232877
2023-08-23,000506.SZ,buy,200,6.735716723549486,1347.1433447098973,1.8860006825938562,1349.0293453924912
2023-08-23,002927.SZ,buy,100,9.137723497801677,913.7723497801677,1.2792812896922348,915.05163106986
2023-08-23,000826.SZ,buy,500,2.727287634408599,1363.6438172042995,1.9091013440860192,1365.5529185483856
2023-08-24,000995.SZ,sell,202,11.319462096774176,2286.5313435483836,3.201143880967737,2283.330199667416
2023-08-24,301259.SZ,sell,203,8.616228163992886,1749.0943172905559,2.4487320442067784,1746.6455852463491
2023-08-24,603038.SH,sell,385,5.89979979811575,2271.422922274564,3.1799920911843893,2268.2429301833795
2023-08-24,000826.SZ,sell,500,2.380258064516126,1190.129032258063,1.6661806451612882,1188.4628516129019
2023-08-24,603130.SH,sell,1812,17.927531690140835,32484.687422535193,45.47856239154927,32439.208860143644
2023-08-24,301088.SZ,sell,185,9.385203195554029,1736.2625911774953,2.4307676276484935,1733.8318235498468
2023-08-24,603860.SH,buy,100,31.854945652173956,3185.4945652173956,4.459692391304354,3189.9542576087
2023-08-24,600929.SH,buy,500,10.25589636913766,5127.948184568831,7.179127458396363,5135.127312027227
2023-08-24,688146.SH,buy,200,24.98625381951518,4997.250763903036,6.996151069464251,5004.246914972501
2023-08-24,601015.SH,buy,800,5.881486068111451,4705.188854489161,6.587264396284825,4711.776118885446
2023-08-24,688101.SH,buy,400,11.032291666666625,4412.91666666665,6.178083333333309,4419.094749999983
2023-08-25,603860.SH,sell,100,27.520804347826125,2752.0804347826124,3.8529126086956573,2748.227522173917
2023-08-25,301285.SZ,sell,171,7.573064516129039,1294.9940322580655,1.8129916451612917,1293.1810406129043
2023-08-25,002927.SZ,sell,98,7.282137274059611,713.6494528578419,0.9991092340009786,712.650343623841
2023-08-25,000779.SZ,sell,2529,11.426086956521733,28896.573913043463,40.45520347826085,28856.118709565202
2023-08-25,603103.SH,buy,200,16.913408514951836,3382.6817029903673,4.735754384186514,3387.417457374554
2023-08-25,603038.SH,buy,800,5.5676951547779305,4454.156123822345,6.235818573351283,4460.391942395697
2023-08-25,301259.SZ,buy,500,9.107137254901978,4553.568627450989,6.374996078431384,4559.943623529421
2023-08-25,000506.SZ,buy,600,8.007090443686005,4804.254266211603,6.725955972696244,4810.980222184299
2023-08-25,603130.SH,buy,300,16.334454225352104,4900.336267605631,6.860470774647884,4907.196738380279
2023-08-25,002675.SZ,buy,400,11.927637328339555,4771.054931335822,6.679476903870151,4777.734408239693
2023-08-25,301088.SZ,buy,500,8.614689996526586,4307.344998263293,6.03028299756861,4313.375281260862
2023-08-28,000995.SZ,buy,200,9.187381451612888,1837.4762903225776,2.5724668064516085,1840.0487571290294
2023-08-28,603220.SH,buy,100,19.79436123348019,1979.4361233480188,2.7712105726872265,1982.207333920706
2023-08-28,301285.SZ,buy,300,7.892207373271895,2367.6622119815684,3.3147270967741957,2370.9769390783426
2023-08-28,002927.SZ,buy,300,7.31700659501711,2195.101978505133,3.0731427699071863,2198.1751212750405
2023-08-28,000779.SZ,buy,200,12.181775362318833,2436.3550724637666,3.4108971014492733,2439.765969565216
2023-08-29,300948.SZ,buy,200,6.1495020225972885,1229.9004045194577,1.7218605663272406,1231.6222650857849
2023-08-29,002774.SZ,buy,100,8.43355519480518,843.3555194805181,1.1806977272727253,844.5362172077909
2023-08-29,000002.SZ,buy,200,6.128547297297299,1225.7094594594598,1.7159932432432436,1227.425452702703
2023-08-29,601588.SH,buy,900,1.7822072072072086,1603.9864864864878,2.245581081081083,1606.232067567569
2023-08-29,600673.SH,buy,300,4.882140703517588,1464.6422110552764,2.050499095477387,1466.692710150754
2023-08-29,000031.SZ,buy,600,2.5360497237569093,1521.6298342541456,2.130281767955804,1523.7601160221016
2023-08-29,600261.SH,buy,500,2.8162631578947286,1408.1315789473642,1.97138421052631,1410.1029631578906
2023-08-29,002392.SZ,buy,400,3.633345864661667,1453.3383458646667,2.0346736842105333,1455.3730195488774
2023-08-29,002246.SZ,buy,100,12.675289473684192,1267.5289473684193,1.774540526315787,1269.303487894735
2023-08-29,002471.SZ,buy,400,3.7466875000000033,1498.6750000000013,2.098145000000002,1500.7731450000015
2023-08-29,301088.SZ,buy,100,9.768507294199392,976.8507294199392,1.3675910211879148,978.2183204411272
2023-08-30,600035.SH,sell,112810,4.324709302325587,487870.45639534947,683.0186389534892,487187.437756396
2023-08-30,301015.SZ,buy,2700,9.47283119658118,25576.644230769183,35.80730192307686,25612.451532692263
2023-08-30,603661.SH,buy,800,28.984859656939214,23187.887725551373,32.46304281577192,23220.350768367145
2023-08-30,301300.SZ,buy,1500,16.956776429809356,25435.164644714034,35.609230502599644,25470.773875216637
2023-08-30,002483.SZ,buy,3500,7.285362997658075,25498.770491803265,35.69827868852457,25534.468770491792
2023-08-30,002707.SZ,buy,2500,10.387334123222772,25968.33530805693,36.3556694312797,26004.69097748821
2023-08-30,603860.SH,buy,900,27.832735507246426,25049.461956521784,35.0692467391305,25084.531203260914
2023-08-30,301299.SZ,buy,100,178.39814027521078,17839.81402752108,24.97573963852951,17864.78976715961
2023-08-30,300803.SZ,buy,200,109.30972454937827,21861.944909875656,30.60672287382592,21892.551632749484
2023-08-30,002927.SZ,buy,3000,8.547054225696153,25641.162677088458,35.89762774792384,25677.060304836385
2023-08-30,688322.SH,buy,1000,24.869688008366303,24869.6880083663,34.81756321171282,24904.505571578014
2023-08-30,605117.SH,buy,100,187.2766304347828,18727.66304347828,26.21872826086959,18753.88177173915
2023-08-30,000011.SZ,buy,1800,14.103078338590944,25385.541009463697,35.53975741324918,25421.08076687695
2023-08-30,301112.SZ,buy,1600,15.87992852280463,25407.88563648741,35.57103989108237,25443.456676378493
2023-08-30,600602.SH,buy,800,31.25500891795496,25004.00713436397,35.005609988109555,25039.01274435208
2023-08-30,605298.SH,buy,2500,10.252548849326985,25631.372123317462,35.88392097264445,25667.25604429011
2023-08-30,301391.SZ,buy,200,98.00218337264154,19600.436674528308,27.44061134433963,19627.877285872648
2023-08-30,603995.SH,buy,1400,17.399394301470632,24359.152022058886,34.10281283088244,24393.25483488977
2023-08-30,605336.SH,buy,3000,8.585628930817595,25756.886792452784,36.059641509433895,25792.94643396222
2023-08-31,301299.SZ,sell,100,162.6637707948246,16266.37707948246,22.772927911275442,16243.604151571184
2023-08-31,000031.SZ,sell,586,2.1899240331491736,1283.2954834254158,1.796613676795582,1281.4988697486203
2023-08-31,600035.SH,buy,2500,4.009120639534889,10022.801598837223,14.031922238372111,10036.833521075596
2023-08-31,301285.SZ,buy,900,10.695483870967749,9625.935483870973,13.476309677419362,9639.411793548394
2023-08-31,002222.SZ,buy,100,61.79576069730571,6179.576069730571,8.6514064976228,6188.227476228195
2023-08-31,000826.SZ,buy,5900,1.704177419354837,10054.646774193538,14.076505483870953,10068.72327967741
2023-08-31,603908.SH,buy,100,74.18713364595531,7418.713364595531,10.386198710433744,7429.099563305966
2023-09-01,603220.SH,buy,100,31.05864977973569,3105.864977973569,4.348210969162996,3110.213188942732
2023-09-01,000031.SZ,buy,2100,2.126415745856356,4465.4730662983475,6.251662292817686,4471.724728591165
2023-09-01,002907.SZ,buy,200,16.313737298266656,3262.747459653331,4.5678464435146635,3267.315306096846
2023-09-01,000766.SZ,buy,500,8.392648401826479,4196.324200913239,5.8748538812785345,4202.199054794518
2023-09-04,601015.SH,buy,600,7.252229102167182,4351.337461300309,6.0918724458204325,4357.4293337461295
2023-09-05,000995.SZ,buy,100,11.12852177419353,1112.852177419353,1.557993048387094,1114.41017046774
2023-09-05,603038.SH,buy,200,6.825610699865416,1365.1221399730832,1.9111709959623164,1367.0333109690457
2023-09-05,000506.SZ,buy,100,8.677730375426618,867.7730375426618,1.2148822525597265,868.9879197952215
2023-09-05,002471.SZ,buy,400,3.728156250000004,1491.2625000000016,2.087767500000002,1493.3502675000018
2023-09-05,000766.SZ,buy,100,9.704657534246572,970.4657534246571,1.35865205479452,971.8244054794517
2023-09-05,600808.SH,buy,600,2.500970873786404,1500.5825242718422,2.100815533980579,1502.683339805823
2023-09-06,002795.SZ,buy,200,6.9066538192010976,1381.3307638402196,1.9338630693763075,1383.264626909596
2023-09-07,002795.SZ,sell,200,5.573230553608952,1114.6461107217904,1.5605045550105066,1113.0856061667798
2023-09-07,600834.SH,buy,100,9.603386880856734,960.3386880856734,1.3444741633199428,961.6831622489934
2023-09-12,002795.SZ,buy,100,5.471436580238244,547.1436580238244,0.7660011212333542,547.9096591450578
2023-09-13,002907.SZ,sell,206,15.852810818888283,3265.6790286909863,4.571950640167381,3261.107078050819
2023-09-13,301285.SZ,buy,100,10.476059907834106,1047.6059907834106,1.4666483870967748,1049.0726391705075
2023-09-14,000826.SZ,buy,300,2.2765053763440832,682.9516129032249,0.956132258064515,683.9077451612895
2023-09-14,000592.SZ,buy,200,3.1033910034602044,620.6782006920408,0.8689494809688572,621.5471501730098
2023-09-15,000592.SZ,sell,200,2.749134948096883,549.8269896193766,0.7697577854671273,549.0572318339096
2023-09-15,601015.SH,buy,100,7.077368421052628,707.7368421052628,0.9908315789473678,708.7276736842102
2023-09-18,000826.SZ,sell,284,1.8285080645161276,519.2962903225803,0.7270148064516123,518.5692755161286
2023-09-18,603038.SH,buy,100,6.800097577388967,680.0097577388967,0.9520136608344554,680.9617713997312
2023-09-19,000826.SZ,buy,300,1.736435483870966,520.9306451612898,0.7293029032258057,521.6599480645157
2023-09-19,000592.SZ,buy,200,2.3548442906574367,470.96885813148737,0.6593564013840824,471.6282145328715
2023-09-20,002878.SZ,sell,176,8.286781115879847,1458.4734763948532,2.0418628669527945,1456.4316135279005
2023-09-21,000826.SZ,sell,302,1.5519999999999985,468.70399999999955,0.6561855999999994,468.0478143999996
2023-09-22,002021.SZ,buy,200,2.3895200000000045,477.9040000000009,0.6690656000000013,478.5730656000009
2023-09-22,000826.SZ,buy,400,1.3848145161290308,553.9258064516123,0.7754961290322572,554.7013025806446
2023-09-25,603093.SH,sell,524,5.878680504077076,3080.428584136388,4.312600017790944,3076.115984118597
2023-09-25,603616.SH,buy,100,4.734449101796401,473.44491017964015,0.6628228742514962,474.10773305389165
2023-09-26,603093.SH,buy,100,5.830722757598203,583.0722757598203,0.8163011860637484,583.8885769458841
2023-10-09,600138.SH,sell,4030,10.123749999999998,40798.71249999999,57.11819749999998,40741.59430249999
2023-10-09,603103.SH,sell,166,11.352524075012663,1884.518996452102,2.638326595032943,1881.8806698570693
2023-10-09,002707.SZ,sell,2378,8.129921011058476,19332.952164297058,27.06613303001588,19305.886031267044
2023-10-09,002033.SZ,sell,37185,12.430555555555598,462230.2083333349,647.1222916666688,461583.08604166826
2023-10-09,688205.SH,buy,400,59.86854310062279,23947.417240249117,33.52638413634876,23980.94362438547
2023-10-09,000506.SZ,buy,3400,7.662798634812281,26053.515358361758,36.47492150170646,26089.990279863465
2023-10-09,688160.SH,buy,200,67.85447852760724,13570.895705521449,18.99925398773003,13589.89495950918
2023-10-09,603298.SH,buy,500,50.56832690824971,25284.163454124853,35.397828835774796,25319.56128296063
2023-10-09,301299.SZ,buy,200,90.61600277264336,18123.20055452867,25.372480776340137,18148.573035305013
2023-10-09,920505.BJ,buy,1300,19.360526315789468,25168.68421052631,35.236157894736834,25203.920368421048
2023-10-09,301285.SZ,buy,2300,11.239527649769594,25850.913594470065,36.19127903225809,25887.104873502325
2023-10-09,300721.SZ,buy,2000,13.218201663201688,26436.403326403375,37.010964656964724,26473.41429106034
2023-10-09,000045.SZ,buy,1700,15.010813648294,25518.3832020998,35.72573648293972,25554.108938582744
2023-10-09,603220.SH,buy,500,52.44491189427315,26222.455947136572,36.7114383259912,26259.167385462566
2023-10-09,002878.SZ,buy,3700,7.079475781729017,26194.06039239736,36.67168454935631,26230.73207694672
2023-10-09,002222.SZ,buy,400,64.10128763866861,25640.515055467444,35.89672107765442,25676.4117765451
2023-10-09,688322.SH,buy,1000,23.444370206832488,23444.37020683249,32.82211828956549,23477.192325122058
2023-10-09,002907.SZ,buy,1400,17.855794979079576,24998.112970711405,34.997358158995965,25033.110328870403
2023-10-09,600602.SH,buy,900,27.71305588585029,24941.750297265262,34.91845041617137,24976.668747681433
2023-10-09,601015.SH,buy,3900,6.726238390092878,26232.329721362225,36.725261609907115,26269.054982972135
2023-10-09,300548.SZ,buy,1700,15.620568400770726,26554.966281310233,37.176952793834324,26592.14323410407
2023-10-10,600138.SH,buy,1500,9.603937499999995,14405.906249999993,20.16826874999999,14426.074518749994
2023-10-10,603103.SH,buy,1300,11.192052711606689,14549.668525088695,20.369535935124173,14570.03806102382
2023-10-10,002033.SZ,buy,1200,12.135242063492107,14562.290476190528,20.38720666666674,14582.677682857196
2023-10-10,920553.BJ,buy,5300,2.8101562500000004,14893.828125000002,20.851359375,14914.679484375003
2023-10-10,002707.SZ,buy,1900,7.765663507109029,14754.760663507155,20.65666492891002,14775.417328436066
2023-10-11,300735.SZ,buy,400,19.1090735898394,7643.629435935761,10.701081210310065,7654.3305171460715
2023-10-11,002535.SZ,buy,700,10.515353356890444,7360.74734982331,10.305046289752635,7371.052396113063
2023-10-11,000766.SZ,buy,300,22.5385806697108,6761.57420091324,9.466203881278537,6771.040404794519
2023-10-12,002907.SZ,buy,200,21.00160191273171,4200.320382546342,5.880448535564879,4206.200831081907
2023-10-13,300218.SZ,buy,200,19.106312344139628,3821.2624688279257,5.349767456359096,3826.612236284285
2023-10-16,603220.SH,sell,502,48.71497797356829,24454.91894273128,34.23688651982379,24420.68205621146
2023-10-16,300735.SZ,sell,442,18.287495330593977,8083.072936122538,11.316302110571552,8071.7566340119665
2023-10-16,002535.SZ,sell,686,8.358630742049456,5734.020689045927,8.027628964664297,5725.993060081262
2023-10-16,002425.SZ,buy,2300,3.8893162393162304,8945.42735042733,12.523598290598262,8957.95094871793
2023-10-16,000766.SZ,buy,200,32.24179604261794,6448.359208523589,9.027702891933025,6457.386911415522
2023-10-16,301015.SZ,buy,800,10.676121794871776,8540.897435897421,11.95725641025639,8552.854692307677
2023-10-16,002240.SZ,buy,100,64.4583312421585,6445.833124215849,9.024166373902188,6454.857290589752
2023-10-17,600261.SH,sell,474,2.388836842105256,1132.3086631578915,1.585232128421048,1130.7234310294705
2023-10-17,002907.SZ,sell,211,20.73647638971916,4375.396518230743,6.12555512552304,4369.27096310522
2023-10-17,300735.SZ,buy,100,17.38204426596939,1738.2044265969391,2.4334861972357147,1740.637912794175
2023-10-17,000506.SZ,buy,400,7.459044368600675,2983.61774744027,4.1770648464163775,2987.7948122866865
2023-10-17,601015.SH,buy,400,6.9779256965944265,2791.1702786377705,3.907638390092879,2795.0779170278634
2023-10-17,002535.SZ,buy,300,7.980989399293273,2394.296819787982,3.3520155477031746,2397.6488353356854
2023-10-17,000680.SZ,buy,400,7.154162162162154,2861.6648648648616,4.006330810810806,2865.6711956756726
2023-10-17,002675.SZ,buy,100,20.968235018726563,2096.8235018726564,2.935552902621719,2099.7590547752784
2023-10-17,603616.SH,buy,500,5.903946107784424,2951.973053892212,4.132762275449097,2956.1058161676615
2023-10-18,600602.SH,sell,831,20.4801189060643,17018.978810939432,23.826570335315203,16995.15224060412
2023-10-18,600755.SH,sell,3523,6.862253711201079,24175.7198245614,33.846007754385965,24141.873816807016
2023-10-18,301015.SZ,buy,400,13.331420940170918,5332.568376068368,7.465595726495715,5340.033971794864
2023-10-18,600261.SH,buy,2500,2.313515789473677,5783.789473684192,8.09730526315787,5791.88677894735
2023-10-18,300465.SZ,buy,400,12.069224221789886,4827.689688715955,6.758765564202337,4834.448454280157
2023-10-18,002907.SZ,buy,300,19.131549611476476,5739.464883442943,8.03525083682012,5747.500134279763
2023-10-18,000766.SZ,buy,100,35.32694063926939,3532.6940639269387,4.945771689497714,3537.639835616437
2023-10-19,000766.SZ,sell,100,29.12773211567731,2912.7732115677313,4.077882496194824,2908.6953290715364
2023-10-19,600602.SH,buy,300,19.32095719381697,5796.287158145091,8.114802021403127,5804.401960166494
2023-10-19,600755.SH,buy,900,6.327597840755734,5694.838056680161,7.972773279352225,5702.810829959513
2023-10-23,603908.SH,sell,80,54.82766705744422,4386.213364595538,6.140698710433753,4380.0726658851045
2023-10-23,000506.SZ,sell,406,6.448720136518765,2618.1803754266184,3.665452525597266,2614.5149229010212
2023-10-23,301062.SZ,sell,1176,3.5553541666666733,4181.096500000008,5.853535100000011,4175.242964900008
2023-10-23,300548.SZ,sell,1366,8.004746077621808,10934.483142031391,15.308276398843947,10919.174865632547
2023-10-23,002524.SZ,sell,121281,3.6574314744801546,443576.94665642764,621.0077253189987,442955.9389311087
2023-10-23,688502.SH,buy,600,192.98867773437487,115793.20664062492,162.11048929687487,115955.31712992181
2023-10-23,000766.SZ,buy,5100,23.47671232876711,119731.23287671227,167.62372602739717,119898.85660273967
2023-10-23,600702.SH,buy,300,370.6518947368433,111195.56842105299,155.67379578947418,111351.24221684247
2023-10-23,601689.SH,buy,500,203.0597084708472,101529.8542354236,142.14179592959303,101671.99603135319
2023-10-24,000506.SZ,buy,1400,6.178498293515352,8649.897610921493,12.10985665529009,8662.007467576783
2023-10-24,002524.SZ,buy,2300,3.7347873345935767,8590.010869565227,12.026015217391318,8602.03688478262
2023-10-24,300548.SZ,buy,1100,8.101431323974685,8911.574456372153,12.476204238921014,8924.050660611074
2023-10-24,603908.SH,buy,100,57.97566334505656,5797.566334505656,8.116592868307919,5805.682927373965
2023-10-25,301062.SZ,buy,100,4.460447368421059,446.0447368421059,0.6244626315789483,446.6691994736849
2023-10-26,002042.SZ,buy,100,1.6896148648648623,168.96148648648622,0.23654608108108072,169.1980325675673
2023-10-30,603279.SH,sell,13545,26.60581474738273,360375.7607532991,504.52606505461875,359871.2346882445
2023-10-30,603661.SH,sell,714,22.05748719091115,15749.045854310561,22.048664196034785,15726.997190114527
2023-10-30,600053.SH,sell,88418,5.370300321773327,474831.2138505541,664.7636993907757,474166.4501511633
2023-10-30,002580.SZ,buy,3100,18.25486111111116,56590.0694444446,79.22609722222244,56669.29554166683
2023-10-30,603220.SH,buy,600,83.32625770925111,49995.75462555067,69.99405647577093,50065.74868202644
2023-10-30,000779.SZ,buy,5200,10.791632850241545,56116.49082125603,78.56308714975845,56195.0539084058
2023-10-30,002233.SZ,buy,12600,4.493737294761532,56621.0899139953,79.26952587959343,56700.3594398749
2023-10-30,301391.SZ,buy,500,105.47677358490569,52738.386792452846,73.83374150943398,52812.22053396228
2023-10-30,603369.SH,buy,500,106.66747670807428,53333.73835403714,74.66723369565199,53408.40558773279
2023-10-30,300819.SZ,buy,4800,11.607753456221197,55717.216589861746,78.00410322580645,55795.220693087555
2023-10-30,301300.SZ,buy,3300,16.785647313691506,55392.636135181965,77.54969058925475,55470.18582577122
2023-10-30,603309.SH,buy,3700,15.265586630286514,56482.6705320601,79.07573874488415,56561.74627080499
2023-10-30,000680.SZ,buy,7600,7.413891891891884,56345.57837837832,78.88380972972965,56424.46218810805
2023-10-30,603130.SH,buy,3300,17.037714788732394,56224.4588028169,78.71424232394367,56303.17304514085
2023-10-30,002707.SZ,buy,7700,7.342464454976325,56536.9763033177,79.15176682464478,56616.128070142346
2023-10-30,002240.SZ,buy,700,71.66147114178213,50163.02979924749,70.22824171894648,50233.25804096644
2023-10-30,600702.SH,buy,100,432.3363281250014,43233.63281250014,60.527085937500196,43294.15989843764
2023-10-30,603616.SH,buy,11600,4.872826347305385,56524.785628742466,79.13469988023945,56603.920328622706
2023-10-31,002580.SZ,sell,3100,14.987375000000045,46460.86250000014,65.0452075000002,46395.81729250014
2023-10-31,002483.SZ,sell,3671,6.86134074941452,25187.981891100702,35.263174647540986,25152.718716453164
2023-10-31,605336.SH,sell,2792,6.624500428816454,18495.60519725554,25.893847276157754,18469.71134997938
2023-10-31,603279.SH,buy,800,24.49423873463808,19595.390987710463,27.43354738279465,19622.82453509326
2023-10-31,600673.SH,buy,4200,5.051979899497485,21218.315577889436,29.70564180904521,21248.021219698483
2023-10-31,300735.SZ,buy,600,35.380416511019845,21228.24990661191,29.71954986925667,21257.969456481165
2023-10-31,603661.SH,buy,1000,20.161332145243957,20161.332145243956,28.22586500334154,20189.5580102473
2023-10-31,600053.SH,buy,4100,5.197690382552732,21310.5305684662,29.834742795852684,21340.365311262056
2023-10-31,301171.SZ,buy,1800,11.897195075757558,21414.951136363605,29.980931590909048,21444.932067954516
2023-11-01,000766.SZ,sell,5461,23.66808219178081,129251.39684931502,180.95195558904103,129070.44489372599
2023-11-01,002580.SZ,buy,3000,14.491481481481523,43474.44444444457,60.864222222222395,43535.308666666795
2023-11-01,002483.SZ,buy,6500,6.781615925058552,44080.50351288059,61.71270491803283,44142.216217798625
2023-11-01,605336.SH,buy,6800,6.46014150943395,43928.96226415086,61.500547169811206,43990.46281132068
2023-11-02,603220.SH,sell,554,61.31315418502203,33967.487418502205,47.554482385903086,33919.9329361163
2023-11-02,600712.SH,buy,18000,1.985716106014273,35742.88990825691,50.04004587155968,35792.92995412847
2023-11-06,002021.SZ,sell,174,1.7745000000000033,308.7630000000006,0.4322682000000008,308.3307318000006
2023-11-10,002042.SZ,sell,106,1.868476351351349,198.058493243243,0.2772818905405402,197.78121135270246
2023-11-15,002482.SZ,sell,13389,1.1125827814569544,14896.370860927163,20.854919205298028,14875.515941721866
2023-11-15,000802.SZ,buy,200,3.8726381909547674,774.5276381909534,1.084338693467335,775.6119768844209
2023-11-15,002042.SZ,buy,300,2.060594594594592,618.1783783783776,0.8654497297297287,619.0438281081074
2023-11-15,603360.SH,buy,200,3.868656588705086,773.7313177410172,1.083223844837424,774.8145415858546
2023-11-15,002021.SZ,buy,300,1.9958400000000045,598.7520000000013,0.8382528000000018,599.5902528000014
2023-11-15,600333.SH,buy,100,5.556842857142838,555.6842857142838,0.7779579999999973,556.4622437142838
2023-11-15,002795.SZ,buy,100,6.307813594954426,630.7813594954425,0.8830939032936196,631.6644533987362
2023-11-15,000002.SZ,buy,100,4.367457002457003,436.74570024570033,0.6114439803439805,437.35714422604434
2023-11-15,600569.SH,buy,300,2.061855468750004,618.5566406250013,0.8659792968750017,619.4226199218763
2023-11-16,002482.SZ,buy,500,1.1187748344370865,559.3874172185432,0.7831423841059605,560.1705596026492
2023-11-21,002042.SZ,buy,200,2.368195945945942,473.6391891891884,0.6630948648648638,474.3022840540533
2023-11-23,920970.BJ,buy,100,2.216360000000003,221.6360000000003,0.3102904000000004,221.94629040000032
2023-11-27,002021.SZ,buy,100,2.043040000000004,204.3040000000004,0.28602560000000055,204.59002560000042
2023-11-30,920970.BJ,buy,100,2.7296800000000045,272.9680000000005,0.38215520000000064,273.3501552000005
2023-12-01,920970.BJ,sell,100,2.4883933333333363,248.83933333333363,0.34837506666666707,248.49095826666698
2023-12-04,920970.BJ,buy,100,2.286643333333336,228.6643333333336,0.32013006666666705,228.98446340000027
2023-12-05,002042.SZ,sell,195,2.122760135135132,413.93822635135075,0.579513516891891,413.35871283445886
2023-12-06,002042.SZ,buy,100,2.189898648648645,218.9898648648645,0.3065858108108103,219.29645067567532
2023-12-18,301299.SZ,sell,182,86.77215752721314,15792.53266995279,22.109545737933907,15770.423124214858
2023-12-18,000802.SZ,buy,100,4.98625879396984,498.62587939698403,0.6980762311557777,499.32395562813986
2023-12-18,920970.BJ,buy,100,5.010200000000006,501.02000000000066,0.7014280000000009,501.7214280000007
2023-12-18,002471.SZ,buy,100,3.4709062500000023,347.0906250000002,0.4859268750000003,347.57655187500023
2023-12-18,002425.SZ,buy,100,4.540038461538454,454.00384615384536,0.6356053846153835,454.6394515384608
2023-12-18,002021.SZ,buy,100,3.4275400000000085,342.7540000000009,0.4798556000000012,343.2338556000009
2023-12-20,002494.SZ,buy,100,5.4954207920792095,549.542079207921,0.7693589108910894,550.3114381188121
2023-12-21,920970.BJ,sell,98,4.47899333333334,438.9413466666673,0.6145178853333342,438.326828781334
2023-12-21,600712.SH,buy,100,3.006896024464832,300.6896024464832,0.42096544342507647,301.1105678899083
2023-12-21,002482.SZ,buy,600,0.8918322295805746,535.0993377483447,0.7491390728476827,535.8484768211924
2023-12-22,002425.SZ,sell,99,3.8964102564102494,385.7446153846147,0.5400424615384606,385.2045729230762
2023-12-22,600712.SH,sell,100,2.732104994903161,273.21049949031607,0.3824946992864425,272.8280047910296
2023-12-22,920970.BJ,buy,100,4.788770000000007,478.87700000000063,0.6704278000000009,479.54742780000066
2023-12-25,002425.SZ,buy,100,3.5989743589743526,359.89743589743523,0.5038564102564094,360.4012923076917
2023-12-25,600712.SH,buy,100,2.5254587155963306,252.54587155963307,0.3535642201834863,252.89943577981657
2024-01-02,601996.SH,buy,100,2.865000000000001,286.5000000000001,0.4011000000000002,286.90110000000016
2024-01-04,603093.SH,sell,67,4.90515196441807,328.6451816160107,0.46010325426241494,328.1850783617483
2024-01-09,002042.SZ,sell,88,1.992162162162158,175.31027027026988,0.24543437837837784,175.0648358918915
2024-01-09,300803.SZ,sell,136,66.54999365321164,9050.799136836784,12.671118791571498,9038.128018045212
2024-01-09,002471.SZ,buy,100,3.775000000000004,377.5000000000004,0.5285000000000005,378.0285000000004
2024-01-09,002021.SZ,buy,300,1.548400000000004,464.5200000000012,0.6503280000000017,465.17032800000123
2024-01-09,603659.SH,buy,100,4.299770787042463,429.9770787042463,0.6019679101859449,430.5790466144323
2024-01-09,002494.SZ,buy,100,4.829455445544557,482.9455445544557,0.676123762376238,483.621668316832
2024-01-09,603093.SH,buy,100,4.63795126019272,463.795126019272,0.6493131764269808,464.44443919569903
2024-01-10,002042.SZ,buy,200,1.9513513513513476,390.2702702702695,0.5463783783783773,390.8166486486479
2024-01-10,000592.SZ,buy,200,2.45962802768166,491.925605536332,0.6886958477508648,492.6143013840829
2024-01-11,600712.SH,buy,100,2.894454638124364,289.4454638124364,0.40522364933741095,289.8506874617738
2024-01-12,002042.SZ,buy,200,2.1150878378378333,423.01756756756663,0.5922245945945933,423.6097921621612
2024-01-15,000592.SZ,sell,194,2.0875346020761243,404.98171280276813,0.5669743979238754,404.4147384048443
2024-01-16,000966.SZ,buy,100,4.734968287526429,473.4968287526429,0.6628955602537,474.1597243128966
2024-01-16,000826.SZ,buy,500,0.8444623655913971,422.23118279569854,0.591123655913978,422.8223064516126
2024-01-16,000592.SZ,buy,200,1.9661159169550169,393.2231833910034,0.5505124567474047,393.7736958477508
2024-01-18,000592.SZ,buy,100,2.4319377162629747,243.19377162629746,0.34047128027681645,243.5342429065743
2024-01-22,002170.SZ,sell,39050,7.727477678571452,301758.0033482152,422.46120468750127,301335.5421435277
2024-01-22,000802.SZ,sell,85,3.820733668341701,324.7623618090446,0.4546673065326624,324.30769450251194
2024-01-22,603458.SH,sell,91954,3.3956126173097,312240.1626120962,437.13622765693464,311803.02638443926
2024-01-22,000816.SZ,sell,3213,4.733129139072836,15207.543923841022,21.29056149337743,15186.253362347645
2024-01-22,301300.SZ,sell,3041,13.017595320623911,39586.507370017316,55.42111031802424,39531.086259699296
2024-01-22,603309.SH,sell,3194,9.917779672578463,31677.388274215613,44.34834358390186,31633.039930631712
2024-01-22,002483.SZ,sell,5765,4.855081967213113,27989.5475409836,39.18536655737704,27950.362174426224
2024-01-22,603130.SH,sell,3325,14.888112676056332,49502.974647887306,69.30416450704223,49433.670483380265
2024-01-22,002524.SZ,sell,2086,2.9211247637051048,6093.466257088849,8.530852759924388,6084.935404328924
2024-01-22,002661.SZ,sell,4747,6.605039096437871,31354.12059079057,43.8957688271068,31310.224821963468
2024-01-22,002707.SZ,sell,8104,7.239004739336512,58664.89440758309,82.13085217061632,58582.76355541247
2024-01-22,603616.SH,sell,9297,2.832410179640716,26332.917440119738,36.86608441616763,26296.05135570357
2024-01-22,603360.SH,sell,155,2.6555305191101035,411.60723046206607,0.5762501226468925,411.0309803394192
2024-01-22,002425.SZ,sell,80,2.5625641025640986,205.0051282051279,0.2870071794871791,204.71812102564073
2024-01-22,002042.SZ,sell,201,1.863810810810807,374.6259729729722,0.5244763621621611,374.10149661081005
2024-01-22,002774.SZ,sell,52,7.250357142857129,377.0185714285707,0.5278259999999989,376.4907454285707
2024-01-22,002246.SZ,sell,32,6.53644736842104,209.1663157894733,0.2928328421052626,208.87348294736805
2024-01-22,301062.SZ,sell,71,3.779391447368427,268.3367927631583,0.3756715098684216,267.9611212532899
2024-01-22,002795.SZ,sell,52,2.770511562718979,144.0666012613869,0.20169324176594164,143.86490801962097
2024-01-22,600138.SH,sell,1436,8.260953124999997,11862.728687499995,16.607820162499994,11846.120867337497
2024-01-22,001914.SZ,sell,33517,5.502024539877302,184411.3565030675,258.1758991042945,184153.18060396324
2024-01-22,000920.SZ,sell,403,11.19604166666666,4512.0047916666645,6.31680670833333,4505.687984958331
2024-01-22,000545.SZ,sell,169837,2.460641025641024,417907.88987179456,585.0710458205124,417322.8188259741
2024-01-22,600712.SH,sell,85,2.024949031600408,172.12066768603466,0.24096893476044853,171.87969875127422
2024-01-22,002392.SZ,sell,330,2.915507518797005,962.1174812030117,1.3469644736842163,960.7705167293276
2024-01-22,600110.SH,sell,38174,4.889256198347122,186642.46611570305,261.29945256198425,186381.16666314108
2024-01-22,603070.SH,sell,32,14.459808259587062,462.713864306786,0.6477994100295004,462.0660648967565
2024-01-22,605028.SH,sell,2898,13.89799216454454,40276.38129285008,56.38693380999011,40219.99435904009
2024-01-22,002688.SZ,sell,126573,2.730810502283106,345646.8777054796,483.90562878767145,345162.972076692
2024-01-22,000809.SZ,sell,3147,3.226882845188278,10155.00031380751,14.217000439330514,10140.78331336818
2024-01-22,000031.SZ,sell,1469,0.9844337016574592,1446.1331077348077,2.0245863508287307,1444.108521383979
2024-01-22,600929.SH,sell,304,4.519281391830559,1373.86154311649,1.923406160363086,1371.938136956127
2024-01-22,605298.SH,sell,2271,7.916404689535407,17978.15504993491,25.169417069908874,17952.985632865002
2024-01-22,603093.SH,sell,96,4.1982876204595865,403.0356115641203,0.5642498561897684,402.47136170793055
2024-01-22,002489.SZ,sell,233,1.8274297423887564,425.79112997658024,0.5961075819672124,425.19502239461303
2024-01-22,601996.SH,sell,89,2.288400349650351,203.66763111888125,0.28513468356643373,203.38249643531483
2024-01-22,601339.SH,sell,15880,6.858345771144282,108910.5308457712,152.47474318407967,108758.05610258711
2024-01-22,600834.SH,sell,52,7.468072289156593,388.3397590361428,0.5436756626506,387.79608337349225
2024-01-22,301088.SZ,sell,46,6.405350816255655,294.64613754776013,0.41250459256686417,294.2336329551933
2024-01-22,605336.SH,sell,6373,5.163825757575751,32909.06155303026,46.072686174242364,32862.988866856016
2024-01-22,920970.BJ,buy,11100,6.0524200000000095,67181.86200000011,94.05460680000016,67275.91660680012
2024-01-22,688160.SH,buy,1800,34.19715337423307,61554.876073619525,86.17682650306733,61641.052900122595
2024-01-22,688602.SH,buy,9600,6.937500000000012,66600.00000000012,93.24000000000017,66693.24000000012
2024-01-22,300192.SZ,buy,13000,5.184710195530723,67401.2325418994,94.36172555865916,67495.59426745806
2024-01-22,603298.SH,buy,1500,43.412127987663744,65118.19198149562,91.16546877409387,65209.357450269716
2024-01-22,600509.SH,buy,9400,7.127010723860567,66993.90080428934,93.79146112600507,67087.69226541535
2024-01-22,688629.SH,buy,5000,13.003543920380784,65017.71960190392,91.02480744266549,65108.74440934659
2024-01-22,300878.SZ,buy,11700,5.752475629318847,67303.96486303052,94.22555080824272,67398.19041383876
2024-01-22,688570.SH,buy,4000,16.46130395412013,65845.21581648052,92.18330214307272,65937.3991186236
2024-01-22,002033.SZ,buy,5100,13.097333333333385,66796.40000000026,93.51496000000036,66889.91496000026
2024-01-22,300182.SZ,buy,13600,4.921967213114739,66938.75409836044,93.71425573770462,67032.46835409815
2024-01-22,301285.SZ,buy,6000,11.178820276497705,67072.92165898623,93.90209032258073,67166.82374930882
2024-01-22,601689.SH,buy,300,173.0794471947195,51923.834158415855,72.6933678217822,51996.52752623764
2024-01-22,601919.SH,buy,4000,16.519999999999964,66079.99999999985,92.5119999999998,66172.51199999986
2024-01-22,000045.SZ,buy,4200,15.717188320210012,66012.19094488205,92.41706732283487,66104.60801220489
2024-01-22,002240.SZ,buy,1000,62.96149309912213,62961.49309912213,88.14609033877099,63049.63918946091
2024-01-22,605100.SH,buy,13300,5.053120376893265,67206.50101268043,94.0891014177526,67300.59011409819
2024-01-22,300707.SZ,buy,6000,11.182014575098806,67092.08745059284,93.92892243082997,67186.01637302367
2024-01-22,603220.SH,buy,2000,32.49830837004408,64996.61674008816,90.99526343612342,65087.612003524286
2024-01-22,300735.SZ,buy,5500,12.048593574897286,66267.26466193507,92.7741705267091,66360.03883246178
2024-01-22,300803.SZ,buy,1400,47.26059659812148,66164.83523737008,92.63076933231811,66257.4660067024
2024-01-22,002222.SZ,buy,1400,46.23157488114092,64724.204833597294,90.6138867670362,64814.81872036433
2024-01-22,605117.SH,buy,400,145.45001060445398,58180.00424178159,81.45200593849422,58261.45624772009
2024-01-22,002907.SZ,buy,5100,13.088734309623488,66752.54497907979,93.4535629707117,66845.9985420505
2024-01-22,600702.SH,buy,200,252.2172450657901,50443.449013158024,70.62082861842123,50514.06984177645
2024-01-22,000011.SZ,buy,7800,8.640504731861174,67395.93690851716,94.35431167192402,67490.29122018909
2024-01-22,920870.BJ,buy,1400,47.73183760683768,66824.57264957276,93.55440170940186,66918.12705128216
2024-01-22,600313.SH,buy,5400,12.412169354838763,67025.71451612932,93.83600032258104,67119.5505164519
2024-01-22,301391.SZ,buy,500,129.9296344339622,64964.8172169811,90.95074410377354,65055.76796108488
2024-01-22,300548.SZ,buy,9000,7.464376548307197,67179.38893476476,94.05114450867067,67273.44007927344
2024-01-22,603995.SH,buy,7300,9.136721507352972,66698.0670036767,93.37729380514737,66791.44429748185
2024-01-22,920971.BJ,buy,700,87.35982608695659,61151.87826086961,85.61262956521746,61237.490890434834
2024-01-22,002566.SZ,buy,7500,8.96068113772452,67205.10853293391,94.08715194610747,67299.19568488002
2024-01-22,000779.SZ,buy,8900,7.501946859903378,66767.32705314006,93.47425787439609,66860.80131101447
2024-01-23,000045.SZ,sell,4200,13.710492125984285,57584.066929133995,80.6176937007876,57503.44923543321
2024-01-23,605100.SH,sell,13300,4.333069742867201,57629.827580133766,80.68175861218727,57549.14582152158
2024-01-23,002170.SZ,buy,400,7.377366071428596,2950.9464285714384,4.131325000000014,2955.0777535714387
2024-01-23,000995.SZ,buy,400,7.253225806451598,2901.2903225806394,4.061806451612895,2905.3521290322524
2024-01-23,000802.SZ,buy,800,3.5459999999999923,2836.799999999994,3.9715199999999915,2840.771519999994
2024-01-23,603458.SH,buy,900,3.204624608967676,2884.1621480709086,4.037827007299272,2888.199975078208
2024-01-23,301015.SZ,buy,100,16.505528846153833,1650.5528846153834,2.3107740384615365,1652.863658653845
2024-01-23,601226.SH,buy,200,10.858079625292758,2171.6159250585515,3.040262295081972,2174.6561873536334
2024-01-23,603126.SH,buy,400,6.833863636363649,2733.5454545454595,3.8269636363636432,2737.3724181818234
2024-01-23,000816.SZ,buy,600,4.624337748344359,2774.602649006615,3.884443708609261,2778.4870927152247
2024-01-23,301300.SZ,buy,200,12.06967071057192,2413.934142114384,3.3795077989601374,2417.3136499133443
2024-01-23,603309.SH,buy,300,9.606804229195106,2882.0412687585317,4.034857776261944,2886.0761265347937
2024-01-23,600678.SH,buy,600,4.742206053550642,2845.323632130385,3.9834530849825387,2849.3070852153674
2024-01-23,603130.SH,buy,200,13.962316901408444,2792.463380281689,3.9094487323943645,2796.3728290140834
2024-01-23,002483.SZ,buy,600,4.6427868852459016,2785.6721311475408,3.899940983606557,2789.5720721311477
2024-01-23,002524.SZ,buy,1100,2.780439508506617,3058.4834593572787,4.28187684310019,3062.765336200379
2024-01-23,002661.SZ,buy,500,6.111894005212848,3055.947002606424,4.278325803648993,3060.2253284100734
2024-01-23,002707.SZ,buy,400,6.7957543443918045,2718.3017377567216,3.80562243285941,2722.1073601895814
2024-01-23,603616.SH,buy,1100,2.717730538922153,2989.5035928143684,4.185305029940116,2993.688897844309
2024-01-23,603360.SH,buy,1200,2.535663148887628,3042.7957786651536,4.259914090131215,3047.0556927552852
2024-01-23,002580.SZ,buy,300,9.885388888888912,2965.6166666666736,4.151863333333343,2969.768530000007
2024-01-23,002425.SZ,buy,1200,2.514017094017091,3016.820512820509,4.223548717948713,3021.044061538458
2024-01-23,603860.SH,buy,100,25.18266304347832,2518.266304347832,3.5255728260869645,2521.791877173919
2024-01-23,002774.SZ,buy,400,7.134850649350635,2853.940259740254,3.9955163636363555,2857.9357761038905
2024-01-23,002042.SZ,buy,1700,1.8284560810810768,3108.3753378378306,4.351725472972963,3112.7270633108037
2024-01-23,600872.SH,buy,200,15.182709081580256,3036.541816316051,4.251158542842472,3040.792974858894
2024-01-23,002246.SZ,buy,400,6.323585526315778,2529.4342105263113,3.5412078947368357,2532.9754184210483
2024-01-23,301062.SZ,buy,800,3.7291776315789535,2983.342105263163,4.176678947368428,2987.5187842105315
2024-01-23,002795.SZ,buy,1200,2.51852838121933,3022.234057463196,4.231127680448474,3026.4651851436447
2024-01-23,600138.SH,buy,300,8.028738281249998,2408.6214843749995,3.3720700781249993,2411.9935544531245
2024-01-23,001914.SZ,buy,500,5.496133691206545,2748.066845603272,3.847293583844581,2751.914139187117
2024-01-23,002878.SZ,buy,400,7.197351318209704,2878.9405272838817,4.030516738197434,2882.9710440220792
2024-01-23,000920.SZ,buy,200,10.871830357142851,2174.36607142857,3.0441124999999984,2177.4101839285704
2024-01-23,000545.SZ,buy,1300,2.2913141025641006,2978.7083333333308,4.170191666666663,2982.878524999998
2024-01-23,920553.BJ,buy,400,7.407585937500003,2963.034375000001,4.148248125000001,2967.182623125001
2024-01-23,600712.SH,buy,1600,1.912293577981652,3059.669724770643,4.2835376146789,3063.953262385322
2024-01-23,002927.SZ,buy,300,7.8668099658036335,2360.04298974109,3.304060185637526,2363.347049926728
2024-01-23,002392.SZ,buy,1100,2.7604260651629198,3036.4686716792116,4.251056140350896,3040.7197278195626
2024-01-23,600110.SH,buy,600,4.720743801652908,2832.446280991745,3.965424793388443,2836.4117057851336
2024-01-23,603070.SH,buy,200,13.695169616519214,2739.033923303843,3.8346474926253804,2742.8685707964687
2024-01-23,920608.BJ,buy,200,11.222314999999984,2244.462999999997,3.1422481999999956,2247.6052481999973
2024-01-23,301487.SZ,buy,200,11.522638747194437,2304.5277494388874,3.2263388492144425,2307.754088288102
2024-01-23,605028.SH,buy,200,13.031202252693417,2606.2404505386835,3.648736630754157,2609.8891871694377
2024-01-23,002688.SZ,buy,1200,2.5757876712328778,3090.9452054794533,4.327323287671234,3095.2725287671246
2024-01-23,002675.SZ,buy,200,15.138935705368269,3027.787141073654,4.238901997503115,3032.0260430711573
2024-01-23,000809.SZ,buy,1000,3.0812447698744707,3081.244769874471,4.313742677824259,3085.5585125522953
2024-01-23,603103.SH,buy,200,12.584490623416103,2516.898124683221,3.5236573745565094,2520.4217820577774
2024-01-23,000031.SZ,buy,3100,1.0040331491712715,3112.502762430942,4.357503867403318,3116.8602662983453
2024-01-23,600929.SH,buy,700,4.446161119515885,3112.3127836611197,4.357237897125567,3116.6700215582455
2024-01-23,301112.SZ,buy,300,9.315594366916294,2794.678310074888,3.912549634104843,2798.590859708993
2024-01-23,301060.SZ,buy,400,6.520755336617418,2608.3021346469673,3.6516229885057543,2611.9537576354733
2024-01-23,605298.SH,buy,400,7.429982631350429,2971.9930525401714,4.16079027355624,2976.153842813728
2024-01-23,603093.SH,buy,700,4.108523906597466,2875.9667346182264,4.026353428465517,2879.9930880466923
2024-01-23,002489.SZ,buy,1700,1.7936533957845406,3049.210772833719,4.268895081967207,3053.4796679156866
2024-01-23,601996.SH,buy,1400,2.1223951048951064,2971.353146853149,4.159894405594409,2975.5130412587437
2024-01-23,002535.SZ,buy,500,6.074019434628961,3037.0097173144804,4.251813604240272,3041.261530918721
2024-01-23,000605.SZ,buy,600,4.524280575539576,2714.5683453237457,3.8003956834532437,2718.3687410071993
2024-01-23,600834.SH,buy,400,7.121566265060209,2848.6265060240835,3.9880771084337168,2852.6145831325175
2024-01-23,601339.SH,buy,400,6.5847761194029895,2633.910447761196,3.6874746268656744,2637.5979223880618
2024-01-23,301088.SZ,buy,500,6.048588919763817,3024.2944598819086,4.234012243834672,3028.5284721257435
2024-01-23,605336.SH,buy,600,4.850801886792447,2910.4811320754684,4.074673584905656,2914.555805660374
2024-01-24,002042.SZ,sell,1700,1.6289662162162126,2769.2425675675613,3.8769395945945857,2765.3656279729666
2024-01-24,603038.SH,buy,200,11.313820659488558,2262.7641318977116,3.1678697846567965,2265.9320016823685
2024-01-24,002494.SZ,buy,800,3.589306930693072,2871.4455445544577,4.0200237623762405,2875.465568316834
2024-01-24,301171.SZ,buy,200,12.803128787878787,2560.6257575757572,3.58487606060606,2564.2106336363636
2024-01-24,300548.SZ,buy,300,9.08749071015691,2726.247213047073,3.816746098265902,2730.0639591453387
2024-01-24,000045.SZ,buy,200,14.391003937007907,2878.2007874015812,4.0294811023622135,2882.2302685039435
2024-01-24,605100.SH,buy,700,4.051637900669244,2836.1465304684707,3.970605142655859,2840.1171356111267
2024-01-25,920870.BJ,sell,1342,38.36538461538469,51486.34615384626,72.08088461538476,51414.26526923088
2024-01-25,601689.SH,sell,304,158.21779840484055,48098.21071507153,67.33749500110014,48030.87322007043
2024-01-25,920971.BJ,sell,688,75.0744565217392,51651.226086956565,72.31171652173919,51578.91437043483
2024-01-25,000958.SZ,buy,5700,2.675744680851052,15251.744680850996,21.352442553191395,15273.097123404188
2024-01-25,301299.SZ,buy,300,48.53586362702824,14560.759088108472,20.38506272335186,14581.144150831826
2024-01-25,920505.BJ,buy,200,54.50180263157898,10900.360526315797,15.260504736842115,10915.62103105264
2024-01-25,301285.SZ,buy,1200,12.727016129032265,15272.419354838717,21.381387096774205,15293.800741935493
2024-01-25,603661.SH,buy,200,57.12846402316781,11425.692804633562,15.995969926486985,11441.688774560049
2024-01-25,000011.SZ,buy,1500,9.657460567823318,14486.190851734977,20.280667192428968,14506.471518927407
2024-01-25,601226.SH,buy,1200,12.561124121779882,15073.348946135859,21.102688524590203,15094.45163466045
2024-01-25,603126.SH,buy,1700,8.710989898989915,14808.682828282856,20.732155959595996,14829.414984242452
2024-01-25,000766.SZ,buy,300,43.47285007610349,13041.855022831047,18.258597031963465,13060.113619863012
2024-01-25,603908.SH,buy,300,42.559542790152335,12767.8628370457,17.87500797186398,12785.737845017566
2024-01-25,002042.SZ,buy,9300,1.6396418918918882,15248.669594594561,21.348137432432384,15270.017732026994
2024-01-26,000002.SZ,buy,200,3.1640049140049133,632.8009828009826,0.8859213759213757,633.686904176904
2024-01-26,000031.SZ,buy,600,1.2943611878453043,776.6167127071826,1.0872633977900557,777.7039761049728
2024-01-26,605298.SH,buy,100,8.609689535388645,860.9689535388645,1.2053565349544104,862.174310073819
2024-01-26,301062.SZ,buy,100,4.460842105263166,446.08421052631655,0.6245178947368432,446.7087284210534
2024-01-26,603093.SH,buy,100,5.826249073387675,582.6249073387676,0.8156748702742745,583.4405822090418
2024-01-26,000605.SZ,buy,100,5.884143884892096,588.4143884892096,0.8237801438848934,589.2381686330946
2024-01-26,000680.SZ,buy,100,7.943006756756741,794.3006756756741,1.1120209459459438,795.4126966216202
2024-01-26,002707.SZ,buy,100,8.008530805687226,800.8530805687226,1.1211943127962116,801.9742748815189
2024-01-26,605100.SH,buy,100,4.521226664318415,452.1226664318415,0.6329717330045781,452.75563816484606
2024-01-29,603038.SH,sell,187,8.943532974427997,1672.4406662180354,2.3414169327052496,1670.0992492853302
2024-01-29,301391.SZ,sell,486,106.39742865566028,51709.150326650895,72.39281045731126,51636.75751619359
2024-01-29,920553.BJ,sell,395,6.338750000000002,2503.8062500000005,3.5053287500000008,2500.3009212500006
2024-01-29,601226.SH,sell,1222,11.92886416861829,14577.07201405155,20.407900819672168,14556.664113231878
2024-01-29,301062.SZ,sell,100,3.707324561403515,370.73245614035153,0.5190254385964921,370.21343070175504
2024-01-29,920608.BJ,sell,188,8.76557499999999,1647.928099999998,2.307099339999997,1645.6210006599981
2024-01-29,605117.SH,sell,366,105.99912619300116,38795.68018663843,54.3139522612938,38741.366234377136
2024-01-29,603093.SH,sell,100,4.859114158636011,485.91141586360106,0.6802759822090415,485.23113988139204
2024-01-29,605100.SH,sell,100,3.837847833744271,383.7847833744271,0.5372986967241979,383.2474846777029
2024-01-29,002042.SZ,sell,9326,1.4399999999999968,13429.439999999971,18.80121599999996,13410.638783999972
2024-01-29,600138.SH,buy,1900,9.953546875,18911.7390625,26.4764346875,18938.215497187502
2024-01-29,603860.SH,buy,400,38.61000000000008,15444.000000000031,21.621600000000043,15465.621600000031
2024-01-29,001872.SZ,buy,1100,17.242648774795857,18966.91365227544,26.553679113185616,18993.467331388627
2024-01-29,600602.SH,buy,1300,14.450606420927532,18785.78834720579,26.300103686088107,18812.08845089188
2024-01-29,601689.SH,buy,100,133.98586633663376,13398.586633663377,18.758021287128727,13417.344654950506
2024-01-29,603309.SH,buy,1900,10.02964870395636,19056.332537517083,26.678865552523916,19083.01140306961
2024-01-29,600834.SH,buy,1900,9.944096385542124,18893.783132530036,26.45129638554205,18920.23442891558
2024-01-30,000995.SZ,sell,412,6.896264516129018,2841.2609806451555,3.977765372903218,2837.2832152722526
2024-01-30,603103.SH,sell,208,12.257437911809417,2549.547085656359,3.5693659199189023,2545.97771973644
2024-01-30,920505.BJ,sell,200,47.97719298245618,9595.438596491236,13.43361403508773,9582.004982456148
2024-01-30,603661.SH,sell,180,42.90074348407223,7722.133827133001,10.810987357986201,7711.322839775015
2024-01-30,002907.SZ,sell,4951,10.59014644351469,52431.81504184123,73.40454105857772,52358.41050078266
2024-01-30,000045.SZ,sell,197,12.950918635170636,2551.330971128615,3.5718633595800613,2547.7591077690354
2024-01-30,603360.SH,buy,2100,3.1919316885339506,6703.056545921297,9.384279164289815,6712.440825085587
2024-01-30,920870.BJ,buy,200,30.4895726495727,6097.91452991454,8.537080341880356,6106.451610256421
2024-01-30,603038.SH,buy,700,8.611884253028267,6028.318977119787,8.439646567967701,6036.758623687755
2024-01-30,920553.BJ,buy,1100,5.825156250000002,6407.671875000002,8.970740625000003,6416.642615625003
2024-01-30,001216.SZ,buy,400,13.844477390659716,5537.790956263886,7.7529073387694405,5545.543863602656
2024-01-30,601226.SH,buy,600,11.05597189695552,6633.583138173311,9.287016393442636,6642.8701545667545
2024-01-30,301062.SZ,buy,1900,3.4603947368421117,6574.750000000013,9.204650000000017,6583.954650000013
2024-01-30,920608.BJ,buy,800,8.482049999999989,6785.639999999991,9.499895999999987,6795.1398959999915
2024-01-30,603093.SH,buy,1500,4.551938472942907,6827.90770941436,9.559070793180105,6837.466780207541
2024-01-30,920971.BJ,buy,100,56.92523913043483,5692.523913043483,7.969533478260876,5700.493446521744
2024-01-30,605100.SH,buy,2000,3.420530996829865,6841.06199365973,9.577486791123622,6850.6394804508545
2024-01-30,002042.SZ,buy,5000,1.365456081081078,6827.28040540539,9.558192567567547,6836.838597972958
2024-01-31,603458.SH,sell,910,2.8664950469238804,2608.510492700731,3.6519146897810235,2604.85857801095
2024-01-31,603038.SH,sell,700,7.555291049798118,5288.703734858683,7.404185228802156,5281.299549629881
2024-01-31,000506.SZ,sell,1120,3.8466040955631295,4308.196587030705,6.031475221842987,4302.165111808862
2024-01-31,601226.SH,sell,600,9.585456674473084,5751.274004683851,8.051783606557391,5743.222221077293
2024-01-31,000816.SZ,sell,607,4.347913907284757,2639.1837417218476,3.6948572384105867,2635.4888844834372
2024-01-31,301300.SZ,sell,193,10.234918544194109,1975.3392790294631,2.7654749906412484,1972.573804038822
2024-01-31,603309.SH,sell,1827,8.279218963165091,15126.133045702622,21.17658626398367,15104.95645943864
2024-01-31,002749.SZ,sell,345,14.362892828364204,4955.19802578565,6.93727723609991,4948.260748549551
2024-01-31,600678.SH,sell,576,4.028588474970897,2320.4669615832368,3.2486537462165312,2317.2183078370203
2024-01-31,002707.SZ,sell,91,6.1396840442338245,558.711248025278,0.7821957472353892,557.9290522780426
2024-01-31,603616.SH,sell,1109,2.52676347305389,2802.1806916167643,3.92305296826347,2798.257638648501
2024-01-31,603360.SH,sell,2100,2.856120222475764,5997.852467199104,8.396993454078745,5989.455473745025
2024-01-31,002580.SZ,sell,288,8.334666666666687,2400.384000000006,3.3605376000000082,2397.023462400006
2024-01-31,002425.SZ,sell,1172,2.123829059829057,2489.127658119655,3.4847787213675168,2485.6428793982873
2024-01-31,301299.SZ,sell,277,37.8545491887452,10485.710125282421,14.67999417539539,10471.030131107027
2024-01-31,301062.SZ,sell,1900,3.083799342105269,5859.218750000011,8.202906250000016,5851.015843750011
2024-01-31,002240.SZ,sell,995,52.799247176913774,52535.250941029204,73.54935131744088,52461.70158971177
2024-01-31,603908.SH,sell,275,33.14230656506443,9114.134305392718,12.759788027549805,9101.374517365168
2024-01-31,605100.SH,sell,2000,2.9699788657978123,5939.957731595625,8.315940824233875,5931.641790771391
2024-01-31,600138.SH,sell,1872,8.58802734375,16076.787187499998,22.5075020625,16054.2796854375
2024-01-31,002795.SZ,sell,1103,1.8714943938332087,2064.2583163980294,2.8899616429572412,2061.3683547550722
2024-01-31,002878.SZ,sell,386,6.185492795830794,2387.6002191906864,3.342640306866961,2384.2575788838194
2024-01-31,000545.SZ,sell,1254,1.9429807692307672,2436.497884615382,3.411097038461535,2433.086787576921
2024-01-31,002927.SZ,sell,286,6.483561309233039,1854.2985344406493,2.596017948216909,1851.7025164924326
2024-01-31,603070.SH,sell,196,12.161963495575256,2383.74484513275,3.3372427831858498,2380.407602349564
2024-01-31,000766.SZ,sell,279,34.43350456621003,9606.947773972599,13.449726883561638,9593.498047089037
2024-01-31,000809.SZ,sell,1033,2.998995815899575,3097.962677824261,4.337147748953965,3093.6255300753073
2024-01-31,000011.SZ,sell,1431,8.03706624605676,11501.041798107224,16.101458517350114,11484.940339589875
2024-01-31,301112.SZ,sell,282,7.567730173587494,2134.099908951673,2.9877398725323423,2131.112169079141
2024-01-31,600602.SH,sell,1284,11.616575505350822,14915.682948870455,20.881956128418636,14894.800992742037
2024-01-31,301060.SZ,sell,383,5.242547892720316,2007.8958429118811,2.8110541800766335,2005.0847887318046
2024-01-31,605298.SH,sell,89,6.281081198436835,559.0162266608784,0.7826227173252297,558.2336039435531
2024-01-31,600313.SH,sell,5961,13.263306451612957,79062.56975806484,110.68759766129078,78951.88216040355
2024-01-31,002494.SZ,sell,760,3.005944719471949,2284.5179867986812,3.198325181518154,2281.319661617163
2024-01-31,002489.SZ,sell,1654,1.552552693208429,2567.9221545667415,3.595091016393438,2564.327063550348
2024-01-31,002566.SZ,sell,7321,7.422043413173629,54336.77982784414,76.0714917589818,54260.70833608516
2024-01-31,605336.SH,sell,599,4.324646226415087,2590.463089622637,3.626648325471692,2586.8364412971655
2024-01-31,301391.SZ,buy,800,112.05169516509427,89641.35613207542,125.49789858490558,89766.85403066034
2024-01-31,603103.SH,buy,8100,11.200975671566132,90727.90293968566,127.01906411555993,90854.92200380123
2024-01-31,605117.SH,buy,900,99.30210445387073,89371.89400848365,125.12065161187711,89497.01466009553
2024-01-31,603661.SH,buy,2300,39.76477946090448,91458.9927600803,128.04258986411241,91587.03534994442
2024-02-01,002021.SZ,sell,296,1.4459000000000033,427.98640000000097,0.5991809600000013,427.387219040001
2024-02-01,603860.SH,sell,418,35.92798913043485,15017.899456521769,21.025059239130478,14996.87439728264
2024-02-01,002033.SZ,sell,4942,10.766408730158773,53207.591944444655,74.49062872222251,53133.10131572244
2024-02-01,000995.SZ,buy,300,5.054920161290314,1516.4760483870941,2.123066467741932,1518.5991148548362
2024-02-01,603458.SH,buy,700,2.608850364963504,1826.195255474453,2.556673357664234,1828.7519288321173
2024-02-01,603038.SH,buy,200,7.095943808882911,1419.1887617765822,1.986864266487215,1421.1756260430695
2024-02-01,000506.SZ,buy,500,3.527713310580196,1763.8566552900982,2.4693993174061375,1766.3260546075044
2024-02-01,601226.SH,buy,200,8.849754098360672,1769.9508196721342,2.4779311475409878,1772.4287508196753
2024-02-01,000816.SZ,buy,400,3.9625496688741615,1585.0198675496647,2.2190278145695306,1587.2388953642344
2024-02-01,301300.SZ,buy,100,9.72439514731369,972.439514731369,1.3614153206239166,973.800930051993
2024-02-01,603309.SH,buy,200,8.04847203274217,1609.694406548434,2.2535721691678074,1611.947978717602
2024-02-01,002749.SZ,buy,100,14.393247381144215,1439.3247381144215,2.01505463336019,1441.3397927477818
2024-02-01,600678.SH,buy,500,3.6374388824214217,1818.7194412107108,2.5462072176949953,1821.265648428406
2024-02-01,002707.SZ,buy,300,5.561662717219604,1668.498815165881,2.3358983412322334,1670.8347135071135
2024-02-01,603616.SH,buy,800,2.288308383233531,1830.6467065868246,2.5629053892215543,1833.2096119760463
2024-02-01,603360.SH,buy,600,2.902614090131211,1741.5684540787267,2.4381958357102174,1744.006649914437
2024-02-01,002580.SZ,buy,200,7.827000000000019,1565.4000000000037,2.1915600000000053,1567.591560000004
2024-02-01,002425.SZ,buy,900,1.971666666666664,1774.4999999999977,2.4842999999999966,1776.9842999999978
2024-02-01,301062.SZ,buy,600,2.792982456140356,1675.7894736842136,2.346105263157899,1678.1355789473716
2024-02-01,000045.SZ,buy,100,10.061896325459342,1006.1896325459342,1.4086654855643077,1007.5982980314985
2024-02-01,605100.SH,buy,600,2.642789714688267,1585.6738288129602,2.2199433603381444,1587.8937721732984
2024-02-01,002795.SZ,buy,1000,1.7300963559915832,1730.096355991583,2.4221348983882165,1732.5184908899714
2024-02-01,600138.SH,buy,200,7.8316875,1566.3375,2.1928725,1568.5303725
2024-02-01,002878.SZ,buy,300,5.8274954015941285,1748.2486204782385,2.447548068669534,1750.6961685469082
2024-02-01,000545.SZ,buy,1000,1.7567307692307672,1756.7307692307672,2.4594230769230743,1759.1901923076905
2024-02-01,002927.SZ,buy,300,5.919115779189071,1775.7347337567214,2.48602862725941,1778.2207623839809
2024-02-01,603070.SH,buy,100,11.499804572271415,1149.9804572271414,1.609972640117998,1151.5904298672594
2024-02-01,002907.SZ,buy,200,9.090528989838653,1818.1057979677305,2.5453481171548225,1820.6511460848853
2024-02-01,000809.SZ,buy,600,2.6699790794979017,1601.987447698741,2.2427824267782377,1604.2302301255195
2024-02-01,000011.SZ,buy,200,7.296403785488938,1459.2807570977875,2.0429930599369026,1461.3237501577246
2024-02-01,301112.SZ,buy,200,7.195647549353319,1439.129509870664,2.0147813138189297,1441.1442911844829
2024-02-01,600602.SH,buy,100,10.719976218787204,1071.9976218787203,1.5007966706302085,1073.4984185493506
2024-02-01,301060.SZ,buy,300,5.029885057471273,1508.965517241382,2.112551724137935,1511.07806896552
2024-02-01,605298.SH,buy,300,5.92097698653931,1776.2930959617931,2.48681033434651,1778.7799062961399
2024-02-01,600313.SH,buy,100,12.787903225806508,1278.7903225806508,1.790306451612911,1280.580629032264
2024-02-01,002494.SZ,buy,600,2.638477722772279,1583.0866336633674,2.2163212871287143,1585.302954950496
2024-02-01,002489.SZ,buy,1200,1.515368852459014,1818.442622950817,2.545819672131144,1820.9884426229482
2024-02-01,002566.SZ,buy,200,6.87131736526944,1374.263473053888,1.9239688622754432,1376.1874419161636
2024-02-01,605336.SH,buy,400,4.042358490566032,1616.943396226413,2.263720754716978,1619.20711698113
2024-02-02,002170.SZ,sell,375,6.002864583333352,2251.074218750007,3.1515039062500096,2247.9227148437567
2024-02-02,603458.SH,sell,700,2.3260844629822737,1628.2591240875915,2.279562773722628,1625.979561313869
2024-02-02,920970.BJ,sell,10914,4.666350000000006,50928.54390000006,71.29996146000009,50857.243938540065
2024-02-02,002471.SZ,sell,84,2.785635416666669,233.99337500000019,0.32759072500000025,233.6657842750002
2024-02-02,301300.SZ,sell,100,8.777077989601388,877.7077989601388,1.2287909185441943,876.4790080415946
2024-02-02,002524.SZ,sell,980,1.994054820415878,1954.1737240075604,2.7358432136105844,1951.43788079395
2024-02-02,002580.SZ,sell,200,6.956444444444459,1391.288888888892,1.9478044444444487,1389.3410844444475
2024-02-02,002774.SZ,sell,351,4.908749999999991,1722.9712499999966,2.4121597499999954,1720.5590902499966
2024-02-02,000045.SZ,sell,100,9.065964566929155,906.5964566929156,1.2692350393700818,905.3272216535455
2024-02-02,920553.BJ,sell,1076,4.793484375000002,5157.789187500002,7.220904862500003,5150.568282637502
2024-02-02,002927.SZ,sell,300,5.350169760625318,1605.0509281875952,2.2470712994626334,1602.8038568881327
2024-02-02,600110.SH,sell,530,3.384297520661168,1793.6776859504191,2.511148760330587,1791.1665371900885
2024-02-02,920608.BJ,sell,824,7.827517499999988,6449.87441999999,9.029824187999987,6440.84459581199
2024-02-02,002907.SZ,sell,200,8.324309623430997,1664.8619246861995,2.330806694560679,1662.531117991639
2024-02-02,605028.SH,sell,188,10.656891527913793,2003.495607247793,2.80489385014691,2000.6907133976463
2024-02-02,002675.SZ,sell,178,11.382921348314593,2026.1599999999976,2.8366239999999965,2023.3233759999978
2024-02-02,600702.SH,sell,181,190.47634950657945,34476.21926069088,48.26670696496723,34427.95255372591
2024-02-02,301060.SZ,sell,300,4.502880405035585,1350.8641215106754,1.8912097701149455,1348.9729117405604
2024-02-02,605298.SH,sell,300,5.159452887538006,1547.8358662614016,2.1669702127659622,1545.6688960486358
2024-02-02,603093.SH,sell,1413,3.5955559673832345,5080.52058191251,7.1127288146775145,5073.407853097833
2024-02-02,920971.BJ,sell,96,45.6947282608696,4386.693913043482,6.141371478260875,4380.552541565221
2024-02-02,000605.SZ,sell,83,3.8113812949640336,316.3446474820148,0.44288250647482075,315.90176497554
2024-02-02,002021.SZ,buy,13800,1.3231100000000031,18258.91800000004,25.562485200000058,18284.48048520004
2024-02-02,000766.SZ,buy,500,32.42066210045661,16210.331050228306,22.69446347031963,16233.025513698627
2024-02-02,920870.BJ,buy,400,40.04611823361829,16018.447293447314,22.42582621082624,16040.873119658141
2024-02-02,301391.SZ,buy,100,119.10960288915092,11910.960288915092,16.67534440448113,11927.635633319574
2024-02-02,605117.SH,buy,100,102.27206309650062,10227.206309650062,14.318088833510087,10241.524398483572
2024-02-02,002240.SZ,buy,300,46.04794855708938,13814.384567126814,19.34013839397754,13833.724705520792
2024-02-02,603908.SH,buy,600,28.705041031652957,17223.024618991774,24.112234466588482,17247.136853458363
2024-02-02,000592.SZ,buy,11400,1.5938148788927329,18169.489619377156,25.437285467128017,18194.926904844287
2024-02-05,301015.SZ,sell,88,12.586239316239306,1107.589059829059,1.5506246837606825,1106.0384351452983
2024-02-05,603038.SH,sell,193,5.629535666218037,1086.5003835800812,1.5211005370121138,1084.9792830430692
2024-02-05,600728.SH,sell,6,1.689979338842983,10.139876033057897,0.014195826446281055,10.125680206611616
2024-02-05,600509.SH,sell,9229,5.725160857908828,52837.50955764057,73.9725133806968,52763.53704425988
2024-02-05,603616.SH,sell,759,1.7352574850299392,1317.0604311377238,1.8438846035928131,1315.2165465341309
2024-02-05,603360.SH,sell,572,2.300805761551631,1316.060895607533,1.842485253850546,1314.2184103536824
2024-02-05,300182.SZ,sell,12160,3.074624316939881,37387.431693988954,52.342404371584536,37335.08928961737
2024-02-05,300717.SZ,sell,28560,6.20177127338563,177122.58756789358,247.971622595051,176874.61594529854
2024-02-05,002716.SZ,sell,309,1.6140069686411134,498.728153310104,0.6982194146341456,498.02993389546987
2024-02-05,002240.SZ,sell,300,40.06737139272296,12020.211417816889,16.828295984943644,12003.383121831945
2024-02-05,000592.SZ,sell,11400,1.3370242214532868,15242.07612456747,21.338906574394457,15220.737217993075
2024-02-05,603220.SH,sell,1697,19.33650000000001,32814.04050000002,45.93965670000002,32768.10084330002
2024-02-05,002878.SZ,sell,287,4.513680257510741,1295.4262339055826,1.8135967274678158,1293.612637178115
2024-02-05,001216.SZ,sell,347,9.242246108228294,3207.059399555218,4.489883159377305,3202.5695163958408
2024-02-05,603070.SH,sell,94,8.759933628318606,823.433761061949,1.1528072654867285,822.2809537964623
2024-02-05,300562.SZ,sell,85561,3.382256809338518,289389.27486381296,405.14498480933815,288984.1298790036
2024-02-05,603103.SH,sell,7679,8.309047136340588,63805.172959959375,89.32724214394312,63715.845717815435
2024-02-05,600569.SH,sell,213,1.100273437500002,234.35824218750045,0.3281015390625006,234.03014064843796
2024-02-05,600929.SH,sell,645,3.425945537065053,2209.734871406959,3.0936288199697426,2206.6412425869894
2024-02-05,301112.SZ,sell,189,5.221327433628332,986.8308849557548,1.3815632389380565,985.4493217168167
2024-02-05,300819.SZ,sell,3447,4.676768433179723,16120.820789170506,22.569149104838708,16098.251640065668
2024-02-05,300946.SZ,sell,2972,2.713666666666665,8065.017333333328,11.291024266666659,8053.726309066661
2024-02-05,300948.SZ,sell,67,1.184968963593248,79.39292056074763,0.11115008878504667,79.28177047196259
2024-02-05,000995.SZ,sell,287,3.865806451612895,1109.486451612901,1.5532810322580612,1107.933170580643
2024-02-05,000802.SZ,sell,752,2.7908844221105467,2098.745085427131,2.9382431195979835,2095.8068423075333
2024-02-05,600678.SH,sell,476,2.760695576251456,1314.091094295693,1.83972753201397,1312.251366763679
2024-02-05,002425.SZ,sell,862,1.5398632478632457,1327.3621196581178,1.8583069675213648,1325.5038126905965
2024-02-05,002021.SZ,sell,13800,1.1833600000000029,16330.368000000039,22.862515200000054,16307.50548480004
2024-02-05,688233.SH,sell,19311,3.4064007183170864,65781.00427142126,92.09340597998977,65688.91086544127
2024-02-05,000411.SZ,sell,110,6.166262274959084,678.2888502454992,0.9496043903436989,677.3392458551556
2024-02-05,300707.SZ,sell,4828,5.543465909090906,26763.853409090894,37.46939477272725,26726.38401431817
2024-02-05,002795.SZ,sell,943,1.3071058163980322,1232.6007848633444,1.725641098808682,1230.8751437645358
2024-02-05,600138.SH,sell,199,6.90859375,1374.8101562499999,1.9247342187499998,1372.8854220312498
2024-02-05,300447.SZ,sell,10988,7.604809619238479,83561.64809619241,116.98630733466938,83444.66178885775
2024-02-05,600712.SH,sell,1438,1.3040265035677885,1875.1901121304797,2.6252661569826716,1872.564845973497
2024-02-05,002222.SZ,sell,1276,32.07991679873207,40933.97383518212,57.30756336925497,40876.66627181287
2024-02-05,002688.SZ,sell,1038,1.6428652968036543,1705.2941780821932,2.3874118493150704,1702.9067662328782
2024-02-05,600279.SH,sell,132791,2.91380743982493,386927.4037417923,541.6983652385093,386385.7053765538
2024-02-05,002494.SZ,sell,578,2.070853960396041,1196.9535891089117,1.6757350247524765,1195.2778540841593
2024-02-05,002535.SZ,sell,469,4.698445229681968,2203.570812720843,3.0849991378091803,2200.485813583034
2024-02-05,605336.SH,sell,377,3.137810891938245,1182.9547062607185,1.656136588765006,1181.2985696719536
2024-02-05,601588.SH,sell,601,0.803791291291293,483.0785660660671,0.6763099924924939,482.4022560735746
2024-02-05,000506.SZ,sell,479,2.751092150170641,1317.7731399317372,1.844882395904432,1315.928257535833
2024-02-05,603661.SH,sell,2147,30.78819336155049,66102.2511472489,92.54315160614846,66009.70799564275
2024-02-05,601226.SH,sell,201,7.531545667447318,1513.840679156911,2.1193769508196754,1511.7213022060914
2024-02-05,688160.SH,sell,1493,17.926727432077097,26764.604056091106,37.47044567852755,26727.13361041258
2024-02-05,603309.SH,sell,188,6.13899045020465,1154.1302046384742,1.6157822864938638,1152.5144223519803
2024-02-05,002661.SZ,sell,451,4.308994352736744,1943.3564530842716,2.72069903431798,1940.6357540499537
2024-02-05,688176.SH,sell,20622,1.6774431818181808,34592.23329545452,48.42912661363633,34543.804168840885
2024-02-05,600261.SH,sell,1996,1.3165526315789444,2627.839052631573,3.678974673684202,2624.160077957889
2024-02-05,002246.SZ,sell,365,4.687368421052623,1710.8894736842074,2.39524526315789,1708.4942284210495
2024-02-05,300721.SZ,sell,1226,3.8997920997921134,4781.145114345131,6.693603160083184,4774.451511185049
2024-02-05,600333.SH,sell,53,2.884714285714274,152.8898571428565,0.2140457999999991,152.67581134285652
2024-02-05,000826.SZ,sell,388,0.4406021505376342,170.95363440860206,0.23933508817204288,170.71429932043003
2024-02-05,603908.SH,sell,600,24.01947831184053,14411.686987104318,20.176361781946046,14391.510625322373
2024-02-05,000920.SZ,sell,174,7.355602678571422,1279.8748660714275,1.7918248124999985,1278.0830412589276
2024-02-05,002392.SZ,sell,1034,2.11220551378447,2184.020501253142,3.057628701754399,2180.9628725513876
2024-02-05,301171.SZ,sell,161,7.472570075757577,1203.0837821969699,1.684317295075758,1201.3994649018941
2024-02-05,688201.SH,sell,8466,2.822297789652661,23893.573087199427,33.4510023220792,23860.12208487735
2024-02-05,000766.SZ,sell,500,27.80414383561643,13902.071917808214,19.4629006849315,13882.609017123285
2024-02-05,002033.SZ,buy,22000,11.923476190476237,262316.4761904772,367.2430666666681,262683.7192571439
2024-02-05,301285.SZ,buy,19500,13.481741935483878,262893.96774193563,368.0515548387099,263262.01929677435
2024-02-05,920553.BJ,buy,59600,4.411796875000001,262943.09375000006,368.1203312500001,263311.2140812501
2024-02-05,920608.BJ,buy,38000,6.90742499999999,262482.1499999996,367.4750099999995,262849.6250099996
2024-02-05,920971.BJ,buy,6300,41.15052173913045,259248.28695652183,362.94760173913056,259611.23455826097
2024-02-05,002675.SZ,buy,25700,10.218876404494369,262625.12359550525,367.6751730337073,262992.798768539
2024-02-06,000545.SZ,sell,848,1.0984134615384604,931.4546153846144,1.30403646153846,930.150578923076
2024-02-06,000809.SZ,sell,520,1.623640167364013,844.2928870292868,1.1820100418410016,843.1108769874459
2024-02-06,300948.SZ,buy,100,1.0139479006834975,101.39479006834975,0.14195270609568963,101.53674277444544
2024-02-06,601588.SH,buy,100,0.8136861861861877,81.36861861861877,0.11391606606606627,81.48253468468484
2024-02-06,000826.SZ,buy,200,0.3932903225806449,78.65806451612897,0.11012129032258056,78.76818580645156
2024-02-07,920870.BJ,sell,464,47.51542735042744,22047.15829059833,30.866021606837663,22016.292268991492
2024-02-07,002566.SZ,sell,175,4.6419161676646565,812.335329341315,1.1372694610778409,811.1980598802371
2024-02-07,000958.SZ,buy,100,2.7311347517730376,273.11347517730377,0.38235886524822527,273.495834042552
2024-02-07,000966.SZ,buy,100,3.599524312896406,359.9524312896406,0.5039334038054968,360.4563646934461
2024-02-07,000802.SZ,buy,100,2.701507537688436,270.1507537688436,0.378211055276381,270.52896482411995
2024-02-07,603458.SH,buy,200,1.6827750260688223,336.55500521376445,0.4711770072992702,337.0261822210637
2024-02-07,000506.SZ,buy,100,2.3115529010238847,231.15529010238848,0.3236174061433439,231.47890750853185
2024-02-07,002471.SZ,buy,100,2.467895833333336,246.7895833333336,0.34550541666666706,247.1350887500003
2024-02-07,002661.SZ,buy,100,3.990312771503034,399.0312771503034,0.5586437880104248,399.58992093831387
2024-02-07,603360.SH,buy,200,1.9300285225328055,386.00570450656113,0.5404079863091856,386.54611249287035
2024-02-07,002021.SZ,buy,400,1.0013000000000023,400.5200000000009,0.5607280000000012,401.08072800000093
2024-02-07,688176.SH,buy,200,1.426640624999999,285.3281249999998,0.3994593749999997,285.72758437499976
2024-02-07,002233.SZ,buy,100,3.909388193901487,390.9388193901487,0.5473143471462082,391.48613373729495
2024-02-07,300182.SZ,buy,100,3.82684426229507,382.684426229507,0.5357581967213098,383.22018442622834
2024-02-07,600261.SH,buy,300,1.310526315789471,393.15789473684134,0.5504210526315779,393.7083157894729
2024-02-07,301062.SZ,buy,100,2.3967171052631624,239.67171052631625,0.3355403947368427,240.0072509210531
2024-02-07,603659.SH,buy,100,3.142485089463228,314.24850894632283,0.43994791252485194,314.6884568588477
2024-02-07,002716.SZ,buy,200,1.713327526132402,342.6655052264804,0.47973170731707254,343.1452369337975
2024-02-07,000592.SZ,buy,300,1.2703546712802765,381.1064013840829,0.5335489619377161,381.63995034602067
2024-02-07,002392.SZ,buy,200,1.986015037593994,397.2030075187988,0.5560842105263183,397.7590917293252
2024-02-07,002688.SZ,buy,300,1.4064992389649935,421.94977168949805,0.5907296803652973,422.54050136986336
2024-02-07,300562.SZ,buy,100,2.6415693904020725,264.15693904020725,0.36981971465629015,264.5267587548636
2024-02-07,600569.SH,buy,400,1.033066406250002,413.22656250000074,0.578517187500001,413.8050796875008
2024-02-07,600929.SH,buy,100,4.12375189107413,412.37518910741306,0.5773252647503783,412.9525143721635
2024-02-07,600279.SH,buy,100,2.736329321663004,273.6329321663004,0.3830861050328206,274.0160182713332
2024-02-07,301060.SZ,buy,100,3.8586070060208058,385.86070060208056,0.5402049808429128,386.4009055829235
2024-02-07,300819.SZ,buy,100,3.714967741935484,371.4967741935484,0.5200954838709677,372.0168696774194
2024-02-07,603093.SH,buy,100,3.161907894736832,316.1907894736832,0.44266710526315645,316.6334565789464
2024-02-07,002489.SZ,buy,200,1.4695081967213093,293.90163934426187,0.41146229508196663,294.31310163934387
2024-02-07,300946.SZ,buy,100,2.492711864406778,249.2711864406778,0.34897966101694894,249.62016610169476
2024-02-07,605336.SH,buy,100,2.9654088050314416,296.54088050314414,0.4151572327044018,296.95603773584855
2024-02-08,603038.SH,buy,100,4.605585464333783,460.55854643337824,0.6447819650067296,461.203328398385
2024-02-08,600678.SH,buy,200,1.7844266589057045,356.8853317811409,0.49963946449359725,357.3849712456345
2024-02-08,603616.SH,buy,400,1.1147604790419152,445.90419161676607,0.6242658682634725,446.52845748502955
2024-02-08,002425.SZ,buy,400,1.1073418803418789,442.9367521367515,0.6201114529914521,443.556863589743
2024-02-08,600333.SH,buy,200,2.3345476190476093,466.9095238095219,0.6536733333333307,467.56319714285524
2024-02-08,002795.SZ,buy,600,0.8326103714085459,499.5662228451275,0.6993927119831785,500.2656155571107
2024-02-08,002878.SZ,buy,100,3.406650827713068,340.6650827713068,0.4769311158798295,341.14201388718664
2024-02-08,000545.SZ,buy,500,0.936698717948717,468.3493589743585,0.6556891025641018,469.0050480769226
2024-02-08,600712.SH,buy,500,0.9785550458715596,489.2775229357798,0.6849885321100917,489.96251146788995
2024-02-08,600110.SH,buy,100,4.130392561983484,413.0392561983484,0.5782549586776878,413.6175111570261
2024-02-08,000809.SZ,buy,400,1.2975627615062733,519.0251046025093,0.7266351464435129,519.7517397489528
2024-02-08,601198.SH,buy,100,5.135730122324153,513.5730122324153,0.7190022171253814,514.2920144495407
2024-02-08,002494.SZ,buy,400,1.285086633663367,514.0346534653469,0.7196485148514856,514.7543019801984
2024-02-08,000605.SZ,buy,200,2.290964028776981,458.1928057553962,0.6414699280575547,458.83427568345377
2024-02-08,600808.SH,buy,200,2.4473786407766926,489.4757281553385,0.6852660194174739,490.160994174756
2024-02-19,601588.SH,buy,100,0.91572822822823,91.572822822823,0.1282019519519522,91.70102477477496
2024-02-19,000826.SZ,buy,300,0.4430967741935481,132.92903225806444,0.1861006451612902,133.11513290322574
2024-02-19,300947.SZ,buy,100,1.0938734177215192,109.38734177215193,0.1531422784810127,109.54048405063294
2024-02-19,000031.SZ,buy,100,1.1129385359116029,111.29385359116029,0.1558113950276244,111.44966498618791
2024-02-28,301487.SZ,sell,192,10.719062436237497,2058.0599877575996,2.8812839828606394,2055.178703774739
2024-02-28,000826.SZ,sell,345,0.5458602150537631,188.3217741935483,0.2636504838709676,188.05812370967735
2024-02-28,000605.SZ,sell,241,3.1420719424460484,757.2393381294977,1.0601350733812969,756.1792030561164
2024-02-28,603616.SH,sell,516,1.738634730538921,897.1355209580832,1.2559897293413165,895.8795312287419
2024-02-28,000592.SZ,buy,100,1.640173010380623,164.0173010380623,0.22962422145328723,164.2469252595156
2024-02-28,600261.SH,buy,100,1.755136842105259,175.51368421052592,0.24571915789473628,175.75940336842066
2024-02-28,002489.SZ,buy,100,1.7006557377049156,170.06557377049157,0.2380918032786882,170.30366557377027
2024-02-28,601996.SH,buy,100,1.7676136363636366,176.76136363636365,0.24746590909090913,177.00882954545457
2024-02-29,000826.SZ,buy,200,0.5497231182795695,109.94462365591392,0.15392247311827947,110.0985461290322
2024-03-18,000826.SZ,buy,100,0.8043225806451608,80.43225806451608,0.11260516129032251,80.54486322580641
2024-03-25,601588.SH,buy,100,1.0669669669669692,106.69669669669692,0.14937537537537568,106.8460720720723
2024-03-27,000826.SZ,sell,92,0.6551854838709673,60.277064516128995,0.0843878903225806,60.19267662580641
2024-03-28,000826.SZ,buy,100,0.6414784946236556,64.14784946236556,0.08980698924731177,64.23765645161288
2024-04-01,000826.SZ,buy,100,0.8028387096774188,80.28387096774188,0.11239741935483863,80.39626838709673
2024-04-15,002021.SZ,sell,498,1.4687900000000038,731.4574200000019,1.0240403880000026,730.4333796120019
2024-04-15,300614.SZ,sell,16717,3.329122562674096,55652.94188022287,77.91411863231201,55575.02776159056
2024-04-15,000592.SZ,sell,87,1.4064273356401384,122.35917820069204,0.17130284948096886,122.18787535121108
2024-04-15,000826.SZ,sell,89,0.569860215053763,50.71755913978491,0.07100458279569888,50.646554556989216
2024-04-15,920970.BJ,buy,100,6.524000000000013,652.4000000000013,0.9133600000000018,653.3133600000014
2024-04-15,600728.SH,buy,300,2.3099922520661265,692.997675619838,0.9701967458677732,693.9678723657058
2024-04-15,603360.SH,buy,100,5.504649172846567,550.4649172846567,0.7706508841985195,551.2355681688553
2024-04-15,300182.SZ,buy,100,6.569364754098336,656.9364754098336,0.919711065573767,657.8561864754074
2024-04-15,001914.SZ,buy,100,4.857285276073622,485.7285276073622,0.6800199386503071,486.4085475460125
2024-04-15,600569.SH,buy,500,1.2867968750000027,643.3984375000014,0.9007578125000019,644.2991953125014
2024-04-15,300548.SZ,buy,100,7.118273809523823,711.8273809523823,0.9965583333333352,712.8239392857157
2024-04-15,300946.SZ,buy,100,5.4035941031073405,540.359410310734,0.7565031744350276,541.115913485169
2024-04-15,920665.BJ,buy,100,6.036214740673333,603.6214740673332,0.8450700636942665,604.4665441310275
2024-04-15,000802.SZ,buy,200,3.1728643216080323,634.5728643216065,0.8884020100502491,635.4612663316568
2024-04-15,300192.SZ,buy,100,6.344343575418986,634.4343575418985,0.888208100558658,635.3225656424572
2024-04-15,688468.SH,buy,400,1.7441549719326337,697.6619887730535,0.9767267842822749,698.6387155573358
2024-04-15,300707.SZ,buy,100,6.557670454545452,655.7670454545452,0.9180738636363632,656.6851193181816
2024-04-15,002795.SZ,buy,400,1.59683076384022,638.732305536088,0.8942252277505232,639.6265307638386
2024-04-15,920553.BJ,buy,100,6.709531250000001,670.9531250000001,0.9393343750000002,671.8924593750002
2024-04-15,920608.BJ,buy,100,6.6807299999999845,668.0729999999985,0.9353021999999979,669.0083021999985
2024-04-15,002688.SZ,buy,300,2.079387366818876,623.8162100456627,0.8733426940639278,624.6895527397267
2024-04-15,605336.SH,buy,100,5.641266437964544,564.1266437964543,0.7897773013150361,564.9164210977694
2024-04-15,300221.SZ,buy,100,6.56686963979416,656.6869639794161,0.9193617495711826,657.6063257289873
2024-04-15,603309.SH,buy,100,7.372071964529341,737.2071964529341,1.0320900750341078,738.2392865279683
2024-04-15,002661.SZ,buy,100,4.556494352736742,455.64943527367416,0.6379092093831438,456.2873444830573
2024-04-15,002774.SZ,buy,100,6.63181818181817,663.181818181817,0.9284545454545438,664.1102727272715
2024-04-15,301062.SZ,buy,100,4.4871052631579,448.71052631578993,0.6281947368421059,449.3387210526321
2024-04-15,000002.SZ,buy,400,1.5602303439803449,624.092137592138,0.8737289926289932,624.965866584767
2024-04-15,002392.SZ,buy,200,2.976428571428585,595.2857142857171,0.8334000000000039,596.1191142857172
2024-04-15,600110.SH,buy,100,4.040795454545471,404.0795454545471,0.5657113636363659,404.6452568181835
2024-04-15,603093.SH,buy,200,3.717464788732383,743.4929577464766,1.0408901408450673,744.5338478873217
2024-04-15,600834.SH,buy,100,6.681793842034769,668.1793842034768,0.9354511378848676,669.1148353413618
2024-04-15,002483.SZ,buy,100,5.454959016393446,545.4959016393447,0.7636942622950825,546.2595959016397
2024-04-15,603659.SH,buy,100,4.895374809963758,489.5374809963758,0.6853524733949261,490.22283346977076
2024-04-15,300756.SZ,buy,100,5.112142351274775,511.2142351274775,0.7156999291784685,511.929935056656
2024-04-15,300377.SZ,buy,200,2.74225941422594,548.451882845188,0.7678326359832632,549.2197154811713
2024-04-15,000779.SZ,buy,100,6.505434782608697,650.5434782608697,0.9107608695652176,651.454239130435
2024-04-16,603360.SH,sell,100,4.775313034797506,477.5313034797506,0.6685438248716509,476.86275965487897
2024-04-16,600569.SH,sell,500,1.1621093750000022,581.0546875000011,0.8134765625000016,580.2412109375011
2024-04-16,002033.SZ,sell,28896,17.440515873015933,503961.1466666684,705.5456053333357,503255.6010613351
2024-04-16,920970.BJ,sell,100,5.813826666666679,581.3826666666679,0.813935733333335,580.5687309333346
2024-04-16,920553.BJ,sell,100,5.495250000000003,549.5250000000003,0.7693350000000004,548.7556650000004
2024-04-16,002392.SZ,sell,200,2.591447368421065,518.2894736842129,0.7256052631578981,517.5638684210551
2024-04-16,601015.SH,sell,260,3.663142414860677,952.4170278637761,1.3333838390092865,951.0836440247668
2024-04-16,603659.SH,sell,100,4.325646123260448,432.56461232604477,0.6055904572564627,431.95902186878834
2024-04-16,301062.SZ,sell,100,3.991907894736847,399.19078947368473,0.5588671052631586,398.6319223684216
2024-04-16,002471.SZ,sell,94,2.700864583333335,253.8812708333335,0.3554337791666669,253.52583705416686
2024-04-16,920608.BJ,sell,100,5.533919999999989,553.3919999999989,0.7747487999999985,552.6172511999989
2024-04-16,600110.SH,sell,100,3.5186466942148904,351.86466942148905,0.4926105371900847,351.372058884299
2024-04-16,600333.SH,sell,209,2.6610238095238,556.1539761904743,0.778615566666664,555.3753606238076
2024-04-16,002483.SZ,sell,100,4.767540983606562,476.7540983606562,0.6674557377049187,476.08664262295133
2024-04-16,300946.SZ,sell,100,4.234166666666663,423.41666666666634,0.5927833333333329,422.823883333333
2024-04-16,300562.SZ,sell,124,3.973297665369646,492.68891050583613,0.6897644747081706,491.99914603112796
2024-04-16,002170.SZ,buy,1300,9.799717261904792,12739.63244047623,17.835485416666724,12757.467925892899
2024-04-16,688502.SH,buy,200,37.89561953125004,7579.123906250008,10.610773468750011,7589.734679718758
2024-04-16,688205.SH,buy,400,21.738611930514587,8695.444772205834,12.173622681088167,8707.618394886922
2024-04-16,301015.SZ,buy,600,18.893095619658123,11335.857371794873,15.870200320512822,11351.727572115387
2024-04-16,688160.SH,buy,200,32.35481682734439,6470.963365468879,9.05934871165643,6480.022714180535
2024-04-16,603126.SH,buy,1400,8.6223484848485,12071.2878787879,16.899803030303058,12088.187681818205
2024-04-16,688602.SH,buy,2600,4.5702500000000095,11882.650000000025,16.635710000000035,11899.285710000026
2024-04-16,603298.SH,buy,100,76.84981688511925,7684.981688511925,10.758974363916696,7695.740662875843
2024-04-16,002749.SZ,buy,700,16.83217163577758,11782.520145044306,16.495528203062026,11799.015673247368
2024-04-16,688629.SH,buy,600,18.631207269580276,11178.724361748165,15.650214106447432,11194.374575854614
2024-04-16,000680.SZ,buy,600,19.343567567567536,11606.140540540522,16.24859675675673,11622.38913729728
2024-04-16,603130.SH,buy,1000,12.410211267605638,12410.211267605637,17.37429577464789,12427.585563380286
2024-04-16,301109.SZ,buy,1600,7.631908378637693,12211.053405820308,17.09547476814843,12228.148880588458
2024-04-16,600673.SH,buy,1600,7.753788944723617,12406.062311557787,17.3684872361809,12423.430798793968
2024-04-16,600872.SH,buy,700,17.92776103129807,12549.432721908648,17.569205810672106,12567.00192771932
2024-04-16,688233.SH,buy,3800,3.2145536172396123,12215.303745510526,17.101425243714736,12232.405170754242
2024-04-16,301285.SZ,buy,600,21.25564285714286,12753.385714285716,17.854740000000003,12771.240454285717
2024-04-16,601899.SH,buy,100,68.8518315789475,6885.1831578947495,9.639256421052648,6894.822414315802
2024-04-16,600138.SH,buy,1200,9.929240234374994,11915.088281249993,16.68112359374999,11931.769404843744
2024-04-16,603279.SH,buy,600,19.178971324533396,11507.382794720037,16.11033591260805,11523.493130632645
2024-04-16,300893.SZ,buy,600,19.036264598540143,11421.758759124086,15.99046226277372,11437.74922138686
2024-04-16,300447.SZ,buy,1200,10.552605210420843,12663.126252505012,17.728376753507018,12680.85462925852
2024-04-16,000920.SZ,buy,1300,9.553184523809517,12419.13988095237,17.38679583333332,12436.526676785705
2024-04-16,300735.SZ,buy,400,27.336524094135267,10934.609637654106,15.30845349271575,10949.918091146823
2024-04-16,300725.SZ,buy,900,13.195174027493367,11875.656624744031,16.625919274641642,11892.282544018673
2024-04-16,002222.SZ,buy,200,49.62790808240871,9925.581616481742,13.89581426307444,9939.477430744817
2024-04-16,688322.SH,buy,1000,12.712507552870104,12712.507552870104,17.797510574018144,12730.305063444122
2024-04-16,002675.SZ,buy,1200,10.161017478152296,12193.220973782754,17.070509363295855,12210.291483146051
2024-04-16,920870.BJ,buy,500,21.874102564102596,10937.051282051298,15.311871794871816,10952.36315384617
2024-04-16,603103.SH,buy,1200,10.238773441459696,12286.528129751634,17.201139381652286,12303.729269133288
2024-04-16,300218.SZ,buy,500,24.237736907730635,12118.868453865318,16.966415835411446,12135.83486970073
2024-04-16,300720.SZ,buy,1100,11.134073123797297,12247.480436177026,17.146472610647837,12264.626908787674
2024-04-16,301259.SZ,buy,700,16.96566844919789,11875.967914438523,16.62635508021393,11892.594269518737
2024-04-16,600313.SH,buy,900,13.780451612903294,12402.406451612964,17.36336903225815,12419.769820645222
2024-04-16,301391.SZ,buy,100,110.4713101415094,11047.13101415094,15.465983419811316,11062.596997570752
2024-04-16,603369.SH,buy,100,98.34899378881948,9834.899378881948,13.768859130434727,9848.668238012384
2024-04-16,300614.SZ,buy,5000,2.5142715877437336,12571.357938718667,17.599901114206133,12588.957839832874
2024-04-16,000937.SZ,buy,600,18.725726902173918,11235.43614130435,15.72961059782609,11251.165751902177
2024-04-16,603995.SH,buy,1200,10.317279411764728,12380.735294117674,17.333029411764745,12398.06832352944
2024-04-16,601339.SH,buy,1700,7.388681592039799,12560.758706467657,17.58506218905472,12578.343768656712
2024-04-16,688293.SH,buy,1600,7.428010059729656,11884.81609556745,16.63874253379443,11901.454838101245
2024-04-17,000995.SZ,buy,900,3.264822580645155,2938.3403225806396,4.113676451612895,2942.453999032253
2024-04-17,000506.SZ,buy,300,10.058139931740588,3017.441979522176,4.224418771331046,3021.6663982935074
2024-04-17,920970.BJ,buy,500,6.294383333333346,3147.191666666673,4.406068333333342,3151.5977350000067
2024-04-17,000816.SZ,buy,900,3.4688245033112506,3121.9420529801255,4.370718874172176,3126.312771854298
2024-04-17,600509.SH,buy,300,8.683096514745275,2604.9289544235826,3.646900536193016,2608.575854959776
2024-04-17,002707.SZ,buy,500,6.146066350710914,3073.033175355457,4.30224644549764,3077.335421800955
2024-04-17,603616.SH,buy,2400,1.2719999999999982,3052.7999999999956,4.273919999999994,3057.0739199999957
2024-04-17,002021.SZ,buy,2500,1.251390000000003,3128.4750000000076,4.37986500000001,3132.854865000008
2024-04-17,002033.SZ,buy,100,17.92250000000006,1792.250000000006,2.5091500000000084,1794.759150000006
2024-04-17,002246.SZ,buy,400,7.711993421052619,3084.797368421048,4.318716315789467,3089.1160847368374
2024-04-17,301062.SZ,buy,700,4.124396929824567,2887.077850877197,4.041908991228076,2891.1197598684253
2024-04-17,300721.SZ,buy,600,4.876190228690248,2925.714137214149,4.095999792099809,2929.810137006249
2024-04-17,603659.SH,buy,700,4.320003508361604,3024.002455853123,4.233603438194373,3028.236059291318
2024-04-17,000826.SZ,buy,6700,0.4723790322580642,3164.9395161290304,4.430915322580643,3169.3704314516112
2024-04-17,002716.SZ,buy,700,4.1920731707317,2934.4512195121897,4.108231707317065,2938.559451219507
2024-04-17,000545.SZ,buy,2300,1.3773317307692294,3167.8629807692278,4.435008173076919,3172.297988942305
2024-04-17,600712.SH,buy,2300,1.3526478083588174,3111.08995922528,4.355525942915392,3115.4454851681953
2024-04-17,002927.SZ,buy,400,7.052252076209105,2820.900830483642,3.949261162677099,2824.8500916463195
2024-04-17,920608.BJ,buy,500,5.836319999999986,2918.159999999993,4.08542399999999,2922.2454239999934
2024-04-17,688201.SH,buy,800,3.965410493077485,3172.328394461988,4.441259752246783,3176.769654214235
2024-04-17,000809.SZ,buy,3400,0.9273535564853536,3153.002092050202,4.414202928870282,3157.4162949790725
2024-04-17,600569.SH,buy,2600,1.1945312500000025,3105.7812500000064,4.348093750000009,3110.1293437500067
2024-04-17,605298.SH,buy,500,5.504698219713431,2752.3491098567156,3.8532887537994016,2756.202398610515
2024-04-17,002494.SZ,buy,1700,1.7834240924092415,3031.8209570957106,4.244549339933995,3036.0655064356447
2024-04-17,300946.SZ,buy,700,4.333652895480222,3033.5570268361557,4.246979837570618,3037.8040066737267
2024-04-18,603458.SH,buy,100,2.1690093847758094,216.90093847758095,0.30366131386861334,217.20459979144957
2024-04-18,002471.SZ,buy,100,2.9815000000000027,298.15000000000026,0.41741000000000034,298.5674100000003
2024-04-18,002524.SZ,buy,100,1.625869565217391,162.5869565217391,0.22762173913043474,162.81457826086955
2024-04-18,002042.SZ,buy,100,2.253648648648644,225.3648648648644,0.3155108108108101,225.6803756756752
2024-04-18,002425.SZ,buy,200,1.468756410256408,293.7512820512816,0.4112517948717942,294.1625338461534
2024-04-18,002554.SZ,buy,100,2.2687253289473706,226.87253289473705,0.3176215460526319,227.19015444078968
2024-04-18,600333.SH,buy,100,2.821342857142847,282.1342857142847,0.3949879999999986,282.5292737142847
2024-04-18,000592.SZ,buy,200,1.280553633217993,256.1107266435986,0.358555017301038,256.46928166089964
2024-04-18,002392.SZ,buy,100,2.90790100250628,290.790100250628,0.40710614035087916,291.19720639097886
2024-04-18,002688.SZ,buy,100,2.0111415525114174,201.11415525114174,0.2815598173515984,201.39571506849336
2024-04-18,300614.SZ,buy,100,2.849894150417829,284.9894150417829,0.398985181058496,285.38840022284137
2024-04-18,002489.SZ,buy,200,1.460772833723652,292.1545667447304,0.4090163934426226,292.56358313817304
2024-04-18,601996.SH,buy,100,1.6597727272727285,165.97727272727286,0.232368181818182,166.20964090909106
2024-04-18,000605.SZ,buy,100,2.98360791366907,298.360791366907,0.41770510791366977,298.77849647482066
2024-04-19,301391.SZ,sell,98,86.71803891509431,8498.367813679242,11.897714939150939,8486.470098740092
2024-04-19,600678.SH,buy,100,3.590698486612341,359.06984866123406,0.5026977881257276,359.57254644935983
2024-04-19,605100.SH,buy,100,3.0610844487495577,306.10844487495575,0.42855182282493803,306.5369966977807
2024-04-19,600110.SH,buy,100,3.538930785123982,353.8930785123982,0.49545030991735745,354.38852882231555
2024-04-19,300562.SZ,buy,100,4.423273346303498,442.3273346303498,0.6192582684824898,442.9465928988323
2024-04-19,600279.SH,buy,100,4.2339168490152925,423.39168490152923,0.592748358862141,423.9844332603914
2024-04-19,301060.SZ,buy,100,4.451982758620698,445.1982758620698,0.6232775862068978,445.82155344827675
2024-04-19,601015.SH,buy,100,3.7979411764705846,379.79411764705844,0.5317117647058818,380.32582941176435
2024-04-19,603093.SH,buy,100,3.744534840622672,374.4534840622672,0.524234877687174,374.9777189399544
2024-04-19,301088.SZ,buy,100,4.007389718652314,400.73897186523146,0.5610345606113241,401.3000064258428
2024-04-22,002795.SZ,sell,398,1.3045690259285174,519.21847231955,0.7269058612473699,518.4915664583026
2024-04-22,002716.SZ,sell,713,4.009756097560968,2858.9560975609697,4.002538536585358,2854.9535590243845
2024-04-22,002554.SZ,buy,200,2.480180921052635,496.036184210527,0.6944506578947378,496.73063486842176
2024-04-22,002878.SZ,buy,100,4.962795064377694,496.27950643776944,0.6947913090128772,496.9742977467823
2024-04-22,002535.SZ,buy,100,5.065600706713772,506.56007067137716,0.7091840989399281,507.2692547703171
2024-04-23,301015.SZ,sell,627,17.432605502136756,10930.243649839746,15.302341109775643,10914.94130872997
2024-04-23,300221.SZ,buy,100,6.4398713550600295,643.9871355060029,0.9015819897084041,644.8887174957114
2024-04-23,603038.SH,buy,100,7.023633916554512,702.3633916554512,0.9833087483176317,703.3467004037689
2024-04-23,601226.SH,buy,100,7.278829039812661,727.882903981266,1.0190360655737725,728.9019400468399
2024-04-23,300192.SZ,buy,100,7.185045391061442,718.5045391061442,1.0059063547486018,719.5104454608928
2024-04-23,002483.SZ,buy,100,6.775204918032792,677.5204918032791,0.9485286885245908,678.4690204918038
2024-04-23,603360.SH,buy,100,5.906217912150618,590.6217912150618,0.8268705077010865,591.4486617227628
2024-04-23,002774.SZ,buy,100,5.775487012987004,577.5487012987004,0.8085681818181806,578.3572694805187
2024-04-23,300707.SZ,buy,100,6.418107707509878,641.8107707509878,0.8985350790513829,642.7093058300392
2024-04-23,920553.BJ,buy,100,5.727820312500002,572.7820312500003,0.8018948437500004,573.5839260937503
2024-04-23,600053.SH,buy,100,7.056310332499099,705.6310332499099,0.9878834465498739,706.6189166964599
2024-04-23,002566.SZ,buy,100,7.031916167664648,703.1916167664648,0.9844682634730507,704.1760850299379
2024-04-24,300947.SZ,buy,500,1.286840046029921,643.4200230149605,0.9007880322209447,644.3208110471816
2024-04-24,603616.SH,buy,400,1.5412455089820345,616.4982035928138,0.8630974850299392,617.3613010778437
2024-04-24,000809.SZ,buy,500,1.187866108786608,593.933054393304,0.8315062761506257,594.7645606694547
2024-04-25,600678.SH,buy,100,3.6555151338766017,365.5515133876602,0.5117721187427242,366.0632855064029
2024-04-25,002042.SZ,buy,200,2.475243243243238,495.0486486486476,0.6930681081081066,495.74171675675575
2024-04-25,002716.SZ,buy,100,3.9365592334494695,393.6559233449469,0.5511182926829257,394.20704163762986
2024-04-25,002795.SZ,buy,400,1.1388121934127506,455.5248773651003,0.6377348283111404,456.16261219341146
2024-04-25,002494.SZ,buy,200,2.180297029702971,436.0594059405942,0.6104831683168319,436.6698891089111
2024-04-26,920970.BJ,sell,515,6.146360000000014,3165.375400000007,4.43152556000001,3160.943874440007
2024-04-26,600728.SH,sell,295,2.0011002066115795,590.324560950416,0.8264543853305824,589.4981065650854
2024-04-26,002524.SZ,sell,104,1.5965973534971645,166.0461247637051,0.23246457466918716,165.81366018903594
2024-04-26,000545.SZ,buy,400,1.6533653846153826,661.346153846153,0.9258846153846142,662.2720384615377
2024-04-29,920553.BJ,sell,100,5.205046875000002,520.5046875000002,0.7287065625000002,519.7759809375002
2024-04-29,600728.SH,buy,200,2.1478409090909185,429.5681818181837,0.6013954545454572,430.16957727272916
2024-04-29,002524.SZ,buy,300,1.6581285444234402,497.43856332703206,0.6964139886578449,498.1349773156899
2024-04-29,002716.SZ,buy,100,4.135121951219504,413.5121951219504,0.5789170731707306,414.0911121951212
2024-04-29,002392.SZ,buy,100,3.414868421052648,341.4868421052648,0.47808157894737074,341.96492368421224
2024-04-30,002233.SZ,sell,84,3.8049179046129824,319.61310398749055,0.44745834558248676,319.1656456419081
2024-04-30,601588.SH,buy,400,0.9648348348348368,385.9339339339347,0.5403075075075086,386.47424144144225
2024-04-30,300947.SZ,buy,200,2.0895483314154237,417.90966628308473,0.5850735327963186,418.4947398158811
2024-04-30,002042.SZ,buy,100,3.105334459459452,310.5334459459452,0.43474682432432327,310.9681927702695
2024-04-30,002425.SZ,buy,200,1.8013888888888865,360.2777777777773,0.5043888888888882,360.7821666666662
2024-04-30,000826.SZ,buy,800,0.5192150537634406,415.37204301075246,0.5815208602150534,415.95356387096757
2024-04-30,002795.SZ,buy,300,1.2133356692361563,364.0007007708469,0.5096009810791856,364.5103017519261
2024-04-30,000002.SZ,buy,200,1.721072635135136,344.2145270270272,0.4819003378378381,344.6964273648651
2024-04-30,002688.SZ,buy,100,2.7132724505327284,271.32724505327286,0.379858143074582,271.7071031963475
2024-04-30,000809.SZ,buy,300,1.166234309623428,349.8702928870284,0.4898184100418398,350.3601112970703
2024-04-30,000031.SZ,buy,400,0.9726795580110512,389.07182320442047,0.5447005524861886,389.6165237569067
2024-05-06,002425.SZ,sell,200,1.4850341880341855,297.0068376068371,0.41580957264957197,296.59102803418756
2024-05-06,603458.SH,sell,96,1.956715328467154,187.84467153284677,0.2629825401459855,187.5816889927008
2024-05-06,002233.SZ,buy,100,3.866770914777173,386.6770914777173,0.5413479280688042,387.2184394057861
2024-05-06,600110.SH,buy,100,3.916208677685968,391.6208677685968,0.5482692148760355,392.16913698347287
2024-05-07,603458.SH,buy,100,2.040672575599584,204.0672575599584,0.28569416058394176,204.35295172054234
2024-05-07,002425.SZ,buy,200,1.4799999999999975,295.9999999999995,0.41439999999999927,296.4143999999995
2024-05-07,000605.SZ,buy,100,3.875683453237416,387.5683453237416,0.5425956834532383,388.11094100719487
2024-05-08,002795.SZ,buy,200,1.637575332866148,327.5150665732296,0.45852109320252143,327.97358766643214
2024-05-08,000545.SZ,buy,100,1.9991987179487165,199.91987179487165,0.2798878205128203,200.1997596153845
2024-05-09,000592.SZ,buy,200,1.4916176470588227,298.3235294117645,0.41765294117647034,298.741182352941
2024-05-10,301060.SZ,sell,120,6.49042145593871,778.8505747126452,1.0903908045977033,777.7601839080476
2024-05-10,002688.SZ,buy,100,3.3335616438356213,333.35616438356215,0.466698630136987,333.82286301369913
2024-05-10,000809.SZ,buy,100,1.87606694560669,187.606694560669,0.26264937238493663,187.86934393305395
2024-05-13,002795.SZ,sell,188,1.273891030133143,239.49151366503088,0.3352881191310432,239.15622554589984
2024-05-14,002795.SZ,buy,200,1.33287666433076,266.575332866152,0.3732054660126128,266.9485383321646
2024-05-16,002425.SZ,buy,100,1.808324786324783,180.8324786324783,0.25316547008546963,181.0856441025638
2024-05-20,603458.SH,sell,97,1.8361313868613145,178.10474452554752,0.24934664233576653,177.85539788321177
2024-05-20,603298.SH,sell,91,72.22336931380083,6572.326607555876,9.201257250578227,6563.125350305298
2024-05-20,002535.SZ,sell,92,4.266802120141335,392.54579505300285,0.5495641130742039,391.99623093992864
2024-05-20,601588.SH,buy,300,1.0826351351351378,324.7905405405413,0.4547067567567578,325.2452472972981
2024-05-20,000506.SZ,buy,100,2.6092150170648387,260.92150170648387,0.3652901023890774,261.286791808873
2024-05-20,300947.SZ,buy,100,2.8223984464902223,282.23984464902225,0.39513578250863113,282.6349804315309
2024-05-20,000816.SZ,buy,100,3.806589403973503,380.6589403973503,0.5329225165562904,381.1918629139066
2024-05-20,603659.SH,buy,100,3.499521985732672,349.9521985732672,0.4899330780025741,350.4421316512698
2024-05-20,000002.SZ,buy,100,2.567777948402949,256.7777948402949,0.35948891277641287,257.13728375307136
2024-05-20,000031.SZ,buy,300,1.1865366022099464,355.9609806629839,0.49834537292817743,356.4593260359121
2024-05-21,000506.SZ,sell,100,2.3249488054607435,232.49488054607434,0.3254928327645041,232.16938771330985
2024-05-21,603458.SH,buy,200,1.6908759124087596,338.1751824817519,0.47344525547445265,338.6486277372264
2024-05-22,002425.SZ,buy,100,2.114957264957261,211.4957264957261,0.29609401709401656,211.79182051282012
2024-05-24,000002.SZ,sell,103,2.5249861793611807,260.0735764742016,0.36410300706388227,259.70947346713774
2024-05-24,600678.SH,buy,100,3.8301979045401646,383.01979045401646,0.536227706635623,383.5560181606521
2024-05-24,002795.SZ,buy,200,1.4188857743517829,283.7771548703566,0.39728801681849923,284.1744428871751
2024-05-27,002042.SZ,buy,100,2.587621621621615,258.76216216216153,0.3622670270270261,259.12442918918856
2024-05-27,000002.SZ,buy,100,2.4013835995086,240.13835995086,0.336193703931204,240.47455365479124
2024-05-28,002425.SZ,sell,102,2.034547008547005,207.52379487179454,0.29053331282051237,207.23326155897402
2024-05-28,000958.SZ,buy,100,3.112624113475162,311.2624113475162,0.4357673758865227,311.69817872340275
2024-05-29,002425.SZ,buy,100,2.065499999999997,206.5499999999997,0.2891699999999996,206.8391699999997
2024-05-30,002425.SZ,sell,100,1.9067863247863217,190.67863247863218,0.26695008547008503,190.4116823931621
2024-05-30,603458.SH,sell,195,1.4187043795620442,276.64735401459865,0.3873062956204381,276.2600477189782
2024-05-30,300947.SZ,buy,100,3.4607123130034574,346.07123130034574,0.48449972382048406,346.5557310241663
2024-05-30,002535.SZ,buy,100,3.703657243816248,370.3657243816248,0.5185120141342747,370.88423639575905
2024-05-31,688205.SH,sell,414,16.8430428548017,6973.019741887903,9.762227638643065,6963.257514249261
2024-05-31,603458.SH,buy,300,1.349457768508864,404.8373305526592,0.5667722627737228,405.4041028154329
2024-05-31,002425.SZ,buy,200,1.8756581196581164,375.13162393162327,0.5251842735042725,375.65680820512756
2024-05-31,920553.BJ,buy,100,4.123437500000003,412.34375000000034,0.5772812500000005,412.9210312500004
2024-06-03,002425.SZ,sell,200,1.5984999999999974,319.6999999999995,0.44757999999999926,319.2524199999995
2024-06-03,002688.SZ,sell,91,2.7234741248097443,247.83614535768672,0.3469706035007614,247.48917475418597
2024-06-03,600110.SH,sell,84,2.948569214876044,247.6798140495877,0.34675173966942274,247.3330623099183
2024-06-03,002483.SZ,sell,83,5.264110070257615,436.92113583138206,0.6116895901639349,436.30944624121815
2024-06-03,603360.SH,buy,100,3.864705504848844,386.47055048488437,0.5410587706788381,387.01160925556326
2024-06-04,300182.SZ,sell,77,3.8747950819672,298.3592213114744,0.4177029098360642,297.94151840163835
2024-06-04,002425.SZ,buy,300,1.4500170940170918,435.00512820512756,0.6090071794871785,435.61413538461477
2024-06-04,002021.SZ,buy,200,1.8595400000000049,371.908000000001,0.5206712000000013,372.428671200001
2024-06-04,000826.SZ,buy,1200,0.3358655913978494,403.03870967741926,0.564254193548387,403.6029638709677
2024-06-04,600110.SH,buy,100,2.6687603305785226,266.8760330578523,0.3736264462809932,267.2496595041333
2024-06-04,002688.SZ,buy,100,2.507374429223747,250.73744292237473,0.3510324200913246,251.08847534246607
2024-06-05,601339.SH,sell,1724,6.65848880597015,11479.23470149254,16.070928582089557,11463.163772910451
2024-06-05,920970.BJ,buy,100,5.80800000000001,580.800000000001,0.8131200000000014,581.613120000001
2024-06-05,002471.SZ,buy,200,2.2087500000000007,441.7500000000001,0.6184500000000002,442.36845000000017
2024-06-05,002483.SZ,buy,100,4.840064402810308,484.0064402810308,0.6776090163934431,484.6840492974243
2024-06-05,002661.SZ,buy,100,5.699834926151155,569.9834926151154,0.7979768896611616,570.7814695047766
2024-06-05,002774.SZ,buy,100,5.197019480519471,519.7019480519472,0.727582727272726,520.4295307792199
2024-06-05,300182.SZ,buy,100,3.950409836065559,395.0409836065559,0.5530573770491783,395.5940409836051
2024-06-05,002716.SZ,buy,100,4.493754355400687,449.3754355400687,0.6291256097560961,450.0045611498248
2024-06-05,002878.SZ,buy,100,5.028389025137964,502.8389025137964,0.703974463519315,503.54287697731576
2024-06-05,601198.SH,buy,100,5.330435779816508,533.0435779816507,0.746261009174311,533.789838990825
2024-06-05,605298.SH,buy,100,5.334148936170228,533.4148936170228,0.746780851063832,534.1616744680866
2024-06-05,301060.SZ,buy,100,4.797733990147794,479.7733990147794,0.6716827586206912,480.4450817734001
2024-06-05,000779.SZ,buy,100,5.432937198067635,543.2937198067635,0.7606112077294689,544.0543310144931
2024-06-06,000995.SZ,sell,787,2.3035951612903176,1812.92939193548,2.538101148709672,1810.3912907867705
2024-06-06,002021.SZ,sell,194,1.609490000000004,312.2410600000008,0.43713748400000113,311.8039225160008
2024-06-06,603458.SH,sell,284,1.0551564129301358,299.66442127215856,0.41953018978102197,299.24489108237753
2024-06-06,603038.SH,sell,84,3.387836473755048,284.57826379542405,0.39840956931359367,284.1798542261105
2024-06-06,000592.SZ,sell,167,0.9627508650519028,160.77939446366776,0.22509115224913487,160.55430331141864
2024-06-06,920553.BJ,sell,93,3.4222500000000027,318.2692500000002,0.4455769500000003,317.82367305000025
2024-06-06,002494.SZ,sell,173,1.5376856435643569,266.01961633663376,0.37242746287128725,265.6471888737625
2024-06-06,000816.SZ,sell,82,2.5314735099337704,207.58082781456918,0.29061315894039685,207.2902146556288
2024-06-06,002471.SZ,sell,200,1.8535416666666675,370.7083333333335,0.5189916666666669,370.18934166666685
2024-06-06,301062.SZ,sell,738,4.334366228070178,3198.7622763157915,4.478267186842108,3194.2840091289495
2024-06-06,002535.SZ,sell,93,2.988851590106002,277.9631978798582,0.3891484770318015,277.57404940282646
2024-06-06,000605.SZ,sell,81,2.750143884892091,222.76165467625938,0.3118663165467631,222.44978835971264
2024-06-06,002524.SZ,sell,235,0.9847471644612472,231.4155836483931,0.3239818171077503,231.09160183128535
2024-06-06,000826.SZ,sell,1153,0.2781263440860214,320.6796747311827,0.4489515446236557,320.23072318655903
2024-06-06,603616.SH,sell,319,0.9463652694610764,301.89052095808336,0.4226467293413167,301.46787422874206
2024-06-06,601226.SH,buy,100,6.402213114754111,640.2213114754111,0.8963098360655755,641.1176213114767
2024-06-06,603126.SH,buy,100,6.693388888888902,669.3388888888902,0.9370744444444463,670.2759633333347
2024-06-06,002580.SZ,buy,100,7.377935185185204,737.7935185185204,1.0329109259259286,738.8264294444464
2024-06-06,000411.SZ,buy,100,7.842921440261863,784.2921440261863,1.0980090016366608,785.390153027823
2024-06-06,603659.SH,buy,200,3.4319085487077614,686.3817097415523,0.9609343936381732,687.3426441351905
2024-06-06,600138.SH,buy,100,7.865173828124995,786.5173828124995,1.1011243359374994,787.6185071484371
2024-06-06,001914.SZ,buy,100,6.340254345603275,634.0254345603274,0.8876356083844584,634.9130701687119
2024-06-06,600053.SH,buy,100,6.277180908115838,627.7180908115838,0.8788053271362173,628.59689613872
2024-06-06,688201.SH,buy,200,3.6548433325236833,730.9686665047367,1.0233561331066314,731.9920226378433
2024-06-06,000011.SZ,buy,100,6.635149842271274,663.5149842271275,0.9289209779179785,664.4439052050454
2024-06-06,300819.SZ,buy,100,7.234252304147466,723.4252304147466,1.0127953225806452,724.4380257373273
2024-06-06,601339.SH,buy,100,6.457412935323384,645.7412935323384,0.9040378109452738,646.6453313432837
2024-06-07,000816.SZ,buy,200,2.286307947019864,457.26158940397283,0.640166225165562,457.90175562913845
2024-06-07,002471.SZ,buy,300,1.8903750000000008,567.1125000000003,0.7939575000000004,567.9064575000003
2024-06-07,603616.SH,buy,600,1.0071377245508968,604.2826347305381,0.8459956886227533,605.1286304191609
2024-06-07,301062.SZ,buy,100,4.291910087719302,429.19100877193017,0.6008674122807023,429.7918761842109
2024-06-07,000826.SZ,buy,2200,0.2865322580645161,630.3709677419354,0.8825193548387095,631.2534870967742
2024-06-07,000592.SZ,buy,700,0.8637716262975775,604.6401384083043,0.846496193771626,605.486634602076
2024-06-07,920553.BJ,buy,100,3.4545000000000026,345.4500000000003,0.4836300000000004,345.9336300000003
2024-06-07,301112.SZ,buy,100,5.725764125255289,572.5764125255289,0.8016069775357404,573.3780195030647
2024-06-07,002535.SZ,buy,200,3.0750530035335646,615.0106007067129,0.8610148409893981,615.8716155477024
2024-06-11,002716.SZ,sell,104,4.2713414634146245,444.21951219512096,0.6219073170731694,443.59760487804783
2024-06-11,000995.SZ,buy,200,2.4220064516128974,484.4012903225795,0.6781618064516113,485.07945212903115
2024-06-11,603038.SH,buy,100,3.880280955585466,388.02809555854657,0.5432393337819652,388.57133489232854
2024-06-11,603458.SH,buy,400,1.1086287799791454,443.45151199165815,0.6208321167883214,444.0723441084465
2024-06-11,600678.SH,buy,100,3.0486670547147843,304.86670547147844,0.4268133876600698,305.29351885913854
2024-06-11,002524.SZ,buy,500,1.0386767485822304,519.3383742911152,0.7270737240075613,520.0654480151228
2024-06-11,002021.SZ,buy,300,1.662570000000004,498.7710000000012,0.6982794000000017,499.46927940000126
2024-06-11,002554.SZ,buy,300,1.732565789473687,519.7697368421061,0.7276776315789486,520.4974144736851
2024-06-11,000545.SZ,buy,400,1.1676923076923065,467.0769230769226,0.6539076923076916,467.7308307692303
2024-06-11,600712.SH,buy,400,1.2246890927624865,489.8756371049946,0.6858258919469924,490.56146299694166
2024-06-11,002494.SZ,buy,300,1.6805198019801983,504.15594059405953,0.7058183168316834,504.86175891089124
2024-06-11,000605.SZ,buy,100,3.079352517985616,307.9352517985616,0.4311093525179862,308.3663611510796
2024-06-12,920970.BJ,sell,97,4.955426666666677,480.6763866666676,0.6729469413333347,480.0034397253343
2024-06-12,000937.SZ,sell,559,15.315421195652174,8561.320448369564,11.98584862771739,8549.334599741847
2024-06-12,002716.SZ,buy,100,4.344729965156785,434.47299651567846,0.6082621951219498,435.08125871080045
2024-06-13,605298.SH,sell,103,3.3233684324793824,342.3069485453764,0.4792297279635269,341.82771881741286
2024-06-13,600177.SH,sell,1426,7.3181093314762995,10435.623906685203,14.609873469359284,10421.014033215844
2024-06-13,603038.SH,buy,200,4.197055854643339,839.4111709286678,1.175175639300135,840.586346567968
2024-06-13,920970.BJ,buy,100,4.811906666666676,481.1906666666676,0.6736669333333346,481.864333600001
2024-06-13,301300.SZ,buy,100,8.296894280762569,829.6894280762568,1.1615651993067595,830.8509932755636
2024-06-13,603360.SH,buy,200,4.0951953793497005,819.0390758699401,1.1466547062179162,820.1857305761581
2024-06-13,301109.SZ,buy,100,8.419928046050547,841.9928046050547,1.1787899264470767,843.1715945315019
2024-06-13,002927.SZ,buy,100,7.473499022960453,747.3499022960453,1.0462898632144635,748.3961921592598
2024-06-13,002494.SZ,buy,400,1.7996699669966998,719.8679867986799,1.007815181518152,720.8758019801982
2024-06-14,600177.SH,buy,100,7.434641364902484,743.4641364902484,1.0408497910863477,744.5049862813348
2024-06-14,605298.SH,buy,200,3.2771385149804684,655.4277029960937,0.9175987841945311,656.3453017802882
2024-06-17,000506.SZ,buy,2200,0.3691467576791797,812.1228668941953,1.1369720136518735,813.2598389078473
2024-06-19,002482.SZ,buy,1000,0.777102649006622,777.102649006622,1.0879437086092707,778.1905927152313
2024-06-20,000592.SZ,sell,671,0.7072664359861588,474.57577854671257,0.6644060899653976,473.9113724567472
2024-06-20,603458.SH,buy,500,1.358540145985402,679.270072992701,0.9509781021897814,680.2210510948909
2024-06-20,300562.SZ,buy,100,6.007133592736702,600.7133592736702,0.8409987029831383,601.5543579766534
2024-06-21,600015.SH,sell,22084,5.018405844155845,110826.47466233769,155.15706452727275,110671.31759781041
2024-06-21,000816.SZ,sell,176,1.7973178807946983,316.3279470198669,0.4428591258278136,315.8850878940391
2024-06-21,002170.SZ,buy,200,11.293303571428604,2258.6607142857206,3.162125000000009,2261.822839285721
2024-06-21,301015.SZ,buy,200,11.984958600427351,2396.99172008547,3.355788408119658,2400.34750849359
2024-06-21,000506.SZ,buy,5700,0.5310921501706466,3027.2252559726858,4.23811535836176,3031.4633713310477
2024-06-21,688602.SH,buy,400,6.272743750000009,2509.0975000000035,3.512736500000005,2512.610236500004
2024-06-21,603309.SH,buy,300,8.719587312414749,2615.876193724425,3.662226671214195,2619.538420395639
2024-06-21,002749.SZ,buy,100,20.6317385173247,2063.1738517324698,2.8884433924254576,2066.062295124895
2024-06-21,000680.SZ,buy,100,21.064925675675656,2106.492567567566,2.949089594594592,2109.4416571621605
2024-06-21,603130.SH,buy,200,11.608727992957752,2321.7455985915503,3.2504438380281706,2324.9960424295787
2024-06-21,603860.SH,buy,100,27.82794384057977,2782.794384057977,3.895912137681168,2786.6902961956584
2024-06-21,600872.SH,buy,100,15.77674833247817,1577.674833247817,2.208744766546944,1579.883578014364
2024-06-21,688233.SH,buy,400,6.093812532067736,2437.5250128270945,3.412535017957932,2440.9375478450524
2024-06-21,301285.SZ,buy,100,29.03271428571429,2903.271428571429,4.064580000000001,2907.3360085714294
2024-06-21,300717.SZ,buy,100,15.3834188292094,1538.34188292094,2.153678636089316,1540.4955615570293
2024-06-21,002246.SZ,buy,200,10.857167763157875,2171.433552631575,3.040006973684205,2174.473559605259
2024-06-21,300721.SZ,buy,300,9.71940748440752,2915.822245322256,4.082151143451158,2919.9043964657076
2024-06-21,000045.SZ,buy,300,8.853740157480333,2656.1220472441,3.71857086614174,2659.840618110242
2024-06-21,002240.SZ,buy,100,23.53099121706413,2353.099121706413,3.294338770388978,2356.393460476802
2024-06-21,603908.SH,buy,100,16.71793962485342,1671.7939624853423,2.3405115474794793,1674.1344740328218
2024-06-21,000592.SZ,buy,4700,0.6435294117647056,3024.588235294116,4.234423529411763,3028.822658823528
2024-06-21,603279.SH,buy,100,23.27633705052335,2327.633705052335,3.2586871870732685,2330.8923922394083
2024-06-21,300447.SZ,buy,200,15.07531312625251,3015.062625250502,4.221087675350703,3019.2837129258533
2024-06-21,001216.SZ,buy,200,12.100222386953266,2420.0444773906534,3.3880622683469146,2423.432539659
2024-06-21,301487.SZ,buy,400,7.611980463170775,3044.79218526831,4.262709059375633,3049.054894327686
2024-06-21,301171.SZ,buy,300,8.038306818181823,2411.4920454545468,3.3760888636363653,2414.8681343181834
2024-06-21,603070.SH,buy,300,9.713624631268468,2914.0873893805406,4.0797223451327564,2918.1671117256737
2024-06-21,002907.SZ,buy,300,9.756552600119583,2926.965780035875,4.097752092050225,2931.0635321279256
2024-06-21,605028.SH,buy,300,9.998445151811929,2999.5335455435784,4.19934696376101,3003.73289250734
2024-06-21,920870.BJ,buy,100,15.812649572649583,1581.2649572649584,2.213770940170942,1583.4787282051295
2024-06-21,300720.SZ,buy,200,13.53494547787042,2706.989095574084,3.7897847338037174,2710.778880307888
2024-06-21,600602.SH,buy,200,14.838920927467369,2967.7841854934736,4.1548978596908634,2971.9390833531647
2024-06-21,301060.SZ,buy,700,4.099945265462517,2869.961685823762,4.017946360153267,2873.9796321839153
2024-06-21,301391.SZ,buy,100,25.367991155660366,2536.7991155660366,3.551518761792451,2540.350634327829
2024-06-21,000937.SZ,buy,200,13.38186141304348,2676.372282608696,3.7469211956521744,2680.119203804348
2024-06-24,002021.SZ,sell,257,1.1070000000000024,284.49900000000065,0.3982986000000009,284.1007014000007
2024-06-24,301109.SZ,sell,98,6.799240486088922,666.3255676367144,0.9328557946914001,665.392711842023
2024-06-24,600569.SH,sell,2229,0.8084570312500022,1802.050722656255,2.522871011718757,1799.5278516445362
2024-06-24,002482.SZ,sell,961,0.6454083885209708,620.2374613686529,0.8683324459161141,619.3691289227369
2024-06-24,601588.SH,sell,225,0.5665540540540555,127.47466216216247,0.17846452702702748,127.29619763513546
2024-06-24,301060.SZ,sell,700,3.658444170771766,2560.910919540236,3.5852752873563305,2557.32564425288
2024-06-24,603458.SH,sell,522,1.301965589155371,679.6260375391037,0.9514764525547451,678.6745610865489
2024-06-24,000545.SZ,sell,363,0.8950721153846146,324.9111778846151,0.4548756490384611,324.45630223557663
2024-06-24,301391.SZ,sell,100,22.33406367924528,2233.406367924528,3.1267689150943387,2230.2795990094337
2024-06-24,920553.BJ,sell,104,3.5539687500000032,369.61275000000035,0.5174578500000004,369.0952921500004
2024-06-24,002716.SZ,sell,90,3.5594947735191544,320.3545296167239,0.44849634146341344,319.9060332752605
2024-06-24,000592.SZ,sell,4700,0.579160899653979,2722.0562283737013,3.8108787197231817,2718.2453496539783
2024-06-24,688584.SH,buy,200,14.814234573716432,2962.846914743286,4.1479856806406,2966.994900423927
2024-06-24,603220.SH,buy,100,31.151061674008854,3115.1061674008856,4.36114863436124,3119.467316035247
2024-06-24,301299.SZ,buy,100,34.30556582460476,3430.5565824604764,4.802779215444667,3435.3593616759213
2024-06-24,688205.SH,buy,200,14.60285152409045,2920.57030481809,4.088798426745326,2924.6591032448355
2024-06-24,600015.SH,buy,800,5.038613636363637,4030.8909090909096,5.643247272727273,4036.534156363637
2024-06-24,603661.SH,buy,100,41.934868567609726,4193.486856760973,5.870881599465362,4199.357738360439
2024-06-24,300803.SZ,buy,100,39.94039603960405,3994.039603960405,5.591655445544567,3999.63125940595
2024-06-24,000816.SZ,buy,2700,1.629552980132447,4399.793046357607,6.159710264900649,4405.952756622508
2024-06-24,603298.SH,buy,100,30.13508095605234,3013.5080956052343,4.218911333847328,3017.727006939082
2024-06-24,920971.BJ,buy,100,38.95,3895.0000000000005,5.453,3900.453000000001
2024-06-25,000506.SZ,sell,5428,0.4435494880546059,2407.586621160401,3.3706212696245617,2404.215999890777
2024-06-25,601588.SH,buy,4000,0.5584909909909925,2233.96396396397,3.127549549549558,2237.0915135135197
2024-06-25,603458.SH,buy,1700,1.2665393639207514,2153.1169186652774,3.014363686131388,2156.131282351409
2024-06-25,603616.SH,buy,1900,1.1508862275449083,2186.683832335326,3.061357365269456,2189.7451897005953
2024-06-25,002021.SZ,buy,2000,1.1306100000000026,2261.2200000000053,3.1657080000000075,2264.3857080000053
2024-06-25,301109.SZ,buy,300,6.979869683402641,2093.9609050207923,2.9315452670291093,2096.8924502878217
2024-06-25,002716.SZ,buy,600,3.531785714285705,2119.071428571423,2.9666999999999923,2122.038128571423
2024-06-25,000592.SZ,buy,3800,0.5915397923875431,2247.851211072664,3.1469916955017294,2250.998202768166
2024-06-25,000545.SZ,buy,2500,0.8912019230769224,2228.004807692306,3.119206730769228,2231.124014423075
2024-06-25,600569.SH,buy,2900,0.7587988281250021,2200.516601562506,3.080723242187508,2203.5973248046935
2024-06-25,002482.SZ,buy,3600,0.622102649006622,2239.5695364238395,3.1353973509933755,2242.704933774833
2024-06-25,301060.SZ,buy,600,3.557950191570889,2134.7701149425334,2.9886781609195467,2137.758793103453
2024-06-25,301391.SZ,buy,100,21.481795400943387,2148.179540094339,3.007451356132074,2151.186991450471
2024-06-26,600755.SH,sell,934,6.937773279352228,6479.880242914981,9.071832340080974,6470.8084105749
2024-06-26,920870.BJ,buy,100,25.227920227920244,2522.7920227920245,3.5319088319088343,2526.3239316239333
2024-06-26,000411.SZ,buy,300,7.861112929623561,2358.3338788870683,3.3016674304418956,2361.6355463175105
2024-06-26,300946.SZ,buy,400,5.179502295197732,2071.8009180790928,2.9005212853107296,2074.7014393644035
2024-06-27,002425.SZ,buy,800,1.1257051282051265,900.5641025641012,1.2607897435897417,901.824892307691
2024-06-27,600755.SH,buy,100,6.819736842105264,681.9736842105265,0.9547631578947371,682.9284473684213
2024-06-27,002878.SZ,buy,100,5.054098712446361,505.4098712446361,0.7075738197424906,506.11744506437867
2024-06-27,000506.SZ,buy,2400,0.3843856655290089,922.5255972696214,1.2915358361774698,923.8171331057989
2024-06-27,301171.SZ,buy,100,8.400437500000006,840.0437500000006,1.176061250000001,841.2198112500007
2024-06-27,603659.SH,buy,300,2.447257045959544,734.1771137878633,1.0278479593030085,735.2049617471663
2024-06-27,600678.SH,buy,200,3.2615570430733407,652.3114086146682,0.9132359720605354,653.2246445867287
2024-06-28,920870.BJ,sell,95,19.831168091168102,1883.9609686609697,2.6375453561253575,1881.3234233048445
2024-06-28,301112.SZ,buy,100,8.304472004765168,830.4472004765169,1.1626260806671236,831.6098265571841
2024-06-28,603458.SH,buy,500,1.6511079249217944,825.5539624608972,1.155775547445256,826.7097380083425
2024-06-28,920553.BJ,buy,200,3.957679687500004,791.5359375000008,1.1081503125000012,792.6440878125009
2024-06-28,600053.SH,buy,100,6.961034143725419,696.1034143725419,0.9745447801215587,697.0779591526635
2024-07-02,000680.SZ,sell,101,21.464229729729716,2167.8872027027014,3.035042083783782,2164.852160618918
2024-07-02,300947.SZ,buy,200,3.2409626006904526,648.1925201380906,0.9074695281933268,649.0999896662839
2024-07-02,000592.SZ,buy,1100,0.7186332179930796,790.4965397923875,1.1066951557093425,791.6032349480969
2024-07-04,603458.SH,sell,494,1.4416579770594375,712.1790406673622,0.9970506569343071,711.181990010428
2024-07-04,000826.SZ,sell,2046,0.2291612903225806,468.86399999999986,0.6564095999999998,468.2075903999999
2024-07-04,600712.SH,buy,500,1.364852191641182,682.426095820591,0.9553965341488273,683.3814923547399
2024-07-04,002535.SZ,buy,200,3.578533568904588,715.7067137809177,1.0019893992932847,716.7087031802109
2024-07-05,920608.BJ,sell,620,8.670919999999978,5375.9703999999865,7.526358559999981,5368.444041439987
2024-07-05,603458.SH,buy,700,1.4009684567257563,980.6779197080294,1.3729490875912411,982.0508687956208
2024-07-05,000826.SZ,buy,5000,0.2221774193548387,1110.8870967741934,1.5552419354838707,1112.4423387096774
2024-07-08,301112.SZ,sell,96,6.82309394145679,655.0170183798518,0.9170238257317925,654.09999455412
2024-07-08,301487.SZ,sell,380,6.221352785145886,2364.1140583554366,3.309759681697611,2360.804298673739
2024-07-08,600602.SH,buy,100,13.140297265160587,1314.0297265160586,1.839641617122482,1315.8693681331813
2024-07-08,603070.SH,buy,100,11.620593657817146,1162.0593657817146,1.6268831120944005,1163.686248893809
2024-07-08,002907.SZ,buy,100,9.32621488344295,932.6214883442949,1.3056700836820128,933.927158427977
2024-07-09,688201.SH,sell,165,1.2421180471216908,204.94947777507898,0.28692926888511056,204.66254850619387
2024-07-09,002021.SZ,buy,700,1.122240000000003,785.5680000000021,1.099795200000003,786.6677952000022
2024-07-09,301112.SZ,buy,100,6.680626701838001,668.0626701838002,0.9352877382573203,668.9979579220575
2024-07-09,301487.SZ,buy,100,6.09174071618037,609.174071618037,0.8528437002652518,610.0269153183024
2024-07-09,920608.BJ,buy,100,6.300209999999985,630.0209999999985,0.8820293999999979,630.9030293999986
2024-07-09,002535.SZ,buy,200,3.604160777385154,720.8321554770307,1.009165017667843,721.8413204946986
2024-07-10,002425.SZ,sell,790,0.9907264957264944,782.6739316239306,1.0957435042735029,781.578188119657
2024-07-10,600872.SH,sell,81,9.937188301693158,804.9122524371459,1.1268771534120041,803.7853752837339
2024-07-10,603458.SH,sell,648,1.1061639728884265,716.7942544317003,1.0035119562043804,715.790742475496
2024-07-10,601015.SH,sell,63,2.192507739938077,138.12798761609886,0.1933791826625384,137.93460843343632
2024-07-10,600053.SH,sell,92,5.337718984626385,491.0701465856274,0.6874982052198784,490.38264838040755
2024-07-10,000937.SZ,sell,183,10.470040760869567,1916.0174592391309,2.682424442934783,1913.3350347961962
2024-07-10,601198.SH,buy,200,4.769891055045867,953.9782110091734,1.3355694954128428,955.3137805045862
2024-07-10,688201.SH,buy,600,1.2784794753461262,767.0876852076757,1.0739227592907459,768.1616079669665
2024-07-11,603458.SH,buy,500,1.1321793534932227,566.0896767466114,0.7925255474452559,566.8822022940567
2024-07-11,002425.SZ,buy,600,1.0302222222222208,618.1333333333325,0.8653866666666655,618.9987199999993
2024-07-11,600053.SH,buy,100,5.45511977118341,545.5119771183411,0.7637167679656774,546.2756938863067
2024-07-12,000995.SZ,buy,200,1.8884080645161243,377.68161290322485,0.5287542580645148,378.2103671612894
2024-07-12,002524.SZ,buy,400,0.985191398865784,394.0765595463136,0.551707183364839,394.62826672967844
2024-07-12,002042.SZ,buy,100,2.1258277027026966,212.58277027026966,0.29761587837837755,212.88038614864806
2024-07-12,000826.SZ,buy,1800,0.2206505376344085,397.1709677419353,0.5560393548387095,397.72700709677406
2024-07-12,002716.SZ,buy,100,3.9186411149825697,391.864111498257,0.5486097560975598,392.41272125435455
2024-07-12,000592.SZ,buy,500,0.679411764705882,339.70588235294105,0.4755882352941175,340.1814705882352
2024-07-12,002795.SZ,buy,400,0.8614208128941812,344.56832515767246,0.48239565522074146,345.05072081289325
2024-07-12,000545.SZ,buy,400,0.984374999999999,393.7499999999996,0.5512499999999995,394.30124999999964
2024-07-12,601015.SH,buy,100,2.3969504643962813,239.69504643962813,0.3355730650154794,240.03061950464362
2024-07-15,002878.SZ,sell,93,4.2062500000000105,391.181250000001,0.5476537500000014,390.633596250001
2024-07-15,000816.SZ,buy,100,2.2201986754966843,222.01986754966842,0.3108278145695358,222.33069536423798
2024-07-15,002489.SZ,buy,200,1.5677751756440266,313.55503512880534,0.4389770491803275,313.99401217798567
2024-07-16,920970.BJ,sell,109,6.30622666666668,687.3787066666681,0.9623301893333354,686.4163764773348
2024-07-16,605336.SH,sell,54,3.277508576329329,176.98546312178377,0.24777964837049726,176.73768347341328
2024-07-17,002042.SZ,sell,93,1.6822466216216172,156.4489358108104,0.21902851013513458,156.22990730067528
2024-07-17,002878.SZ,buy,100,3.616237737584313,361.6237737584313,0.5062732832618038,362.1300470416931
2024-07-17,000809.SZ,buy,100,1.8473326359832576,184.73326359832575,0.2586265690376561,184.9918901673634
2024-07-17,605336.SH,buy,100,3.2249999999999983,322.49999999999983,0.45149999999999973,322.95149999999984
2024-07-18,002042.SZ,buy,100,1.5552567567567523,155.52567567567525,0.21773594594594534,155.7434116216212
2024-07-19,002716.SZ,sell,98,3.449076655052257,338.0095121951212,0.47321331707316966,337.53629887804806
2024-07-23,000506.SZ,buy,400,0.5482593856655273,219.30375426621094,0.3070252559726953,219.61077952218366
2024-07-25,601899.SH,sell,59,51.26820526315793,3024.824110526318,4.234753754736845,3020.589356771581
2024-07-25,000506.SZ,buy,500,0.6616894197952197,330.84470989760985,0.4631825938566538,331.30789249146653
2024-07-25,603360.SH,buy,100,3.5674907301768504,356.749073017685,0.499448702224759,357.24852171990983
2024-07-26,603458.SH,buy,200,1.3607064650677794,272.14129301355587,0.3809978102189782,272.5222908237749
2024-07-26,002716.SZ,buy,100,3.0193031358884954,301.9303135888495,0.4227024390243893,302.35301602787393
2024-07-26,300377.SZ,buy,100,2.7008891213389106,270.0889121338911,0.3781244769874475,270.46703661087855
2024-07-29,000816.SZ,buy,100,2.022350993377478,202.23509933774778,0.28312913907284687,202.51822847682064
2024-07-29,002425.SZ,buy,200,1.0354529914529904,207.09059829059808,0.2899268376068373,207.38052512820494
2024-07-30,603458.SH,buy,100,1.7312486965589169,173.1248696558917,0.24237481751824838,173.36724447340995
2024-07-31,001872.SZ,sell,1309,24.249948949825036,31743.183175320974,44.440456445449364,31698.742718875525
2024-07-31,920665.BJ,buy,200,5.794358507734295,1158.8717015468592,1.622420382165603,1160.494121929025
2024-07-31,920970.BJ,buy,300,4.129066666666676,1238.720000000003,1.7342080000000042,1240.454208000003
2024-07-31,002471.SZ,buy,700,1.9238020833333345,1346.6614583333342,1.8853260416666677,1348.546784375001
2024-07-31,301300.SZ,buy,100,9.335902946273835,933.5902946273835,1.3070264124783368,934.8973210398619
2024-07-31,002483.SZ,buy,300,4.673711943793918,1402.1135831381753,1.9629590163934454,1404.0765421545689
2024-07-31,002774.SZ,buy,200,5.04235064935064,1008.470129870128,1.411858181818179,1009.8819880519462
2024-07-31,000045.SZ,buy,100,7.990954724409466,799.0954724409467,1.1187336614173253,800.2142061023641
2024-07-31,002878.SZ,buy,300,3.8331943592887896,1149.9583077866369,1.6099416309012915,1151.5682494175383
2024-07-31,920553.BJ,buy,200,6.188156250000006,1237.6312500000013,1.7326837500000019,1239.3639337500013
2024-07-31,920608.BJ,buy,200,6.685049999999981,1337.0099999999961,1.8718139999999945,1338.8818139999962
2024-07-31,000937.SZ,buy,100,8.520407608695653,852.0407608695652,1.1928570652173913,853.2336179347827
2024-07-31,603995.SH,buy,100,13.6964503676471,1369.64503676471,1.9175030514705942,1371.5625398161808
2024-07-31,605336.SH,buy,400,3.4464493996569443,1378.5797598627778,1.9300116638078888,1380.5097715265858
2024-08-01,002707.SZ,buy,100,7.259293048973164,725.9293048973163,1.016301026856243,726.9456059241726
2024-08-01,600673.SH,buy,100,4.460512562814067,446.0512562814067,0.6244717587939694,446.67572804020074
2024-08-01,600053.SH,buy,100,6.432771719699681,643.2771719699681,0.9005880407579553,644.177760010726
2024-08-01,601198.SH,buy,100,5.935609709480116,593.5609709480116,0.8309853593272162,594.3919563073388
2024-08-01,603093.SH,buy,200,3.331816160118597,666.3632320237194,0.9329085248332072,667.2961405485527
2024-08-02,601588.SH,buy,1100,0.5906456456456467,649.7102102102114,0.909594294294296,650.6198045045057
2024-08-02,002535.SZ,buy,100,4.257756183745577,425.77561837455767,0.5960858657243807,426.3717042402821
2024-08-05,603995.SH,sell,99,11.407080882352968,1129.3010073529438,1.5810214102941214,1127.7199859426496
2024-08-06,000826.SZ,buy,2700,0.2603924731182796,703.059677419355,0.984283548387097,704.0439609677421
2024-08-06,000011.SZ,buy,100,6.397465825446878,639.7465825446878,0.8956452155625629,640.6422277602504
2024-08-07,600712.SH,buy,400,1.4181957186544338,567.2782874617735,0.794189602446483,568.07247706422
2024-08-07,002482.SZ,buy,900,0.6147295805739509,553.2566225165558,0.7745592715231782,554.031181788079
2024-08-08,002927.SZ,sell,75,6.089106008793378,456.6829506595033,0.6393561309233047,456.04359452858006
2024-08-09,301487.SZ,sell,78,3.4979468475821256,272.83985411140577,0.3819757957559681,272.4578783156498
2024-08-09,600712.SH,sell,414,1.363562691131498,564.5149541284402,0.7903209357798162,563.7246331926603
2024-08-09,000995.SZ,buy,200,2.7831774193548338,556.6354838709667,0.7792896774193534,557.414773548386
2024-08-09,601588.SH,buy,800,0.6544369369369383,523.5495495495506,0.7329693693693708,524.28251891892
2024-08-12,600712.SH,buy,400,1.2325790010193678,493.03160040774713,0.690244240570846,493.72184464831804
2024-08-12,601015.SH,buy,100,2.7585139318885408,275.8513931888541,0.38619195046439575,276.2375851393185
2024-08-13,000826.SZ,buy,1600,0.3047795698924731,487.64731182795697,0.6827062365591398,488.33001806451614
2024-08-13,301487.SZ,buy,200,2.2491881758824728,449.83763517649453,0.6297726892470923,450.4674078657417
2024-08-15,603458.SH,buy,100,2.82716371220021,282.716371220021,0.39580291970802944,283.11217413972906
2024-08-15,920970.BJ,buy,100,4.091360000000009,409.1360000000009,0.5727904000000013,409.7087904000009
2024-08-15,600678.SH,buy,100,3.535844004656578,353.58440046565784,0.49501816065192095,354.0794186263098
2024-08-15,300564.SZ,buy,100,3.4719616204690853,347.1961620469085,0.48607462686567193,347.6822366737742
2024-08-16,300564.SZ,sell,100,2.600980810234543,260.0980810234543,0.364137313432836,259.7339437100215
2024-08-16,603458.SH,sell,100,2.2291149635036502,222.911496350365,0.312076094890511,222.5994202554745
2024-08-16,000995.SZ,sell,217,2.943660483870961,638.7743249999985,0.8942840549999979,637.8800409449985
2024-08-16,920970.BJ,sell,100,3.414823333333341,341.4823333333341,0.4780752666666678,341.00425806666743
2024-08-16,002425.SZ,buy,300,1.4834615384615375,445.03846153846126,0.6230538461538457,445.66151538461514
2024-08-19,000995.SZ,buy,100,2.643199999999995,264.3199999999995,0.37004799999999927,264.6900479999995
2024-08-19,300564.SZ,buy,100,2.165698294243072,216.56982942430722,0.3031977611940301,216.87302718550126
2024-08-20,603458.SH,buy,200,1.6546532846715334,330.9306569343067,0.46330291970802934,331.3939598540147
2024-08-20,300468.SZ,buy,100,2.6259160839160725,262.5916083916072,0.3676282517482501,262.9592366433555
2024-08-20,002425.SZ,buy,200,1.7641196581196572,352.82393162393146,0.49395350427350404,353.317885128205
2024-08-20,603093.SH,buy,100,3.2671284284655213,326.7128428465521,0.45739797998517295,327.17024082653734
2024-08-21,002425.SZ,sell,200,1.5818888888888882,316.3777777777776,0.44292888888888865,315.9348488888887
2024-08-21,920970.BJ,buy,100,2.0224000000000046,202.24000000000046,0.28313600000000066,202.52313600000048
2024-08-21,002021.SZ,buy,300,1.085580000000003,325.67400000000094,0.45594360000000134,326.12994360000096
2024-08-22,000545.SZ,buy,300,1.1860737179487166,355.822115384615,0.498150961538461,356.3202663461535
2024-08-23,002425.SZ,buy,200,1.2438376068376058,248.76752136752117,0.3482745299145296,249.1157958974357
2024-08-26,300564.SZ,buy,100,2.230142590618337,223.0142590618337,0.3122199626865672,223.3264790245203
2024-08-28,603458.SH,sell,201,1.515215067778937,304.5582286235664,0.4263815200729929,304.1318471034934
2024-08-28,301391.SZ,sell,58,9.86405571933962,572.1152317216979,0.800961324410377,571.3142703972876
2024-08-28,301487.SZ,buy,100,2.5831707814731675,258.31707814731675,0.36164390940624347,258.678722056723
2024-08-29,603458.SH,buy,200,1.413190823774766,282.6381647549532,0.39569343065693446,283.03385818561014
2024-08-29,002489.SZ,buy,100,1.8475409836065544,184.75409836065543,0.2586557377049176,185.01275409836038
2024-08-30,002392.SZ,buy,100,2.5046365914787105,250.46365914787106,0.3506491228070195,250.81430827067808
2024-09-02,002425.SZ,buy,200,1.3592307692307677,271.8461538461535,0.3805846153846149,272.22673846153816
2024-09-02,000002.SZ,buy,200,1.2806480343980355,256.1296068796071,0.3585814496314499,256.48818832923854
2024-09-02,000031.SZ,buy,300,0.7971685082872941,239.15055248618825,0.3348107734806635,239.48536325966893
2024-09-03,000592.SZ,buy,300,0.7889619377162624,236.68858131487872,0.3313640138408302,237.01994532871956
2024-09-04,000506.SZ,buy,300,0.8225938566552877,246.77815699658632,0.34548941979522085,247.12364641638155
2024-09-04,000545.SZ,buy,100,1.3502403846153823,135.02403846153823,0.1890336538461535,135.2130721153844
2024-09-05,000506.SZ,sell,300,0.7526279863481208,225.78839590443624,0.31610375426621073,225.47229215017003
2024-09-06,000506.SZ,buy,300,0.8093856655290078,242.81569965870236,0.3399419795221833,243.15564163822455
2024-09-09,600110.SH,sell,53,1.5285950413223206,81.015537190083,0.1134217520661162,80.90211543801688
2024-09-09,605100.SH,buy,100,2.3969443466009133,239.69443466009133,0.33557220852412784,240.0300068686155
2024-09-10,301062.SZ,sell,63,3.05213815789474,192.28470394736863,0.2691985855263161,192.01550536184232
2024-09-10,000506.SZ,sell,284,0.6689419795221822,189.97952218429973,0.2659713310580196,189.7135508532417
2024-09-10,002524.SZ,buy,200,1.2308813799621932,246.17627599243863,0.3446467863894141,246.52092277882807
2024-09-10,600110.SH,buy,100,1.435857438016535,143.5857438016535,0.2010200413223149,143.78676384297583
2024-09-12,000506.SZ,buy,300,0.6183703071672336,185.5110921501701,0.25971552901023814,185.77080767918036
2024-09-13,000545.SZ,sell,94,1.108557692307691,104.20442307692295,0.14588619230769212,104.05853688461526
2024-09-18,000545.SZ,buy,200,1.0041025641025625,200.8205128205125,0.2811487179487175,201.10166153846123
2024-09-18,301487.SZ,buy,100,2.4285332075086705,242.85332075086706,0.33999464905121385,243.19331539991828
2024-09-20,000816.SZ,buy,100,2.13970198675496,213.970198675496,0.2995582781456944,214.2697569536417
2024-09-25,002021.SZ,buy,100,1.268750000000004,126.8750000000004,0.17762500000000056,127.0526250000004
2024-09-25,603659.SH,buy,100,1.6242076950064357,162.42076950064356,0.22738907730090097,162.64815857794446
2024-09-25,600110.SH,buy,100,1.9047107438016608,190.47107438016607,0.2666595041322325,190.7377338842983
2024-09-25,600569.SH,buy,100,1.009277343750003,100.92773437500031,0.14129882812500044,101.06903320312531
2024-09-25,600808.SH,buy,100,1.3385436893203866,133.85436893203865,0.1873961165048541,134.0417650485435
2024-09-26,002425.SZ,buy,200,0.7104358974358969,142.08717948717938,0.19892205128205115,142.28610153846145
2024-09-27,601588.SH,buy,200,0.8653153153153172,173.06306306306345,0.24228828828828883,173.30535135135176
2024-09-27,000031.SZ,buy,100,1.263812154696135,126.3812154696135,0.1769337016574589,126.55814917127095
2024-09-27,600808.SH,buy,100,1.5415210355987037,154.15210355987037,0.2158129449838185,154.3679165048542
2024-09-30,600015.SH,buy,800,7.031964285714294,5625.571428571436,7.87580000000001,5633.447228571436
2024-10-08,601588.SH,buy,100,1.0794144144144169,107.94144144144168,0.15111801801801836,108.09255945945971
2024-10-08,600569.SH,buy,100,1.3312304687500045,133.12304687500045,0.18637226562500064,133.30941914062547
2024-10-08,600808.SH,buy,100,1.9420388349514544,194.20388349514545,0.2718854368932036,194.47576893203868
2024-10-09,002795.SZ,sell,470,1.1362824106517126,534.052733006305,0.7476738262088269,533.3050591800961
2024-10-09,600138.SH,sell,67,8.121949218750004,544.1705976562503,0.7618388367187504,543.4087588195315
2024-10-09,300756.SZ,sell,46,5.404837818696876,248.6225396600563,0.3480715555240788,248.27446810453225
2024-10-09,600569.SH,sell,100,1.0986718750000033,109.86718750000033,0.15381406250000046,109.71337343750034
2024-10-09,600035.SH,sell,2842,4.999549418604649,14208.719447674412,19.892207226744176,14188.827240447668
2024-10-09,601588.SH,sell,100,0.8801351351351371,88.01351351351371,0.1232189189189192,87.8902945945948
2024-10-09,000031.SZ,sell,110,1.352279005524864,148.75069060773504,0.20825096685082906,148.54243964088423
2024-10-09,002033.SZ,sell,30,12.579357142857182,377.38071428571544,0.5283330000000016,376.85238128571547
2024-10-09,002482.SZ,sell,965,0.6190728476821181,597.405298013244,0.8363674172185416,596.5689305960254
2024-10-09,600115.SH,sell,1311,2.466936860068253,3234.15422354948,4.527815912969272,3229.6264076365105
2024-10-09,002233.SZ,sell,60,4.580406567630965,274.82439405785794,0.38475415168100113,274.439639906177
2024-10-09,600712.SH,sell,491,1.663119266055045,816.591559633027,1.143228183486238,815.4483314495408
2024-10-09,000937.SZ,sell,94,10.692710597826084,1005.1147961956518,1.4071607146739125,1003.707635480978
2024-10-09,600808.SH,sell,100,1.6233009708737849,162.33009708737848,0.22726213592232986,162.10283495145615
2024-10-09,300468.SZ,buy,100,7.358979020978986,735.8979020978986,1.030257062937058,736.9281591608358
2024-10-09,603616.SH,buy,400,1.8355688622754476,734.2275449101791,1.0279185628742507,735.2554634730534
2024-10-09,688176.SH,buy,200,2.6791505681818166,535.8301136363633,0.7501621590909087,536.5802757954542
2024-10-09,688468.SH,buy,400,1.978499398556528,791.3997594226112,1.1079596631916557,792.5077190858029
2024-10-09,002392.SZ,buy,200,3.9918421052631783,798.3684210526357,1.11771578947369,799.4861368421094
2024-10-09,688201.SH,buy,200,2.9674538498906977,593.4907699781395,0.8308870779693953,594.321657056109
2024-10-09,002688.SZ,buy,200,2.757290715372914,551.4581430745828,0.7720414003044159,552.2301844748873
2024-10-09,300864.SZ,buy,200,3.1308672147934,626.17344295868,0.876642820142152,627.0500857788221
2024-10-09,300819.SZ,buy,100,7.928744239631341,792.8744239631341,1.1100241935483877,793.9844481566826
2024-10-09,601339.SH,buy,100,6.745435323383089,674.5435323383089,0.9443609452736323,675.4878932835826
2024-10-09,300872.SZ,buy,200,3.784940546191026,756.9881092382052,1.0597833529334872,758.0478925911387
2024-10-10,603616.SH,sell,400,1.6041556886227526,641.662275449101,0.8983271856287414,640.7639482634723
2024-10-10,000592.SZ,buy,100,1.1257785467128016,112.57785467128016,0.15760899653979224,112.73546366781997
2024-10-10,600569.SH,buy,100,1.079628906250003,107.96289062500031,0.15114804687500044,108.11403867187532
2024-10-10,002482.SZ,buy,200,0.5874116997792483,117.48233995584967,0.16447527593818953,117.64681523178787
2024-10-10,601588.SH,buy,100,0.8262612612612631,82.62612612612631,0.11567657657657683,82.74180270270288
2024-10-10,000826.SZ,buy,300,0.4178306451612902,125.34919354838706,0.17548887096774188,125.52468241935482
2024-10-10,601996.SH,buy,100,1.370769230769232,137.0769230769232,0.1919076923076925,137.2688307692309
2024-10-10,000031.SZ,buy,100,1.3113397790055272,131.13397790055274,0.18358756906077384,131.31756546961353
2024-10-11,000826.SZ,sell,300,0.3744301075268816,112.32903225806449,0.1572606451612903,112.1717716129032
2024-10-11,300948.SZ,buy,100,1.476735946436044,147.6735946436044,0.20674303250104614,147.88033767610546
2024-10-11,002524.SZ,buy,100,1.315808128544424,131.5808128544424,0.18421313799621936,131.76502599243864
2024-10-11,002021.SZ,buy,100,1.3468000000000044,134.68000000000043,0.1885520000000006,134.86855200000045
2024-10-11,000545.SZ,buy,100,1.4523157051282036,145.23157051282035,0.2033241987179485,145.4348947115383
2024-10-14,002795.SZ,buy,100,1.0644954449894846,106.44954449894846,0.14902936229852784,106.59857386124699
2024-10-15,000592.SZ,buy,100,1.1778546712802758,117.78546712802758,0.16489965397923861,117.95036678200682
2024-10-16,000826.SZ,buy,200,0.4963763440860215,99.27526881720429,0.138985376344086,99.41425419354839
2024-10-22,300872.SZ,sell,237,4.278499934666132,1014.0044845158733,1.4196062783222225,1012.5848782375512
2024-10-23,000592.SZ,buy,100,1.211617647058823,121.16176470588229,0.1696264705882352,121.33139117647053
2024-10-28,002795.SZ,buy,100,1.3628661527680397,136.28661527680396,0.19080126138752554,136.4774165381915
2024-10-29,000826.SZ,buy,200,0.5866586021505377,117.33172043010754,0.16426440860215055,117.4959848387097
2024-11-04,002795.SZ,buy,100,1.3321093202522722,133.21093202522724,0.18649530483531812,133.39742733006256
2024-11-06,002482.SZ,buy,100,0.8512748344370846,85.12748344370846,0.11917847682119184,85.24666192052966
2024-11-13,000826.SZ,buy,100,0.8429139784946237,84.29139784946237,0.11800795698924732,84.40940580645163
2024-11-14,000826.SZ,sell,100,0.7471505376344086,74.71505376344086,0.1046010752688172,74.61045268817205
2024-11-14,601588.SH,buy,100,1.244932432432435,124.49324324324348,0.17429054054054088,124.66753378378404
2024-11-15,000826.SZ,buy,100,0.7679838709677419,76.79838709677419,0.10751774193548387,76.90590483870969
2024-11-19,601588.SH,buy,100,1.2238288288288313,122.38288288288312,0.17133603603603637,122.55421891891916
2024-11-20,000826.SZ,buy,100,0.8458924731182795,84.58924731182795,0.11842494623655912,84.7076722580645
2024-11-26,000826.SZ,sell,93,0.6948924731182795,64.625,0.090475,64.534525
2024-11-26,600569.SH,buy,100,1.3081250000000049,130.81250000000048,0.18313750000000067,130.9956375000005
2024-11-27,000826.SZ,buy,100,0.6421370967741935,64.21370967741935,0.08989919354838709,64.30360887096774
2024-12-06,002425.SZ,buy,100,1.079,107.89999999999999,0.15106,108.05105999999999
2024-12-09,000826.SZ,buy,100,0.8731182795698926,87.31182795698926,0.12223655913978497,87.43406451612906
2024-12-17,601588.SH,sell,106,1.4397897897897936,152.6177177177181,0.21366480480480535,152.4040529129133
2024-12-17,002482.SZ,buy,100,1.314061810154524,131.4061810154524,0.18396865342163338,131.59014966887403
2024-12-19,000826.SZ,buy,100,0.6395080645161292,63.95080645161292,0.08953112903225809,64.04033758064519
2024-12-23,002482.SZ,sell,102,1.2134657836644578,123.77350993377469,0.17328291390728456,123.6002270198674
2024-12-23,000826.SZ,sell,98,0.5243225806451615,51.383612903225824,0.07193705806451615,51.31167584516131
2024-12-23,601588.SH,buy,100,1.180120120120123,118.0120120120123,0.1652168168168172,118.17722882882913
2024-12-24,002482.SZ,buy,100,1.1450220750551865,114.50220750551865,0.16030309050772612,114.6625105960264
2024-12-24,000826.SZ,buy,200,0.5180000000000002,103.60000000000005,0.14504000000000006,103.74504000000006
2024-12-25,000826.SZ,sell,200,0.4740967741935485,94.8193548387097,0.13274709677419358,94.6866077419355
2024-12-25,002795.SZ,buy,100,1.2118920812894132,121.18920812894132,0.16966489138051785,121.35887302032184
2024-12-26,000826.SZ,buy,200,0.4713709677419356,94.27419354838712,0.13198387096774197,94.40617741935486
2025-01-03,002795.SZ,sell,98,1.0667624386825465,104.54271899088955,0.14635980658724537,104.39635918430231
2025-01-03,600569.SH,buy,100,1.2585937500000048,125.85937500000048,0.17620312500000068,126.0355781250005
2025-01-03,002524.SZ,buy,100,1.1585113421550108,115.85113421550108,0.16219158790170152,116.01332580340278
2025-01-03,000031.SZ,buy,100,1.142358425414367,114.23584254143671,0.1599301795580114,114.39577272099473
2025-01-06,002795.SZ,buy,100,0.9933566923615934,99.33566923615935,0.13906993693062308,99.47473917308997
2025-01-15,000826.SZ,buy,200,0.4020833333333335,80.4166666666667,0.11258333333333338,80.52925000000003
2025-04-07,300948.SZ,sell,37,0.9310336169619196,34.44824382759102,0.04822754135862743,34.40001628623239
2025-04-07,002425.SZ,sell,50,0.7298034188034183,36.49017094017091,0.051086239316239276,36.43908470085467
2025-04-07,000031.SZ,sell,65,0.8355110497237591,54.30821823204434,0.07603150552486207,54.23218672651948
2025-04-07,002482.SZ,sell,53,0.639613686534215,33.8995253863134,0.04745933554083876,33.852066050772564
2025-04-07,601588.SH,sell,66,0.7624324324324341,50.32054054054065,0.07044875675675691,50.250091783783894
2025-04-07,300864.SZ,sell,131,2.1246047162992423,278.32321783520075,0.38965250496928105,277.9335653302315
2025-04-07,000826.SZ,sell,168,0.2980215053763442,50.06761290322582,0.07009465806451615,49.99751824516131
2025-04-07,002471.SZ,buy,400,4.286624999999995,1714.6499999999978,2.400509999999997,1717.050509999998
2025-04-07,300721.SZ,buy,200,10.154365904365944,2030.8731808731889,2.8432224532224644,2033.7164033264114
2025-04-07,002749.SZ,buy,100,17.650209508460897,1765.0209508460896,2.4710293311845253,1767.4919801772742
2025-04-07,688293.SH,buy,200,9.1462429267526,1829.2485853505202,2.5609480194907284,1831.809533370011
2025-04-07,300468.SZ,buy,200,8.283864335664298,1656.7728671328596,2.3194820139860033,1659.0923491468457
2025-04-08,002425.SZ,buy,100,0.6650854700854695,66.50854700854694,0.09311196581196572,66.60165897435891
2025-04-08,002482.SZ,buy,100,0.6018874172185419,60.188741721854186,0.08426423841059585,60.27300596026478
2025-04-08,601588.SH,buy,100,0.7378528528528545,73.78528528528545,0.10329939939939964,73.88858468468486
2025-04-08,000826.SZ,buy,200,0.2795860215053765,55.917204301075294,0.07828408602150541,55.995488387096806
2025-06-06,000826.SZ,buy,100,0.5086451612903228,50.864516129032275,0.07121032258064518,50.93572645161292
2025-06-11,000826.SZ,buy,100,0.5340833333333336,53.40833333333336,0.07477166666666671,53.48310500000003
2025-06-13,000826.SZ,sell,101,0.4797419354838712,48.453935483870985,0.06783550967741937,48.38609997419357
2025-06-16,000826.SZ,buy,100,0.457959677419355,45.7959677419355,0.0641143548387097,45.860082096774214
2025-09-02,000826.SZ,buy,100,0.5139166666666668,51.39166666666668,0.07194833333333335,51.46361500000002
2025-10-16,000826.SZ,buy,100,0.5215591397849466,52.15591397849466,0.07301827956989253,52.22893225806455
2025-10-30,000826.SZ,buy,100,0.5601397849462367,56.01397849462367,0.07841956989247315,56.092398064516146
2025-11-21,000826.SZ,buy,100,0.5515698924731186,55.15698924731186,0.0772197849462366,55.2342090322581
2025-12-11,000826.SZ,buy,100,0.531666666666667,53.16666666666669,0.07443333333333337,53.24110000000003
2025-12-29,000826.SZ,buy,100,0.5180430107526884,51.804301075268846,0.07252602150537639,51.87682709677423
