date,stock,action,shares,price,amount,fee,net_amount
2020-04-07,002749.SZ,buy,88300,10.105584206285256,892323.0854149881,1249.2523195809833,893572.3377345691
2020-04-07,603995.SH,buy,53600,16.62695588235294,891204.8352941177,1247.6867694117648,892452.5220635295
2020-04-07,600053.SH,buy,37800,23.606699141937785,892333.2275652483,1249.2665185913474,893582.4940838397
2020-04-07,002927.SZ,buy,67500,13.211079628724963,891747.874938935,1248.447024914509,892996.3219638496
2020-04-07,300721.SZ,buy,45800,19.475709459459463,891987.4932432434,1248.7824905405407,893236.2757337841
2020-04-07,601689.SH,buy,51000,17.49815731573156,892406.0231023096,1249.3684323432333,893655.3915346528
2020-04-07,000816.SZ,buy,920800,0.9696026490066222,892810.1192052977,1249.9341668874167,894060.0533721851
2020-04-07,603616.SH,buy,130800,6.822000000000002,892317.6000000002,1249.2446400000003,893566.8446400003
2020-04-07,000411.SZ,buy,80700,11.061303191489351,892647.1675531906,1249.706034574467,893896.8735877651
2020-04-07,000031.SZ,buy,217000,4.113832872928179,892701.7334254149,1249.782426795581,893951.5158522106
2020-04-07,603093.SH,buy,46400,19.24007134914751,892739.3106004444,1249.8350348406223,893989.1456352852
2020-04-07,000002.SZ,buy,39500,22.57842521498772,891847.7959920149,1248.5869143888208,893096.3829064039
2020-04-07,600569.SH,buy,495600,1.80146484375,892805.9765625,1249.9283671875,894055.9049296876
2020-04-07,300674.SZ,buy,16800,53.130687275985686,892595.5462365595,1249.6337647311834,893845.1800012907
2020-04-07,000680.SZ,buy,310800,2.872216216216214,892684.7999999993,1249.7587199999991,893934.5587199994
2020-04-07,002580.SZ,buy,183200,4.871041666666664,892374.8333333329,1249.3247666666662,893624.1580999997
2020-04-07,600602.SH,buy,140600,6.349405469678954,892726.409036861,1249.8169726516055,893976.2260095127
2020-04-07,000826.SZ,buy,122200,7.3050967741935455,892682.8258064513,1249.7559561290318,893932.5817625803
2020-04-07,600279.SH,buy,291900,3.058698030634573,892833.9551422318,1249.9675371991245,894083.9226794309
2020-04-07,600313.SH,buy,137100,6.511725806451613,892757.6080645162,1249.8606512903227,894007.4687158066
2020-04-07,300707.SZ,buy,86300,10.342267786561257,892537.7099802365,1249.552793972331,893787.2627742089
2020-04-07,000605.SZ,buy,180000,4.9578129496402905,892406.3309352522,1249.3688633093532,893655.6997985616
2020-04-07,603279.SH,buy,42700,20.89338188438779,892147.4064633586,1249.006369048702,893396.4128324073
2020-04-07,001914.SZ,buy,28100,31.75485685071571,892311.4775051115,1249.236068507156,893560.7135736187
2020-04-07,300562.SZ,buy,48000,18.59536964980544,892577.7431906612,1249.6088404669256,893827.3520311281
2020-04-07,000958.SZ,buy,260100,3.432553191489363,892807.0851063833,1249.9299191489367,894057.0150255323
2020-04-07,601588.SH,buy,403700,2.211531531531531,892795.2792792792,1249.9133909909908,894045.1926702702
2020-04-07,603908.SH,buy,43200,20.66307151230948,892644.6893317695,1249.7025650644773,893894.391896834
2020-04-07,601996.SH,buy,333400,2.677937062937064,892824.2167832172,1249.953903496504,894074.1706867138
2020-04-07,600035.SH,buy,299700,2.9789680232558124,892796.716569767,1249.9154031976739,894046.6319729647
2020-04-07,000045.SZ,buy,127300,7.010196850393694,892398.0590551172,1249.357282677164,893647.4163377944
2020-04-07,002425.SZ,buy,208800,4.275628205128202,892751.1692307686,1249.851636923076,894001.0208676917
2020-04-07,300218.SZ,buy,99600,8.96188279301746,892603.5261845391,1249.6449366583547,893853.1711211975
2020-04-07,603369.SH,buy,36500,24.42387422360247,891471.4091614902,1248.059972826086,892719.4691343163
2020-04-07,002535.SZ,buy,487100,1.8328091872791543,892761.355123676,1249.8658971731463,894011.2210208492
2020-04-07,002774.SZ,buy,165800,5.384032467532464,892672.5831168825,1249.7416163636356,893922.3247332462
2020-04-07,002707.SZ,buy,258000,3.460031595576621,892688.1516587683,1249.7634123222756,893937.9150710907
2020-04-07,300377.SZ,buy,96500,9.245523012552304,892192.9707112974,1249.0701589958162,893442.0408702933
2020-04-07,300447.SZ,buy,73400,12.14843937875752,891695.450400802,1248.3736305611228,892943.8240313631
2020-04-07,300735.SZ,buy,30700,29.04368509525585,891641.1324243546,1248.2975853940964,892889.4300097487
2020-04-07,603298.SH,buy,82200,10.849460292983805,891825.6360832688,1248.5558905165763,893074.1919737854
2020-04-07,000809.SZ,buy,467000,1.9116736401673635,892751.5899581588,1249.8522259414224,894001.4421841003
2020-04-07,300725.SZ,buy,10500,84.99164960514766,892412.3208540505,1249.3772491956706,893661.6981032462
2020-04-07,002233.SZ,buy,69000,12.93734362783425,892676.7103205633,1249.7473944487886,893926.4577150121
2020-04-07,000802.SZ,buy,105800,8.437321608040191,892668.6261306523,1249.7360765829133,893918.3622072352
2020-04-07,600177.SH,buy,153400,5.818944986072428,892626.1608635104,1249.6766252089146,893875.8374887194
2020-04-07,000779.SZ,buy,95900,9.302840579710145,892142.4115942029,1248.999376231884,893391.4109704348
2020-04-07,002494.SZ,buy,210600,4.2395668316831685,892852.7747524753,1249.9938846534653,894102.7686371289
2020-04-07,300171.SZ,buy,95500,9.343729281767953,892326.1464088395,1249.2566049723753,893575.4030138119
2020-04-07,600755.SH,buy,164000,5.443765182186237,892777.4898785428,1249.88848582996,894027.3783643729
2020-04-07,603860.SH,buy,34100,26.11791304347826,890620.8347826087,1246.8691686956522,891867.7039513044
2020-04-07,300720.SZ,buy,72400,12.330673508659398,892740.7620269405,1249.8370668377167,893990.5990937783
2020-04-07,001872.SZ,buy,76700,11.625933488914814,891709.0985997663,1248.3927380396728,892957.491337806
2020-04-07,002482.SZ,buy,290700,3.071280353200882,892821.1986754964,1249.9496781456949,894071.1483536421
2020-04-07,603659.SH,buy,16500,53.85092649982461,888540.2872471061,1243.9564021459485,889784.2436492521
2020-04-07,600261.SH,buy,316100,2.8239684210526312,892656.4178947367,1249.7189850526315,893906.1368797894
2020-04-07,600678.SH,buy,156300,5.712223515715949,892820.5355064028,1249.948749708964,894070.4842561119
2020-04-07,601198.SH,buy,94400,9.451574923547394,892228.672782874,1249.1201418960236,893477.79292477
2020-04-07,002021.SZ,buy,488000,1.8295600000000003,892825.2800000001,1249.9553920000003,894075.2353920002
2020-04-07,002483.SZ,buy,152800,5.842950819672131,892802.8852459016,1249.9240393442624,894052.809285246
2020-04-07,601339.SH,buy,297800,2.9973880597014912,892622.1641791041,1249.6710298507458,893871.835208955
2020-04-07,601919.SH,buy,299400,2.9813432835820883,892614.1791044773,1249.6598507462681,893863.8389552236
2020-04-07,603126.SH,buy,224900,3.969090909090911,892648.5454545459,1249.7079636363642,893898.2534181823
2020-04-07,600509.SH,buy,351000,2.5432439678284178,892678.6327077746,1249.7500857908844,893928.3827935656
2020-04-07,600712.SH,buy,265800,3.3584811416921507,892684.2874617736,1249.758002446483,893934.0454642201
2020-04-07,600138.SH,buy,112200,7.951777343749997,892189.4179687497,1249.0651851562495,893438.483153906
2020-04-07,603103.SH,buy,86200,10.351721996958952,892318.4361378617,1249.2458105930064,893567.6819484547
2020-04-07,600834.SH,buy,166500,5.361840696117804,892746.4759036144,1249.8450662650603,893996.3209698795
2020-04-07,600333.SH,buy,299400,2.9813142857142867,892605.4971428574,1249.6476960000005,893855.1448388575
2020-04-07,002907.SZ,buy,47400,18.83189479976091,892631.8135086672,1249.684538912134,893881.4980475793
2020-04-07,002222.SZ,buy,97600,9.140031695721069,892067.0935023763,1248.893930903327,893315.9874332797
2020-04-07,002716.SZ,buy,746700,1.195731707317073,892852.8658536584,1249.9940121951217,894102.8598658536
2020-04-07,300756.SZ,buy,36400,24.49015439093483,891441.6198300278,1248.018267762039,892689.63809779
2020-04-07,002392.SZ,buy,283400,3.1496240601503778,892603.458646617,1249.6448421052637,893853.1034887224
2020-04-07,002675.SZ,buy,70300,12.686485642946316,891859.940699126,1248.6039169787764,893108.5446161048
2020-04-07,000011.SZ,buy,107700,8.289353312302843,892763.3517350162,1249.8686924290228,894013.2204274453
2020-04-07,002489.SZ,buy,256700,3.478067915690866,892820.0339578453,1249.9480475409835,894069.9820053864
2020-04-07,300192.SZ,buy,45600,19.54402234636871,891207.4189944131,1247.6903865921784,892455.1093810054
2020-04-07,603038.SH,buy,64000,13.929973082099597,891518.2772543742,1248.125588156124,892766.4028425304
2020-04-07,000506.SZ,buy,312900,2.852969283276453,892694.0887372021,1249.771724232083,893943.8604614342
2020-04-07,300221.SZ,buy,208800,4.275180102915948,892657.60548885,1249.72064768439,893907.3261365345
2020-04-07,603661.SH,buy,32400,27.529192470483387,891945.8360436618,1248.7241704611265,893194.560214123
2020-04-07,002471.SZ,buy,380700,2.345291666666668,892852.5375000006,1249.9935525000008,894102.5310525006
2020-04-07,002795.SZ,buy,73200,12.186923615977562,892082.8086895576,1248.9159321653806,893331.724621723
2020-04-07,600702.SH,buy,50300,17.737700657894738,892206.3430921054,1249.0888803289474,893455.4319724344
2020-04-07,002878.SZ,buy,30100,29.571773451870047,890110.3809012885,1246.1545332618039,891356.5354345504
2020-04-07,600872.SH,buy,15200,58.517514109799855,889466.2144689577,1245.2527002565407,890711.4671692144
2020-04-07,000937.SZ,buy,345500,2.5840964673913027,892805.3294836951,1249.927461277173,894055.2569449723
2020-04-07,300564.SZ,buy,36200,24.620848214285708,891274.7053571426,1247.7845874999996,892522.4899446426
2020-04-07,600015.SH,buy,160300,5.567499999999999,892470.2499999999,1249.4583499999999,893719.70835
2020-04-07,000920.SZ,buy,171000,5.219635416666663,892557.6562499994,1249.5807187499993,893807.2369687494
2020-04-07,603220.SH,buy,44000,20.25933039647577,891410.5374449339,1247.9747524229074,892658.5121973569
2020-04-07,000766.SZ,buy,181900,4.908253424657538,892811.2979452062,1249.9358171232886,894061.2337623296
2020-04-07,002033.SZ,buy,158500,5.63125396825397,892553.7539682543,1249.575255555556,893803.3292238099
2020-04-07,601015.SH,buy,403400,2.21328173374613,892837.8513931888,1249.9729919504643,894087.8243851394
2020-04-07,002554.SZ,buy,355900,2.5080345394736865,892609.492598685,1249.6532896381589,893859.1458883232
2020-04-07,002246.SZ,buy,113600,7.854592105263157,892281.6631578946,1249.1943284210524,893530.8574863158
2020-04-07,000545.SZ,buy,382400,2.334334935897436,892649.6794871796,1249.7095512820515,893899.3890384617
2020-04-07,300717.SZ,buy,68500,13.031502715751358,892657.9360289681,1249.7211104405553,893907.6571394086
2020-04-07,300548.SZ,buy,7600,117.05729768786136,889635.4624277464,1245.489647398845,890880.9520751453
2020-04-07,300803.SZ,buy,13400,66.6022543792841,892470.208682407,1249.45829215537,893719.6669745625
2020-04-07,601226.SH,buy,257200,3.4712880562060877,892815.2880562057,1249.941403278688,894065.2294594845
2020-04-07,000592.SZ,buy,420400,2.1238235294117667,892855.4117647067,1249.9975764705894,894105.4093411773
2020-04-07,002566.SZ,buy,120300,7.416620508982035,892219.4472305388,1249.1072261227544,893468.5544566617
2020-04-07,300182.SZ,buy,219700,4.062950819672131,892630.2950819671,1249.682413114754,893879.977495082
2020-04-07,600115.SH,buy,298500,2.990529010238908,892672.909556314,1249.7420733788397,893922.6516296929
2020-04-07,002524.SZ,buy,134700,6.625586011342158,892466.4357277886,1249.453010018904,893715.8887378075
2020-04-07,000966.SZ,buy,274300,3.254920718816068,892824.7531712474,1249.9546544397465,894074.7078256872
2020-04-07,002042.SZ,buy,235200,3.795891891891892,892793.772972973,1249.911282162162,894043.6842551351
2020-04-07,600673.SH,buy,168500,5.297236180904522,892584.296482412,1249.618015075377,893833.9144974875
2020-04-07,688101.SH,buy,47400,18.81715976331359,891933.3727810641,1248.7067218934897,893182.0795029576
2020-04-08,600313.SH,sell,137100,6.134435483870969,841031.1048387098,1177.4435467741937,839853.6612919356
2020-04-08,300468.SZ,buy,3700,34.22716783216782,126640.52097902095,177.29672937062932,126817.81770839158
2020-04-08,002661.SZ,buy,4800,26.39443961772371,126693.3101650738,177.3706342311033,126870.6807993049
2020-04-08,601899.SH,buy,38900,3.268105263157896,127129.29473684216,177.98101263157903,127307.27574947375
2020-04-08,600110.SH,buy,25100,5.051652892561985,126796.48760330582,177.51508264462817,126974.00268595046
2020-04-08,600929.SH,buy,19400,6.545083207261719,126974.61422087735,177.7644599092283,127152.37868078658
2020-04-08,603458.SH,buy,6000,20.95374087591241,125722.44525547445,176.01142335766423,125898.45667883212
2020-04-08,300465.SZ,buy,6800,18.496809338521427,125778.3035019457,176.08962490272398,125954.39312684843
2020-04-08,002240.SZ,buy,13700,9.255526976160608,126800.71957340033,177.52100740276046,126978.2405808031
2020-04-08,603309.SH,buy,4300,29.286248294679428,125930.86766712154,176.30321473397015,126107.17088185552
2020-04-08,600808.SH,buy,59900,2.120873786407767,127040.33980582524,177.85647572815532,127218.1962815534
2020-04-08,603360.SH,buy,5100,24.73731888191673,126160.32629777532,176.62445681688544,126336.95075459221
2020-04-08,002170.SZ,buy,25700,4.944977678571425,127085.92633928561,177.92029687499985,127263.84663616061
2020-04-08,002688.SZ,buy,12500,10.131621004566204,126645.26255707756,177.30336757990858,126822.56592465748
2020-04-09,000605.SZ,buy,100,6.065007194244608,606.5007194244608,0.8491010071942452,607.3498204316551
2020-04-09,002033.SZ,buy,100,6.529444444444448,652.9444444444448,0.9141222222222227,653.8585666666671
2020-04-09,601015.SH,buy,400,2.834945820433437,1133.9783281733748,1.5875696594427249,1135.5658978328177
2020-04-09,000779.SZ,buy,100,10.459748792270531,1045.9748792270532,1.4643648309178745,1047.439244057971
2020-04-09,600313.SH,buy,100,5.87124193548387,587.124193548387,0.8219738709677418,587.9461674193548
2020-04-10,603309.SH,sell,4482,27.33304911323332,122506.72612551173,171.50941657571641,122335.21670893602
2020-04-13,000779.SZ,buy,3300,12.16489855072464,40144.16521739131,56.201831304347834,40200.36704869566
2020-04-13,603309.SH,buy,1400,28.830138130968653,40362.19338335611,56.50707073669856,40418.70045409282
2020-04-13,002489.SZ,buy,10100,4.084514051522249,41253.59192037472,57.755028688524604,41311.34694906325
2020-04-14,000680.SZ,buy,100,3.77787162162162,377.787162162162,0.5289020270270268,378.3160641891891
2020-04-15,002535.SZ,sell,491352,1.6966696113074229,833662.0068551248,1167.1268095971748,832494.8800455277
2020-04-15,000506.SZ,sell,307465,2.37194539249147,729290.1901023899,1021.0062661433459,728269.1838362466
2020-04-15,000680.SZ,sell,100,3.427439189189188,342.7439189189188,0.4798414864864863,342.2640774324323
2020-04-15,601899.SH,buy,67900,3.831757894736844,260176.3610526317,364.24690547368436,260540.6079581054
2020-04-15,001872.SZ,buy,19500,13.350991831971994,260344.34072345388,364.4820770128354,260708.82280046673
2020-04-15,603659.SH,buy,4500,57.42199859665539,258398.99368494927,361.758591158929,258760.75227610822
2020-04-15,002233.SZ,buy,19100,13.62532642689602,260243.73475371397,364.34122865519953,260608.0759823692
2020-04-15,002471.SZ,buy,89200,2.9195833333333336,260426.83333333337,364.5975666666667,260791.43090000006
2020-04-15,600728.SH,buy,26500,9.809070247933889,259940.36157024806,363.9165061983473,260304.2780764464
2020-04-17,002907.SZ,sell,53620,21.82618649133294,1170320.1196652723,1638.4481675313812,1168681.671497741
2020-04-17,002535.SZ,buy,153000,1.5286219081272103,233879.1519434632,327.43081272084845,234206.58275618407
2020-04-17,300465.SZ,buy,11200,20.831629377431938,233314.2490272377,326.6399486381328,233640.88897587586
2020-04-17,000506.SZ,buy,106500,2.195349829351538,233804.7568259388,327.3266595563143,234132.08348549512
2020-04-17,601689.SH,buy,10200,22.74261963696368,231974.72029702956,324.7646084158414,232299.48490544542
2020-04-17,002878.SZ,buy,7300,31.738067136725963,231687.89009809954,324.3630461373393,232012.2531442369
2020-04-20,000766.SZ,buy,200,5.661282343987826,1132.256468797565,1.5851590563165912,1133.8416278538816
2020-04-20,000680.SZ,buy,200,4.123810810810809,824.7621621621619,1.1546670270270265,825.916829189189
2020-04-24,603309.SH,sell,1341,24.23141200545705,32494.323499317903,45.49205289904506,32448.83144641886
2020-04-24,002661.SZ,buy,100,31.53120112945263,3153.120112945263,4.414368158123368,3157.5344811033865
2020-04-24,603995.SH,buy,100,18.492375000000003,1849.2375000000002,2.5889325000000003,1851.8264325000002
2020-04-24,002675.SZ,buy,200,16.63483146067416,3326.966292134832,4.657752808988765,3331.624044943821
2020-04-24,002774.SZ,buy,500,6.093818181818177,3046.9090909090887,4.265672727272724,3051.1747636363616
2020-04-24,603458.SH,buy,100,24.273044838373323,2427.3044838373326,3.3982262773722653,2430.702710114705
2020-04-24,002240.SZ,buy,300,8.987819949811799,2696.34598494354,3.7748843789209556,2700.120869322461
2020-04-24,601689.SH,buy,100,25.719447194719454,2571.9447194719455,3.6007226072607237,2575.5454420792066
2020-04-24,002170.SZ,buy,400,7.363571428571422,2945.428571428569,4.123599999999996,2949.552171428569
2020-04-24,002907.SZ,buy,100,23.04728033472804,2304.728033472804,3.2266192468619255,2307.954652719666
2020-04-27,601899.SH,sell,67419,3.15284210526316,212561.461894737,297.5860466526318,212263.87584808437
2020-04-27,000506.SZ,sell,106915,1.9306996587030731,206420.75401023906,288.9890556143347,206131.76495462473
2020-04-27,002170.SZ,sell,400,5.951324404761899,2380.5297619047597,3.3327416666666636,2377.197020238093
2020-04-27,002907.SZ,sell,100,20.17421398684997,2017.421398684997,2.8243899581589957,2014.597008726838
2020-04-27,600110.SH,buy,16100,4.467438016528927,71925.75206611573,100.69605289256202,72026.4481190083
2020-04-27,603369.SH,buy,2200,32.04384937888196,70496.46863354031,98.69505608695643,70595.16368962727
2020-04-27,001914.SZ,buy,1800,39.80493737218811,71648.8872699386,100.30844217791403,71749.19571211652
2020-04-27,603309.SH,buy,3100,23.00586630286497,71318.1855388814,99.84545975443396,71418.03099863583
2020-04-27,000779.SZ,buy,5700,12.46020289855073,71023.15652173916,99.43241913043482,71122.5889408696
2020-04-27,600313.SH,buy,13500,5.3067822580645165,71641.56048387097,100.29818467741936,71741.85866854839
2020-04-28,002716.SZ,sell,577174,0.6456445993031359,372649.27595818817,521.7089863414634,372127.56697184674
2020-04-28,002535.SZ,sell,130715,0.9940812720848068,129941.33348056552,181.91786687279173,129759.41561369273
2020-04-28,002707.SZ,sell,270619,3.469135071090051,938813.8638033185,1314.3394093246459,937499.5243939939
2020-04-28,000802.SZ,sell,90218,5.257005025125621,474276.47935678327,663.9870710994966,473612.4922856838
2020-04-28,603661.SH,sell,32880,23.903258520828672,785939.1401648468,1100.3147962307855,784838.825368616
2020-04-28,600673.SH,sell,162700,4.492474874371861,730925.6620603018,1023.2959268844224,729902.3661334174
2020-04-28,000680.SZ,sell,196,3.5171081081081064,689.3531891891888,0.9650944648648643,688.388094724324
2020-04-28,603360.SH,sell,4929,10.2524215630348,50534.18588419852,70.74786023787793,50463.43802396065
2020-04-28,600333.SH,sell,294103,2.612542857142858,768356.691914286,1075.6993686800004,767280.992545606
2020-04-28,002688.SZ,sell,11562,7.789193302891934,90058.65296803653,126.08211415525115,89932.57085388129
2020-04-28,601899.SH,buy,333900,3.249131578947371,1084885.0342105273,1518.8390478947383,1086403.8732584221
2020-04-28,002907.SZ,buy,58700,18.467573221757323,1084046.548117155,1517.665167364017,1085564.213284519
2020-04-28,002392.SZ,buy,293900,3.690789473684214,1084723.0263157906,1518.6122368421068,1086241.6385526329
2020-04-29,603309.SH,sell,3037,19.137851296043674,58121.654386084636,81.37031614051848,58040.28406994412
2020-04-29,603860.SH,sell,34448,23.776041666666664,819037.0833333333,1146.6519166666665,817890.4314166666
2020-04-29,600702.SH,sell,57131,19.199391447368424,1096880.4327796055,1535.6326058914476,1095344.800173714
2020-04-29,002535.SZ,buy,310200,0.983957597173146,305223.6466431099,427.31310530035387,305650.95974841027
2020-04-29,000506.SZ,buy,177800,1.7162116040955646,305142.4232081914,427.19939249146796,305569.6226006829
2020-04-29,603661.SH,buy,13500,22.609668077522823,305230.5190465581,427.3227266651814,305657.8417732233
2020-04-29,600673.SH,buy,69300,4.401135678391961,304998.7025125629,426.9981835175881,305425.7006960805
2020-04-29,000680.SZ,buy,87400,3.492972972972971,305285.8378378377,427.40017297297277,305713.2380108107
2020-04-29,603360.SH,buy,30800,9.911336993725046,305269.1794067314,427.37685116942396,305696.55625790084
2020-04-29,002170.SZ,buy,62600,4.86958333333333,304835.91666666645,426.77028333333305,305262.6869499998
2020-04-29,600333.SH,buy,121500,2.5115904761904773,305158.242857143,427.2215400000002,305585.464397143
2020-04-29,002246.SZ,buy,40400,7.552157894736841,305107.1789473684,427.15005052631574,305534.3289978947
2020-04-30,001914.SZ,sell,1861,36.50051124744373,67927.45143149278,95.09843200408989,67832.35299948869
2020-04-30,603860.SH,buy,2700,22.147956521739125,59799.48260869564,83.71927565217389,59883.201884347814
2020-04-30,600053.SH,buy,2400,24.771853771898463,59452.449052556316,83.23342867357884,59535.6824812299
2020-04-30,002707.SZ,buy,15000,4.098246445497634,61473.696682464506,86.06317535545031,61559.75985781996
2020-04-30,603309.SH,buy,3300,18.49744542974081,61041.569918144676,85.45819788540254,61127.02811603008
2020-04-30,600702.SH,buy,3200,18.848588815789476,60315.48421052632,84.44167789473686,60399.925888421065
2020-04-30,002688.SZ,buy,7700,7.964452054794519,61326.2808219178,85.85679315068491,61412.13761506849
2020-05-06,002716.SZ,buy,1300,0.5608362369337978,729.0871080139372,1.020721951219512,730.1078299651567
2020-05-06,600110.SH,buy,100,4.450351239669423,445.03512396694236,0.6230491735537194,445.6581731404961
2020-05-06,600115.SH,buy,200,3.104095563139932,620.8191126279864,0.869146757679181,621.6882593856657
2020-05-06,000506.SZ,buy,300,2.046501706484644,613.9505119453931,0.8595307167235504,614.8100426621168
2020-05-06,600712.SH,buy,300,2.4336697247706414,730.1009174311924,1.0221412844036695,731.1230587155961
2020-05-07,002240.SZ,buy,100,8.705809284818073,870.5809284818074,1.2188132998745305,871.799741781682
2020-05-08,000802.SZ,buy,100,3.608718592964818,360.8718592964818,0.5052206030150744,361.3770798994969
2020-05-11,002535.SZ,buy,500,0.7200000000000009,360.00000000000045,0.5040000000000007,360.5040000000005
2020-05-13,002535.SZ,sell,475,0.6006183745583046,285.29372791519467,0.39941121908127253,284.8943166961134
2020-05-13,000809.SZ,buy,100,2.1774476987447686,217.74476987447687,0.3048426778242676,218.04961255230114
2020-05-14,002535.SZ,buy,300,0.6273851590106014,188.21554770318042,0.2635017667844526,188.47904946996488
2020-05-18,600053.SH,sell,2359,21.122391848409,49827.72237039683,69.75881131855556,49757.96355907827
2020-05-18,002749.SZ,buy,200,17.17352941176471,3434.7058823529424,4.80858823529412,3439.5144705882367
2020-05-18,002425.SZ,buy,700,5.65653846153846,3959.576923076922,5.5434076923076905,3965.12033076923
2020-05-18,002489.SZ,buy,1100,3.547728337236534,3902.501170960187,5.463501639344262,3907.9646725995317
2020-05-18,002707.SZ,buy,800,4.687677725118487,3750.1421800947896,5.2501990521327055,3755.3923791469224
2020-05-18,002524.SZ,buy,500,7.282017958412099,3641.0089792060494,5.097412570888469,3646.106391776938
2020-05-18,601689.SH,buy,100,29.993303080308024,2999.3303080308024,4.1990624312431235,3003.529370462046
2020-05-18,002042.SZ,buy,900,4.334868243243243,3901.3814189189184,5.4619339864864855,3906.843352905405
2020-05-18,002483.SZ,buy,700,5.159508196721314,3611.6557377049194,5.056318032786887,3616.7120557377066
2020-05-18,600602.SH,buy,500,7.394016052318668,3697.008026159334,5.175811236623067,3702.183837395957
2020-05-18,600313.SH,buy,600,5.873435483870971,3524.0612903225824,4.933685806451615,3528.994976129034
2020-05-19,601899.SH,buy,500,3.429694736842108,1714.847368421054,2.4007863157894755,1717.2481547368436
2020-05-20,300548.SZ,sell,7906,40.245008257638325,318177.0352848886,445.447849398844,317731.58743548975
2020-05-20,002661.SZ,buy,1500,31.27154213727193,46907.31320590789,65.67023848827105,46972.983444396166
2020-05-20,300564.SZ,buy,2200,21.241637793176967,46731.60314498933,65.42424440298505,46797.027389392315
2020-05-20,600053.SH,buy,2200,20.739420808008568,45626.72577761885,63.877416088666386,45690.60319370752
2020-05-20,603279.SH,buy,2000,23.46175807919889,46923.51615839778,65.69292262175689,46989.209081019544
2020-05-20,001914.SZ,buy,900,51.63404907975458,46470.644171779124,65.05890184049078,46535.70307361962
2020-05-20,603661.SH,buy,1300,36.0728280240588,46894.67643127644,65.65254700378702,46960.32897828023
2020-05-20,002878.SZ,buy,1000,43.03633813611287,43036.33813611287,60.25087339055802,43096.589009503434
2020-05-21,002489.SZ,sell,1116,3.2059953161592505,3577.8907728337235,5.009047081967213,3572.8817257517567
2020-05-21,002878.SZ,sell,1000,38.099484978540815,38099.484978540815,53.33927896995714,38046.14569957086
2020-05-21,300548.SZ,buy,400,36.025282135975786,14410.112854390314,20.17415799614644,14430.287012386461
2020-05-21,300221.SZ,buy,3500,4.675420240137216,16363.970840480255,22.909559176672357,16386.88039965693
2020-05-21,603659.SH,buy,100,85.60163255759568,8560.163255759568,11.984228558063394,8572.147484317631
2020-05-22,002246.SZ,sell,43616,7.811888157894734,340723.31389473676,477.01263945263145,340246.3012552841
2020-05-22,603659.SH,sell,100,76.0907969828091,7609.07969828091,10.652711577593273,7598.426986703317
2020-05-22,002489.SZ,buy,29500,3.028747072599532,89348.03864168619,125.08725409836066,89473.12589578456
2020-05-22,688233.SH,buy,2000,41.0363506926629,82072.7013853258,114.90178193945611,82187.60316726526
2020-05-22,002707.SZ,buy,17500,5.1034478672985815,89310.33767772517,125.03447274881523,89435.372150474
2020-05-22,000966.SZ,buy,28200,3.166342494714589,89290.85835095141,125.00720169133197,89415.86555264275
2020-05-25,603309.SH,sell,3256,10.223584583901784,33287.99140518421,46.603187967257895,33241.388217216954
2020-05-25,603661.SH,sell,1290,31.766230786366663,40978.437714413,57.369812800178195,40921.06790161282
2020-05-25,603659.SH,buy,300,71.3875204654427,21416.256139632813,29.982758595485937,21446.2388982283
2020-05-25,002246.SZ,buy,3700,7.261046052631577,26865.870394736834,37.61221855263157,26903.482613289467
2020-05-25,002878.SZ,buy,900,30.26565374003682,27239.08836603314,38.134723712446394,27277.223089745585
2020-05-26,002425.SZ,buy,100,5.435106837606836,543.5106837606836,0.7609149572649571,544.2715987179486
2020-05-26,600509.SH,buy,100,3.45514745308311,345.514745308311,0.48372064343163534,345.9984659517426
2020-05-26,000506.SZ,buy,300,1.8231655290102409,546.9496587030723,0.7657295221843011,547.7153882252566
2020-05-26,600333.SH,buy,100,3.157090476190476,315.7090476190476,0.44199266666666664,316.1510402857143
2020-05-27,000592.SZ,buy,100,1.9333131487889283,193.33131487889284,0.27066384083045,193.6019787197233
2020-05-27,601996.SH,buy,100,2.6394230769230784,263.94230769230785,0.369519230769231,264.3118269230771
2020-05-28,601996.SH,sell,100,2.268653846153847,226.8653846153847,0.31761153846153856,226.54777307692316
2020-05-28,600808.SH,buy,100,2.1939563106796105,219.39563106796106,0.3071538834951455,219.7027849514562
2020-05-29,002749.SZ,sell,192,11.971377921031433,2298.504560838035,3.217906385173249,2295.286654452862
2020-05-29,300735.SZ,sell,28182,11.364923421740746,320286.27187149774,448.40078062009684,319837.8710908776
2020-05-29,603298.SH,sell,91720,6.556010023130301,601317.2393215112,841.8441350501157,600475.3951864612
2020-05-29,002661.SZ,buy,1300,45.53627063423108,59197.151824500404,82.87601255430056,59280.02783705471
2020-05-29,002675.SZ,buy,2700,22.249182272159807,60072.79213483148,84.10190898876407,60156.89404382025
2020-05-29,000011.SZ,buy,6600,9.335325972660364,61613.1514195584,86.25841198738176,61699.40983154579
2020-05-29,600053.SH,buy,2600,23.35925098319627,60734.0525563103,85.02767357883442,60819.080229889136
2020-05-29,600929.SH,buy,9400,6.514841149773068,61239.50680786684,85.73530953101357,61325.24211739786
2020-05-29,002774.SZ,buy,9600,6.415159090909087,61585.52727272724,86.21973818181813,61671.74701090906
2020-05-29,002489.SZ,buy,17900,3.4420608899297416,61612.88992974238,86.25804590163933,61699.147975644024
2020-05-29,603659.SH,buy,700,87.77833001988081,61444.83101391657,86.0227634194832,61530.85377733606
2020-05-29,601689.SH,buy,1900,31.14994499449945,59184.89548954895,82.85885368536853,59267.75434323432
2020-05-29,603309.SH,buy,6700,9.129150750341072,61165.31002728518,85.63143403819925,61250.94146132338
2020-05-29,603661.SH,buy,1400,43.38208676765425,60734.92147471595,85.02889006460232,60819.950364780554
2020-05-29,603908.SH,buy,2500,24.076084407971845,60190.211019929615,84.26629542790145,60274.47731535752
2020-05-29,601996.SH,buy,27000,2.284562937062939,61683.19930069935,86.3564790209791,61769.55577972034
2020-05-29,600834.SH,buy,1900,31.14152610441766,59168.89959839355,82.83645943775097,59251.73605783131
2020-05-29,002222.SZ,buy,4700,12.990130744849427,61053.61450079231,85.47506030110924,61139.089561093424
2020-06-01,002749.SZ,buy,100,12.352066881547142,1235.2066881547141,1.7292893634165998,1236.9359775181308
2020-06-01,002425.SZ,buy,300,7.559128205128201,2267.7384615384603,3.1748338461538443,2270.9132953846142
2020-06-01,002707.SZ,buy,300,7.361398104265408,2208.4194312796226,3.0917872037914718,2211.5112184834143
2020-06-01,300735.SZ,buy,100,12.334731042211423,1233.4731042211424,1.7268623459095993,1235.1999665670521
2020-06-01,603298.SH,buy,300,6.679086353122591,2003.7259059367773,2.8052162683114883,2006.5311222050889
2020-06-02,002707.SZ,sell,300,6.416117693522911,1924.8353080568734,2.6947694312796227,1922.1405386255938
2020-06-02,002688.SZ,buy,100,8.53869101978691,853.869101978691,1.1954167427701674,855.0645187214612
2020-06-02,000802.SZ,buy,300,3.930587939698488,1179.1763819095463,1.6508469346733647,1180.8272288442197
2020-06-03,002707.SZ,buy,100,5.950774091627176,595.0774091627176,0.8331083728278046,595.9105175355454
2020-06-04,002927.SZ,sell,69155,8.37181607230093,578952.9404799709,810.5341166719593,578142.406363299
2020-06-04,002661.SZ,buy,1500,42.40953518679407,63614.30278019111,89.06002389226755,63703.36280408338
2020-06-04,000011.SZ,buy,4400,14.412492113564676,63414.965299684576,88.7809514195584,63503.74625110414
2020-06-04,603093.SH,buy,3800,16.673851000741276,63360.63380281685,88.70488732394358,63449.338690140794
2020-06-04,001914.SZ,buy,1200,53.399378834355815,64079.25460122698,89.71095644171777,64168.9655576687
2020-06-04,002042.SZ,buy,12600,5.131939189189188,64662.43378378377,90.52740729729727,64752.96119108107
2020-06-04,600712.SH,buy,17100,3.782777777777776,64685.49999999996,90.55969999999995,64776.05969999997
2020-06-04,600834.SH,buy,2000,31.41283132530119,62825.66265060238,87.95592771084334,62913.61857831323
2020-06-04,002878.SZ,buy,1500,41.45378295524221,62180.674432863314,87.05294420600863,62267.72737706933
2020-06-04,002222.SZ,buy,4400,14.646949286846253,64446.57686212351,90.22520760697292,64536.80206973049
2020-06-05,600712.SH,sell,17100,3.317568807339448,56730.42660550456,79.42259724770638,56651.00400825685
2020-06-05,002927.SZ,buy,2500,8.716116267708847,21790.290669272115,30.506406936980962,21820.7970762091
2020-06-05,002240.SZ,buy,1600,13.54142409033878,21666.278544542045,30.332789962358863,21696.611334504407
2020-06-05,002707.SZ,buy,3200,6.666864139020541,21333.965244865733,29.867551342812025,21363.832796208546
2020-06-08,002675.SZ,sell,2794,21.82731741573033,60985.52485955055,85.37973480337077,60900.14512474718
2020-06-08,000802.SZ,sell,322,4.079417085427131,1313.5723015075364,1.839001222110551,1311.733300285426
2020-06-08,600834.SH,sell,2022,28.546703480589,57721.434437750955,80.81000821285133,57640.624429538104
2020-06-08,600115.SH,buy,8500,3.542555460750853,30111.72141638225,42.15640998293515,30153.877826365188
2020-06-08,600035.SH,buy,10800,2.7756104651162765,29976.593023255788,41.9672302325581,30018.560253488347
2020-06-08,600712.SH,buy,10400,2.894401121304789,30101.77166156981,42.142480326197735,30143.914141896006
2020-06-08,002795.SZ,buy,2200,13.51202873160475,29726.463209530448,41.61704849334263,29768.080258023794
2020-06-15,603103.SH,sell,99728,12.562105930055766,1252793.7001926014,1753.911180269642,1251039.7890123317
2020-06-15,000592.SZ,buy,30800,2.8985467128027698,89275.23875432531,124.98533425605544,89400.22408858138
2020-06-15,603860.SH,buy,3400,26.12278260869565,88817.46086956521,124.3444452173913,88941.80531478261
2020-06-15,300819.SZ,buy,3200,27.52545967741934,88081.47096774189,123.31405935483863,88204.78502709673
2020-06-15,002675.SZ,buy,3200,27.351398252184765,87524.47440699124,122.53426416978773,87647.00867116103
2020-06-15,000011.SZ,buy,4100,21.4720084121977,88035.23449001057,123.24932828601479,88158.48381829659
2020-06-15,002489.SZ,buy,23200,3.850772833723653,89337.92974238875,125.07310163934424,89463.0028440281
2020-06-15,000802.SZ,buy,23400,3.818080402010045,89343.08140703505,125.08031396984906,89468.1617210049
2020-06-15,002240.SZ,buy,4700,18.995909661229625,89280.77540777923,124.99308557089093,89405.76849335013
2020-06-15,002042.SZ,buy,15700,5.6875202702702685,89294.06824324322,125.01169554054052,89419.07993878378
2020-06-15,002021.SZ,buy,57200,1.5622100000000003,89358.41200000001,125.10177680000001,89483.51377680001
2020-06-15,002494.SZ,buy,24500,3.641287128712871,89211.53465346535,124.89614851485149,89336.43080198021
2020-06-15,600834.SH,buy,3500,25.3921017402945,88872.35609103074,124.42129852744304,88996.77738955819
2020-06-15,002878.SZ,buy,1700,50.906192519926485,86540.52728387502,121.15673819742503,86661.68402207246
2020-06-15,002222.SZ,buy,6000,14.887797147385076,89326.78288431045,125.05749603803463,89451.8403803485
2020-06-16,300756.SZ,sell,36104,11.964686260623214,431973.0327535405,604.7622458549566,431368.27050768555
2020-06-16,600755.SH,buy,25200,5.800840080971664,146181.17004048594,204.6536380566803,146385.82367854263
2020-06-16,603103.SH,buy,11800,12.318580841358353,145359.25392802857,203.50295549924,145562.75688352782
2020-06-16,600712.SH,buy,43000,3.400369520897043,146215.88939857285,204.702245158002,146420.59164373085
2020-06-17,002240.SZ,sell,4681,16.171869510665008,75700.5211794229,105.98072965119205,75594.54044977171
2020-06-17,000592.SZ,sell,32541,2.812863321799309,91533.38535467132,128.14673949653985,91405.23861517479
2020-06-17,603360.SH,buy,4800,11.59083713633771,55636.018254421004,77.8904255561894,55713.9086799772
2020-06-17,300756.SZ,buy,4500,12.229164305948991,55031.23937677046,77.04373512747866,55108.283111897945
2020-06-17,600110.SH,buy,12000,4.644023760330583,55728.285123967,78.0195991735538,55806.30472314056
2020-06-19,300468.SZ,sell,3478,13.232447552447548,46022.45258741257,64.4314336223776,45958.02115379019
2020-06-19,600808.SH,sell,103,2.3766019417475728,244.79,0.342706,244.447294
2020-06-19,002878.SZ,sell,1692,17.112174279583098,28953.7988810546,40.53531843347644,28913.263562621127
2020-06-19,000592.SZ,buy,5100,2.455207612456749,12521.55882352942,17.53018235294119,12539.089005882362
2020-06-19,000011.SZ,buy,400,26.17544164037857,10470.176656151427,14.658247318611997,10484.83490347004
2020-06-19,002240.SZ,buy,600,19.109429109159365,11465.657465495618,16.051920451693867,11481.709385947313
2020-06-19,002907.SZ,buy,600,18.95854751942619,11375.128511655714,15.925179916318,11391.053691572033
2020-06-19,600834.SH,buy,600,19.93686077643908,11962.116465863448,16.746963052208827,11978.863428915658
2020-06-19,002688.SZ,buy,1400,8.901499238964995,12462.098934550993,17.44693850837139,12479.545873059365
2020-06-22,600808.SH,buy,300,2.283300970873787,684.990291262136,0.9589864077669904,685.949277669903
2020-06-24,000011.SZ,sell,393,23.19906677181915,9117.233241324926,12.764126537854896,9104.46911478707
2020-06-24,002688.SZ,sell,1390,7.803363774733641,10846.675646879761,15.185345905631666,10831.49030097413
2020-06-24,300468.SZ,buy,100,14.493076923076917,1449.3076923076917,2.0290307692307685,1451.3367230769225
2020-06-24,600110.SH,buy,400,5.092809917355377,2037.123966942151,2.851973553719011,2039.97594049587
2020-06-24,000920.SZ,buy,300,7.231826636904758,2169.5479910714275,3.0373671874999983,2172.5853582589275
2020-06-24,603298.SH,buy,200,9.104471858134158,1820.8943716268316,2.549252120277564,1823.4436237471093
2020-06-29,002524.SZ,buy,100,11.04499054820416,1104.499054820416,1.5462986767485822,1106.0453534971646
2020-06-29,002688.SZ,buy,100,6.8631050228310535,686.3105022831054,0.9608347031963476,687.2713369863018
2020-06-30,000920.SZ,buy,100,8.259062499999994,825.9062499999993,1.156268749999999,827.0625187499994
2020-07-01,000411.SZ,buy,100,12.51902823240589,1251.902823240589,1.7526639525368246,1253.655487193126
2020-07-01,000045.SZ,buy,100,8.340872703412064,834.0872703412064,1.167722178477689,835.2549925196842
2020-07-02,002707.SZ,buy,100,9.245197472353878,924.5197472353877,1.2943276461295428,925.8140748815174
2020-07-03,601588.SH,sell,440783,2.388108108108109,1052637.4562162166,1473.6924387027032,1051163.763777514
2020-07-03,603995.SH,buy,3000,23.02341452205884,69070.24356617652,96.69834099264713,69166.94190716917
2020-07-03,603369.SH,buy,1300,53.72467857142852,69842.08214285708,97.77891499999991,69939.86105785708
2020-07-03,600053.SH,buy,1800,38.99937611726848,70198.87701108327,98.27842781551658,70297.15543889879
2020-07-03,000011.SZ,buy,2600,26.801324921135663,69683.44479495272,97.55682271293381,69781.00161766566
2020-07-03,002489.SZ,buy,15700,4.500526932084307,70658.27283372362,98.92158196721306,70757.19441569084
2020-07-03,603659.SH,buy,500,135.2296748918257,67614.83744591285,94.660772424278,67709.49821833713
2020-07-03,000002.SZ,buy,2800,25.200737100737083,70562.06388206383,98.78688943488936,70660.85077149872
2020-07-03,603298.SH,buy,6900,10.267386276021591,70844.96530454898,99.18295142636858,70944.14825597535
2020-07-03,002240.SZ,buy,2900,24.182917189460497,70130.45984943544,98.18264378920962,70228.64249322466
2020-07-03,601689.SH,buy,1600,43.60581683168314,69769.30693069303,97.67702970297023,69866.983960396
2020-07-03,000802.SZ,buy,12500,5.641783919597984,70522.2989949748,98.73121859296472,70621.03021356776
2020-07-03,603661.SH,buy,1200,56.1227032746714,67347.24392960568,94.28614150144796,67441.53007110713
2020-07-03,601339.SH,buy,22100,3.192487562189052,70553.97512437805,98.77556517412927,70652.75068955218
2020-07-03,603908.SH,buy,2700,25.54189917936692,68963.12778429069,96.54837889800696,69059.67616318869
2020-07-03,002878.SZ,buy,4700,14.773451870018418,69435.22378908657,97.20931330472119,69532.4331023913
2020-07-06,002716.SZ,sell,1401,0.6163414634146345,863.4943902439029,1.2088921463414641,862.2854980975615
2020-07-06,600702.SH,buy,300,45.47093092105266,13641.2792763158,19.09779098684212,13660.377067302643
2020-07-07,603458.SH,sell,80,14.489747132429626,1159.17977059437,1.622851678832118,1157.5569189155378
2020-07-07,002716.SZ,buy,300,0.6487804878048784,194.63414634146352,0.2724878048780489,194.9066341463416
2020-07-07,600569.SH,buy,100,1.9445410156250005,194.45410156250006,0.2722357421875001,194.72633730468758
2020-07-08,603038.SH,sell,75686,9.785538358008072,740628.256164199,1036.8795586298786,739591.3766055692
2020-07-08,603659.SH,buy,100,167.3434978365106,16734.34978365106,23.428089697111485,16757.777873348175
2020-07-08,601919.SH,buy,9600,3.363712686567158,32291.641791044716,45.2082985074626,32336.85008955218
2020-07-08,600138.SH,buy,3400,9.273187499999992,31528.837499999972,44.14037249999996,31572.977872499974
2020-07-08,600509.SH,buy,9300,3.4428820375335136,32018.802949061675,44.826324128686345,32063.629273190363
2020-07-08,603103.SH,buy,1600,19.0616561074506,30498.64977192096,42.69810968068934,30541.34788160165
2020-07-08,000031.SZ,buy,7200,4.465866712707186,32154.24033149174,45.01593646408843,32199.25626795583
2020-07-08,002392.SZ,buy,5900,5.413082706766925,31937.18796992486,44.712063157894804,31981.90003308276
2020-07-08,603093.SH,buy,1300,24.748081912527784,32172.506486286118,45.041509080800566,32217.54799536692
2020-07-08,000011.SZ,buy,1000,31.00828075709781,31008.28075709781,43.41159305993693,31051.69235015775
2020-07-08,000506.SZ,buy,13600,2.3628412969283303,32134.641638225294,44.98849829351541,32179.630136518812
2020-07-08,000002.SZ,buy,1100,28.30159705159703,31131.756756756735,43.58445945945943,31175.341216216195
2020-07-08,000937.SZ,buy,9700,3.3239130434782567,32241.95652173909,45.13873913043472,32287.095260869526
2020-07-08,600015.SH,buy,5000,6.361305194805195,31806.525974025975,44.52913636363637,31851.055110389614
2020-07-08,603458.SH,buy,2300,14.022893639207515,32252.655370177286,45.1537175182482,32297.809087695536
2020-07-08,601588.SH,buy,11800,2.722987987987989,32131.25825825827,44.98376156156158,32176.242019819834
2020-07-08,000958.SZ,buy,7800,4.127234042553192,32192.425531914894,45.069395744680854,32237.494927659576
2020-07-08,600177.SH,buy,4900,6.542228412256273,32056.919220055737,44.87968690807803,32101.798906963817
2020-07-08,002425.SZ,buy,400,67.91927350427349,27167.709401709395,38.03479316239315,27205.74419487179
2020-07-08,000802.SZ,buy,5400,5.954648241206024,32155.100502512527,45.01714070351754,32200.117643216046
2020-07-08,002240.SZ,buy,1100,27.74753764115435,30522.291405269785,42.7312079673777,30565.022613237164
2020-07-08,600808.SH,buy,11500,2.7899676375404523,32084.627831715203,44.91847896440128,32129.546310679605
2020-07-08,000779.SZ,buy,2500,12.92523913043478,32313.097826086952,45.238336956521735,32358.336163043477
2020-07-08,600755.SH,buy,4400,7.2184615384615425,31761.230769230788,44.465723076923105,31805.696492307714
2020-07-09,603038.SH,buy,700,9.872476446837142,6910.733512786,9.6750269179004,6920.408539703901
2020-07-09,601689.SH,buy,100,67.1076237623762,6710.762376237621,9.395067326732669,6720.157443564353
2020-07-09,601198.SH,buy,400,16.474954128440363,6589.981651376145,9.225974311926603,6599.207625688072
2020-07-09,600712.SH,buy,1600,4.758491335372067,7613.586136595308,10.65902059123343,7624.245157186542
2020-07-10,002425.SZ,sell,424,62.76832051282049,26613.767897435886,37.25927505641024,26576.508622379475
2020-07-10,603360.SH,buy,400,15.224786081003998,6089.9144324016,8.52588020536224,6098.440312606962
2020-07-10,600678.SH,buy,1100,6.552590221187423,7207.849243306166,10.090988940628632,7217.940232246795
2020-07-10,000506.SZ,buy,2400,3.0179607508532458,7243.105802047789,10.140348122866905,7253.246150170657
2020-07-10,000802.SZ,buy,1000,6.892359296482406,6892.359296482406,9.649303015075368,6902.008599497482
2020-07-15,002042.SZ,sell,15496,5.006506756756756,77580.82870270268,108.61316018378375,77472.2155425189
2020-07-15,600712.SH,sell,1639,4.368417431192659,7159.836169724768,10.023770637614675,7149.812399087154
2020-07-15,002878.SZ,sell,5387,17.71756207847948,95444.50691676897,133.62230968347654,95310.88460708549
2020-07-15,601899.SH,buy,1100,6.85136842105264,7536.505263157904,10.551107368421064,7547.056370526326
2020-07-15,600110.SH,buy,1300,5.725826446280998,7443.574380165297,10.421004132231415,7453.995384297529
2020-07-15,603995.SH,buy,200,26.146949448529423,5229.389889705884,7.321145845588238,5236.711035551473
2020-07-15,600053.SH,buy,100,44.89021094029312,4489.021094029313,6.284629531641038,4495.305723560954
2020-07-15,601689.SH,buy,100,70.82709020902087,7082.709020902086,9.91579262926292,7092.62481353135
2020-07-15,000816.SZ,buy,5100,1.4602649006622508,7447.350993377479,10.42629139072847,7457.777284768208
2020-07-15,603616.SH,buy,1000,7.009745508982036,7009.745508982036,9.81364371257485,7019.559152694611
2020-07-15,603103.SH,buy,200,25.58639254941716,5117.278509883432,7.164189913836805,5124.442699797269
2020-07-15,002392.SZ,buy,1300,5.512581453634095,7166.355889724323,10.032898245614051,7176.388787969938
2020-07-15,603661.SH,buy,100,72.2240304076632,7222.4030407663195,10.111364257072847,7232.514405023393
2020-07-15,000680.SZ,buy,1700,4.424716216216216,7522.017567567566,10.530824594594593,7532.548392162162
2020-07-15,600702.SH,buy,100,63.04789473684217,6304.789473684216,8.826705263157903,6313.6161789473745
2020-07-15,600313.SH,buy,1400,5.274443548387103,7384.220967741943,10.33790935483872,7394.558877096782
2020-07-15,001914.SZ,buy,100,64.69766104294479,6469.766104294478,9.05767254601227,6478.823776840491
2020-07-15,601015.SH,buy,2100,3.536470588235293,7426.588235294115,10.397223529411761,7436.985458823528
2020-07-15,603908.SH,buy,200,29.30581477139505,5861.16295427901,8.205628135990613,5869.368582415001
2020-07-15,000045.SZ,buy,600,10.98720472440944,6592.3228346456635,9.22925196850393,6601.552086614168
2020-07-15,002688.SZ,buy,700,10.315525114155257,7220.8675799086795,10.10921461187215,7230.976794520552
2020-07-15,002661.SZ,buy,100,54.17691138140744,5417.691138140744,7.584767593397042,5425.275905734142
2020-07-15,300465.SZ,buy,200,27.506687743190717,5501.337548638144,7.7018725680934015,5509.039421206237
2020-07-15,002707.SZ,buy,400,17.010466034755147,6804.186413902059,9.525860979462882,6813.712274881523
2020-07-15,002524.SZ,buy,400,15.191942344045376,6076.77693761815,8.50748771266541,6085.284425330817
2020-07-15,002240.SZ,buy,100,38.06013488080305,3806.013488080305,5.328418883312427,3811.3419069636175
2020-07-15,300171.SZ,buy,100,43.34301795580114,4334.301795580113,6.068022513812158,4340.3698180939255
2020-07-16,002749.SZ,sell,91,13.27518130539888,1208.041498791298,1.6912580983078171,1206.3502406929902
2020-07-16,603995.SH,sell,200,23.12296875000001,4624.593750000002,6.474431250000002,4618.119318750002
2020-07-16,600053.SH,sell,100,39.81794958884515,3981.7949588845154,5.5745129424383215,3976.2204459420773
2020-07-16,603659.SH,sell,93,137.53132557595623,12790.41327856393,17.906578589989504,12772.506699973941
2020-07-16,601689.SH,sell,100,63.60061881188116,6360.061881188116,8.904086633663361,6351.157794554453
2020-07-16,600138.SH,sell,3683,9.796308593749991,36079.80455078122,50.51172637109371,36029.29282441013
2020-07-16,002907.SZ,sell,632,19.18852361028096,12127.146921697567,16.978005690376595,12110.168916007191
2020-07-16,002675.SZ,sell,3410,27.851966292134826,94975.20505617975,132.96528707865164,94842.2397691011
2020-07-16,603038.SH,sell,732,9.670380215343204,7078.718317631226,9.910205644683716,7068.808111986542
2020-07-16,603661.SH,sell,100,61.856248050790825,6185.624805079083,8.659874727110715,6176.964930351973
2020-07-16,600702.SH,sell,100,53.01272368421058,5301.272368421058,7.421781315789481,5293.8505871052685
2020-07-16,600313.SH,sell,1400,4.690903225806456,6567.264516129038,9.194170322580653,6558.070345806458
2020-07-16,600872.SH,sell,22033,105.63358645459192,2327424.8103540237,3258.394734495633,2324166.4156195284
2020-07-16,601015.SH,sell,2100,3.1051857585139304,6520.890092879254,9.129246130030955,6511.760846749223
2020-07-16,603360.SH,sell,375,12.372313177410154,4639.617441528808,6.4954644181403305,4633.121977110668
2020-07-16,002661.SZ,sell,100,47.78999999999997,4778.999999999997,6.690599999999996,4772.309399999997
2020-07-16,603369.SH,sell,1549,65.41830357142852,101332.95223214278,141.8661331249999,101191.08609901779
2020-07-16,600929.SH,sell,10020,6.848695158850228,68623.92549167929,96.073495688351,68527.85199599093
2020-07-16,002707.SZ,sell,400,14.408135860979476,5763.25434439179,8.068556082148506,5755.185788309642
2020-07-16,002524.SZ,sell,400,13.328809073724011,5331.523629489605,7.464133081285447,5324.059496408319
2020-07-16,002240.SZ,sell,100,33.87703889585951,3387.7038895859514,4.742785445420332,3382.961104140531
2020-07-16,000920.SZ,buy,39800,9.865848214285714,392660.7589285714,549.7250625,393210.48399107147
2020-07-16,000011.SZ,buy,6800,57.44824395373295,390648.05888538406,546.9072824395377,391194.96616782364
2020-07-16,001872.SZ,buy,28300,13.86951575262544,392507.2957992999,549.5102141190199,393056.80601341894
2020-07-16,002042.SZ,buy,83800,4.685929054054052,392680.85472972953,549.7531966216213,393230.6079263512
2020-07-16,600712.SH,buy,97500,4.029495412844035,392875.8027522934,550.0261238532107,393425.82887614664
2020-07-16,002878.SZ,buy,23100,17.006284488044166,392845.17167382024,549.9832403433484,393395.15491416364
2020-07-16,002222.SZ,buy,21500,18.208050713153707,391473.0903328047,548.0623264659266,392021.1526592707
2020-07-17,603103.SH,sell,199,22.827635580334537,4542.699480486573,6.359779272681202,4536.339701213891
2020-07-23,002716.SZ,buy,100,0.7997212543554012,79.97212543554012,0.11196097560975617,80.08408641114988
2020-07-24,600110.SH,sell,1235,4.53647727272728,5602.549431818191,7.843569204545467,5594.705862613646
2020-07-24,000920.SZ,sell,39552,8.57803199404762,339278.3214285715,474.98965000000004,338803.3317785715
2020-07-24,000802.SZ,sell,955,5.632251256281402,5378.799949748739,7.530319929648234,5371.269629819091
2020-07-24,002878.SZ,sell,21677,13.209993868792168,286353.0370938078,400.8942519313309,285952.1428418765
2020-07-24,002222.SZ,sell,21598,16.02896988906496,346193.691664025,484.671168329635,345709.0204956954
2020-07-24,002749.SZ,buy,2200,14.916901692183728,32817.1837228042,45.94405721192588,32863.127780016126
2020-07-24,603995.SH,buy,1500,21.60900000000001,32413.500000000015,45.37890000000002,32458.878900000018
2020-07-24,600053.SH,buy,1000,31.22761887736858,31227.618877368583,43.71866642831601,31271.3375437969
2020-07-24,001872.SZ,buy,2300,14.183693115519256,32622.49416569429,45.671491831972006,32668.165657526264
2020-07-24,600678.SH,buy,5500,5.923742724097785,32580.584982537817,45.61281897555294,32626.19780151337
2020-07-24,601919.SH,buy,10300,3.1819589552238736,32774.177238805896,45.883848134328254,32820.06108694023
2020-07-24,600138.SH,buy,3700,8.866533203124991,32806.17285156246,45.92864199218745,32852.101493554655
2020-07-24,600509.SH,buy,9400,3.4790750670241293,32703.305630026814,45.78462788203754,32749.090257908854
2020-07-24,603103.SH,buy,1500,21.097868727825663,31646.803091738493,44.30552432843389,31691.10861606693
2020-07-24,002907.SZ,buy,1600,19.53815899581593,31261.054393305487,43.765476150627684,31304.819869456118
2020-07-24,002675.SZ,buy,1000,32.822863607989994,32822.863607989995,45.952009051185996,32868.81561704118
2020-07-24,600569.SH,buy,17600,1.858486328125,32709.359375,45.793103125,32755.152478125
2020-07-24,603661.SH,buy,400,82.04643573178882,32818.57429271553,45.94600400980174,32864.520296725335
2020-07-24,000680.SZ,buy,8400,3.891891891891893,32691.8918918919,45.76864864864866,32737.66054054055
2020-07-24,000826.SZ,buy,4500,7.17425806451613,32284.161290322587,45.19782580645162,32329.359116129042
2020-07-24,600313.SH,buy,6500,4.988564516129036,32425.669354838734,45.395937096774226,32471.06529193551
2020-07-24,000937.SZ,buy,9800,3.3476086956521702,32806.56521739127,45.929191304347775,32852.49440869562
2020-07-24,002033.SZ,buy,5300,6.199825396825402,32859.07460317463,46.00270444444448,32905.077307619074
2020-07-24,601015.SH,buy,11200,2.9343266253869955,32864.45820433435,46.01024148606808,32910.46844582042
2020-07-24,000958.SZ,buy,7800,4.165957446808512,32494.46808510639,45.492255319148946,32539.96034042554
2020-07-24,603360.SH,buy,2400,13.206160867085,31694.786081004,44.3727005134056,31739.158781517406
2020-07-24,002246.SZ,buy,3500,9.300006578947364,32550.023026315775,45.57003223684209,32595.59305855262
2020-07-24,601226.SH,buy,7600,4.299578454332552,32676.796252927397,45.747514754098354,32722.543767681498
2020-07-24,002661.SZ,buy,600,47.73493266724583,28640.959600347498,40.0973434404865,28681.056943787986
2020-07-24,603369.SH,buy,500,55.73871118012419,27869.355590062096,39.01709782608693,27908.372687888186
2020-07-24,600929.SH,buy,4600,7.048910741301061,32424.98940998488,45.39498517397883,32470.38439515886
2020-07-24,002774.SZ,buy,4600,7.138519480519477,32837.18961038959,45.97206545454543,32883.16167584414
2020-07-24,603298.SH,buy,2600,12.515580185042412,32540.50848111027,45.55671187355438,32586.065192983828
2020-07-24,002042.SZ,buy,7200,4.567135135135132,32883.37297297295,46.036722162162135,32929.40969513512
2020-07-24,002233.SZ,buy,2200,14.718012118842848,32379.626661454266,45.33147732603597,32424.958138780305
2020-07-27,600110.SH,buy,200,4.338667355371907,867.7334710743814,1.214826859504134,868.9482979338857
2020-07-27,002392.SZ,buy,100,5.260000000000008,526.0000000000008,0.736400000000001,526.7364000000008
2020-07-27,002489.SZ,buy,100,5.272786885245901,527.27868852459,0.738190163934426,528.0168786885245
2020-07-27,603038.SH,buy,100,8.746853970390312,874.6853970390312,1.2245595558546436,875.9099565948859
2020-07-27,000920.SZ,buy,100,8.292559523809524,829.2559523809524,1.1609583333333333,830.4169107142858
2020-07-27,000592.SZ,buy,200,4.226643598615919,845.3287197231838,1.1834602076124572,846.5121799307963
2020-07-27,000802.SZ,buy,100,5.244188442211051,524.4188442211051,0.7341863819095472,525.1530306030147
2020-07-28,601899.SH,buy,100,7.272757894736851,727.2757894736851,1.0181861052631591,728.2939755789483
2020-07-28,600261.SH,buy,200,3.7336052631578953,746.721052631579,1.0454094736842106,747.7664621052633
2020-07-28,600712.SH,buy,100,5.721304791029559,572.1304791029559,0.8009826707441382,572.9314617737
2020-07-28,000506.SZ,buy,200,3.0325000000000046,606.5000000000009,0.8491000000000013,607.3491000000009
2020-07-28,600313.SH,buy,100,5.2682903225806506,526.829032258065,0.737560645161291,527.5665929032264
2020-07-28,601996.SH,buy,200,3.066057692307696,613.2115384615391,0.8584961538461547,614.0700346153853
2020-07-29,002471.SZ,buy,200,2.1304895833333344,426.0979166666669,0.5965370833333337,426.69445375000026
2020-07-29,002494.SZ,buy,100,4.260577557755776,426.0577557755776,0.5964808580858086,426.65423663366346
2020-07-30,002021.SZ,buy,100,2.90783,290.783,0.4070962,291.1900962
2020-08-05,600035.SH,sell,11308,2.737565406976741,30956.389622092986,43.33894547093018,30913.050676622057
2020-08-05,600110.SH,buy,100,5.605501033057861,560.550103305786,0.7847701446281005,561.3348734504142
2020-08-05,002927.SZ,buy,100,9.497837078651685,949.7837078651685,1.3296971910112358,951.1134050561798
2020-08-05,600261.SH,buy,200,4.7575,951.5,1.3321,952.8321000000001
2020-08-05,002483.SZ,buy,100,7.311498829039816,731.1498829039816,1.0236098360655743,732.1734927400472
2020-08-05,601919.SH,buy,200,4.253843283582082,850.7686567164164,1.191076119402983,851.9597328358195
2020-08-05,600712.SH,buy,100,5.754854740061161,575.4854740061161,0.8056796636085625,576.2911536697247
2020-08-05,000766.SZ,buy,200,4.28759512937595,857.5190258751901,1.2005266362252662,858.7195525114154
2020-08-05,600728.SH,buy,100,10.296611570247936,1029.6611570247937,1.4415256198347113,1031.1026826446284
2020-08-05,002246.SZ,buy,100,10.099621710526309,1009.9621710526309,1.4139470394736833,1011.3761180921047
2020-08-05,000802.SZ,buy,100,6.284261306532658,628.4261306532658,0.8797965829145721,629.3059272361804
2020-08-05,600673.SH,buy,200,4.975733668341712,995.1467336683423,1.3932054271356793,996.5399390954781
2020-08-06,600035.SH,buy,400,2.737565406976741,1095.0261627906964,1.533036627906975,1096.5591994186034
2020-08-06,002688.SZ,buy,100,11.20479452054795,1120.4794520547948,1.5686712328767127,1122.0481232876716
2020-08-07,601899.SH,buy,100,9.330947368421066,933.0947368421066,1.3063326315789492,934.4010694736857
2020-08-10,002716.SZ,sell,109,0.9471428571428576,103.23857142857148,0.14453400000000005,103.09403742857148
2020-08-10,601899.SH,sell,100,8.43888947368422,843.888947368422,1.1814445263157909,842.7075028421062
2020-08-10,002471.SZ,buy,300,2.8407500000000026,852.2250000000008,1.193115000000001,853.4181150000009
2020-08-10,600279.SH,buy,300,3.600251641137852,1080.0754923413556,1.512105689277898,1081.5875980306334
2020-08-10,000592.SZ,buy,100,5.964948096885816,596.4948096885817,0.8350927335640143,597.3299024221457
2020-08-11,002471.SZ,sell,300,2.544427083333336,763.3281250000008,1.068659375000001,762.2594656250009
2020-08-11,000592.SZ,sell,100,5.490034602076126,549.0034602076126,0.7686048442906577,548.234855363322
2020-08-11,601899.SH,buy,100,7.800915789473696,780.0915789473696,1.0921282105263175,781.183707157896
2020-08-11,002482.SZ,buy,200,3.821059602649005,764.211920529801,1.0698966887417214,765.2818172185428
2020-08-11,601919.SH,buy,100,5.042336753731335,504.2336753731335,0.7059271455223869,504.93960251865593
2020-08-11,002716.SZ,buy,1000,0.8890940766550528,889.0940766550528,1.244731707317074,890.33880836237
2020-08-12,601899.SH,sell,100,6.74700000000001,674.700000000001,0.9445800000000013,673.755420000001
2020-08-12,002021.SZ,buy,200,3.9563200000000007,791.2640000000001,1.1077696000000001,792.3717696000002
2020-08-12,002471.SZ,buy,300,2.658666666666669,797.6000000000007,1.116640000000001,798.7166400000008
2020-08-12,000592.SZ,buy,100,5.374870242214536,537.4870242214536,0.752481833910035,538.2395060553637
2020-08-13,601899.SH,buy,100,6.864000000000009,686.4000000000009,0.9609600000000013,687.3609600000009
2020-08-13,000506.SZ,buy,200,2.982670648464168,596.5341296928335,0.8351477815699669,597.3692774744035
2020-08-13,600115.SH,buy,100,4.101399317406139,410.1399317406139,0.5741959044368595,410.7141276450508
2020-08-14,600712.SH,buy,100,4.943300203873596,494.3300203873596,0.6920620285423034,495.02208241590193
2020-08-14,000958.SZ,buy,100,5.025132978723406,502.51329787234056,0.7035186170212768,503.21681648936186
2020-08-17,002580.SZ,buy,100,6.367083333333324,636.7083333333323,0.8913916666666652,637.599724999999
2020-08-18,002392.SZ,buy,100,6.344197994987479,634.4197994987479,0.888187719298247,635.3079872180463
2020-08-19,000506.SZ,sell,221,3.3512798634812326,740.6328498293524,1.0368859897610934,739.5959638395913
2020-08-19,000937.SZ,buy,100,4.581684782608693,458.1684782608693,0.641435869565217,458.80991413043455
2020-08-20,000779.SZ,sell,2586,12.77991787439613,33048.867623188395,46.26841467246375,33002.59920851593
2020-08-20,600678.SH,buy,200,7.633952270081488,1526.7904540162976,2.1375066356228167,1528.9279606519206
2020-08-20,601198.SH,buy,100,13.827868883792028,1382.7868883792028,1.9359016437308838,1384.7227900229339
2020-08-20,600138.SH,buy,100,11.915320312499992,1191.5320312499991,1.6681448437499988,1193.2001760937492
2020-08-20,002392.SZ,buy,200,7.186967418546379,1437.3934837092759,2.0123508771929863,1439.405834586469
2020-08-20,000506.SZ,buy,400,3.224462457337888,1289.784982935155,1.805698976109217,1291.5906819112645
2020-08-20,600313.SH,buy,100,14.092161290322595,1409.2161290322595,1.9729025806451632,1411.1890316129047
2020-08-20,002878.SZ,buy,100,12.947188841201736,1294.7188841201737,1.8126064377682432,1296.531490557942
2020-08-20,300218.SZ,buy,100,13.09047693266834,1309.047693266834,1.8326667705735675,1310.8803600374076
2020-08-20,002707.SZ,buy,100,12.167859399684056,1216.7859399684057,1.703500315955768,1218.4894402843615
2020-08-20,002524.SZ,buy,100,13.367807183364846,1336.7807183364846,1.8714930056710783,1338.6522113421559
2020-08-20,603309.SH,buy,100,15.879085948158266,1587.9085948158267,2.2230720327421576,1590.131666848569
2020-08-21,600808.SH,sell,12261,2.893203883495145,35473.57281553397,49.66300194174755,35423.909813592225
2020-08-21,600313.SH,sell,100,11.79603225806453,1179.603225806453,1.6514445161290343,1177.951781290324
2020-08-21,002749.SZ,buy,100,16.642423448831593,1664.2423448831594,2.329939282836423,1666.5722841659958
2020-08-21,001872.SZ,buy,100,16.549935822637106,1654.9935822637106,2.3169910151691946,1657.31057327888
2020-08-21,603616.SH,buy,400,6.718143712574851,2687.2574850299407,3.762160479041917,2691.0196455089826
2020-08-21,600509.SH,buy,600,3.9996648793565712,2399.798927613943,3.35971849865952,2403.1586461126026
2020-08-21,603103.SH,buy,100,25.345658895083645,2534.5658895083643,3.54839224531171,2538.114281753676
2020-08-21,600834.SH,buy,100,18.726834002677343,1872.6834002677342,2.621756760374828,1875.305157028109
2020-08-21,002907.SZ,buy,100,20.146017632994653,2014.6017632994653,2.8204424686192513,2017.4222057680847
2020-08-21,002222.SZ,buy,100,17.730645800316946,1773.0645800316945,2.4822904120443723,1775.546870443739
2020-08-21,603093.SH,buy,100,22.09154466271311,2209.154466271311,3.0928162527798353,2212.2472825240907
2020-08-21,002471.SZ,buy,900,2.9395729166666693,2645.615625000002,3.703861875000003,2649.3194868750024
2020-08-21,002580.SZ,buy,300,8.132268518518504,2439.680555555551,3.4155527777777714,2443.096108333329
2020-08-21,603279.SH,buy,100,20.1960400546199,2019.60400546199,2.827445607646786,2022.431451069637
2020-08-21,000045.SZ,buy,200,12.51307086614173,2502.614173228346,3.503659842519684,2506.117833070866
2020-08-21,603298.SH,buy,100,20.56648033924441,2056.6480339244413,2.879307247494218,2059.527341171936
2020-08-21,002240.SZ,buy,100,24.984425972396497,2498.44259723965,3.49781963613551,2501.9404168757856
2020-08-21,002233.SZ,buy,100,19.91530101641909,1991.530101641909,2.7881421422986725,1994.3182437842077
2020-08-21,000779.SZ,buy,200,13.467376811594198,2693.4753623188394,3.7708655072463753,2697.246227826086
2020-08-24,600929.SH,buy,200,8.3995537065053,1679.91074130106,2.351875037821484,1682.2626163388816
2020-08-24,002707.SZ,buy,100,13.392835703001596,1339.2835703001597,1.8749969984202235,1341.15856729858
2020-08-24,002927.SZ,buy,100,11.745812164142643,1174.5812164142644,1.6444137029799701,1176.2256301172445
2020-08-24,600808.SH,buy,700,2.8066019417475725,1964.6213592233007,2.750469902912621,1967.3718291262135
2020-08-24,600313.SH,buy,100,11.747806451612917,1174.7806451612917,1.6446929032258084,1176.4253380645175
2020-08-25,600261.SH,sell,192,4.1936052631578935,805.1722105263156,1.1272410947368419,804.0449694315787
2020-08-25,600313.SH,sell,100,10.271975806451623,1027.1975806451624,1.4380766129032272,1025.7595040322592
2020-08-25,603360.SH,sell,2427,10.867393040501996,26375.162909298346,36.925228073017685,26338.237681225328
2020-08-25,000411.SZ,buy,100,30.891520049099803,3089.1520049099804,4.324812806873973,3093.4768177168544
2020-08-25,601899.SH,buy,400,9.191368421052648,3676.547368421059,5.147166315789483,3681.694534736849
2020-08-25,002425.SZ,buy,100,26.306089743589727,2630.608974358973,3.682852564102562,2634.2918269230754
2020-08-25,603860.SH,buy,100,36.455000000000005,3645.5000000000005,5.103700000000001,3650.6037000000006
2020-08-25,002675.SZ,buy,100,37.58271535580521,3758.2715355805212,5.26158014981273,3763.5331157303344
2020-08-25,600702.SH,buy,100,37.6774210526316,3767.7421052631603,5.2748389473684245,3773.016944210529
2020-08-26,603093.SH,sell,98,19.784496849518145,1938.8806912527782,2.7144329677538894,1936.1662582850245
2020-08-26,002716.SZ,buy,2300,1.464285714285715,3367.8571428571445,4.7150000000000025,3372.5721428571446
2020-08-26,002927.SZ,buy,200,13.718176599902296,2743.6353199804594,3.841089447972643,2747.4764094284324
2020-08-26,600261.SH,buy,800,4.041031578947368,3232.825263157894,4.525955368421052,3237.3512185263153
2020-08-26,600313.SH,buy,300,9.21516129032259,2764.548387096777,3.8703677419354876,2768.4187548387126
2020-08-27,002927.SZ,sell,200,11.997057889594528,2399.4115779189056,3.359176209086468,2396.052401709819
2020-08-27,603093.SH,buy,100,18.895440140845054,1889.5440140845053,2.645361619718307,1892.1893757042237
2020-08-27,603360.SH,buy,200,9.450359383913293,1890.0718767826586,2.646100627495722,1892.7179774101544
2020-08-27,000826.SZ,buy,200,9.083225806451614,1816.6451612903227,2.5433032258064516,1819.1884645161292
2020-08-31,002716.SZ,sell,2389,1.4322996515679451,3421.763867595821,4.790469414634149,3416.973398181187
2020-08-31,002707.SZ,buy,100,14.22295418641392,1422.295418641392,1.9912135860979487,1424.28663222749
2020-08-31,002927.SZ,buy,200,9.860896433805571,1972.1792867611143,2.76105100146556,1974.94033776258
2020-09-01,002716.SZ,buy,900,1.5142857142857151,1362.8571428571436,1.908000000000001,1364.7651428571437
2020-09-01,601899.SH,buy,100,11.272694736842128,1127.269473684213,1.578177263157898,1128.847650947371
2020-09-01,000802.SZ,buy,100,8.494974874371849,849.4974874371849,1.1892964824120589,850.686783919597
2020-09-01,600177.SH,buy,100,8.070981894150426,807.0981894150426,1.1299374651810596,808.2281268802237
2020-09-02,600110.SH,buy,100,7.073770661157042,707.3770661157041,0.9903278925619857,708.3673940082662
2020-09-03,000958.SZ,sell,99,4.849166666666666,480.06749999999994,0.6720944999999999,479.3954055
2020-09-04,000920.SZ,buy,100,8.865182291666676,886.5182291666675,1.2411255208333345,887.759354687501
2020-09-04,000958.SZ,buy,300,4.474827127659575,1342.4481382978724,1.8794273936170214,1344.3275656914896
2020-09-09,000411.SZ,sell,87,22.206268412438604,1931.9453518821585,2.704723492635022,1929.2406283895236
2020-09-09,002425.SZ,sell,86,18.538666666666657,1594.3253333333325,2.2320554666666657,1592.0932778666659
2020-09-09,002524.SZ,sell,101,12.757500000000006,1288.5075000000006,1.8039105000000009,1286.7035895000006
2020-09-09,300221.SZ,sell,5176,7.67715694682675,39736.96435677526,55.63175009948536,39681.33260667577
2020-09-09,600834.SH,sell,87,14.545301204819246,1265.4412048192744,1.7716176867469842,1263.6695871325276
2020-09-09,002661.SZ,buy,100,41.37443092962636,4137.443092962636,5.79242033014769,4143.235513292784
2020-09-09,300564.SZ,buy,100,26.1737406716418,2617.37406716418,3.664323694029852,2621.03839085821
2020-09-09,603995.SH,buy,100,41.89880882352944,4189.880882352944,5.865833235294122,4195.746715588239
2020-09-09,002675.SZ,buy,100,36.39306960049934,3639.306960049934,5.095029744069907,3644.401989794004
2020-09-09,300447.SZ,buy,100,27.94554108216433,2794.5541082164327,3.912375751503006,2798.466483967936
2020-09-09,002240.SZ,buy,200,24.84745294855709,4969.490589711419,6.957286825595986,4976.447876537015
2020-09-09,001914.SZ,buy,100,37.21308793456036,3721.3087934560363,5.2098323108384506,3726.518625766875
2020-09-09,600509.SH,buy,1200,4.164343163538876,4997.211796246652,6.996096514745313,5004.2078927613975
2020-09-09,600702.SH,buy,100,36.51493421052636,3651.493421052636,5.11209078947369,3656.60551184211
2020-09-10,300447.SZ,sell,100,21.783767535070137,2178.3767535070137,3.049727454909819,2175.327026052104
2020-09-10,600569.SH,sell,18638,1.8665527343749988,34788.809863281225,48.70433380859372,34740.10552947263
2020-09-10,000766.SZ,sell,189,3.88884703196347,734.9920890410958,1.028988924657534,733.9631001164383
2020-09-10,002554.SZ,sell,373838,2.405921052631581,899424.714473685,1259.194600263159,898165.5198734219
2020-09-10,002494.SZ,sell,92,4.366666666666671,401.7333333333337,0.5624266666666672,401.17090666666707
2020-09-10,300717.SZ,sell,93335,18.13089770669887,1692247.337454739,2369.1462724366347,1689878.1911823025
2020-09-10,000411.SZ,buy,11000,21.80186170212764,239820.47872340403,335.74867021276566,240156.2273936168
2020-09-10,002425.SZ,buy,13700,17.56630769230769,240658.41538461533,336.92178153846146,240995.33716615383
2020-09-10,603369.SH,buy,3300,73.02667080745337,240988.01366459613,337.38321913043455,241325.3968837266
2020-09-10,000011.SZ,buy,8600,28.023133543638306,240998.94847528942,337.3985278654052,241336.34700315483
2020-09-10,920553.BJ,buy,45900,5.253125,241118.4375,337.5658125,241456.00331250002
2020-09-10,603659.SH,buy,2200,107.8526488130045,237275.8273886099,332.18615834405387,237608.01354695397
2020-09-10,601689.SH,buy,3200,73.95929592959295,236669.74697469745,331.33764576457645,237001.08462046203
2020-09-10,300221.SZ,buy,39800,6.0591423670668885,241153.86620926217,337.615412692967,241491.48162195514
2020-09-10,603661.SH,buy,2200,109.05954277121856,239930.99409668084,335.9033917353532,240266.8974884162
2020-09-10,600834.SH,buy,17600,13.6919879518072,240978.98795180672,337.3705831325294,241316.35853493927
2020-09-10,600872.SH,buy,2100,111.7324987172908,234638.24730631066,328.49354622883493,234966.74085253951
2020-09-11,002524.SZ,buy,200,10.757996219281669,2151.599243856334,3.0122389413988673,2154.611482797733
2020-09-11,300447.SZ,buy,100,22.49070140280561,2249.0701402805607,3.148698196392785,2252.218838476954
2020-09-11,600569.SH,buy,1400,1.7639062499999991,2469.4687499999986,3.457256249999998,2472.926006249999
2020-09-11,000766.SZ,buy,700,3.596898782343988,2517.8291476407917,3.5249608066971083,2521.354108447489
2020-09-11,002554.SZ,buy,1100,2.290419407894739,2519.4613486842127,3.5272458881578976,2522.988594572371
2020-09-11,002494.SZ,buy,500,4.48297854785479,2241.489273927395,3.138084983498353,2244.6273589108937
2020-09-14,002471.SZ,buy,100,2.698500000000003,269.85000000000025,0.37779000000000035,270.22779000000025
2020-09-16,000411.SZ,sell,11486,21.01457855973812,241373.44933715204,337.92282907201286,241035.52650808005
2020-09-16,600110.SH,buy,2600,6.944359504132251,18055.334710743853,25.277468595041395,18080.612179338896
2020-09-16,000605.SZ,buy,3100,5.872773381294971,18205.59748201441,25.487836474820174,18231.085318489233
2020-09-16,300182.SZ,buy,1700,10.900204918032774,18530.348360655717,25.942487704918,18556.290848360637
2020-09-16,002707.SZ,buy,1200,14.936374407582962,17923.649289099554,25.093109004739375,17948.742398104296
2020-09-16,300377.SZ,buy,1700,10.77046025104602,18309.782426778234,25.63369539748953,18335.416122175724
2020-09-16,603659.SH,buy,100,137.57248859782507,13757.248859782507,19.26014840369551,13776.509008186204
2020-09-16,000802.SZ,buy,2000,9.038801507537675,18077.60301507535,25.30864422110549,18102.911659296456
2020-09-16,002240.SZ,buy,600,27.86879861982436,16721.279171894617,23.409790840652462,16744.688962735272
2020-09-16,002033.SZ,buy,2300,7.880892857142858,18126.053571428572,25.376475000000003,18151.430046428573
2020-09-16,300562.SZ,buy,400,37.61271076523995,15045.084306095981,21.063118028534372,15066.147424124516
2020-09-16,600702.SH,buy,400,42.50127631578953,17000.51052631581,23.800714736842135,17024.311241052656
2020-09-16,600834.SH,buy,1100,16.116091030789796,17727.700133868777,24.818780187416287,17752.518914056196
2020-09-16,300717.SZ,buy,800,22.256114966807512,17804.89197344601,24.926848762824413,17829.818822208836
2020-09-17,000411.SZ,buy,200,20.968477905073627,4193.695581014726,5.871173813420616,4199.566754828146
2020-09-17,002425.SZ,buy,200,18.917743589743587,3783.5487179487172,5.296968205128204,3788.8456861538457
2020-09-17,920553.BJ,buy,1100,4.999999999999999,5499.999999999999,7.699999999999998,5507.7
2020-09-18,000920.SZ,buy,100,10.3504761904762,1035.0476190476202,1.4490666666666683,1036.496685714287
2020-09-22,600115.SH,sell,96,4.521245733788391,434.0395904436856,0.6076554266211598,433.43193501706446
2020-09-22,002425.SZ,sell,212,19.65982905982905,4167.883760683759,5.835037264957262,4162.048723418801
2020-09-22,002483.SZ,buy,100,8.197131147540981,819.7131147540981,1.1475983606557374,820.8607131147539
2020-09-22,000045.SZ,buy,100,9.1005905511811,910.0590551181099,1.2740826771653537,911.3331377952753
2020-09-23,600115.SH,buy,100,4.377815699658698,437.78156996586983,0.6128941979522178,438.3944641638221
2020-09-24,002927.SZ,sell,215,11.226674401563264,2413.7349963361016,3.3792289948705423,2410.355767341231
2020-09-24,002240.SZ,sell,553,21.583626097867008,11935.745232120455,16.710043324968638,11919.035188795486
2020-09-24,601899.SH,sell,82,7.794315789473696,639.1338947368431,0.8947874526315803,638.2391072842115
2020-09-24,002425.SZ,buy,100,17.968136752136747,1796.8136752136747,2.5155391452991447,1799.329214358974
2020-09-24,002392.SZ,buy,200,9.421184210526333,1884.2368421052665,2.637931578947373,1886.874773684214
2020-09-24,300377.SZ,buy,100,11.685966527196644,1168.5966527196645,1.6360353138075303,1170.232688033472
2020-09-24,920553.BJ,buy,400,4.704499999999999,1881.7999999999995,2.6345199999999993,1884.4345199999996
2020-09-24,600509.SH,buy,500,4.222687667560323,2111.3438337801617,2.9558813672922266,2114.299715147454
2020-09-25,601899.SH,buy,100,8.050210526315803,805.0210526315803,1.1270294736842126,806.1480821052646
2020-09-25,002927.SZ,buy,100,9.938202247191011,993.8202247191011,1.3913483146067416,995.211573033708
2020-09-28,002566.SZ,sell,128918,7.774925149700596,1002327.8004491014,1403.2589206287419,1000924.5415284727
2020-09-28,002675.SZ,sell,93,30.01999999999997,2791.8599999999974,3.9086039999999964,2787.9513959999977
2020-09-28,000011.SZ,buy,4800,30.115205047318643,144552.9842271295,202.37417791798129,144755.35840504747
2020-09-28,002774.SZ,buy,20200,7.142707792207788,144282.69740259732,201.99577636363625,144484.69317896097
2020-09-28,300447.SZ,buy,4800,29.917114228456917,143602.1482965932,201.04300761523047,143803.19130420842
2020-09-28,601689.SH,buy,1700,84.04887238723872,142883.0830583058,200.03631628162813,143083.11937458746
2020-09-28,601198.SH,buy,10900,13.164999999999983,143498.49999999983,200.89789999999977,143699.39789999984
2020-09-28,600702.SH,buy,5400,26.40083223684214,142564.49407894755,199.59029171052657,142764.0843706581
2020-09-28,002878.SZ,buy,9100,15.76651057633355,143475.24624463532,200.86534474248944,143676.1115893778
2020-09-29,002566.SZ,buy,200,7.692866766467064,1538.5733532934128,2.154002694610778,1540.7273559880236
2020-09-29,920553.BJ,buy,400,4.728781249999999,1891.5124999999996,2.6481174999999992,1894.1606174999997
2020-10-15,000766.SZ,sell,650,2.841621004566211,1847.053652968037,2.585875114155252,1844.467777853882
2020-10-19,001914.SZ,sell,88,32.51332310838449,2861.1724335378353,4.00564140695297,2857.1667921308826
2020-10-23,600872.SH,sell,2129,105.120843381221,223802.2755586195,313.3231857820673,223488.95237283743
2020-10-23,601899.SH,buy,500,10.063142105263177,5031.571052631589,7.044199473684224,5038.615252105274
2020-10-23,002749.SZ,buy,400,13.97387993553585,5589.55197421434,7.825372763900075,5597.37734697824
2020-10-23,603995.SH,buy,100,35.55244301470593,3555.2443014705927,4.97734202205883,3560.2216434926518
2020-10-23,600110.SH,buy,700,7.731725206611595,5412.207644628117,7.577090702479364,5419.784735330597
2020-10-23,002927.SZ,buy,400,12.037689301416709,4815.075720566683,6.7411060087933565,4821.816826575477
2020-10-23,002483.SZ,buy,600,9.769320843091336,5861.592505854802,8.206229508196722,5869.798735362999
2020-10-23,601919.SH,buy,800,7.047728544776112,5638.1828358208895,7.893455970149245,5646.076291791039
2020-10-23,601339.SH,buy,900,6.147170398009944,5532.45335820895,7.745434701492529,5540.1987929104425
2020-10-23,600712.SH,buy,2000,2.9422273190621784,5884.454638124357,8.2382364933741,5892.692874617732
2020-10-23,600333.SH,buy,1300,4.42732857142857,5755.527142857141,8.057737999999997,5763.584880857142
2020-10-23,000031.SZ,buy,1800,3.188950276243099,5740.110497237578,8.03615469613261,5748.146651933711
2020-10-23,002675.SZ,buy,100,30.14325374531832,3014.325374531832,4.2200555243445645,3018.545430056177
2020-10-23,000011.SZ,buy,200,24.99607255520506,4999.214511041012,6.9989003154574165,5006.21341135647
2020-10-23,002471.SZ,buy,2200,2.5963437500000017,5711.956250000004,7.996738750000005,5719.952988750004
2020-10-23,002580.SZ,buy,800,6.865282407407402,5492.225925925922,7.68911629629629,5499.915042222218
2020-10-23,600702.SH,buy,100,57.80884292763165,5780.884292763165,8.093238009868431,5788.977530773033
2020-10-23,600313.SH,buy,800,6.733266129032263,5386.61290322581,7.541258064516135,5394.154161290327
2020-10-23,002878.SZ,buy,300,18.038297057020245,5411.4891171060735,7.5760847639485025,5419.065201870022
2020-10-23,300707.SZ,buy,200,23.05978384387349,4611.956768774698,6.456739476284577,4618.413508250983
2020-10-23,000920.SZ,buy,600,9.260770089285716,5556.462053571429,7.779046875000001,5564.241100446429
2020-10-23,001914.SZ,buy,100,30.94730061349696,3094.730061349696,4.332622085889574,3099.0626834355858
2020-10-23,000766.SZ,buy,2300,2.5538165905631662,5873.778158295282,8.223289421613394,5882.001447716896
2020-10-23,603360.SH,buy,500,10.569309754706223,5284.654877353111,7.398516828294356,5292.053394181406
2020-10-23,000045.SZ,buy,600,8.931758530183721,5359.055118110233,7.502677165354326,5366.5577952755875
2020-10-23,300717.SZ,buy,100,32.31498189499098,3231.498189499098,4.524097465298737,3236.0222869643967
2020-10-23,300468.SZ,buy,300,18.57300419580418,5571.901258741254,7.800661762237756,5579.701920503492
2020-10-23,300218.SZ,buy,200,22.072443890274336,4414.488778054867,6.1802842892768135,4420.669062344145
2020-10-23,002707.SZ,buy,800,6.995797788309647,5596.638230647718,7.835293522906805,5604.473524170625
2020-10-23,002524.SZ,buy,400,12.910798676748596,5164.319470699438,7.230047258979213,5171.549517958418
2020-10-23,300447.SZ,buy,100,41.01885771543086,4101.885771543086,5.74264008016032,4107.628411623246
2020-10-23,002240.SZ,buy,300,19.585163111668777,5875.548933500633,8.225768506900886,5883.774702007535
2020-10-23,002042.SZ,buy,800,6.749918918918911,5399.935135135129,7.55990918918918,5407.495044324319
2020-10-23,300171.SZ,buy,100,52.11648825966857,5211.648825966857,7.2963083563536,5218.94513432321
2020-10-26,601339.SH,sell,900,5.2906343283582045,4761.570895522384,6.666199253731337,4754.9046962686525
2020-10-26,000411.SZ,buy,200,33.69672667757772,6739.345335515544,9.435083469721762,6748.780418985267
2020-10-26,603369.SH,buy,100,74.01077329192536,7401.077329192536,10.36150826086955,7411.438837453406
2020-10-26,300721.SZ,buy,100,62.76737525987532,6276.7375259875325,8.787432536382546,6285.524958523915
2020-10-26,601689.SH,buy,100,79.22776402640267,7922.7764026402665,11.091886963696373,7933.868289603964
2020-10-27,000411.SZ,sell,200,30.83040098199671,6166.080196399342,8.632512274959078,6157.447684124383
2020-10-27,000920.SZ,buy,400,11.47475446428572,4589.901785714288,6.425862500000004,4596.327648214288
2020-10-27,603298.SH,buy,100,30.2666056283732,3026.66056283732,4.2373247879722475,3030.8978876252922
2020-10-27,603126.SH,buy,1000,5.417904040404044,5417.904040404043,7.585065656565661,5425.48910606061
2020-10-27,601339.SH,buy,1100,4.925970149253728,5418.5671641791005,7.585994029850741,5426.153158208952
2020-10-28,000411.SZ,buy,100,28.05108019639933,2805.108019639933,3.927151227495906,2809.035170867429
2020-10-28,002675.SZ,buy,100,32.79054931335828,3279.054931335828,4.590676903870159,3283.645608239698
2020-10-29,002524.SZ,buy,100,17.0381379962193,1703.8137996219302,2.3853393194707024,1706.199138941401
2020-10-29,300221.SZ,buy,100,15.090051457975976,1509.0051457975976,2.1126072041166366,1511.1177530017144
2020-10-30,603908.SH,sell,168,27.055617428683057,4545.343728018754,6.363481219226255,4538.980246799528
2020-10-30,603995.SH,sell,97,30.094852941176505,2919.200735294121,4.086881029411769,2915.113854264709
2020-10-30,601339.SH,sell,1072,4.231691542288552,4536.373333333328,6.350922666666659,4530.022410666662
2020-10-30,000411.SZ,buy,100,32.97913256955808,3297.9132569558083,4.617078559738132,3302.5303355155465
2020-10-30,300707.SZ,buy,100,24.0473085474308,2404.73085474308,3.3666231966403117,2408.09747793972
2020-10-30,002240.SZ,buy,100,28.67474905897116,2867.474905897116,4.0144648682559625,2871.4893707653723
2020-11-02,000411.SZ,sell,100,29.61702127659573,2961.702127659573,4.146382978723402,2957.55574468085
2020-11-02,601689.SH,sell,98,72.0408897139714,7060.007191969196,9.884010068756874,7050.12318190044
2020-11-02,600673.SH,sell,138,2.957547738693471,408.14158793969904,0.5713982231155786,407.57018971658346
2020-11-02,603126.SH,sell,990,4.733863636363639,4686.525000000002,6.561135000000003,4679.963865000002
2020-11-02,603995.SH,buy,200,27.47894117647062,5495.788235294124,7.694103529411774,5503.482338823536
2020-11-02,601339.SH,buy,1400,4.138358208955221,5793.70149253731,8.111182089552234,5801.812674626863
2020-11-02,603908.SH,buy,200,25.37778233685032,5075.556467370064,7.105779054318089,5082.662246424382
2020-11-03,600110.SH,buy,100,9.539669421487634,953.9669421487635,1.335553719008269,955.3024958677718
2020-11-03,601015.SH,buy,400,3.037848297213622,1215.1393188854488,1.7011950464396284,1216.8405139318886
2020-11-03,603126.SH,buy,300,4.7201767676767705,1416.0530303030312,1.9824742424242436,1418.0355045454555
2020-11-03,600673.SH,buy,400,2.9810502512562853,1192.420100502514,1.6693881407035196,1194.0894886432177
2020-11-04,601899.SH,buy,100,12.336589473684231,1233.6589473684232,1.7271225263157926,1235.3860698947392
2020-11-04,601919.SH,buy,100,8.702985074626858,870.2985074626857,1.21841791044776,871.5169253731335
2020-11-05,002425.SZ,buy,100,15.557264957264952,1555.7264957264952,2.1780170940170933,1557.9045128205123
2020-11-06,002021.SZ,sell,113,1.6605399999999992,187.6410199999999,0.2626974279999999,187.37832257199992
2020-11-09,002021.SZ,buy,500,1.6240799999999995,812.0399999999997,1.1368559999999996,813.1768559999998
2020-11-10,601899.SH,sell,104,12.530736842105286,1303.1966315789498,1.8244752842105296,1301.3721562947394
2020-11-11,002707.SZ,buy,100,6.254391785150089,625.4391785150088,0.8756148499210124,626.3147933649299
2020-11-12,600678.SH,buy,100,5.167345750873104,516.7345750873104,0.7234284051222346,517.4580034924327
2020-11-12,600333.SH,buy,100,4.220961904761904,422.0961904761904,0.5909346666666665,422.68712514285704
2020-11-13,000506.SZ,buy,200,2.263003412969286,452.60068259385724,0.6336409556314001,453.2343235494887
2020-11-17,001914.SZ,sell,97,30.09599309815952,2919.311330521474,4.087035862730064,2915.224294658744
2020-11-17,601339.SH,buy,100,4.916685323383081,491.6685323383081,0.6883359452736314,492.3568682835818
2020-11-17,000592.SZ,buy,100,2.942724913494812,294.2724913494812,0.41198148788927363,294.6844728373705
2020-11-18,603126.SH,buy,100,5.704116161616167,570.4116161616166,0.7985762626262632,571.2101924242429
2020-11-19,000592.SZ,buy,100,3.179403114186853,317.9403114186853,0.44511643598615946,318.3854278546715
2020-11-23,000506.SZ,buy,100,2.690102389078501,269.0102389078501,0.3766143344709902,269.38685324232114
2020-11-25,000809.SZ,buy,100,2.5807008368200823,258.07008368200826,0.3612981171548116,258.4313817991631
2020-11-26,000809.SZ,sell,100,2.06205020920502,206.20502092050202,0.2886870292887028,205.91633389121333
2020-11-26,000766.SZ,buy,100,2.32216894977169,232.21689497716903,0.3251036529680366,232.54199863013707
2020-11-27,000809.SZ,buy,100,1.931820083682008,193.1820083682008,0.27045481171548114,193.4524631799163
2020-11-30,000920.SZ,sell,420,12.022500000000004,5049.450000000002,7.069230000000002,5042.380770000002
2020-11-30,600333.SH,buy,100,4.056685714285712,405.6685714285712,0.5679359999999997,406.23650742857126
2020-11-30,000680.SZ,buy,100,3.949054054054053,394.9054054054053,0.5528675675675674,395.4582729729729
2020-11-30,000937.SZ,buy,100,4.30165760869565,430.165760869565,0.602232065217391,430.76799293478246
2020-11-30,000766.SZ,buy,100,2.47961187214612,247.961187214612,0.34714566210045683,248.30833287671248
2020-11-30,000966.SZ,buy,100,3.489133192389009,348.9133192389009,0.48847864693446125,349.4017978858354
2020-12-02,002042.SZ,sell,857,7.062101351351342,6052.2208581081,8.47310920135134,6043.74774890675
2020-12-02,002716.SZ,buy,300,2.136506968641116,640.9520905923348,0.8973329268292687,641.8494235191641
2020-12-02,000545.SZ,buy,100,4.778293269230765,477.82932692307656,0.6689610576923072,478.4982879807689
2020-12-03,000545.SZ,sell,100,4.1985576923076895,419.85576923076894,0.5877980769230765,419.2679711538459
2020-12-03,600261.SH,buy,100,4.120715789473678,412.0715789473678,0.5769002105263149,412.64847915789414
2020-12-04,000545.SZ,buy,100,4.032996794871791,403.2996794871791,0.5646195512820508,403.8642990384612
2020-12-07,000802.SZ,buy,100,5.012562814070344,501.25628140703446,0.7017587939698482,501.95804020100434
2020-12-09,600053.SH,sell,757,17.610068823739706,13330.822099570958,18.66315093939934,13312.158948631559
2020-12-09,002483.SZ,sell,605,8.97792154566745,5431.642535128807,7.60429954918033,5424.038235579627
2020-12-09,000816.SZ,buy,100,7.238394039735088,723.8394039735088,1.0133751655629122,724.8527791390717
2020-12-09,603126.SH,buy,100,7.167045454545464,716.7045454545464,1.003386363636365,717.7079318181828
2020-12-09,000920.SZ,buy,100,9.288902529761904,928.8902529761904,1.3004463541666664,930.1906993303571
2020-12-09,603220.SH,buy,100,10.559257709251106,1055.9257709251106,1.4782960792951547,1057.4040670044058
2020-12-09,002042.SZ,buy,100,7.230810810810801,723.08108108108,1.012313513513512,724.0933945945935
2020-12-09,600755.SH,buy,100,6.4645074224021615,646.4507422402162,0.9050310391363027,647.3557732793525
2020-12-10,002483.SZ,buy,100,8.434426229508194,843.4426229508194,1.1808196721311472,844.6234426229506
2020-12-10,600509.SH,buy,100,7.684282841823056,768.4282841823057,1.075799597855228,769.504083780161
2020-12-10,600333.SH,buy,100,6.5241142857142815,652.4114285714281,0.9133759999999994,653.3248045714282
2020-12-10,000766.SZ,buy,400,2.450479452054796,980.1917808219183,1.3722684931506857,981.564049315069
2020-12-11,000766.SZ,sell,400,2.178671993911721,871.4687975646884,1.2200563165905638,870.2487412480979
2020-12-11,000816.SZ,sell,103,6.8127814569536325,701.7164900662242,0.9824030860927139,700.7340869801316
2020-12-11,002483.SZ,sell,100,7.621967213114752,762.1967213114752,1.0670754098360653,761.1296459016393
2020-12-11,002042.SZ,sell,95,5.630290540540531,534.8776013513504,0.7488286418918906,534.1287727094585
2020-12-11,600569.SH,buy,400,2.279335937499998,911.7343749999993,1.2764281249999991,913.0108031249994
2020-12-11,600313.SH,buy,100,8.319338709677433,831.9338709677434,1.1647074193548408,833.0985783870982
2020-12-14,603038.SH,sell,51,6.834091520861371,348.5386675639299,0.4879541345895018,348.0507134293404
2020-12-14,600569.SH,sell,400,1.9706835937499991,788.2734374999997,1.1035828124999996,787.1698546874997
2020-12-14,000937.SZ,sell,97,3.747024456521736,363.4613722826084,0.5088459211956518,362.95252636141277
2020-12-14,000816.SZ,buy,100,6.770529801324495,677.0529801324494,0.9478741721854291,678.0008543046349
2020-12-14,000766.SZ,buy,400,2.113299086757992,845.3196347031968,1.1834474885844755,846.5030821917813
2020-12-15,603860.SH,sell,46,22.46170289855073,1033.2383333333335,1.4465336666666668,1031.7917996666667
2020-12-15,002483.SZ,buy,100,6.718670960187352,671.8670960187352,0.9406139344262293,672.8077099531615
2020-12-15,600509.SH,buy,100,7.376541554959783,737.6541554959782,1.0327158176943696,738.6868713136727
2020-12-15,603038.SH,buy,100,6.761086810228799,676.10868102288,0.9465521534320319,677.0552331763121
2020-12-15,600569.SH,buy,400,1.8415332031249996,736.6132812499998,1.0312585937499996,737.6445398437498
2020-12-15,000937.SZ,buy,200,3.588077445652171,717.6154891304342,1.0046616847826078,718.6201508152168
2020-12-15,002494.SZ,buy,200,3.090255775577561,618.0511551155122,0.8652716171617171,618.9164267326739
2020-12-16,600509.SH,sell,100,6.174812332439678,617.4812332439677,0.8644737265415549,616.6167595174262
2020-12-16,600333.SH,sell,97,5.538123809523806,537.1980095238092,0.7520772133333329,536.4459323104759
2020-12-16,002795.SZ,sell,2293,13.063629992992258,29954.903573931246,41.93686500350374,29912.966708927743
2020-12-16,601899.SH,buy,100,14.775263157894765,1477.5263157894765,2.0685368421052672,1479.594852631582
2020-12-16,600110.SH,buy,100,10.95679752066119,1095.6797520661191,1.5339516528925667,1097.2137037190118
2020-12-16,600053.SH,buy,100,14.298458169467272,1429.8458169467272,2.001784143725418,1431.8476010904526
2020-12-16,601919.SH,buy,100,16.48060634328357,1648.0606343283569,2.3072848880596997,1650.3679192164166
2020-12-16,300221.SZ,buy,100,10.743773584905648,1074.3773584905648,1.5041283018867908,1075.8814867924516
2020-12-16,002878.SZ,buy,100,14.708920907418785,1470.8920907418785,2.05924892703863,1472.9513396689172
2020-12-16,601015.SH,buy,400,4.63668730650155,1854.67492260062,2.596544891640868,1857.271467492261
2020-12-16,603360.SH,buy,100,9.944580718767838,994.4580718767838,1.3922413006274974,995.8503131774114
2020-12-16,002425.SZ,buy,100,11.70749999999999,1170.749999999999,1.6390499999999988,1172.389049999999
2020-12-16,000779.SZ,buy,100,10.943130434782606,1094.3130434782606,1.5320382608695648,1095.8450817391304
2020-12-17,600509.SH,buy,300,5.641930294906167,1692.5790884718501,2.3696107238605904,1694.9486991957108
2020-12-17,600333.SH,buy,300,5.459419047619043,1637.825714285713,2.2929559999999984,1640.118670285713
2020-12-17,002042.SZ,buy,600,2.751520270270266,1650.9121621621596,2.3112770270270233,1653.2234391891868
2020-12-18,000816.SZ,buy,100,12.206771523178794,1220.6771523178795,1.7089480132450312,1222.3861003311247
2020-12-18,601919.SH,buy,100,18.95170242537312,1895.170242537312,2.653238339552237,1897.8234808768646
2020-12-18,920971.BJ,buy,800,2.142782608695652,1714.2260869565216,2.3999165217391303,1716.6260034782608
2020-12-21,920971.BJ,sell,800,1.880434782608695,1504.3478260869558,2.106086956521738,1502.241739130434
2020-12-21,600333.SH,buy,200,6.229028571428567,1245.8057142857135,1.744127999999999,1247.5498422857136
2020-12-21,600569.SH,buy,600,2.1617968749999985,1297.078124999999,1.8159093749999986,1298.8940343749991
2020-12-21,002795.SZ,buy,100,7.912904695164661,791.2904695164661,1.1078066573230525,792.3982761737892
2020-12-21,000937.SZ,buy,200,4.782010869565214,956.4021739130428,1.33896304347826,957.7411369565211
2020-12-21,601015.SH,buy,200,5.841323529411766,1168.2647058823532,1.6355705882352944,1169.9002764705886
2020-12-22,601899.SH,sell,111,16.519078947368453,1833.6177631578983,2.5670648684210575,1831.0506982894772
2020-12-22,603093.SH,sell,52,14.051875463306136,730.697524091919,1.0229765337286867,729.6745475581904
2020-12-22,603220.SH,sell,97,9.308735682819387,902.9473612334806,1.2641263057268728,901.6832349277538
2020-12-22,000816.SZ,sell,102,10.909519867549657,1112.771026490065,1.557879437086091,1111.213147052979
2020-12-22,601919.SH,sell,102,18.190298507462675,1855.410447761193,2.59757462686567,1852.8128731343274
2020-12-22,000545.SZ,sell,92,3.486634615384613,320.7703846153844,0.4490785384615381,320.32130607692284
2020-12-22,002170.SZ,buy,200,5.4800967261904745,1096.019345238095,1.5344270833333329,1097.5537723214284
2020-12-22,300221.SZ,buy,100,12.571230703258992,1257.1230703258993,1.7599722984562591,1258.8830426243558
2020-12-22,600313.SH,buy,100,11.450629032258089,1145.062903225809,1.6030880645161325,1146.665991290325
2020-12-22,000966.SZ,buy,400,3.2215909090909114,1288.6363636363646,1.8040909090909105,1290.4404545454556
2020-12-23,000816.SZ,buy,100,11.020860927152304,1102.0860927152305,1.5429205298013227,1103.629013245032
2020-12-23,603220.SH,buy,100,8.753461453744498,875.3461453744497,1.2254846035242297,876.571629977974
2020-12-23,000545.SZ,buy,300,3.424551282051279,1027.3653846153836,1.438311538461537,1028.8036961538453
2020-12-24,600929.SH,sell,123,4.91133509833586,604.0942170953108,0.8457319039334351,603.2484851913774
2020-12-24,002707.SZ,sell,76,4.252014218009484,323.1530805687208,0.4524143127962091,322.7006662559246
2020-12-24,000816.SZ,sell,100,10.08394039735098,1008.3940397350981,1.4117516556291374,1006.982288079469
2020-12-24,603360.SH,sell,83,6.54130062749573,542.9279520821456,0.7600991329150038,542.1678529492306
2020-12-24,603126.SH,buy,100,7.87238383838385,787.238383838385,1.102133737373739,788.3405175757588
2020-12-24,600509.SH,buy,100,6.54249329758713,654.2493297587131,0.9159490616621984,655.1652788203753
2020-12-24,002471.SZ,buy,300,3.182614583333333,954.7843749999998,1.3366981249999998,956.121073125
2020-12-24,000966.SZ,buy,300,3.472008456659621,1041.6025369978863,1.458243551797041,1043.0607805496834
2020-12-25,300182.SZ,sell,1223,4.180191256830596,5112.373907103818,7.157323469945346,5105.216583633873
2020-12-25,000816.SZ,buy,100,9.343973509933765,934.3973509933764,1.308156291390727,935.7055072847672
2020-12-25,603093.SH,buy,100,11.953913083765736,1195.3913083765735,1.673547831727203,1197.0648562083009
2020-12-25,601015.SH,buy,100,6.600975232198144,660.0975232198144,0.9241365325077402,661.0216597523222
2020-12-25,603360.SH,buy,100,6.364150028522539,636.4150028522539,0.8909810039931555,637.305983856247
2020-12-25,600929.SH,buy,200,4.774001512859309,954.8003025718618,1.3367204236006065,956.1370229954625
2020-12-25,002707.SZ,buy,200,4.19403633491312,838.807266982624,1.1743301737756735,839.9815971563997
2020-12-28,603038.SH,sell,110,7.337200538358006,807.0920592193806,1.1299288829071328,805.9621303364736
2020-12-28,600509.SH,buy,100,8.212922252010724,821.2922252010724,1.1498091152815013,822.4420343163539
2020-12-28,600569.SH,buy,400,2.375927734374999,950.3710937499995,1.3305195312499993,951.7016132812496
2020-12-28,002554.SZ,buy,400,2.2513404605263188,900.5361842105275,1.2607506578947385,901.7969348684223
2020-12-28,300182.SZ,buy,300,3.334863387978137,1000.4590163934412,1.4006426229508175,1001.859659016392
2020-12-28,000966.SZ,buy,200,3.700576109936578,740.1152219873156,1.0361613107822418,741.1513832980979
2020-12-29,300221.SZ,sell,104,11.581475128644923,1204.473413379072,1.686262778730701,1202.7871506003414
2020-12-29,601015.SH,sell,101,5.7878018575851415,584.5679876160993,0.8183951826625391,583.7495924334369
2020-12-29,600509.SH,sell,100,6.988297587131367,698.8297587131367,0.9783616621983914,697.8513970509383
2020-12-30,600509.SH,buy,100,6.823056300268097,682.3056300268097,0.9552278820375336,683.2608579088472
2020-12-30,603038.SH,buy,100,5.3184454912516825,531.8445491251682,0.7445823687752355,532.5891314939435
2020-12-30,601015.SH,buy,100,5.717244582043347,571.7244582043347,0.8004142414860687,572.5248724458208
2020-12-30,000958.SZ,buy,100,4.010877659574468,401.0877659574468,0.5615228723404255,401.6492888297872
2020-12-31,002021.SZ,buy,500,1.4720399999999998,736.0199999999999,1.030428,737.0504279999999
2021-01-04,000802.SZ,sell,75,2.8018492462311526,210.13869346733645,0.294194170854271,209.84449929648218
2021-01-04,603220.SH,buy,100,9.203028634361235,920.3028634361235,1.288424008810573,921.5912874449341
2021-01-05,600569.SH,buy,200,2.912929687499998,582.5859374999995,0.8156203124999993,583.4015578124996
2021-01-05,920971.BJ,buy,100,6.956521739130431,695.6521739130432,0.9739130434782605,696.6260869565215
2021-01-06,603279.SH,sell,55,13.985946745562089,769.2270710059149,1.0769178994082809,768.1501531065067
2021-01-06,000545.SZ,buy,100,4.002003205128204,400.20032051282044,0.5602804487179486,400.76060096153844
2021-01-06,000802.SZ,buy,200,2.290412060301505,458.082412060301,0.6413153768844214,458.72372743718546
2021-01-07,603093.SH,sell,93,10.319356931060032,959.7001945885829,1.343580272424016,958.3566143161589
2021-01-07,002707.SZ,sell,186,3.406398104265408,633.5900473933659,0.8870260663507122,632.7030213270152
2021-01-07,000802.SZ,sell,200,2.12158793969849,424.317587939698,0.5940446231155772,423.72354331658244
2021-01-07,002042.SZ,sell,557,2.2133716216216195,1232.847993243242,1.7259871905405386,1231.1220060527014
2021-01-07,603616.SH,sell,271,3.307143712574851,896.2359461077847,1.2547303245508985,894.9812157832338
2021-01-07,002170.SZ,sell,200,5.056874999999994,1011.3749999999987,1.4159249999999983,1009.9590749999988
2021-01-07,002878.SZ,sell,84,11.033058706315158,926.7769313304733,1.2974877038626627,925.4794436266106
2021-01-07,603126.SH,buy,100,7.987601010101025,798.7601010101025,1.1182641414141434,799.8783651515167
2021-01-07,600673.SH,buy,300,2.718630653266337,815.5891959799011,1.1418248743718615,816.731020854273
2021-01-08,603616.SH,buy,200,3.094994011976048,618.9988023952096,0.8665983233532935,619.8654007185629
2021-01-08,002170.SZ,buy,100,4.878645833333327,487.86458333333275,0.6830104166666658,488.54759374999946
2021-01-08,300182.SZ,buy,200,2.88998633879781,577.9972677595621,0.8091961748633869,578.8064639344256
2021-01-08,002707.SZ,buy,100,3.4212796208530856,342.1279620853086,0.478979146919432,342.60694123222805
2021-01-08,000802.SZ,buy,300,2.053306532663313,615.9919597989939,0.8623887437185914,616.8543485427125
2021-01-08,002042.SZ,buy,200,2.3201824324324294,464.0364864864859,0.6496510810810803,464.686137567567
2021-01-11,002774.SZ,sell,16299,4.281525974025973,69784.59185064933,97.69842859090906,69686.89342205842
2021-01-11,600569.SH,sell,188,2.289355468749997,430.39882812499945,0.6025583593749992,429.79626976562446
2021-01-11,603126.SH,sell,98,6.7478787878788005,661.2921212121224,0.9258089696969714,660.3663122424255
2021-01-11,000545.SZ,sell,93,2.911217948717947,270.7432692307691,0.37904057692307674,270.36422865384606
2021-01-11,603860.SH,buy,100,14.841217391304344,1484.1217391304344,2.0777704347826083,1486.199509565217
2021-01-11,600110.SH,buy,100,24.60909607438024,2460.909607438024,3.4452734504132336,2464.3548808884375
2021-01-11,300872.SZ,buy,100,15.63719848425454,1563.719848425454,2.1892077877956355,1565.9090562132499
2021-01-11,600053.SH,buy,200,11.817684125849109,2363.536825169822,3.3089515552377504,2366.8457767250597
2021-01-11,000816.SZ,buy,300,7.655033112582772,2296.5099337748316,3.2151139072847643,2299.7250476821164
2021-01-11,600509.SH,buy,300,6.976588471849866,2092.97654155496,2.930167158176944,2095.906708713137
2021-01-11,603103.SH,buy,200,12.168241256969091,2433.648251393818,3.4071075519513454,2437.0553589457695
2021-01-11,000411.SZ,buy,100,21.0962356792144,2109.6235679214396,2.9534729950900154,2112.5770409165298
2021-01-11,002675.SZ,buy,100,21.568509675405725,2156.8509675405726,3.0195913545568014,2159.8705588951293
2021-01-11,603093.SH,buy,200,9.330088954781308,1866.0177909562617,2.612424907338766,1868.6302158636006
2021-01-11,300221.SZ,buy,100,14.368456260720397,1436.8456260720397,2.011583876500856,1438.8572099485407
2021-01-11,002580.SZ,buy,200,10.373212962962954,2074.642592592591,2.9044996296296275,2077.5470922222207
2021-01-11,600313.SH,buy,300,8.193548387096788,2458.0645161290363,3.4412903225806506,2461.505806451617
2021-01-11,002878.SZ,buy,200,11.551088289393023,2310.2176578786048,3.2343047210300466,2313.451962599635
2021-01-11,603279.SH,buy,200,12.819776968593498,2563.9553937186997,3.58953755120618,2567.544931269906
2021-01-11,300717.SZ,buy,100,14.840525045262526,1484.0525045262525,2.0776735063367533,1486.1301780325894
2021-01-11,300803.SZ,buy,100,19.404626808834745,1940.4626808834746,2.7166477532368645,1943.1793286367115
2021-01-11,300878.SZ,buy,100,26.678183613030598,2667.8183613030596,3.7349457058242836,2671.553307008884
2021-01-11,300447.SZ,buy,100,20.51189128256512,2051.189128256512,2.871664779559117,2054.060793036071
2021-01-12,002580.SZ,sell,200,8.651833333333327,1730.3666666666654,2.4225133333333315,1727.9441533333322
2021-01-12,603126.SH,buy,300,6.815454545454557,2044.6363636363672,2.862490909090914,2047.4988545454582
2021-01-12,600333.SH,buy,200,8.83021428571428,1766.042857142856,2.4724599999999985,1768.5153171428562
2021-01-12,002222.SZ,buy,100,16.285047543581584,1628.5047543581584,2.2799066561014216,1630.7846610142599
2021-01-12,603038.SH,buy,300,6.404819986541048,1921.4459959623143,2.69002439434724,1924.1360203566617
2021-01-12,600569.SH,buy,900,2.332773437499998,2099.496093749998,2.9392945312499976,2102.4353882812484
2021-01-12,002774.SZ,buy,500,4.154951298701298,2077.475649350649,2.9084659090909084,2080.3841152597397
2021-01-12,002524.SZ,buy,100,12.608922495274111,1260.8922495274112,1.7652491493383757,1262.6574986767496
2021-01-13,600053.SH,sell,200,10.5722810153736,2114.4562030747197,2.9602386843046076,2111.4959643904153
2021-01-13,603298.SH,sell,81,30.087981881264493,2437.126532382424,3.4119771453353938,2433.714555237089
2021-01-13,601198.SH,sell,11099,12.376422018348602,137365.90798165114,192.31227117431158,137173.59571047683
2021-01-13,600509.SH,sell,296,5.9683310991957095,1766.62600536193,2.473276407506702,1764.1527289544235
2021-01-13,603103.SH,sell,195,10.326428028383178,2013.6534655347198,2.8191148517486075,2010.8343506829713
2021-01-13,601899.SH,buy,400,24.547136842105303,9818.85473684212,13.74639663157897,9832.6011334737
2021-01-13,600110.SH,buy,300,26.84917355371909,8054.752066115727,11.276652892562018,8066.028719008289
2021-01-13,603995.SH,buy,200,36.82407720588239,7364.815441176478,10.31074161764707,7375.126182794125
2021-01-13,300720.SZ,buy,300,27.4849406670943,8245.48220012829,11.543675080179606,8257.02587520847
2021-01-13,300721.SZ,buy,100,67.45205951143456,6745.205951143455,9.443288331600838,6754.649239475057
2021-01-13,603661.SH,buy,100,70.7386489195812,7073.864891958119,9.903410848741366,7083.768302806861
2021-01-13,605336.SH,buy,500,17.89699685534591,8948.498427672956,12.527897798742138,8961.0263254717
2021-01-13,300893.SZ,buy,300,26.66172688564477,7998.518065693432,11.197925291970805,8009.715990985403
2021-01-13,300819.SZ,buy,200,37.03438940092166,7406.877880184332,10.369629032258064,7417.2475092165905
2021-01-13,001914.SZ,buy,300,29.369144938650297,8810.74348159509,12.335040874233124,8823.078522469323
2021-01-13,605100.SH,buy,300,29.804395914054236,8941.318774216272,12.51784628390278,8953.836620500175
2021-01-13,000545.SZ,buy,3400,2.8819471153846146,9798.62019230769,13.718068269230764,9812.33826057692
2021-01-13,002661.SZ,buy,200,34.39556472632489,6879.112945264978,9.63075812337097,6888.74370338835
2021-01-13,300864.SZ,buy,200,45.07340983014094,9014.681966028187,12.620554752439462,9027.302520780628
2021-01-14,600313.SH,sell,300,7.207967741935497,2162.390322580649,3.0273464516129085,2159.3629761290363
2021-01-14,002483.SZ,sell,90,5.579894613583135,502.19051522248213,0.703066721311475,501.48744850117066
2021-01-14,600333.SH,sell,205,7.848438095238089,1608.9298095238082,2.2525017333333315,1606.677307790475
2021-01-14,000545.SZ,sell,3400,2.571153846153845,8741.923076923073,12.238692307692302,8729.68438461538
2021-01-14,603093.SH,buy,600,9.653497961452915,5792.09877687175,8.108938287620449,5800.20771515937
2021-01-14,000920.SZ,buy,600,9.110357142857143,5466.214285714286,7.6527,5473.866985714287
2021-01-14,920971.BJ,buy,800,6.956521739130431,5565.217391304345,7.791304347826084,5573.008695652172
2021-01-14,603298.SH,buy,200,28.355277563608357,5671.055512721671,7.939477717810339,5678.994990439482
2021-01-14,002240.SZ,buy,100,58.26204516938525,5826.204516938526,8.156686323713936,5834.3612032622395
2021-01-14,601198.SH,buy,500,11.56639143730885,5783.195718654425,8.096474006116194,5791.292192660541
2021-01-14,000680.SZ,buy,1400,4.164763513513513,5830.668918918918,8.162936486486485,5838.831855405405
2021-01-14,002795.SZ,buy,800,7.495725297827592,5996.580238262074,8.395212333566903,6004.975450595642
2021-01-14,603103.SH,buy,600,10.06935631018754,6041.613786112524,8.458259300557534,6050.072045413082
2021-01-15,000545.SZ,buy,700,2.5262499999999988,1768.374999999999,2.475724999999999,1770.850724999999
2021-01-15,600053.SH,buy,100,12.463905970682855,1246.3905970682856,1.7449468358955997,1248.1355439041813
2021-01-15,600313.SH,buy,200,7.251322580645175,1450.264516129035,2.030370322580649,1452.2948864516156
2021-01-15,600602.SH,buy,500,3.701878715814507,1850.9393579072535,2.5913151010701547,1853.5306730083237
2021-01-15,002483.SZ,buy,300,5.743559718969552,1723.0679156908654,2.4122950819672115,1725.4802107728328
2021-01-15,002580.SZ,buy,300,5.843759259259254,1753.1277777777764,2.454378888888887,1755.5821566666655
2021-01-15,603360.SH,buy,200,7.219623502567036,1443.9247005134073,2.02149458071877,1445.946195094126
2021-01-15,600509.SH,buy,300,5.152010723860589,1545.6032171581767,2.1638445040214473,1547.7670616621983
2021-01-15,600333.SH,buy,200,7.15165714285714,1430.331428571428,2.0024639999999994,1432.3338925714281
2021-01-15,600834.SH,buy,100,11.843795180722866,1184.3795180722866,1.6581313253012013,1186.037649397588
2021-01-18,300218.SZ,buy,100,11.12316708229428,1112.316708229428,1.5572433915211992,1113.8739516209494
2021-01-18,000766.SZ,buy,1000,1.5695776255707783,1569.5776255707783,2.19740867579909,1571.7750342465774
2021-01-18,002907.SZ,buy,100,9.23250000000002,923.2500000000019,1.2925500000000028,924.542550000002
2021-01-19,300465.SZ,sell,88,9.613326848249049,845.9727626459163,1.1843618677042829,844.788400778212
2021-01-19,603038.SH,buy,100,9.529441453566625,952.9441453566625,1.3341218034993274,954.2782671601619
2021-01-19,002795.SZ,buy,100,11.311632796075656,1131.1632796075655,1.5836285914505916,1132.7469081990162
2021-01-19,600509.SH,buy,100,6.45651474530831,645.6514745308309,0.9039120643431633,646.5553865951741
2021-01-19,600313.SH,buy,100,8.712725806451628,871.2725806451627,1.2197816129032277,872.492362258066
2021-01-20,002795.SZ,sell,100,10.160527330063044,1016.0527330063044,1.4224738262088261,1014.6302591800955
2021-01-20,002707.SZ,buy,200,3.742851500789895,748.570300157979,1.0479984202211705,749.6182985782002
2021-01-20,000802.SZ,buy,300,2.3348743718592933,700.462311557788,0.9806472361809032,701.442958793969
2021-01-20,601588.SH,buy,400,1.6920420420420437,676.8168168168174,0.9475435435435444,677.764360360361
2021-01-20,603616.SH,buy,200,3.648562874251498,729.7125748502996,1.0215976047904194,730.7341724550901
2021-01-22,600333.SH,sell,202,6.519404761904758,1316.9197619047611,1.8436876666666655,1315.0760742380944
2021-01-22,300465.SZ,buy,100,7.926478599221807,792.6478599221807,1.109707003891053,793.7575669260718
2021-01-25,002425.SZ,sell,83,9.972423076923064,827.7111153846143,1.15879556153846,826.5523198230759
2021-01-25,600333.SH,buy,100,6.082666666666662,608.2666666666662,0.8515733333333326,609.1182399999996
2021-01-26,000766.SZ,sell,995,1.4157686453576883,1408.6898021308998,1.9721657229832597,1406.7176364079166
2021-01-26,603126.SH,buy,100,7.124045454545465,712.4045454545465,0.997366363636365,713.4019118181828
2021-01-26,600509.SH,buy,100,7.086447721179624,708.6447721179625,0.9921026809651474,709.6368747989277
2021-01-26,000826.SZ,buy,100,4.54283870967742,454.28387096774196,0.6359974193548388,454.9198683870968
2021-01-27,002222.SZ,sell,97,15.46669968304276,1500.2698692551478,2.1003778169572067,1498.1694914381906
2021-01-27,000506.SZ,buy,400,1.5447952218430046,617.9180887372019,0.8650853242320826,618.783174061434
2021-01-27,000766.SZ,buy,400,1.443759512937597,577.5038051750388,0.8085053272450543,578.3123105022839
2021-01-27,002535.SZ,buy,800,0.7609540636042396,608.7632508833916,0.8522685512367483,609.6155194346284
2021-01-28,603298.SH,sell,215,31.35320354664613,6740.938762528918,9.437314267540485,6731.501448261378
2021-01-28,601899.SH,sell,385,20.119115789473717,7745.859578947381,10.844203410526333,7735.015375536856
2021-01-28,300548.SZ,buy,100,15.886077621800174,1588.6077621800175,2.2240508670520245,1590.8318130470695
2021-01-28,300192.SZ,buy,100,13.871145251396666,1387.1145251396665,1.941960335195533,1389.056485474862
2021-01-28,002222.SZ,buy,100,14.139219492868436,1413.9219492868438,1.9794907290015813,1415.9014400158455
2021-01-29,001914.SZ,sell,256,19.711648773006125,5046.182085889568,7.064654920245395,5039.117430969322
2021-01-29,603220.SH,sell,81,6.456343612334805,522.9638325991192,0.7321493656387669,522.2316832334805
2021-01-29,600110.SH,sell,271,20.072603305785183,5439.675495867785,7.615545694214899,5432.0599501735705
2021-01-29,000826.SZ,sell,92,3.539693548387098,325.651806451613,0.4559125290322582,325.1958939225808
2021-01-29,601899.SH,buy,100,19.60926315789477,1960.926315789477,2.745296842105268,1963.6716126315823
2021-01-29,002795.SZ,buy,200,8.084521723896266,1616.9043447792533,2.2636660826909547,1619.1680108619444
2021-02-01,000031.SZ,sell,1480,1.9048066298342572,2819.1138121547006,3.9467593370165805,2815.167052817684
2021-02-01,000920.SZ,sell,525,6.248437500000002,3280.4296875000014,4.592601562500002,3275.8370859375013
2021-02-01,002482.SZ,sell,94,1.3976821192052973,131.38211920529795,0.18393496688741715,131.19818423841053
2021-02-01,000809.SZ,sell,67,1.2413598326359827,83.17110878661084,0.11643955230125518,83.05466923430959
2021-02-01,000545.SZ,sell,670,1.963141025641025,1315.3044871794868,1.8414262820512814,1313.4630608974355
2021-02-01,000826.SZ,buy,500,3.3825510752688177,1691.275537634409,2.3677857526881723,1693.643323387097
2021-02-01,603220.SH,buy,300,5.954610132158591,1786.3830396475773,2.500936255506608,1788.883975903084
2021-02-01,001914.SZ,buy,100,18.247430981595084,1824.7430981595085,2.554640337423312,1827.297738496932
2021-02-01,002425.SZ,buy,100,11.33333333333332,1133.333333333332,1.5866666666666647,1134.9199999999987
2021-02-01,000966.SZ,buy,700,2.64186046511628,1849.302325581396,2.5890232558139545,1851.89134883721
2021-02-02,002482.SZ,buy,800,1.4171357615894031,1133.7086092715226,1.5871920529801316,1135.295801324503
2021-02-02,600509.SH,buy,100,7.024537533512065,702.4537533512065,0.9834352546916891,703.4371886058982
2021-02-02,000031.SZ,buy,600,1.8236982044198928,1094.2189226519356,1.5319064917127099,1095.7508291436484
2021-02-02,603458.SH,buy,100,10.999760166840463,1099.9760166840463,1.5399664233576649,1101.515983107404
2021-02-02,000766.SZ,buy,600,1.64998477929985,989.9908675799101,1.3859872146118741,991.376854794522
2021-02-02,000545.SZ,buy,600,1.8867467948717944,1132.0480769230767,1.5848673076923074,1133.632944230769
2021-02-02,002774.SZ,buy,200,5.105246753246751,1021.0493506493502,1.4294690909090904,1022.4788197402594
2021-02-02,000809.SZ,buy,900,1.202092050209204,1081.8828451882837,1.5146359832635972,1083.3974811715473
2021-02-03,002774.SZ,sell,200,4.553344155844154,910.6688311688307,1.2749363636363629,909.3938948051943
2021-02-03,600509.SH,sell,100,6.272613941018766,627.2613941018766,0.8781659517426272,626.383228150134
2021-02-03,000816.SZ,buy,100,6.69114238410595,669.114238410595,0.936759933774833,670.0509983443699
2021-02-03,603038.SH,buy,100,9.009695491251682,900.9695491251682,1.2613573687752355,902.2309064939435
2021-02-03,000920.SZ,buy,100,5.285714285714287,528.5714285714288,0.7400000000000003,529.3114285714288
2021-02-04,603126.SH,sell,99,6.636575757575766,657.0210000000009,0.9198294000000012,656.1011706000008
2021-02-04,000680.SZ,sell,1483,4.091925675675675,6068.325777027027,8.495656087837837,6059.830120939189
2021-02-04,000411.SZ,buy,100,13.125744680851058,1312.5744680851058,1.837604255319148,1314.412072340425
2021-02-04,002425.SZ,buy,100,13.696666666666657,1369.6666666666656,1.9175333333333318,1371.584199999999
2021-02-04,002774.SZ,buy,300,4.328999999999999,1298.6999999999996,1.8181799999999995,1300.5181799999996
2021-02-04,002707.SZ,buy,300,3.8376895734597207,1151.3068720379163,1.6118296208530827,1152.9187016587694
2021-02-04,600509.SH,buy,200,5.598739946380698,1119.7479892761396,1.5676471849865954,1121.3156364611264
2021-02-04,002688.SZ,buy,200,5.288888888888893,1057.7777777777787,1.4808888888888903,1059.2586666666678
2021-02-05,600509.SH,sell,200,4.9150134048257375,983.0026809651475,1.3762037533512066,981.6264772117963
2021-02-05,688233.SH,sell,1321,16.31517508978963,21552.3462936121,30.173284811056938,21522.173008801044
2021-02-05,300803.SZ,buy,100,20.5585491241432,2055.85491241432,2.878196877380048,2058.7331092917
2021-02-05,601899.SH,buy,100,20.55936842105266,2055.936842105266,2.8783115789473723,2058.8151536842133
2021-02-05,600110.SH,buy,100,15.29348140495872,1529.348140495872,2.1410873966942208,1531.4892278925663
2021-02-05,603126.SH,buy,400,5.974505050505059,2389.802020202024,3.3457228282828333,2393.147743030307
2021-02-05,601919.SH,buy,100,20.935965485074608,2093.5965485074607,2.931035167910445,2096.5275836753713
2021-02-08,600177.SH,buy,200,8.85799442896938,1771.5988857938762,2.480238440111427,1774.0791242339878
2021-02-08,600509.SH,buy,300,4.723512064343164,1417.0536193029493,1.983875067024129,1419.0374943699735
2021-02-09,002707.SZ,buy,300,4.898455766192738,1469.5367298578215,2.05735142180095,1471.5940812796225
2021-02-09,000802.SZ,buy,500,2.987914572864318,1493.957286432159,2.0915402010050226,1496.048826633164
2021-02-09,000680.SZ,buy,300,4.166182432432432,1249.8547297297296,1.7497966216216214,1251.6045263513513
2021-02-09,603103.SH,buy,100,10.129936644703506,1012.9936644703505,1.4181911302584906,1014.4118556006091
2021-02-18,000545.SZ,buy,400,2.7629006410256416,1105.1602564102566,1.5472243589743593,1106.707480769231
2021-02-18,002524.SZ,buy,100,12.745628544423452,1274.5628544423453,1.7843879962192835,1276.3472424385645
2021-02-19,000816.SZ,buy,100,7.113576158940387,711.3576158940388,0.9959006622516543,712.3535165562905
2021-02-19,601339.SH,buy,100,4.826716417910443,482.67164179104435,0.6757402985074621,483.34738208955184
2021-02-19,600712.SH,buy,400,1.6411671763506626,656.4668705402651,0.919053618756371,657.3859241590214
2021-02-19,000937.SZ,buy,200,3.229198369565215,645.839673913043,0.9041755434782602,646.7438494565214
2021-02-19,603360.SH,buy,100,6.510854962920715,651.0854962920715,0.9115196948089002,651.9970159868805
2021-02-22,002483.SZ,buy,100,5.471797423887585,547.1797423887585,0.7660516393442619,547.9457940281028
2021-02-22,002392.SZ,buy,100,5.308984962406028,530.8984962406029,0.743257894736844,531.6417541353397
2021-02-22,601996.SH,buy,100,3.8931293706293766,389.31293706293764,0.5450381118881127,389.85797517482575
2021-02-22,002494.SZ,buy,200,1.976926567656768,395.3853135313536,0.553539438943895,395.9388529702975
2021-02-23,000031.SZ,buy,100,2.293314917127077,229.3314917127077,0.32106408839779077,229.6525558011055
2021-02-23,000937.SZ,buy,100,3.419565217391302,341.95652173913015,0.4787391304347822,342.43526086956496
2021-02-23,000802.SZ,buy,100,3.5177864321607992,351.7786432160799,0.49249010050251185,352.27113331658245
2021-02-23,002042.SZ,buy,100,3.4324324324324267,343.24324324324266,0.48054054054053974,343.72378378378323
2021-02-26,600678.SH,buy,100,3.717884167636784,371.7884167636784,0.5205037834691498,372.3089205471476
2021-03-02,000766.SZ,buy,100,2.2928082191780867,229.28082191780868,0.32099315068493217,229.60181506849364
2021-03-03,000958.SZ,buy,100,3.4170212765957446,341.70212765957444,0.47838297872340424,342.18051063829785
2021-03-04,600569.SH,buy,100,2.492939453124997,249.2939453124997,0.3490115234374996,249.6429568359372
2021-03-04,000766.SZ,buy,100,2.626095890410964,262.6095890410964,0.367653424657535,262.97724246575393
2021-03-05,000592.SZ,buy,100,2.6955363321799317,269.5536332179932,0.37737508650519047,269.9310083044984
2021-03-08,002425.SZ,sell,91,11.630239316239296,1058.3517777777759,1.4816924888888863,1056.870085288887
2021-03-08,002535.SZ,buy,200,1.353886925795052,270.7773851590104,0.3790883392226146,271.156473498233
2021-03-09,000592.SZ,sell,102,2.438685121107268,248.74588235294135,0.3482442352941179,248.39763811764723
2021-03-09,000966.SZ,sell,811,3.2548097251585646,2639.650687103596,3.695510961945034,2635.955176141651
2021-03-09,600509.SH,sell,354,6.1566085790884735,2179.4394369973197,3.0512152117962477,2176.3882217855235
2021-03-09,600678.SH,buy,100,3.660506402793944,366.0506402793944,0.5124708963911521,366.56311117578554
2021-03-09,002554.SZ,buy,100,3.2893421052631626,328.93421052631624,0.4605078947368427,329.3947184210531
2021-03-09,600929.SH,buy,100,4.295726172465964,429.57261724659645,0.601401664145235,430.1740189107417
2021-03-09,002042.SZ,buy,100,3.2246756756756705,322.4675675675671,0.4514545945945939,322.9190221621617
2021-03-10,002554.SZ,sell,100,2.629753289473688,262.97532894736884,0.3681654605263164,262.6071634868425
2021-03-10,600569.SH,buy,100,2.6424999999999974,264.2499999999997,0.3699499999999996,264.61994999999973
2021-03-10,000545.SZ,buy,100,2.8893750000000007,288.93750000000006,0.40451250000000005,289.34201250000007
2021-03-10,000592.SZ,buy,100,2.341306228373703,234.13062283737028,0.32778287197231837,234.45840570934263
2021-03-10,002494.SZ,buy,100,1.9825412541254148,198.25412541254147,0.27755577557755806,198.53168118811905
2021-03-11,002554.SZ,buy,100,2.5739967105263197,257.39967105263196,0.36035953947368476,257.76003059210564
2021-03-12,000592.SZ,buy,100,2.812975778546713,281.2975778546713,0.39381660899653986,281.69139446366785
2021-03-15,002554.SZ,sell,101,2.3712500000000025,239.49625000000026,0.33529475000000036,239.16095525000026
2021-03-15,002471.SZ,buy,100,2.811375000000001,281.1375000000001,0.3935925000000001,281.5310925000001
2021-03-23,000766.SZ,sell,92,2.246712328767128,206.69753424657574,0.289376547945206,206.40815769863053
2021-03-23,000545.SZ,buy,100,2.829278846153846,282.9278846153846,0.39609903846153843,283.32398365384614
2021-03-24,300725.SZ,sell,20961,257.0949239543719,5388966.70100759,7544.553381410626,5381422.147626179
2021-03-24,002749.SZ,buy,10200,10.32702054794519,105335.60958904095,147.46985342465732,105483.07944246562
2021-03-24,603860.SH,buy,6400,16.422579710144937,105104.5101449276,147.14631420289862,105251.6564591305
2021-03-24,600053.SH,buy,10900,9.62177332856631,104877.32928137277,146.82826099392187,105024.15754236671
2021-03-24,300720.SZ,buy,3200,32.51568954457986,104050.20654265553,145.67028915971775,104195.87683181526
2021-03-24,603659.SH,buy,1100,89.49907320781212,98448.98052859333,137.82857274003067,98586.80910133336
2021-03-24,002927.SZ,buy,20000,5.272364435759646,105447.28871519292,147.62620420127007,105594.9149193942
2021-03-24,601689.SH,buy,2000,52.76572744774482,105531.45489548965,147.74403685368551,105679.19893234334
2021-03-24,000816.SZ,buy,14900,7.08112582781456,105508.77483443695,147.71228476821173,105656.48711920517
2021-03-24,600678.SH,buy,27200,3.882491268917343,105603.76251455172,147.8452675203724,105751.6077820721
2021-03-24,601198.SH,buy,11000,9.598776758409771,105586.54434250749,147.8211620795105,105734.36550458701
2021-03-24,603126.SH,buy,3300,32.01454545454552,105648.00000000022,147.9072000000003,105795.90720000022
2021-03-24,600138.SH,buy,8500,12.390822265624996,105321.98925781247,147.45078496093745,105469.44004277342
2021-03-24,603616.SH,buy,22700,4.64618263473054,105468.34580838325,147.65568413173656,105616.001492515
2021-03-24,600509.SH,buy,12400,8.51593163538874,105597.55227882038,147.83657319034853,105745.38885201074
2021-03-24,600333.SH,buy,17200,6.127857142857141,105399.14285714283,147.55879999999996,105546.70165714284
2021-03-24,600834.SH,buy,9600,10.994397590361416,105546.2168674696,147.76470361445743,105693.98157108406
2021-03-24,002222.SZ,buy,6100,17.215847860538783,105016.67194928658,147.0233407290012,105163.69529001559
2021-03-24,000411.SZ,buy,7500,13.928320376432078,104462.40282324058,146.2473639525368,104608.65018719313
2021-03-24,300756.SZ,buy,6700,15.67605949008496,105029.59858356923,147.04143801699692,105176.64002158622
2021-03-24,002675.SZ,buy,4700,22.28877184769037,104757.22768414475,146.66011875780265,104903.88780290255
2021-03-24,300192.SZ,buy,7400,14.120670391061466,104492.96089385485,146.29014525139678,104639.25103910625
2021-03-24,603038.SH,buy,9500,11.04256393001346,104904.35733512786,146.86610026917901,105051.22343539704
2021-03-24,000002.SZ,buy,3600,29.305135135135064,105498.48648648623,147.69788108108074,105646.18436756732
2021-03-24,603661.SH,buy,1100,94.63942414791704,104103.36656270875,145.74471318779226,104249.11127589655
2021-03-24,300674.SZ,buy,2500,41.46714247311826,103667.85618279564,145.1349986559139,103812.99118145157
2021-03-24,000680.SZ,buy,23400,4.518324324324324,105728.78918918918,148.02030486486484,105876.80949405405
2021-03-24,000826.SZ,buy,21600,4.877118279569893,105345.75483870969,147.48405677419356,105493.2388954839
2021-03-24,600313.SH,buy,13100,8.068548387096788,105697.98387096793,147.97717741935512,105845.9610483873
2021-03-24,002878.SZ,buy,9400,11.22261879215207,105492.61664622946,147.68966330472125,105640.3063095342
2021-03-24,600702.SH,buy,600,166.92098684210552,100152.5921052633,140.21362894736862,100292.80573421068
2021-03-24,600872.SH,buy,1900,55.04107234479219,104578.03745510516,146.40925243714722,104724.44670754232
2021-03-24,300893.SZ,buy,3900,26.741124087591267,104290.38394160593,146.0065375182483,104436.3904791242
2021-03-24,300819.SZ,buy,1500,68.89271889400922,103339.07834101382,144.67470967741934,103483.75305069124
2021-03-24,603279.SH,buy,5200,20.13500455166131,104702.02366863881,146.58283313609434,104848.6065017749
2021-03-24,001914.SZ,buy,7400,14.166517126789373,104832.22673824136,146.7651174335379,104978.9918556749
2021-03-24,000766.SZ,buy,48700,2.1704528158295324,105701.05213089823,147.9814729832575,105849.03360388149
2021-03-24,601015.SH,buy,7700,13.64382352941177,105057.44117647063,147.08041764705888,105204.5215941177
2021-03-24,601996.SH,buy,23800,4.428173076923084,105390.5192307694,147.54672692307716,105538.06595769248
2021-03-24,000045.SZ,buy,11200,9.439498031496058,105722.37795275585,148.0113291338582,105870.38928188971
2021-03-24,002688.SZ,buy,20200,5.219935312024354,105442.69330289196,147.61977062404875,105590.31307351601
2021-03-24,300468.SZ,buy,10700,9.885106293706285,105770.63734265724,148.07889227972012,105918.71623493696
2021-03-24,300864.SZ,buy,1300,81.10637513552584,105438.2876761836,147.61360274665702,105585.90127893027
2021-03-24,000592.SZ,buy,32700,3.2320588235294125,105688.32352941179,147.96365294117652,105836.28718235297
2021-03-24,002566.SZ,buy,14500,7.280247005988018,105563.58158682626,147.78901422155676,105711.37060104782
2021-03-24,603369.SH,buy,1500,68.57543478260858,102863.15217391287,144.00841304347801,103007.16058695635
2021-03-24,600115.SH,buy,21900,4.815486348122853,105459.15102389049,147.6428114334467,105606.79383532394
2021-03-24,603298.SH,buy,2400,42.99122976098692,103178.9514263686,144.45053199691603,103323.40195836552
2021-03-24,002240.SZ,buy,2100,49.75516311166884,104485.84253450457,146.2801795483064,104632.12271405288
2021-03-24,600177.SH,buy,11200,9.42181058495823,105524.27855153217,147.73398997214505,105672.01254150433
2021-03-24,688233.SH,buy,6400,16.2639751154438,104089.44073884032,145.72521703437644,104235.1659558747
2021-03-24,688160.SH,buy,5000,21.10298948290972,105514.9474145486,147.72092638036804,105662.66834092898
2021-03-25,603126.SH,sell,3300,25.887818181818236,85429.80000000018,119.60172000000024,85310.19828000019
2021-03-25,000995.SZ,buy,1000,12.1892,12189.199999999999,17.06488,12206.26488
2021-03-25,601899.SH,buy,600,19.22566315789477,11535.397894736861,16.149557052631607,11551.547451789495
2021-03-25,600110.SH,buy,1200,10.196280991735568,12235.537190082681,17.129752066115753,12252.666942148799
2021-03-25,002425.SZ,buy,1200,10.640957264957244,12769.148717948692,17.876808205128167,12787.02552615382
2021-03-25,603995.SH,buy,300,33.503125000000026,10050.937500000007,14.07131250000001,10065.008812500007
2021-03-25,000011.SZ,buy,600,19.046708727655105,11428.025236593063,15.999235331230288,11444.024471924295
2021-03-25,002707.SZ,buy,1700,7.176540284360202,12200.118483412343,17.08016587677728,12217.198649289121
2021-03-25,601919.SH,buy,500,23.33113339552237,11665.566697761185,16.331793376865658,11681.898491138052
2021-03-25,002554.SZ,buy,2700,4.7391858552631625,12795.80180921054,17.914122532894755,12813.715931743434
2021-03-26,300465.SZ,buy,300,11.686892023346322,3506.0676070038967,4.908494649805455,3510.9761016537022
2021-03-26,000966.SZ,buy,300,13.301670190274848,3990.5010570824543,5.586701479915436,3996.08775856237
2021-03-26,002033.SZ,buy,400,10.010015873015885,4004.0063492063537,5.605608888888895,4009.6119580952427
2021-03-26,603126.SH,buy,100,23.820671717171763,2382.0671717171763,3.3348940404040466,2385.4020657575807
2021-03-26,601339.SH,buy,800,5.254384328358207,4203.507462686566,5.884910447761192,4209.3923731343275
2021-03-29,600115.SH,buy,100,5.301288395904422,530.1288395904421,0.742180375426619,530.8710199658688
2021-03-30,000592.SZ,sell,32591,2.8348961937716277,92392.10185121112,129.34894259169556,92262.75290861943
2021-03-30,603126.SH,sell,102,22.09263636363641,2253.4489090909137,3.1548284727272793,2250.2940806181864
2021-03-30,920971.BJ,buy,1000,8.843521739130429,8843.521739130429,12.3809304347826,8855.902669565212
2021-03-30,002524.SZ,buy,800,10.942911153119091,8754.328922495273,12.256060491493383,8766.584982986767
2021-03-30,001914.SZ,buy,500,18.249502811860943,9124.751405930472,12.774651968302662,9137.526057898776
2021-03-30,000809.SZ,buy,5100,1.8856066945606689,9616.594142259411,13.463231799163175,9630.057374058575
2021-03-30,601689.SH,buy,100,62.6222153465347,6262.22153465347,8.767110148514858,6270.988644801986
2021-03-30,601919.SH,buy,300,27.63530317164177,8290.590951492532,11.606827332089544,8302.197778824622
2021-03-30,002554.SZ,buy,1900,4.853659539473688,9221.953125000007,12.91073437500001,9234.863859375007
2021-03-30,600333.SH,buy,1300,7.336666666666665,9537.666666666664,13.35273333333333,9551.019399999997
2021-03-30,002907.SZ,buy,800,11.283203825463268,9026.563060370614,12.63718828451886,9039.200248655134
2021-03-31,002554.SZ,sell,1900,4.339210526315792,8244.500000000005,11.542300000000008,8232.957700000006
2021-03-31,000809.SZ,sell,5100,1.5303974895397487,7805.027196652719,10.927038075313806,7794.100158577406
2021-03-31,002907.SZ,sell,800,9.769814704124354,7815.851763299483,10.942192468619275,7804.909570830864
2021-03-31,000592.SZ,buy,5000,2.7687975778546723,13843.987889273361,19.381583044982705,13863.369472318345
2021-03-31,603126.SH,buy,600,21.29672727272732,12778.036363636393,17.88925090909095,12795.925614545484
2021-04-01,000809.SZ,buy,1400,1.4985355648535563,2097.949790794979,2.9371297071129705,2100.886920502092
2021-04-01,000958.SZ,buy,400,4.508289007092193,1803.3156028368771,2.524641843971628,1805.8402446808489
2021-04-01,603616.SH,buy,400,4.9529610778443125,1981.184431137725,2.773658203592815,1983.9580893413179
2021-04-01,600509.SH,buy,100,13.958934316353885,1395.8934316353884,1.9542508042895437,1397.847682439678
2021-04-01,002907.SZ,buy,200,9.433030484160216,1886.6060968320432,2.6412485355648605,1889.2473453676082
2021-04-02,000605.SZ,buy,100,6.833485611510799,683.3485611510799,0.9566879856115119,684.3052491366915
2021-04-02,002535.SZ,buy,800,1.258869257950529,1007.0954063604231,1.4099335689045924,1008.5053399293278
2021-04-06,002554.SZ,buy,100,3.0901315789473704,309.01315789473705,0.4326184210526319,309.4457763157897
2021-04-08,002554.SZ,sell,102,2.9873519736842127,304.7099013157897,0.42659386184210557,304.2833074539476
2021-04-12,601899.SH,sell,642,20.185347368421088,12958.993010526337,18.142590214736874,12940.8504203116
2021-04-12,002675.SZ,sell,5056,23.375106117353287,118184.53652933822,165.4583511410735,118019.07817819715
2021-04-12,002240.SZ,sell,2231,49.10653701380183,109556.68407779187,153.37935770890863,109403.30472008296
2021-04-12,600872.SH,buy,200,72.85997947665469,14571.995895330938,20.400794253463314,14592.396689584402
2021-04-12,603093.SH,buy,1600,9.39968865826538,15039.501853224607,21.055302594514448,15060.557155819122
2021-04-12,002774.SZ,buy,2300,6.482207792207788,14909.077922077913,20.87270909090908,14929.950631168824
2021-04-12,600115.SH,buy,2900,5.237474402730361,15188.675767918046,21.264146075085264,15209.939913993132
2021-04-12,603279.SH,buy,600,24.208527537551145,14525.116522530687,20.335163131542963,14545.45168566223
2021-04-12,002707.SZ,buy,2200,6.784766982622442,14926.487361769374,20.897082306477124,14947.384444075851
2021-04-12,601689.SH,buy,200,56.565743949395,11313.148789879,15.8384083058306,11328.987198184832
2021-04-12,001914.SZ,buy,600,22.83942484662577,13703.654907975462,19.185116871165647,13722.84002484663
2021-04-12,601015.SH,buy,1000,14.986609907120746,14986.609907120746,20.981253869969045,15007.591160990716
2021-04-12,002580.SZ,buy,2100,7.147249999999998,15009.224999999995,21.012914999999992,15030.237914999996
2021-04-12,002554.SZ,buy,5100,2.982656250000002,15211.546875000011,21.296165625000015,15232.843040625012
2021-04-12,600509.SH,buy,1200,12.676347184986597,15211.616621983916,21.296263270777484,15232.912885254695
2021-04-12,002878.SZ,buy,800,17.992351318209717,14393.881054567773,20.15143347639488,14414.03248804417
2021-04-12,002222.SZ,buy,700,21.102218700475383,14771.553090332769,20.680174326465877,14792.233264659237
2021-04-13,002774.SZ,sell,2300,5.785896103896101,13307.561038961032,18.630585454545443,13288.930453506488
2021-04-13,601015.SH,sell,1000,13.261300309597528,13261.30030959753,18.565820433436542,13242.734489164093
2021-04-13,600509.SH,sell,1200,11.46126675603217,13753.520107238604,19.254928150134045,13734.26517908847
2021-04-13,600333.SH,sell,1116,4.834499999999999,5395.302,7.5534228,5387.7485772
2021-04-13,601899.SH,buy,400,19.7216315789474,7888.65263157896,11.044113684210544,7899.696745263171
2021-04-13,002675.SZ,buy,400,22.436376404494364,8974.550561797745,12.564370786516843,8987.114932584263
2021-04-13,600929.SH,buy,1500,6.337783661119525,9506.675491679289,13.309345688351005,9519.984837367641
2021-04-13,000966.SZ,buy,300,30.10438160676534,9031.314482029602,12.643840274841443,9043.958322304445
2021-04-13,002240.SZ,buy,100,50.74766938519456,5074.766938519456,7.104673713927238,5081.8716122333835
2021-04-13,601919.SH,buy,200,40.5115951492537,8102.31902985074,11.343246641791035,8113.662276492531
2021-04-13,600808.SH,buy,2100,4.382524271844662,9203.300970873792,12.884621359223308,9216.185592233016
2021-04-14,000920.SZ,buy,200,9.204791666666676,1840.958333333335,2.577341666666669,1843.535675000002
2021-04-14,002774.SZ,buy,400,5.631376623376619,2252.5506493506477,3.1535709090909068,2255.704220259739
2021-04-14,300465.SZ,buy,100,13.630958171206249,1363.0958171206248,1.9083341439688748,1365.0041512645937
2021-04-14,002927.SZ,buy,400,5.382074987787004,2152.829995114802,3.0139619931607227,2155.843957107963
2021-04-14,601015.SH,buy,200,12.98472910216718,2596.945820433436,3.63572414860681,2600.581544582043
2021-04-14,603126.SH,buy,100,22.356363636363685,2235.6363636363685,3.129890909090916,2238.7662545454596
2021-04-14,601339.SH,buy,400,6.0208706467661655,2408.3482587064664,3.3716875621890527,2411.719946268656
2021-04-14,600509.SH,buy,200,10.598485254691688,2119.6970509383377,2.967575871313673,2122.6646268096515
2021-04-14,600333.SH,buy,500,4.804590476190474,2402.295238095237,3.3632133333333316,2405.6584514285705
2021-04-15,002535.SZ,sell,835,1.2455653710247343,1040.0470848056532,1.4560659187279144,1038.5910188869252
2021-04-15,000966.SZ,sell,287,23.77983615221989,6824.8129756871085,9.554738165961952,6815.258237521147
2021-04-15,000920.SZ,sell,200,7.934910714285722,1586.9821428571443,2.221775000000002,1584.7603678571443
2021-04-15,002425.SZ,buy,100,11.427487179487152,1142.7487179487152,1.5998482051282013,1144.3485661538434
2021-04-15,000766.SZ,buy,700,2.5083713850837177,1755.8599695586024,2.4582039573820436,1758.3181735159847
2021-04-15,600712.SH,buy,900,1.913226299694189,1721.90366972477,2.410665137614678,1724.3143348623848
2021-04-15,002795.SZ,buy,200,7.450903994393813,1490.1807988787625,2.0862531184302675,1492.267051997193
2021-04-15,600834.SH,buy,100,14.129839357429686,1412.9839357429687,1.9781775100401562,1414.962113253009
2021-04-16,000920.SZ,buy,100,7.751808035714294,775.1808035714295,1.0852531250000013,776.2660566964295
2021-04-16,002535.SZ,buy,1000,1.2273144876325082,1227.3144876325082,1.7182402826855114,1229.0327279151938
2021-04-16,600569.SH,buy,200,5.0975195312499935,1019.5039062499986,1.427305468749998,1020.9312117187487
2021-04-19,603616.SH,buy,100,4.694901197604793,469.4901197604793,0.657286167664671,470.147405928144
2021-04-19,600279.SH,buy,200,3.0607221006564496,612.14442013129,0.8570021881838059,613.0014223194738
2021-04-20,002795.SZ,buy,100,7.998572179397315,799.8572179397315,1.1198001051156241,800.9770180448472
2021-04-21,603038.SH,sell,10206,11.636263458950202,118759.70486204576,166.26358680686405,118593.4412752389
2021-04-21,600569.SH,sell,194,4.305468749999995,835.260937499999,1.1693653124999988,834.0915721874991
2021-04-21,600509.SH,sell,199,9.606112600536193,1911.6164075067024,2.6762629705093834,1908.9401445361932
2021-04-21,600110.SH,buy,1300,10.451621900826485,13587.10847107443,19.021951859504203,13606.130422933937
2021-04-21,002524.SZ,buy,800,15.991970699432898,12793.576559546318,17.911007183364845,12811.487566729684
2021-04-21,002240.SZ,buy,200,64.93757841907163,12987.515683814325,18.182521957340054,13005.698205771665
2021-04-21,601689.SH,buy,100,73.56348184818488,7356.348184818487,10.298887458745883,7366.647072277234
2021-04-21,603661.SH,buy,100,78.82986188460674,7882.986188460674,11.036180663844943,7894.02236912452
2021-04-21,002580.SZ,buy,1700,8.145694444444443,13847.680555555553,19.386752777777772,13867.067308333331
2021-04-22,000995.SZ,buy,200,14.637846774193552,2927.5693548387103,4.098597096774195,2931.667951935485
2021-04-22,000411.SZ,buy,200,17.7047217675941,3540.94435351882,4.957322094926348,3545.9016756137466
2021-04-22,000545.SZ,buy,1200,3.489871794871794,4187.846153846153,5.862984615384614,4193.709138461538
2021-04-22,603093.SH,buy,300,10.983513713862116,3295.054114158635,4.613075759822089,3299.667189918457
2021-04-22,603038.SH,buy,300,11.820994279946166,3546.29828398385,4.96481759757739,3551.2631015814277
2021-04-22,600569.SH,buy,900,4.331445312499996,3898.3007812499964,5.457621093749995,3903.7584023437466
2021-04-22,000966.SZ,buy,100,24.76726744186048,2476.726744186048,3.4674174418604675,2480.1941616279087
2021-04-22,000766.SZ,buy,1500,2.741130136986306,4111.695205479459,5.756373287671243,4117.451578767131
2021-04-22,600509.SH,buy,400,9.82459785522788,3929.839142091152,5.501774798927613,3935.34091689008
2021-04-22,002688.SZ,buy,600,6.8297945205479484,4097.876712328769,5.7370273972602766,4103.613739726029
2021-04-22,002222.SZ,buy,100,21.40025356576856,2140.0253565768558,2.996035499207598,2143.0213920760634
2021-04-23,600808.SH,buy,800,4.965711974110035,3972.569579288028,5.561597411003239,3978.1311766990316
2021-04-26,002749.SZ,sell,10053,8.960032232070896,90075.20402900872,126.10528564061221,89949.09874336811
2021-04-26,000920.SZ,sell,95,6.585874255952389,625.6580543154769,0.8759212760416676,624.7821330394353
2021-04-26,002707.SZ,sell,2206,5.898439968404433,13011.95857030018,18.21674199842025,12993.74182830176
2021-04-26,000411.SZ,buy,1100,20.447504091653023,22492.254500818326,31.489156301145655,22523.743657119474
2021-04-26,002240.SZ,buy,200,83.16414052697631,16632.828105395263,23.28595934755337,16656.11406474282
2021-04-26,601919.SH,buy,500,48.14947761194028,24074.738805970137,33.70463432835819,24108.443440298495
2021-04-26,002580.SZ,buy,3000,7.886810185185181,23660.43055555554,33.12460277777775,23693.555158333318
2021-04-27,000031.SZ,sell,74,1.808273480662987,133.81223756906104,0.18733713259668544,133.62490043646437
2021-04-27,000966.SZ,sell,97,20.39142177589853,1977.9679122621574,2.7691550771670204,1975.1987571849904
2021-04-27,603126.SH,sell,91,18.13895959595964,1650.6453232323272,2.310903452525258,1648.334419779802
2021-04-27,002580.SZ,sell,3000,6.931361111111107,20794.08333333332,29.11171666666665,20764.971616666655
2021-04-27,002749.SZ,buy,900,8.586099919419809,7727.489927477828,10.818485898468959,7738.308413376298
2021-04-27,600110.SH,buy,600,11.902479338843015,7141.487603305809,9.998082644628132,7151.485685950438
2021-04-27,000920.SZ,buy,1300,6.301644345238104,8192.137648809536,11.46899270833335,8203.60664151787
2021-04-27,603659.SH,buy,100,67.23693836978146,6723.693836978146,9.413171371769403,6733.107008349915
2021-04-27,601339.SH,buy,1100,7.277257462686562,8004.983208955217,11.206976492537304,8016.1901854477555
2021-04-28,002233.SZ,sell,4,10.344300234558236,41.377200938232946,0.05792808131352612,41.31927285691942
2021-04-28,600872.SH,sell,180,54.18663096459721,9753.593573627497,13.655031003078495,9739.938542624419
2021-04-28,300756.SZ,buy,100,25.565936260623182,2556.5936260623184,3.579231076487246,2560.1728571388057
2021-04-28,000031.SZ,buy,1500,1.783808701657462,2675.7130524861927,3.74599827348067,2679.4590507596736
2021-04-28,002707.SZ,buy,500,5.116943127962093,2558.4715639810465,3.581860189573465,2562.05342417062
2021-04-28,000966.SZ,buy,100,18.06427589852009,1806.427589852009,2.5289986257928128,1808.956588477802
2021-04-28,000766.SZ,buy,900,2.8801217656012224,2592.1095890411,3.6289534246575403,2595.7385424657577
2021-04-28,603126.SH,buy,100,17.024404040404082,1702.4404040404083,2.383416565656572,1704.823820606065
2021-04-28,002580.SZ,buy,400,6.525745370370366,2610.2981481481465,3.654417407407405,2613.952565555554
2021-04-28,002246.SZ,buy,400,6.369217105263147,2547.686842105259,3.5667615789473626,2551.2536036842066
2021-04-29,000995.SZ,sell,187,10.994753225806456,2056.018853225807,2.87842639451613,2053.1404268312913
2021-04-29,603279.SH,sell,640,24.26792216659076,15531.470186618088,21.744058261265323,15509.726128356822
2021-04-29,002233.SZ,buy,500,10.103186082877237,5051.5930414386185,7.0722302580140655,5058.665271696633
2021-04-29,601339.SH,buy,600,8.549477611940294,5129.686567164176,7.181561194029847,5136.868128358206
2021-04-29,600872.SH,buy,100,54.46699204720367,5446.699204720367,7.625378886608513,5454.3245836069755
2021-04-30,000011.SZ,sell,561,14.947949526813884,8385.79968454259,11.740119558359625,8374.05956498423
2021-04-30,002535.SZ,sell,927,0.9737102473498224,902.6293992932854,1.2636811590105994,901.3657181342747
2021-04-30,603093.SH,sell,274,8.41556060044477,2305.8636045218673,3.228209046330614,2302.635395475537
2021-04-30,603616.SH,sell,91,3.627473053892217,330.10004790419174,0.4621400670658684,329.6379078371259
2021-04-30,601996.SH,sell,20792,3.047937062937067,63372.70741258749,88.72179037762248,63283.985622209875
2021-04-30,000937.SZ,sell,87,3.71221467391304,322.9626766304345,0.45214774728260826,322.5105288831519
2021-04-30,000995.SZ,buy,2100,10.377650000000004,21793.06500000001,30.510291000000013,21823.575291000012
2021-04-30,603279.SH,buy,900,23.00627218934907,20705.644970414163,28.987902958579827,20734.632873372746
2021-04-30,601919.SH,buy,300,62.163936567164136,18649.180970149242,26.10885335820894,18675.289823507454
2021-05-06,002707.SZ,sell,507,4.554992101105852,2309.380995260667,3.233133393364934,2306.1478618673023
2021-05-06,002033.SZ,sell,335,6.534611111111119,2189.094722222225,3.064732611111115,2186.0299896111137
2021-05-06,002675.SZ,buy,100,25.445224719101105,2544.5224719101107,3.5623314606741547,2548.084803370785
2021-05-06,603093.SH,buy,500,7.610618977020011,3805.3094885100054,5.327433283914007,3810.6369217939196
2021-05-06,002535.SZ,buy,5000,0.8918904593639569,4459.452296819784,6.243233215547698,4465.695530035332
2021-05-06,002524.SZ,buy,200,18.70679584120984,3741.359168241968,5.237902835538755,3746.597071077507
2021-05-06,603616.SH,buy,1300,3.338622754491019,4340.209580838325,6.076293413173654,4346.285874251498
2021-05-06,601996.SH,buy,1300,3.228513986013991,4197.068181818188,5.875895454545463,4202.944077272734
2021-05-07,000766.SZ,sell,938,2.8614764079147688,2684.064870624053,3.7576908188736744,2680.3071798051797
2021-05-07,002524.SZ,sell,200,16.6274291115312,3325.48582230624,4.6556801512287365,3320.8301421550113
2021-05-07,000592.SZ,buy,300,3.2159342560553656,964.7802768166097,1.3506923875432535,966.130969204153
2021-05-07,002707.SZ,buy,200,4.377101105845188,875.4202211690376,1.2255883096366527,876.6458094786743
2021-05-07,002033.SZ,buy,100,6.270000000000008,627.0000000000008,0.8778000000000011,627.8778000000009
2021-05-07,600808.SH,buy,100,6.707152103559873,670.7152103559873,0.9390012944983822,671.6542116504858
2021-05-07,600313.SH,buy,100,7.259072580645175,725.9072580645176,1.0162701612903247,726.9235282258079
2021-05-07,002878.SZ,buy,100,10.153988350705102,1015.3988350705102,1.4215583690987144,1016.820393439609
2021-05-07,000937.SZ,buy,200,4.393919836956517,878.7839673913033,1.2302975543478247,880.0142649456512
2021-05-10,601689.SH,sell,85,54.1255363036304,4600.670585808583,6.440938820132017,4594.229646988451
2021-05-10,002566.SZ,buy,100,10.056624251496997,1005.6624251496996,1.4079273952095794,1007.0703525449093
2021-05-10,002535.SZ,buy,1000,0.9619787985865714,961.9787985865714,1.3467703180212,963.3255689045927
2021-05-10,920971.BJ,buy,100,8.417391304347825,841.7391304347825,1.1784347826086956,842.9175652173913
2021-05-10,600509.SH,buy,100,9.719034852546914,971.9034852546914,1.3606648793565679,973.264150134048
2021-05-11,000545.SZ,sell,1383,4.013589743589743,5550.794615384615,7.771112461538461,5543.023502923077
2021-05-11,002716.SZ,buy,400,2.81219512195122,1124.878048780488,1.574829268292683,1126.4528780487806
2021-05-11,300377.SZ,buy,100,8.985510460251044,898.5510460251044,1.257971464435146,899.8090174895395
2021-05-11,600569.SH,buy,100,6.199306640624994,619.9306640624994,0.8679029296874992,620.7985669921869
2021-05-11,000766.SZ,buy,300,3.6209284627092906,1086.2785388127872,1.5207899543379022,1087.7993287671252
2021-05-11,002795.SZ,buy,100,9.506920112123307,950.6920112123307,1.330968815697263,952.0229800280281
2021-05-11,000937.SZ,buy,200,4.657472826086954,931.4945652173908,1.3040923913043472,932.7986576086952
2021-05-13,000545.SZ,buy,100,4.519230769230768,451.92307692307685,0.6326923076923076,452.5557692307692
2021-05-13,000802.SZ,buy,200,1.7875628140703494,357.5125628140699,0.5005175879396978,358.0130804020096
2021-05-14,601588.SH,buy,200,1.8673348348348369,373.4669669669674,0.5228537537537543,373.9898207207212
2021-05-17,002535.SZ,sell,1060,0.9854770318021192,1044.6056537102463,1.4624479151943448,1043.143205795052
2021-05-17,002483.SZ,sell,87,5.831428571428575,507.33428571428607,0.7102680000000005,506.6240177142861
2021-05-18,002535.SZ,buy,300,0.9145141342756176,274.3542402826853,0.3840959363957594,274.7383362190811
2021-05-19,002554.SZ,buy,100,3.0952302631578963,309.52302631578965,0.4333322368421055,309.9563585526318
2021-05-20,600569.SH,sell,90,4.376699218749995,393.9029296874996,0.5514641015624994,393.3514655859371
2021-05-20,600808.SH,sell,87,4.676189320388352,406.82847087378667,0.5695598592233013,406.2589110145634
2021-05-20,000545.SZ,sell,91,3.5112820512820497,319.52666666666653,0.44733733333333314,319.0793293333332
2021-05-25,600712.SH,buy,100,2.035407747196738,203.5407747196738,0.2849570846075433,203.82573180428136
2021-05-27,300864.SZ,sell,1128,16.017220816769065,18067.425081315505,25.294395113841706,18042.130686201665
2021-05-27,002483.SZ,buy,100,5.494549180327872,549.4549180327872,0.7692368852459021,550.2241549180332
2021-05-27,600569.SH,buy,100,4.555468749999996,455.54687499999955,0.6377656249999993,456.1846406249996
2021-05-27,600728.SH,buy,100,4.383150826446284,438.31508264462843,0.6136411157024798,438.92872376033097
2021-05-27,601996.SH,buy,100,3.833697552447557,383.3697552447557,0.536717657342658,383.9064729020984
2021-05-27,000545.SZ,buy,100,4.044951923076923,404.49519230769226,0.5662932692307692,405.0614855769231
2021-05-27,000592.SZ,buy,100,4.682742214532875,468.2742214532875,0.6555839100346025,468.92980536332215
2021-05-27,600808.SH,buy,100,4.614902912621361,461.49029126213617,0.6460864077669907,462.1363776699032
2021-05-28,002471.SZ,buy,100,5.195375000000001,519.5375000000001,0.7273525000000002,520.2648525000002
2021-05-31,300893.SZ,sell,4174,13.43816605839417,56090.905127737264,78.52726717883216,56012.37786055844
2021-05-31,002471.SZ,sell,100,4.802,480.19999999999993,0.6722799999999999,479.52771999999993
2021-05-31,603860.SH,buy,100,16.482435688405793,1648.2435688405794,2.307540996376811,1650.5511098369564
2021-05-31,600053.SH,buy,100,10.54778065784768,1054.778065784768,1.4766892920986752,1056.2547550768668
2021-05-31,300947.SZ,buy,100,14.52985299194477,1452.985299194477,2.034179418872268,1455.0194786133493
2021-05-31,600509.SH,buy,100,11.989973190348518,1198.997319034852,1.6785962466487927,1200.6759152815007
2021-05-31,002907.SZ,buy,100,10.132665869695186,1013.2665869695186,1.418573221757326,1014.6851601912759
2021-05-31,000411.SZ,buy,100,16.57351882160393,1657.351882160393,2.32029263502455,1659.6721747954177
2021-05-31,603093.SH,buy,200,9.131641957005185,1826.328391401037,2.5568597479614517,1828.8852511489986
2021-05-31,000011.SZ,buy,100,17.420465299684547,1742.0465299684547,2.4388651419558367,1744.4853951104108
2021-05-31,603038.SH,buy,200,10.02502523553163,2005.005047106326,2.807007065948856,2007.8120541722749
2021-05-31,300221.SZ,buy,200,10.093417667238404,2018.6835334476807,2.826156946826753,2021.5096903945075
2021-05-31,300940.SZ,buy,100,19.53364142223898,1953.364142223898,2.7347097991134572,1956.0988520230114
2021-05-31,002580.SZ,buy,200,8.415361111111105,1683.072222222221,2.3563011111111094,1685.4285233333321
2021-05-31,000920.SZ,buy,200,7.200799851190482,1440.1599702380963,2.016223958333335,1442.1761941964298
2021-05-31,605298.SH,buy,100,20.064519105514552,2006.4519105514553,2.8090326747720376,2009.2609432262275
2021-05-31,000045.SZ,buy,200,9.822047244094492,1964.4094488188985,2.750173228346458,1967.159622047245
2021-05-31,002688.SZ,buy,200,7.56452054794521,1512.904109589042,2.1180657534246587,1515.0221753424669
2021-05-31,300864.SZ,buy,100,14.975149680761358,1497.5149680761358,2.09652095530659,1499.6114890314425
2021-05-31,002425.SZ,buy,100,13.707931623931604,1370.7931623931604,1.9191104273504245,1372.7122728205109
2021-05-31,002566.SZ,buy,100,10.977844311377238,1097.7844311377237,1.5368982035928132,1099.3213293413166
2021-06-01,603360.SH,sell,64,6.046454649172856,386.97309754706276,0.5417623365658879,386.4313352104969
2021-06-01,600110.SH,buy,100,16.3011157024794,1630.11157024794,2.282156198347116,1632.3937264462872
2021-06-01,002471.SZ,buy,400,4.554687499999999,1821.8749999999995,2.5506249999999993,1824.4256249999996
2021-06-01,300893.SZ,buy,100,13.711146593673975,1371.1146593673975,1.9195605231143564,1373.0342198905118
2021-06-01,601996.SH,buy,300,6.046442307692315,1813.9326923076944,2.539505769230772,1816.4721980769252
2021-06-02,000592.SZ,sell,100,4.40028546712803,440.028546712803,0.6160399653979242,439.4125067474051
2021-06-02,002471.SZ,sell,400,4.045364583333333,1618.1458333333333,2.2654041666666664,1615.8804291666668
2021-06-02,300872.SZ,buy,100,20.30686005488043,2030.686005488043,2.84296040768326,2033.5289658957265
2021-06-02,600834.SH,buy,100,15.951415662650566,1595.1415662650566,2.2331981927710793,1597.3747644578277
2021-06-02,000920.SZ,buy,200,8.211547619047627,1642.3095238095254,2.2992333333333357,1644.6087571428588
2021-06-02,603360.SH,buy,300,5.730792926411874,1719.2378779235623,2.406933029092987,1721.6448109526555
2021-06-02,920971.BJ,buy,300,6.956521739130433,2086.95652173913,2.921739130434782,2089.878260869565
2021-06-03,601996.SH,sell,307,5.3672727272727325,1647.7527272727289,2.3068538181818203,1645.4458734545472
2021-06-03,300720.SZ,buy,100,13.245157152020534,1324.5157152020533,1.8543220012828747,1326.3700372033363
2021-06-03,002471.SZ,buy,400,3.7405208333333335,1496.2083333333335,2.094691666666667,1498.3030250000002
2021-06-03,002554.SZ,buy,500,3.133116776315791,1566.5583881578955,2.1931817434210537,1568.7515699013165
2021-06-03,000592.SZ,buy,400,4.428494809688584,1771.3979238754337,2.479957093425607,1773.8778809688595
2021-06-03,002524.SZ,buy,100,16.750623818525526,1675.0623818525526,2.3450873345935737,1677.4074691871463
2021-06-04,601996.SH,buy,300,4.975506993007,1492.6520979021002,2.08971293706294,1494.7418108391632
2021-06-04,300717.SZ,buy,100,13.002886240193128,1300.2886240193127,1.8204040736270377,1302.1090280929398
2021-06-04,920971.BJ,buy,200,7.596695652173909,1519.3391304347817,2.127074782608694,1521.4662052173906
2021-06-07,002795.SZ,buy,100,10.544805536089669,1054.4805536089668,1.4762727750525535,1055.9568263840195
2021-06-07,300948.SZ,buy,100,9.728106779188156,972.8106779188156,1.3619349490863417,974.172612867902
2021-06-08,300674.SZ,sell,2030,10.558867383512528,21434.500788530433,30.008301103942607,21404.49248742649
2021-06-08,603369.SH,sell,1901,100.58866459627312,191219.0513975152,267.7066719565213,190951.34472555868
2021-06-08,601899.SH,buy,300,26.014284210526363,7804.285263157909,10.925999368421072,7815.211262526331
2021-06-08,603995.SH,buy,100,52.9173704044118,5291.7370404411795,7.408431856617651,5299.145472297798
2021-06-08,601689.SH,buy,100,77.91443481848184,7791.443481848184,10.908020874587457,7802.351502722772
2021-06-08,603126.SH,buy,400,21.011777777777816,8404.711111111126,11.766595555555577,8416.477706666683
2021-06-08,601919.SH,buy,100,88.46093283582086,8846.093283582086,12.38453059701492,8858.477814179101
2021-06-08,600509.SH,buy,700,13.63693029490616,9545.851206434312,13.364191689008036,9559.21539812332
2021-06-08,600834.SH,buy,500,17.56128514056221,8780.642570281105,12.292899598393547,8792.9354698795
2021-06-08,002222.SZ,buy,500,17.55641838351818,8778.209191759091,12.289492868462728,8790.498684627555
2021-06-08,300756.SZ,buy,300,32.14596813031157,9643.790439093473,13.501306614730861,9657.291745708204
2021-06-08,603661.SH,buy,100,70.83277456003557,7083.277456003558,9.91658843840498,7093.194044441963
2021-06-08,600872.SH,buy,100,54.384720369420215,5438.472036942021,7.6138608517188295,5446.0858977937405
2021-06-08,603279.SH,buy,400,23.92410901228945,9569.64360491578,13.397501046882091,9583.041105962662
2021-06-08,001914.SZ,buy,400,21.23680470347649,8494.721881390597,11.892610633946836,8506.614492024544
2021-06-08,601015.SH,buy,300,27.88210526315791,8364.631578947374,11.710484210526323,8376.342063157901
2021-06-08,002688.SZ,buy,1200,8.236487823439886,9883.785388127862,13.837299543379007,9897.622687671243
2021-06-08,300803.SZ,buy,300,30.93729372937296,9281.188118811888,12.993663366336643,9294.181782178224
2021-06-08,000995.SZ,buy,200,38.32772903225806,7665.545806451612,10.731764129032257,7676.277570580645
2021-06-08,000966.SZ,buy,300,32.90463530655393,9871.390591966177,13.819946828752649,9885.21053879493
2021-06-08,300946.SZ,buy,400,25.687543255649725,10275.01730225989,14.385024223163846,10289.402326483054
2021-06-09,920971.BJ,sell,191,5.754434782608694,1099.0970434782605,1.5387358608695647,1097.558307617391
2021-06-09,600110.SH,buy,300,21.21633780991744,6364.901342975232,8.910861880165324,6373.812204855398
2021-06-09,600053.SH,buy,600,12.053232034322471,7231.939220593483,10.124714908830876,7242.063935502314
2021-06-09,000766.SZ,buy,1900,4.040616438356172,7677.171232876726,10.748039726027416,7687.919272602754
2021-06-09,603309.SH,buy,500,14.210978854024583,7105.489427012291,9.947685197817208,7115.437112210109
2021-06-09,300674.SZ,buy,700,10.082499999999984,7057.749999999988,9.880849999999983,7067.630849999989
2021-06-10,600261.SH,sell,34,3.2972210526315737,112.1055157894735,0.1569477221052629,111.94856806736824
2021-06-10,002675.SZ,buy,100,30.431735330836432,3043.173533083643,4.2604429463171005,3047.4339760299604
2021-06-10,002021.SZ,buy,3100,1.6846800000000015,5222.508000000004,7.311511200000006,5229.819511200005
2021-06-10,000545.SZ,buy,1000,5.131370192307694,5131.370192307694,7.183918269230772,5138.554110576925
2021-06-11,600261.SH,buy,1000,3.274310526315785,3274.310526315785,4.584034736842099,3278.894561052627
2021-06-15,002489.SZ,buy,1100,3.234004683840743,3557.405152224817,4.980367213114744,3562.385519437932
2021-06-15,600755.SH,buy,300,9.499392712550604,2849.817813765181,3.9897449392712536,2853.8075587044527
2021-06-16,603126.SH,sell,396,17.984696969696998,7121.940000000011,9.970716000000015,7111.969284000012
2021-06-16,000966.SZ,sell,274,24.05735729386894,6591.7158985200895,9.228402257928126,6582.487496262162
2021-06-16,601339.SH,buy,600,6.549570895522384,3929.7425373134306,5.501639552238803,3935.2441768656695
2021-06-16,002222.SZ,buy,100,21.890629952456365,2189.0629952456366,3.064688193343891,2192.1276834389805
2021-06-17,603860.SH,buy,100,17.540555253623182,1754.0555253623183,2.455677735507246,1756.5112030978257
2021-06-17,600110.SH,buy,100,20.98764979338851,2098.764979338851,2.9382709710743913,2101.7032503099254
2021-06-17,000966.SZ,buy,100,22.461025369978877,2246.102536997888,3.1445435517970433,2249.247080549685
2021-06-17,603126.SH,buy,100,17.821969696969727,1782.1969696969727,2.4950757575757616,1784.6920454545486
2021-06-18,600177.SH,sell,10106,6.499303621169919,65681.9623955432,91.95474735376048,65590.00764818945
2021-06-18,000995.SZ,buy,200,36.581927419354855,7316.385483870971,10.24293967741936,7326.628423548391
2021-06-18,600261.SH,buy,2700,3.368336842105258,9094.509473684197,12.732313263157875,9107.241786947356
2021-06-18,600509.SH,buy,500,16.773860589812323,8386.930294906162,11.741702412868626,8398.671997319032
2021-06-21,600110.SH,buy,100,27.71625000000011,2771.625000000011,3.8802750000000152,2775.505275000011
2021-06-21,300182.SZ,buy,700,7.299036885245891,5109.3258196721235,7.153056147540973,5116.478875819665
2021-06-21,000816.SZ,buy,900,5.450066225165558,4905.059602649002,6.867083443708602,4911.926686092711
2021-06-21,002580.SZ,buy,500,9.56668518518518,4783.34259259259,6.696679629629626,4790.0392722222205
2021-06-21,600177.SH,buy,800,6.273039693593317,5018.431754874653,7.025804456824514,5025.457559331478
2021-06-21,600834.SH,buy,200,22.25084337349393,4450.168674698786,6.230236144578301,4456.398910843364
2021-06-22,002483.SZ,buy,400,6.413747072599534,2565.4988290398137,3.591698360655739,2569.0905274004695
2021-06-22,600808.SH,buy,600,4.562912621359227,2737.7475728155364,3.832846601941751,2741.5804194174784
2021-06-22,002907.SZ,buy,200,11.741548117154853,2348.3096234309705,3.2876334728033587,2351.597256903774
2021-06-23,001914.SZ,sell,383,17.21014314928426,6591.484826175872,9.22807875664622,6582.256747419226
2021-06-23,300948.SZ,buy,200,12.659678825498656,2531.9357650997313,3.5447100711396238,2535.480475170871
2021-06-23,000802.SZ,buy,1200,2.237057788944721,2684.4693467336656,3.758257085427132,2688.227603819093
2021-06-24,000995.SZ,sell,181,27.74133870967744,5021.182306451617,7.029655229032263,5014.152651222585
2021-06-24,001914.SZ,buy,100,15.625582822085898,1562.5582822085898,2.1875815950920257,1564.745863803682
2021-06-24,600509.SH,buy,100,18.395831099195696,1839.5831099195696,2.5754163538873973,1842.158526273457
2021-06-25,002535.SZ,buy,1600,1.3503180212014114,2160.5088339222584,3.0247123674911616,2163.5335462897497
2021-06-25,600755.SH,buy,200,9.19914304993252,1839.828609986504,2.5757600539811056,1842.4043700404852
2021-06-28,002482.SZ,buy,800,2.0231788079470188,1618.543046357615,2.2659602649006607,1620.8090066225157
2021-06-29,600509.SH,sell,99,16.345093833780147,1618.1642895442346,2.2654300053619285,1615.8988595388728
2021-06-29,600728.SH,buy,200,5.643641528925623,1128.7283057851246,1.5802196280991745,1130.3085254132238
2021-06-29,601339.SH,buy,200,7.263638059701489,1452.727611940298,2.033818656716417,1454.7614305970144
2021-06-30,002716.SZ,buy,200,5.782787456445995,1156.5574912891989,1.6191804878048783,1158.1766717770038
2021-06-30,002707.SZ,buy,200,6.418554502369675,1283.710900473935,1.7971952606635089,1285.5080957345986
2021-07-01,002707.SZ,sell,200,5.249541864139028,1049.9083728278056,1.469871721958928,1048.4385011058466
2021-07-01,600808.SH,buy,100,5.931601941747576,593.1601941747575,0.8304242718446605,593.9906184466022
2021-07-01,000958.SZ,buy,300,3.2821808510638237,984.6542553191471,1.3785159574468058,986.032771276594
2021-07-02,002716.SZ,sell,191,4.486297909407667,856.8829006968643,1.19963606097561,855.6832646358888
2021-07-02,002707.SZ,buy,200,4.965244865718805,993.048973143761,1.3902685624012654,994.4392417061624
2021-07-05,600755.SH,sell,192,7.756440620782726,1489.2365991902834,2.084931238866397,1487.151667951417
2021-07-05,002716.SZ,buy,200,4.431402439024391,886.2804878048782,1.2407926829268294,887.5212804878051
2021-07-05,920971.BJ,buy,600,1.408695652173913,845.2173913043478,1.183304347826087,846.4006956521739
2021-07-06,002021.SZ,buy,300,2.031740000000002,609.5220000000006,0.8533308000000008,610.3753308000007
2021-07-07,600678.SH,buy,200,3.765733410942956,753.1466821885912,1.0544053550640275,754.2010875436553
2021-07-07,600673.SH,buy,200,2.6591080402010103,531.821608040202,0.7445502512562828,532.5661582914584
2021-07-08,603458.SH,sell,63,7.253201251303446,456.9516788321171,0.639732350364964,456.31194648175216
2021-07-09,600015.SH,sell,4277,4.421688311688311,18911.560909090906,26.476185272727268,18885.084723818178
2021-07-09,601339.SH,buy,100,8.97382462686567,897.3824626865669,1.2563354477611937,898.6387981343281
2021-07-09,600509.SH,buy,100,13.263404825737258,1326.3404825737257,1.856876675603216,1328.197359249329
2021-07-09,603038.SH,buy,100,12.223314266487211,1222.3314266487212,1.7112639973082096,1224.0426906460295
2021-07-09,002580.SZ,buy,100,10.851111111111106,1085.1111111111106,1.519155555555555,1086.6302666666663
2021-07-09,603458.SH,buy,200,6.68510427528676,1337.020855057352,1.871829197080293,1338.8926842544324
2021-07-09,000045.SZ,buy,100,12.904461942257225,1290.4461942257224,1.8066246719160113,1292.2528188976385
2021-07-09,600755.SH,buy,100,8.142240215924426,814.2240215924426,1.1399136302294195,815.363935222672
2021-07-12,600015.SH,buy,200,4.365025974025975,873.005194805195,1.2222072727272728,874.2274020779223
2021-07-12,600808.SH,buy,200,5.472766990291266,1094.5533980582532,1.5323747572815545,1096.0857728155347
2021-07-13,603616.SH,buy,300,3.727224550898205,1118.1673652694615,1.565434311377246,1119.732799580839
2021-07-13,002170.SZ,buy,200,5.02107142857142,1004.2142857142841,1.4058999999999977,1005.6201857142842
2021-07-13,002707.SZ,buy,200,4.989636650868884,997.9273301737768,1.3970982622432875,999.3244284360202
2021-07-14,000766.SZ,buy,200,3.75017123287672,750.034246575344,1.0500479452054816,751.0842945205495
2021-07-15,002661.SZ,sell,83,13.53707645525628,1123.5773457862713,1.5730082841007798,1122.0043375021705
2021-07-15,000826.SZ,sell,17780,2.893548387096776,51447.29032258068,72.02620645161295,51375.26411612907
2021-07-15,603126.SH,buy,100,19.94012121212124,1994.0121212121242,2.7916169696969737,1996.8037381818212
2021-07-15,002675.SZ,buy,100,25.780352684144788,2578.0352684144787,3.60924937578027,2581.644517790259
2021-07-15,603038.SH,buy,100,20.73550807537012,2073.550807537012,2.902971130551817,2076.453778667564
2021-07-15,300948.SZ,buy,200,13.013990793695056,2602.7981587390113,3.643917422234616,2606.442076161246
2021-07-15,000920.SZ,buy,200,12.461755952380962,2492.351190476192,3.489291666666669,2495.840482142859
2021-07-15,601015.SH,buy,100,24.20735294117648,2420.735294117648,3.3890294117647075,2424.1243235294132
2021-07-15,600728.SH,buy,400,5.84388946280992,2337.5557851239682,3.2725780991735554,2340.828363223142
2021-07-15,000995.SZ,buy,100,24.69738387096775,2469.738387096775,3.457633741935485,2473.196020838711
2021-07-15,002425.SZ,buy,100,15.06356410256408,1506.356410256408,2.1088989743589712,1508.4653092307672
2021-07-15,002042.SZ,buy,600,3.956976351351349,2374.1858108108095,3.323860135135133,2377.509670945945
2021-07-16,601339.SH,buy,200,9.216828358208954,1843.3656716417906,2.580711940298507,1845.9463835820893
2021-07-16,600569.SH,buy,300,4.822724609374996,1446.8173828124986,2.0255443359374983,1448.8429271484363
2021-07-16,000826.SZ,buy,600,2.875416666666669,1725.2500000000014,2.415350000000002,1727.6653500000016
2021-07-16,600673.SH,buy,600,2.986168341708548,1791.7010050251288,2.50838140703518,1794.2093864321641
2021-07-16,600808.SH,buy,200,6.516699029126217,1303.3398058252435,1.824675728155341,1305.164481553399
2021-07-19,600509.SH,sell,99,11.946655495978543,1182.7188941018758,1.655806451742626,1181.0630876501332
2021-07-19,603038.SH,sell,97,18.390603970390305,1783.8885851278596,2.4974440191790035,1781.3911411086808
2021-07-19,002580.SZ,buy,100,14.641814814814806,1464.1814814814807,2.049854074074073,1466.2313355555548
2021-07-19,002661.SZ,buy,100,11.377858384013887,1137.7858384013887,1.5929001737619441,1139.3787385751507
2021-07-19,002042.SZ,buy,300,4.809739864864861,1442.9219594594583,2.020090743243242,1444.9420502027017
2021-07-19,600755.SH,buy,100,8.925074224021591,892.5074224021591,1.2495103913630228,893.7569327935222
2021-07-20,600138.SH,buy,100,8.919468749999998,891.9468749999999,1.2487256249999998,893.1956006249999
2021-07-20,600509.SH,buy,100,11.541152815013396,1154.1152815013395,1.6157613941018754,1155.7310428954415
2021-07-20,000766.SZ,buy,300,4.374737442922383,1312.4212328767148,1.8373897260274008,1314.2586226027424
2021-07-20,002774.SZ,buy,200,6.957922077922068,1391.5844155844136,1.948218181818179,1393.5326337662318
2021-07-21,002716.SZ,buy,200,4.811567944250874,962.3135888501748,1.3472390243902448,963.6608278745651
2021-07-21,603038.SH,buy,100,13.81889636608344,1381.889636608344,1.9346454912516817,1383.8242820995958
2021-07-21,603360.SH,buy,200,5.837506417569889,1167.5012835139778,1.634501796919569,1169.1357853108975
2021-07-22,603616.SH,buy,200,3.895086826347307,779.0173652694614,1.090624311377246,780.1079895808386
2021-07-23,603038.SH,sell,100,12.768675975773888,1276.8675975773888,1.7876146366083443,1275.0799829407804
2021-07-23,002795.SZ,buy,100,9.227358093903268,922.7358093903268,1.2918301331464574,924.0276395234733
2021-07-23,600808.SH,buy,100,8.04174757281554,804.174757281554,1.1258446601941756,805.3006019417483
2021-07-26,002425.SZ,sell,92,11.627777777777755,1069.7555555555534,1.4976577777777749,1068.2578977777757
2021-07-26,300192.SZ,sell,4694,4.3734060754189965,20528.76811801677,28.74027536522348,20500.027842651547
2021-07-26,002524.SZ,sell,79,12.862270793950854,1016.1193927221175,1.4225671498109644,1014.6968255723066
2021-07-26,000002.SZ,sell,2669,14.46687346437343,38612.08527641268,54.056919386977754,38558.02835702571
2021-07-26,002878.SZ,sell,81,10.147982832618045,821.9866094420616,1.1507812532188864,820.8358281888428
2021-07-26,688468.SH,buy,200,14.297016840416983,2859.403368083397,4.003164715316755,2863.4065327987137
2021-07-26,600834.SH,buy,100,19.193226238286435,1919.3226238286436,2.687051673360101,1922.0096755020038
2021-07-26,000011.SZ,buy,200,14.971188222923226,2994.2376445846453,4.191932702418503,2998.429577287064
2021-07-26,603038.SH,buy,200,12.5084168909825,2501.6833781965,3.5023567294751,2505.1857349259753
2021-07-26,000506.SZ,buy,500,5.636109215017062,2818.0546075085313,3.9452764505119435,2821.9998839590435
2021-07-26,605336.SH,buy,100,25.34975557461406,2534.975557461406,3.548965780445968,2538.524523241852
2021-07-26,601015.SH,buy,100,23.90422600619196,2390.4226006191957,3.346591640866874,2393.769192260063
2021-07-26,300878.SZ,buy,100,25.881566201875657,2588.1566201875657,3.623419268262592,2591.7800394558285
2021-07-26,000966.SZ,buy,100,26.101279069767457,2610.1279069767456,3.654179069767444,2613.782086046513
2021-07-27,000920.SZ,sell,199,11.403779761904774,2269.35217261905,3.1770930416666703,2266.1750795773837
2021-07-27,603298.SH,sell,1672,19.53794140323825,32667.438026214353,45.73441323670009,32621.703612977653
2021-07-27,002042.SZ,sell,277,3.7842905405405367,1048.2484797297286,1.4675478716216201,1046.7809318581071
2021-07-27,002170.SZ,buy,500,8.084330357142843,4042.1651785714216,5.65903124999999,4047.824209821422
2021-07-27,300192.SZ,buy,1000,3.727252094972069,3727.252094972069,5.218152932960896,3732.4702479050297
2021-07-27,000002.SZ,buy,300,12.824447174447146,3847.3341523341437,5.386267813267801,3852.720420147412
2021-07-27,002878.SZ,buy,400,9.773175965665253,3909.270386266101,5.472978540772542,3914.7433648068736
2021-07-27,600872.SH,buy,100,35.53377757824526,3553.377757824526,4.974728860954336,3558.3524866854805
2021-07-27,300819.SZ,buy,100,33.19990783410135,3319.9907834101355,4.647987096774189,3324.63877050691
2021-07-27,603279.SH,buy,100,39.42086936731898,3942.086936731898,5.518921711424657,3947.6058584433226
2021-07-27,300803.SZ,buy,100,32.878322543792855,3287.8322543792856,4.602965156131,3292.4352195354168
2021-07-27,002425.SZ,buy,300,10.195820512820491,3058.7461538461475,4.282244615384607,3063.0283984615326
2021-07-27,300447.SZ,buy,100,39.78272044088179,3978.272044088179,5.56958086172345,3983.841624949903
2021-07-27,002524.SZ,buy,300,11.900196124763708,3570.0588374291124,4.9980823724007575,3575.0569198015132
2021-07-28,002716.SZ,sell,199,4.158815331010455,827.6042508710806,1.1586459512195129,826.4456049198611
2021-07-28,000966.SZ,sell,95,20.74490486257929,1970.7659619450326,2.7590723467230456,1968.0068895983097
2021-07-28,000766.SZ,sell,297,3.644657534246581,1082.4632876712344,1.5154486027397283,1080.9478390684947
2021-07-28,601015.SH,sell,99,20.41910990712075,2021.4918808049542,2.8300886331269357,2018.6617921718273
2021-07-28,603126.SH,sell,86,14.30196969696971,1229.969393939395,1.721957151515153,1228.24743678788
2021-07-28,002170.SZ,sell,500,6.596562499999991,3298.2812499999955,4.617593749999994,3293.6636562499957
2021-07-28,600509.SH,sell,95,9.94222520107238,944.5113941018761,1.3223159517426266,943.1890781501336
2021-07-28,600834.SH,sell,96,16.27225903614454,1562.1368674698758,2.1869916144578263,1559.949875855418
2021-07-28,000545.SZ,sell,935,4.150697115384617,3880.9018028846167,5.433262524038463,3875.4685403605786
2021-07-28,603616.SH,buy,800,3.890826347305392,3112.6610778443137,4.357725508982039,3117.018803353296
2021-07-28,002795.SZ,buy,200,12.855739313244536,2571.147862648907,3.5996070077084696,2574.7474696566155
2021-07-28,600313.SH,buy,400,7.674096774193571,3069.6387096774283,4.2974941935484,3073.936203870977
2021-07-28,000920.SZ,buy,300,11.100260416666677,3330.078125000003,4.662109375000004,3334.7402343750036
2021-07-28,000995.SZ,buy,200,17.079100000000004,3415.8200000000006,4.782148000000001,3420.602148000001
2021-07-28,603298.SH,buy,100,18.027293754818817,1802.7293754818818,2.5238211256746346,1805.2531966075564
2021-07-28,002042.SZ,buy,1000,3.388216216216213,3388.2162162162126,4.743502702702697,3392.9597189189158
2021-07-29,601899.SH,buy,100,21.90282105263161,2190.2821052631607,3.066394947368425,2193.3485002105294
2021-07-29,603126.SH,buy,100,14.051313131313146,1405.1313131313145,1.9671838383838403,1407.0984969696985
2021-07-29,601339.SH,buy,300,7.456119402985071,2236.8358208955215,3.1315701492537302,2239.9673910447755
2021-07-29,002170.SZ,buy,300,6.4837946428571325,1945.1383928571397,2.7231937499999956,1947.8615866071398
2021-07-29,600509.SH,buy,200,10.505630026809644,2101.126005361929,2.9415764075067004,2104.067581769436
2021-07-29,600834.SH,buy,100,17.111894243641196,1711.1894243641195,2.3956651941097675,1713.5850895582294
2021-07-29,000506.SZ,buy,400,5.498267918088735,2199.307167235494,3.0790300341296915,2202.386197269624
2021-07-29,000766.SZ,buy,600,3.611605783866064,2166.9634703196384,3.0337488584474936,2169.997219178086
2021-07-29,601015.SH,buy,100,21.41117647058824,2141.1176470588243,2.997564705882354,2144.115211764707
2021-07-29,000545.SZ,buy,500,4.432091346153848,2216.045673076924,3.1024639423076934,2219.1481370192314
2021-07-29,000966.SZ,buy,100,20.888520084566608,2088.8520084566608,2.924392811839325,2091.7764012685
2021-07-30,000995.SZ,sell,194,15.358200000000004,2979.4908000000005,4.171287120000001,2975.3195128800007
2021-07-30,000506.SZ,sell,400,4.696791808873718,1878.7167235494874,2.630203412969282,1876.0865201365182
2021-07-30,002795.SZ,sell,205,11.361597757533255,2329.1275402943174,3.260778556412044,2325.8667617379056
2021-07-30,603360.SH,sell,187,4.7135981175128405,881.4428479749012,1.2340199871648616,880.2088279877363
2021-07-30,002878.SZ,sell,392,8.091899908031895,3172.024763948503,4.440834669527904,3167.583929278975
2021-07-30,002716.SZ,buy,600,4.569146341463417,2741.48780487805,3.83808292682927,2745.3258878048796
2021-07-30,603220.SH,buy,300,9.156497797356831,2746.9493392070494,3.8457290748898694,2750.7950682819396
2021-07-30,002580.SZ,buy,100,27.299166666666643,2729.9166666666642,3.82188333333333,2733.7385499999978
2021-07-30,002222.SZ,buy,100,25.11923930269407,2511.923930269407,3.5166935023771697,2515.440623771784
2021-08-02,000506.SZ,buy,600,4.2195648464163815,2531.738907849829,3.544434470989761,2535.283342320819
2021-08-02,603360.SH,buy,500,4.527150598973194,2263.575299486597,3.169005419281236,2266.7443049058784
2021-08-02,002878.SZ,buy,300,7.669222869405285,2300.7668608215854,3.2210736051502193,2303.9879344267356
2021-08-03,002580.SZ,sell,95,21.947999999999976,2085.0599999999977,2.9190839999999967,2082.1409159999976
2021-08-03,300720.SZ,buy,100,9.863534316869783,986.3534316869783,1.3808948043617697,987.7343264913401
2021-08-03,601339.SH,buy,100,8.231579601990045,823.1579601990045,1.1524211442786063,824.3103813432831
2021-08-03,600569.SH,buy,400,3.894160156249996,1557.6640624999984,2.1807296874999977,1559.8447921874986
2021-08-03,002795.SZ,buy,100,9.89413104414854,989.413104414854,1.3851783461807956,990.7982827610349
2021-08-03,600929.SH,buy,100,8.660809379727695,866.0809379727696,1.2125133131618773,867.2934512859315
2021-08-03,600673.SH,buy,400,3.46834170854272,1387.3366834170881,1.9422713567839234,1389.278954773872
2021-08-04,002483.SZ,buy,100,6.72172131147541,672.172131147541,0.9410409836065574,673.1131721311476
2021-08-04,600313.SH,buy,100,9.232774193548416,923.2774193548415,1.292588387096778,924.5700077419384
2021-08-04,601226.SH,buy,200,4.2624999999999975,852.4999999999995,1.1934999999999993,853.6934999999996
2021-08-05,000506.SZ,sell,591,3.58466723549488,2118.5383361774743,2.965953670648464,2115.5723825068258
2021-08-05,600808.SH,buy,100,6.102588996763759,610.2588996763759,0.8543624595469262,611.1132621359229
2021-08-06,000816.SZ,buy,100,6.081721854304629,608.1721854304628,0.8514410596026479,609.0236264900656
2021-08-06,000506.SZ,buy,200,3.516621160409556,703.3242320819112,0.9846539249146756,704.3088860068259
2021-08-06,000545.SZ,buy,100,7.651081730769232,765.1081730769232,1.0711514423076924,766.1793245192309
2021-08-06,920971.BJ,buy,100,6.55382608695652,655.382608695652,0.9175356521739129,656.300144347826
2021-08-09,920553.BJ,buy,200,4.57771875,915.5437499999999,1.28176125,916.82551125
2021-08-09,000937.SZ,buy,100,6.348118206521731,634.8118206521731,0.8887365489130423,635.7005572010862
2021-08-10,000816.SZ,buy,100,6.272152317880786,627.2152317880785,0.8781013245033099,628.093333112582
2021-08-13,000937.SZ,sell,97,4.914062499999995,476.6640624999995,0.6673296874999993,475.9967328124995
2021-08-13,002716.SZ,buy,100,5.453231707317075,545.3231707317075,0.7634524390243904,546.0866231707319
2021-08-16,000937.SZ,buy,100,5.106413043478254,510.6413043478254,0.7148978260869555,511.3562021739124
2021-08-17,000506.SZ,buy,100,3.671774744027301,367.1774744027301,0.5140484641638222,367.691522866894
2021-08-17,300182.SZ,buy,100,6.394979508196711,639.497950819671,0.8952971311475394,640.3932479508186
2021-08-19,601899.SH,sell,99,22.704463157894768,2247.741852631582,3.1468385936842145,2244.5950140378977
2021-08-19,000506.SZ,sell,97,3.055972696245732,296.42935153583596,0.41500109215017034,296.0143504436858
2021-08-20,300192.SZ,buy,100,4.666876745810058,466.68767458100587,0.6533627444134082,467.3410373254193
2021-08-20,000506.SZ,buy,100,3.0819112627986325,308.1911262798632,0.4314675767918085,308.62259385665504
2021-08-24,000506.SZ,buy,100,3.8129010238907823,381.29010238907824,0.5338061433447095,381.823908532423
2021-08-25,600673.SH,buy,100,3.968391959799004,396.8391959799004,0.5555748743718606,397.3947708542723
2021-08-26,002489.SZ,buy,100,3.8147950819672056,381.4795081967206,0.5340713114754089,382.013579508196
2021-09-13,002033.SZ,sell,59,6.052285714285725,357.0848571428578,0.49991880000000094,356.5849383428578
2021-09-13,002707.SZ,sell,170,4.155225118483419,706.3882701421812,0.9889435781990538,705.3993265639822
2021-09-13,600138.SH,sell,85,8.370000000000006,711.4500000000005,0.9960300000000006,710.4539700000005
2021-09-23,000809.SZ,buy,100,2.9965481171548096,299.65481171548095,0.4195167364016733,300.07432845188265
2021-09-24,002246.SZ,sell,422,8.10599999999999,3420.7319999999954,4.789024799999994,3415.9429751999955
2021-09-24,000592.SZ,buy,100,3.4659515570934234,346.59515570934235,0.4852332179930793,347.08038892733543
2021-09-24,002042.SZ,buy,100,3.219581081081075,321.9581081081075,0.4507413513513505,322.4088494594589
2021-09-27,002494.SZ,sell,51,2.5041171617161733,127.70997524752484,0.17879396534653477,127.53118128217831
2021-09-27,600755.SH,sell,85,8.717449392712549,740.9831983805667,1.0373764777327934,739.9458219028339
2021-09-27,000680.SZ,sell,25454,4.843398648648657,123283.86920270292,172.5974168837841,123111.27178581913
2021-09-27,601899.SH,buy,100,21.77416842105267,2177.4168421052673,3.0483835789473743,2180.4652256842146
2021-09-27,600053.SH,buy,200,9.645033964962453,1929.0067929924905,2.7006095101894867,1931.7074025026802
2021-09-27,920553.BJ,buy,100,12.638968750000004,1263.8968750000004,1.7694556250000004,1265.6663306250005
2021-09-27,002927.SZ,buy,400,5.533663898387887,2213.465559355155,3.098851783097217,2216.5644111382526
2021-09-27,000816.SZ,buy,200,7.972450331125817,1594.4900662251634,2.2322860927152286,1596.7223523178789
2021-09-27,601198.SH,buy,200,9.67554281345564,1935.108562691128,2.709151987767579,1937.8177146788958
2021-09-27,603126.SH,buy,100,20.880636363636384,2088.0636363636386,2.923289090909094,2090.986925454548
2021-09-27,601339.SH,buy,300,7.17505597014925,2152.516791044775,3.013523507462685,2155.5303145522375
2021-09-27,600138.SH,buy,200,7.896666015625006,1579.333203125001,2.2110664843750016,1581.5442696093762
2021-09-27,600333.SH,buy,300,7.363152380952369,2208.9457142857104,3.0925239999999947,2212.0382382857106
2021-09-27,600834.SH,buy,100,13.787272423025408,1378.7272423025408,1.9302181392235571,1380.6574604417644
2021-09-27,301015.SZ,buy,100,13.035386396011402,1303.5386396011402,1.8249540954415961,1305.3635936965818
2021-09-27,002222.SZ,buy,100,18.3886866085578,1838.86866085578,2.574416125198092,1841.4430769809783
2021-09-27,002716.SZ,buy,500,4.574451219512196,2287.225609756098,3.2021158536585372,2290.4277256097566
2021-09-27,000411.SZ,buy,100,11.78143821603928,1178.143821603928,1.6494013502454992,1179.7932229541736
2021-09-27,002675.SZ,buy,100,13.2204104244694,1322.0410424469399,1.8508574594257157,1323.8918999063656
2021-09-27,300192.SZ,buy,500,4.131417597765365,2065.7087988826825,2.891992318435755,2068.600791201118
2021-09-27,000002.SZ,buy,100,12.175909858722331,1217.5909858722332,1.7046273802211265,1219.2956132524544
2021-09-27,002795.SZ,buy,200,9.269125788367182,1853.8251576734365,2.595355220742811,1856.4205128941794
2021-09-27,605336.SH,buy,100,22.237517152658672,2223.751715265867,3.113252401372214,2226.8649676672394
2021-09-27,600602.SH,buy,500,4.1935701545778885,2096.785077288944,2.935499108204522,2099.7205763971488
2021-09-27,000937.SZ,buy,100,18.209035326086934,1820.9035326086932,2.5492649456521703,1823.4527975543456
2021-09-27,603220.SH,buy,200,10.0759218061674,2015.18436123348,2.821258105726872,2018.0056193392072
2021-09-27,603458.SH,buy,300,6.44375130344109,1933.125391032327,2.7063755474452575,1935.8317665797722
2021-09-27,605298.SH,buy,100,19.706228831958324,1970.6228831958324,2.7588720364741652,1973.3817552323067
2021-09-27,001914.SZ,buy,200,10.55760864008181,2111.521728016362,2.9561304192229065,2114.477858435585
2021-09-27,002033.SZ,buy,400,5.441238095238107,2176.495238095243,3.0470933333333403,2179.5423314285767
2021-09-27,601015.SH,buy,100,20.376973684210537,2037.6973684210536,2.852776315789475,2040.5501447368433
2021-09-27,000958.SZ,buy,300,6.0255319148936,1807.6595744680799,2.530723404255312,1810.1902978723353
2021-09-27,600728.SH,buy,300,7.123698347107441,2137.1095041322324,2.9919533057851253,2140.1014574380174
2021-09-27,601996.SH,buy,500,3.9441870629370666,1972.0935314685332,2.7609309440559464,1974.8544624125893
2021-09-27,002246.SZ,buy,300,7.211411184210517,2163.423355263155,3.028792697368417,2166.4521479605237
2021-09-27,300717.SZ,buy,100,17.375188593844314,1737.5188593844314,2.432526403138204,1739.9513857875697
2021-09-27,300468.SZ,buy,300,7.636363636363622,2290.9090909090864,3.207272727272721,2294.1163636363594
2021-09-27,300864.SZ,buy,100,18.26088950126489,1826.0889501264892,2.556524530177085,1828.6454746566665
2021-09-27,002425.SZ,buy,200,8.641111111111089,1728.2222222222179,2.419511111111105,1730.641733333329
2021-09-27,600929.SH,buy,200,8.50241301059003,1700.482602118006,2.3806756429652083,1702.8632777609714
2021-09-27,002774.SZ,buy,100,11.532243506493488,1153.224350649349,1.6145140909090885,1154.838864740258
2021-09-27,002707.SZ,buy,600,3.4878751974723587,2092.7251184834154,2.9298151658767817,2095.654933649292
2021-09-27,300377.SZ,buy,200,9.820271966527196,1964.0543933054391,2.749676150627615,1966.8040694560668
2021-09-27,300735.SZ,buy,300,6.289695554725451,1886.9086664176355,2.6416721329846897,1889.5503385506204
2021-09-27,603298.SH,buy,100,20.36882806476483,2036.882806476483,2.851635929067076,2039.7344424055502
2021-09-27,002524.SZ,buy,100,12.965912098298672,1296.5912098298672,1.8152276937618141,1298.4064375236292
2021-09-27,000966.SZ,buy,100,19.620930232558155,1962.0930232558155,2.7469302325581415,1964.8399534883738
2021-09-27,603309.SH,buy,200,8.925204638472046,1785.0409276944092,2.499057298772173,1787.5399849931814
2021-09-27,600808.SH,buy,200,9.514805825242716,1902.961165048543,2.66414563106796,1905.6253106796112
2021-09-28,002524.SZ,sell,100,11.853913043478254,1185.3913043478253,1.6595478260869554,1183.7317565217384
2021-09-28,300720.SZ,buy,100,13.067671584348938,1306.7671584348939,1.8294740218088514,1308.5966324567028
2021-09-28,600678.SH,buy,400,4.095331781140859,1638.1327124563438,2.2933857974388814,1640.4260982537828
2021-09-28,600509.SH,buy,100,14.154490616621976,1415.4490616621977,1.9816286863270767,1417.4306903485249
2021-09-28,002392.SZ,buy,300,5.675526315789492,1702.6578947368475,2.3837210526315866,1705.0416157894792
2021-09-28,600569.SH,buy,300,4.953964843750001,1486.1894531250002,2.0806652343750005,1488.2701183593754
2021-09-28,000680.SZ,buy,400,4.847189189189198,1938.875675675679,2.7144259459459508,1941.590101621625
2021-09-28,002580.SZ,buy,100,13.035111111111096,1303.5111111111096,1.8249155555555534,1305.3360266666652
2021-09-28,605100.SH,buy,100,14.182493835857688,1418.2493835857688,1.9855491370200762,1420.234932722789
2021-09-28,601226.SH,buy,300,6.323413348946136,1897.024004683841,2.6558336065573775,1899.6798382903985
2021-09-28,002233.SZ,buy,100,10.306419077404213,1030.6419077404212,1.4428986708365896,1032.084806411258
2021-09-28,002494.SZ,buy,700,2.5646699669967017,1795.2689768976911,2.5133765676567674,1797.782353465348
2021-09-28,600755.SH,buy,200,8.639210526315791,1727.8421052631581,2.4189789473684216,1730.2610842105266
2021-09-29,601226.SH,sell,300,5.457845433255268,1637.3536299765804,2.2922950819672123,1635.0613348946133
2021-09-29,000958.SZ,sell,311,5.659858156028354,1760.215886524818,2.464302241134745,1757.7515842836833
2021-09-29,605298.SH,sell,96,16.183349978289197,1553.6015979157628,2.1750422370820677,1551.4265556786809
2021-09-29,000966.SZ,sell,105,19.373366807611006,2034.2035147991558,2.847884920718818,2031.355629878437
2021-09-29,600808.SH,sell,197,8.177912621359223,1611.0487864077668,2.2554683009708736,1608.793318106796
2021-09-29,301015.SZ,sell,97,11.146823361823367,1081.2418660968667,1.5137386125356134,1079.7281274843313
2021-09-29,002483.SZ,buy,200,7.691680327868858,1538.3360655737715,2.1536704918032803,1540.489736065575
2021-09-29,000506.SZ,buy,400,4.035793515358359,1614.3174061433435,2.260044368600681,1616.5774505119443
2021-09-29,000002.SZ,buy,100,13.801786701474173,1380.1786701474173,1.9322501382063841,1382.1109202856237
2021-09-29,001914.SZ,buy,100,10.988854805725982,1098.8854805725982,1.5384396728016374,1100.4239202454
2021-09-29,002554.SZ,buy,500,3.7179276315789456,1858.9638157894728,2.602549342105262,1861.5663651315783
2021-09-29,000545.SZ,buy,200,6.432788461538462,1286.5576923076924,1.8011807692307693,1288.3588730769231
2021-09-29,000809.SZ,buy,500,3.537029288702926,1768.514644351463,2.4759205020920483,1770.990564853555
2021-09-30,600053.SH,sell,192,7.522145155523771,1444.251869860564,2.0219526178047897,1442.2299172427593
2021-09-30,600333.SH,buy,100,7.904409523809511,790.4409523809511,1.1066173333333316,791.5475697142845
2021-09-30,301015.SZ,buy,100,10.907435897435905,1090.7435897435905,1.5270410256410267,1092.2706307692317
2021-09-30,603038.SH,buy,100,8.063088829071333,806.3088829071332,1.1288324360699866,807.4377153432033
2021-09-30,000920.SZ,buy,100,11.86341145833334,1186.341145833334,1.6608776041666675,1188.0020234375006
2021-09-30,000958.SZ,buy,200,5.737898936170197,1147.5797872340395,1.6066117021276554,1149.1863989361673
2021-09-30,601226.SH,buy,200,5.401405152224823,1080.2810304449647,1.5123934426229506,1081.7934238875878
2021-09-30,002524.SZ,buy,100,10.306474480151223,1030.6474480151223,1.4429064272211714,1032.0903544423436
2021-09-30,600808.SH,buy,100,7.977669902912619,797.7669902912619,1.1168737864077667,798.8838640776697
2021-10-08,600053.SH,buy,100,7.346807293528775,734.6807293528775,1.0285530210940286,735.7092823739716
2021-10-08,002927.SZ,buy,100,6.70415241817294,670.415241817294,0.9385813385442117,671.3538231558383
2021-10-08,002483.SZ,buy,100,8.116943793911013,811.6943793911013,1.1363721311475419,812.8307515222489
2021-10-08,002795.SZ,buy,100,9.57354590049052,957.354590049052,1.340296426068673,958.6948864751208
2021-10-08,603220.SH,buy,100,10.310534140969166,1031.0534140969166,1.4434747797356833,1032.4968888766523
2021-10-08,600673.SH,buy,100,7.228796482412068,722.8796482412067,1.0120315075376893,723.8916797487444
2021-10-11,603616.SH,buy,100,4.958826347305389,495.8826347305389,0.6942356886227544,496.57687041916165
2021-10-11,000605.SZ,buy,100,4.797841726618706,479.78417266187057,0.6716978417266188,480.4558705035972
2021-10-11,002554.SZ,buy,100,4.198256578947366,419.82565789473665,0.5877559210526313,420.4134138157893
2021-10-11,600728.SH,buy,100,7.448308367768598,744.8308367768598,1.0427631714876036,745.8735999483474
2021-10-11,002707.SZ,buy,200,3.9810426540284416,796.2085308056883,1.1146919431279636,797.3232227488163
2021-10-11,002042.SZ,buy,200,3.186486486486481,637.2972972972962,0.8922162162162146,638.1895135135125
2021-10-11,002494.SZ,buy,200,2.905664191419145,581.132838283829,0.8135859735973605,581.9464242574263
2021-10-12,000816.SZ,sell,205,7.448013245033104,1526.8427152317863,2.1375798013245007,1524.705135430462
2021-10-12,000506.SZ,buy,200,4.015187713310577,803.0375426621154,1.1242525597269615,804.1617952218423
2021-10-12,000809.SZ,buy,100,4.625523012552298,462.5523012552298,0.6475732217573217,463.19987447698713
2021-10-13,000605.SZ,sell,101,4.347460431654677,439.0935035971224,0.6147309050359713,438.4787726920864
2021-10-13,002554.SZ,sell,96,3.347853618421051,321.39394736842087,0.4499515263157892,320.9439958421051
2021-10-13,000816.SZ,buy,100,7.415115894039728,741.5115894039727,1.0381162251655618,742.5497056291383
2021-10-13,600313.SH,buy,100,8.806451612903256,880.6451612903256,1.2329032258064558,881.8780645161321
2021-10-14,300192.SZ,buy,100,5.886380935754194,588.6380935754194,0.8240933310055871,589.462186906425
2021-10-14,000605.SZ,buy,100,4.127967625899282,412.79676258992816,0.5779154676258994,413.3746780575541
2021-10-14,002554.SZ,buy,200,3.135740131578946,627.1480263157893,0.8780072368421049,628.0260335526314
2021-10-15,002524.SZ,sell,99,9.291833648393192,919.891531190926,1.2878481436672964,918.6036830472588
2021-10-19,000809.SZ,sell,108,4.904435146443511,529.6789958158992,0.7415505941422588,528.9374452217569
2021-10-20,002554.SZ,buy,100,4.545986842105262,454.5986842105262,0.6364381578947367,455.23512236842095
2021-10-20,000809.SZ,buy,100,4.381663179916314,438.16631799163144,0.613432845188284,438.77975083681974
2021-10-22,000826.SZ,sell,553,2.24722580645161,1242.7158709677403,1.7398022193548364,1240.9760687483856
2021-10-26,000809.SZ,sell,87,3.166694560669454,275.5024267782425,0.3857033974895395,275.116723380753
2021-10-26,002392.SZ,buy,100,5.747286967418564,574.7286967418564,0.804620175438599,575.5333169172951
2021-10-27,002494.SZ,sell,176,2.118679867986801,372.887656765677,0.5220427194719478,372.36561404620505
2021-10-27,920553.BJ,sell,87,9.82265625,854.5710937499999,1.19639953125,853.3746942187499
2021-10-27,000826.SZ,buy,300,1.64806451612903,494.41935483870895,0.6921870967741925,495.11154193548316
2021-10-27,000809.SZ,buy,200,3.138242677824266,627.6485355648532,0.8787079497907945,628.527243514644
2021-10-28,600602.SH,sell,482,3.6310344827586265,1750.158620689658,2.450222068965521,1747.7083986206924
2021-10-28,600834.SH,sell,90,11.983353413654598,1078.5018072289138,1.5099025301204794,1076.9919046987934
2021-10-28,601339.SH,buy,100,6.891293532338304,689.1293532338304,0.9647810945273626,690.0941343283579
2021-10-28,002494.SZ,buy,300,1.955495049504952,586.6485148514855,0.8213079207920797,587.4698227722777
2021-10-29,600602.SH,buy,100,3.559304399524381,355.9304399524381,0.49830261593341335,356.42874256837155
2021-11-01,002707.SZ,buy,100,3.735047393364934,373.5047393364934,0.5229066350710908,374.02764597156454
2021-11-01,000809.SZ,buy,100,3.8760355648535527,387.6035564853553,0.5426449790794974,388.1462014644348
2021-11-02,000958.SZ,sell,158,3.605957446808501,569.7412765957431,0.7976377872340403,568.943638808509
2021-11-02,002494.SZ,buy,200,2.517599009900992,503.51980198019845,0.7049277227722778,504.22472970297076
2021-11-03,000958.SZ,buy,100,3.5209441489361613,352.09441489361615,0.4929321808510626,352.58734707446723
2021-11-03,000592.SZ,buy,100,2.993287197231832,299.32871972318316,0.41906020761245644,299.7477799307956
2021-11-09,002707.SZ,buy,100,4.297353870458141,429.73538704581415,0.6016295418641397,430.3370165876783
2021-11-12,000809.SZ,buy,100,4.77280334728033,477.28033472803304,0.6681924686192462,477.9485271966523
2021-11-18,002471.SZ,buy,100,3.85378125,385.378125,0.539529375,385.91765437500004
2021-11-23,000826.SZ,buy,100,2.1184999999999965,211.84999999999965,0.2965899999999995,212.14658999999966
2021-11-23,000766.SZ,buy,100,2.6879680365296847,268.7968036529685,0.3763155251141559,269.1731191780827
2021-11-24,002471.SZ,buy,100,3.3458854166666674,334.58854166666674,0.46842395833333345,335.0569656250001
2021-11-24,002535.SZ,buy,300,1.0453356890459349,313.6007067137805,0.43904098939929265,314.0397477031798
2021-11-29,603298.SH,sell,87,20.65132999228987,1796.6657093292188,2.515331993060906,1794.150377336158
2021-12-07,002707.SZ,buy,100,3.804660347551346,380.4660347551346,0.5326524486571884,380.9986872037918
2021-12-17,600712.SH,buy,200,1.484556574923548,296.91131498470963,0.4156758409785935,297.32699082568826
2021-12-22,601588.SH,buy,100,2.1103378378378364,211.03378378378363,0.2954472972972971,211.32923108108093
2021-12-22,000031.SZ,buy,100,2.0951657458563537,209.51657458563537,0.2933232044198895,209.80989779005526
2021-12-24,002471.SZ,buy,100,3.059875000000001,305.98750000000007,0.4283825000000001,306.41588250000007
2021-12-27,600712.SH,buy,100,1.673037716615699,167.3037716615699,0.23422528032619785,167.5379969418961
2021-12-29,002535.SZ,buy,200,1.263851590106005,252.770318021201,0.3538784452296814,253.1241964664307
2022-01-07,601588.SH,buy,100,2.525495495495494,252.54954954954937,0.3535693693693691,252.90311891891875
2022-01-10,002482.SZ,buy,100,1.8606788079470176,186.06788079470175,0.26049503311258243,186.32837582781434
2022-01-21,002716.SZ,sell,413,3.243606271777004,1339.6093902439025,1.8754531463414634,1337.733937097561
2022-01-21,002749.SZ,sell,768,7.0345205479452,5402.511780821914,7.563516493150679,5394.948264328764
2022-01-21,600279.SH,buy,100,3.3474562363238407,334.7456236323841,0.4686438730853377,335.2142675054694
2022-01-21,000766.SZ,buy,100,3.289273211567738,328.9273211567738,0.4604982496194833,329.3878194063933
2022-01-24,002494.SZ,buy,100,3.256089108910896,325.60891089108964,0.4558524752475255,326.06476336633716
2022-01-24,002716.SZ,buy,100,3.0502177700348447,305.0217770034845,0.4270304878048783,305.4488074912894
2022-01-24,002042.SZ,buy,100,3.0842027027026946,308.42027027026944,0.4317883783783772,308.8520586486478
2022-01-25,000826.SZ,sell,75,1.7827956989247276,133.70967741935456,0.1871935483870964,133.52248387096748
2022-01-25,600261.SH,buy,100,3.1589052631578904,315.89052631578903,0.44224673684210464,316.3327730526312
2022-01-25,600569.SH,buy,100,3.3500292968750034,335.00292968750034,0.4690041015625005,335.47193378906286
2022-01-25,601996.SH,buy,100,3.233645104895105,323.3645104895105,0.4527103146853147,323.81722080419587
2022-01-26,000826.SZ,buy,100,1.74308333333333,174.308333333333,0.2440316666666662,174.55236499999967
2022-02-07,002482.SZ,sell,80,1.153807947019866,92.30463576158928,0.129226490066225,92.17540927152307
2022-02-07,002021.SZ,sell,229,1.780840000000003,407.8123600000007,0.570937304000001,407.2414226960007
2022-02-07,000766.SZ,buy,100,3.019159056316595,301.9159056316595,0.4226822678843233,302.3385878995438
2022-02-07,600712.SH,buy,200,1.5198012232415912,303.9602446483182,0.4255443425076455,304.3857889908259
2022-02-09,002482.SZ,buy,200,1.4031677704194248,280.633554083885,0.39288697571743897,281.0264410596024
2022-02-10,002021.SZ,buy,100,1.480310000000003,148.0310000000003,0.2072434000000004,148.2382434000003
2022-02-15,600712.SH,buy,100,1.9045922528032635,190.45922528032634,0.2666429153924569,190.72586819571882
2022-02-22,000031.SZ,buy,100,2.3974274861878464,239.74274861878465,0.3356398480662985,240.07838846685095
2022-02-22,000826.SZ,buy,100,2.634666666666661,263.46666666666613,0.3688533333333326,263.83551999999946
2022-03-01,000826.SZ,sell,92,1.8697741935483825,172.01922580645117,0.24082691612903165,171.77839889032214
2022-03-02,000826.SZ,buy,100,1.8063763440860168,180.63763440860168,0.25289268817204236,180.89052709677375
2022-03-08,000826.SZ,sell,88,1.3131182795698897,115.55440860215029,0.1617761720430104,115.39263243010728
2022-03-09,000826.SZ,buy,200,1.2311370967741908,246.22741935483816,0.34471838709677344,246.57213774193494
2022-03-10,002489.SZ,buy,100,2.7231147540983542,272.31147540983545,0.38123606557376966,272.6927114754092
2022-03-15,000592.SZ,sell,56,2.1968166089965404,123.02173010380626,0.17223042214532877,122.84949968166094
2022-03-15,000031.SZ,sell,87,1.7421892265193373,151.57046270718234,0.2121986477900553,151.3582640593923
2022-03-15,000011.SZ,sell,103,9.782499999999995,1007.5974999999995,1.4106364999999994,1006.1868634999995
2022-03-15,002471.SZ,sell,68,2.278437500000001,154.93375000000006,0.21690725000000008,154.71684275000007
2022-03-15,601588.SH,sell,66,1.6421171171171165,108.37972972972969,0.15173162162162157,108.22799810810807
2022-03-15,000826.SZ,sell,193,1.0489166666666645,202.44091666666625,0.28341728333333277,202.15749938333292
2022-03-15,000545.SZ,sell,126,4.117499999999999,518.8049999999998,0.7263269999999997,518.0786729999999
2022-03-15,600279.SH,buy,100,3.3640207877461608,336.4020787746161,0.4709629102844625,336.87304168490056
2022-03-15,002688.SZ,buy,100,3.8447526636225313,384.47526636225314,0.5382653729071544,385.0135317351603
2022-03-15,002494.SZ,buy,100,2.9872937293729427,298.7293729372943,0.41822112211221196,299.1475940594065
2022-03-16,601588.SH,buy,100,1.6812537537537535,168.12537537537534,0.2353755255255255,168.36075090090088
2022-03-16,000031.SZ,buy,100,1.7577348066298342,175.77348066298342,0.2460828729281768,176.0195635359116
2022-03-16,000826.SZ,buy,200,1.088120967741933,217.62419354838661,0.30467387096774123,217.92886741935436
2022-03-16,600035.SH,buy,100,2.7620639534883797,276.206395348838,0.3866889534883732,276.59308430232636
2022-03-16,002471.SZ,buy,100,2.3034583333333347,230.34583333333347,0.32248416666666685,230.66831750000014
2022-03-16,000592.SZ,buy,100,2.298615916955018,229.8615916955018,0.32180622837370254,230.18339792387553
2022-03-25,000826.SZ,buy,100,1.3405483870967712,134.0548387096771,0.18767677419354795,134.24251548387068
2022-03-31,002482.SZ,buy,100,2.1314569536423806,213.14569536423807,0.2984039735099333,213.444099337748
2022-04-01,002482.SZ,sell,100,1.9340397350993344,193.40397350993342,0.2707655629139068,193.1332079470195
2022-04-06,002482.SZ,buy,100,1.9751048565121376,197.51048565121377,0.27651467991169926,197.78700033112548
2022-04-06,600712.SH,buy,100,2.1769444444444463,217.69444444444463,0.3047722222222225,217.99921666666685
2022-04-12,002482.SZ,sell,98,1.7756622516556264,174.0149006622514,0.24362086092715193,173.77127980132425
2022-04-12,601588.SH,buy,100,2.250405405405405,225.0405405405405,0.3150567567567567,225.35559729729727
2022-04-14,002482.SZ,buy,100,1.6107615894039709,161.07615894039708,0.2255066225165559,161.30166556291366
2022-04-15,600712.SH,buy,100,2.189357798165139,218.9357798165139,0.30651009174311944,219.24228990825702
2022-04-18,002535.SZ,buy,200,1.0315812720848043,206.31625441696087,0.2888427561837452,206.60509717314463
2022-04-21,600712.SH,sell,98,1.9010423037716624,186.3021457696229,0.26082300407747205,186.04132276554546
2022-04-21,000031.SZ,buy,100,2.252762430939226,225.27624309392257,0.3153867403314916,225.5916298342541
2022-04-21,000826.SZ,buy,100,1.7527580645161245,175.27580645161245,0.24538612903225743,175.52119258064474
2022-04-21,000506.SZ,buy,100,2.3024744027303754,230.24744027303754,0.32234641638225253,230.5697866894198
2022-04-21,002471.SZ,buy,100,2.3083125000000013,230.83125000000013,0.3231637500000002,231.15441375000015
2022-04-22,000826.SZ,sell,100,1.4420591397849425,144.20591397849424,0.20188827956989194,144.00402569892435
2022-04-22,600712.SH,buy,100,1.8847706422018364,188.47706422018365,0.2638678899082571,188.74093211009193
2022-04-25,000592.SZ,sell,84,1.8861591695501727,158.4373702422145,0.2218123183391003,158.21555792387542
2022-04-25,000031.SZ,sell,102,2.115107044198894,215.7409185082872,0.30203728591160206,215.4388812223756
2022-04-25,002482.SZ,sell,89,1.1535596026490051,102.66680463576145,0.14373352649006604,102.52307110927138
2022-04-25,000506.SZ,sell,99,1.9102389078498287,189.11365187713304,0.26475911262798624,188.84889276450505
2022-04-25,002471.SZ,sell,97,1.9525000000000008,189.39250000000007,0.2651495000000001,189.1273505000001
2022-04-25,600712.SH,sell,100,1.5980326197757402,159.803261977574,0.2237245667686036,159.57953741080541
2022-04-25,601588.SH,sell,82,1.5048573573573574,123.39830330330331,0.17275762462462463,123.22554567867869
2022-04-25,002494.SZ,sell,96,2.935330033003304,281.7916831683172,0.3945083564356441,281.3971748118816
2022-04-25,601996.SH,sell,76,2.8840909090909097,219.19090909090914,0.3068672727272728,218.88404181818188
2022-04-25,600333.SH,buy,100,3.9101857142857033,391.01857142857034,0.5474259999999985,391.56599742857037
2022-04-25,300948.SZ,buy,100,3.1653818524201336,316.53818524201336,0.44315345933881867,316.9813387013522
2022-04-25,603458.SH,buy,100,5.569801876955168,556.9801876955169,0.7797722627737236,557.7599599582907
2022-04-25,300562.SZ,buy,100,5.169797341115427,516.9797341115427,0.7237716277561598,517.7035057392989
2022-04-25,300182.SZ,buy,100,5.463934426229489,546.3934426229489,0.7649508196721284,547.1583934426211
2022-04-25,600115.SH,buy,100,3.705460750853232,370.5460750853232,0.5187645051194525,371.06483959044266
2022-04-26,601588.SH,buy,100,1.4302702702702703,143.02702702702703,0.20023783783783783,143.22726486486488
2022-04-26,000031.SZ,buy,100,1.9956526243093915,199.56526243093916,0.2793913674033148,199.84465379834248
2022-04-26,002482.SZ,buy,200,1.1249999999999982,224.99999999999966,0.3149999999999995,225.31499999999969
2022-04-26,002716.SZ,buy,100,1.907735191637632,190.77351916376318,0.26708292682926843,191.04060209059247
2022-04-26,000506.SZ,buy,100,1.801433447098976,180.14334470989758,0.2522006825938566,180.39554539249144
2022-04-26,002471.SZ,buy,100,1.8308333333333344,183.08333333333343,0.2563166666666668,183.33965000000012
2022-04-26,000592.SZ,buy,100,1.7128027681660902,171.28027681660902,0.23979238754325263,171.5200692041523
2022-04-27,000826.SZ,buy,200,0.9499999999999978,189.99999999999957,0.2659999999999994,190.2659999999996
2022-04-27,002494.SZ,buy,100,2.3391419141914214,233.91419141914213,0.32747986798679896,234.24167128712895
2022-04-27,002042.SZ,buy,100,1.6539932432432385,165.39932432432386,0.2315590540540534,165.63088337837792
2022-04-28,002494.SZ,sell,100,2.1204950495049526,212.04950495049525,0.29686930693069336,211.75263564356456
2022-04-29,603458.SH,sell,102,5.208331595411894,531.2498227320132,0.7437497518248184,530.5060729801884
2022-04-29,002494.SZ,buy,100,2.199880363036306,219.98803630363062,0.3079832508250829,220.2960195544557
2022-05-05,000826.SZ,buy,200,1.0266666666666644,205.3333333333329,0.28746666666666604,205.62079999999958
2022-05-05,600712.SH,buy,100,1.6709403669724778,167.0940366972478,0.2339316513761469,167.32796834862395
2022-05-06,002482.SZ,sell,205,1.0574558498896234,216.7784492273728,0.3034898289183219,216.47495939845447
2022-05-09,002021.SZ,buy,100,1.1373600000000024,113.73600000000023,0.15923040000000033,113.89523040000024
2022-05-09,000031.SZ,buy,100,2.0247513812154687,202.47513812154688,0.2834651933701656,202.75860331491705
2022-05-10,000826.SZ,buy,100,1.2139247311827932,121.39247311827933,0.16994946236559105,121.56242258064492
2022-05-10,002482.SZ,buy,100,1.3182450331125812,131.82450331125813,0.18455430463576136,132.0090576158939
2022-05-11,000809.SZ,buy,100,1.91820083682008,191.820083682008,0.2685481171548112,192.08863179916284
2022-05-13,002482.SZ,buy,100,1.354900662251654,135.4900662251654,0.18968609271523157,135.67975231788066
2022-05-24,000031.SZ,buy,100,1.960400552486188,196.0400552486188,0.2744560773480663,196.3145113259669
2022-06-01,002482.SZ,sell,85,0.928460264900661,78.91912251655619,0.11048677152317866,78.80863574503302
2022-06-02,002482.SZ,buy,200,0.8116445916114781,162.3289183222956,0.22726048565121384,162.55617880794682
2022-06-08,600015.SH,sell,86,3.330048701298701,286.38418831168826,0.4009378636363636,285.98325044805193
2022-06-10,002482.SZ,buy,100,1.1601655629139065,116.01655629139064,0.1624231788079469,116.1789794701986
2022-06-16,600261.SH,sell,53,2.278736842105259,120.77305263157874,0.16908227368421022,120.60397035789453
2022-06-22,002482.SZ,buy,100,1.3020916114790275,130.20916114790276,0.18229282560706386,130.39145397350984
2022-07-01,600115.SH,sell,96,4.669321672354936,448.2548805460739,0.6275568327645035,447.6273237133094
2022-07-14,000802.SZ,buy,100,1.7707236180904504,177.07236180904505,0.24790130653266307,177.32026311557772
2022-07-15,002494.SZ,sell,100,2.7439480198019868,274.3948019801987,0.38415272277227813,274.0106492574264
2022-07-15,002482.SZ,buy,200,0.7271964679911692,145.43929359823383,0.20361501103752735,145.64290860927136
2022-07-19,000826.SZ,buy,100,1.3767741935483846,137.67741935483846,0.19274838709677386,137.87016774193523
2022-07-20,002482.SZ,buy,200,0.8372406181015443,167.44812362030885,0.2344273730684324,167.6825509933773
2022-07-27,002535.SZ,buy,100,1.5598144876325073,155.98144876325074,0.21837402826855104,156.1998227915193
2022-08-01,000826.SZ,buy,100,1.5019516129032229,150.1951612903223,0.2102732258064512,150.40543451612876
2022-08-02,300872.SZ,buy,100,2.019748137985101,201.9748137985101,0.2827647393179141,202.25757853782804
2022-08-02,600569.SH,buy,100,2.0888671875000044,208.88671875000045,0.29244140625000065,209.17916015625048
2022-08-08,002535.SZ,buy,100,1.6182332155477015,161.82332155477016,0.22655265017667822,162.04987420494686
2022-08-10,002482.SZ,buy,100,1.219072847682118,121.9072847682118,0.17067019867549652,122.0779549668873
2022-08-24,000826.SZ,buy,100,1.626053763440857,162.6053763440857,0.22764752688171996,162.83302387096742
2022-09-26,600712.SH,sell,57,1.496177370030581,85.2821100917431,0.11939495412844035,85.16271513761467
2022-09-26,000802.SZ,buy,100,1.5521608040200987,155.21608040200988,0.21730251256281383,155.43338291457272
2022-09-27,600712.SH,buy,100,1.5404841997961265,154.04841997961265,0.2156677879714577,154.2640877675841
2022-10-17,002535.SZ,buy,100,1.5324204946996447,153.24204946996446,0.21453886925795024,153.4565883392224
2022-10-24,000802.SZ,sell,96,1.4856281407035152,142.62030150753748,0.19966842211055247,142.42063308542694
2022-10-25,000802.SZ,buy,100,1.4521984924623097,145.21984924623098,0.20330778894472337,145.4231570351757
2022-10-28,300947.SZ,buy,100,1.7208745684695046,172.08745684695046,0.24092243958573065,172.3283792865362
2022-11-08,000826.SZ,buy,100,1.4590188172042975,145.90188172042974,0.20426263440860162,146.10614435483836
2022-11-30,002482.SZ,buy,100,0.9850662251655616,98.50662251655616,0.13790927152317864,98.64453178807935
2022-12-05,601588.SH,buy,100,1.5101351351351346,151.01351351351346,0.21141891891891884,151.22493243243238
2023-01-10,002482.SZ,buy,100,0.9908940397350988,99.08940397350989,0.13872516556291384,99.2281291390728
2023-02-07,002021.SZ,sell,44,1.6974400000000032,74.68736000000014,0.10456230400000019,74.58279769600014
2023-02-13,002021.SZ,buy,100,1.3708200000000024,137.08200000000025,0.19191480000000036,137.27391480000026
2023-04-04,002021.SZ,buy,100,1.3487100000000032,134.87100000000032,0.18881940000000044,135.05981940000032
2023-04-25,002482.SZ,sell,49,0.5074999999999998,24.867499999999993,0.03481449999999999,24.832685499999993
2023-04-26,002482.SZ,buy,200,0.5299999999999999,105.99999999999999,0.14839999999999998,106.1484
2023-05-08,002482.SZ,buy,200,0.649006622516556,129.8013245033112,0.1817218543046357,129.98304635761585
2023-05-16,002021.SZ,buy,100,1.2406200000000036,124.06200000000037,0.1736868000000005,124.23568680000038
2023-05-17,002021.SZ,sell,100,1.093950000000003,109.39500000000031,0.15315300000000043,109.24184700000032
2023-05-18,002021.SZ,buy,100,1.057870000000003,105.78700000000029,0.1481018000000004,105.9351018000003
2023-05-26,002021.SZ,sell,94,0.8761600000000023,82.35904000000022,0.11530265600000031,82.24373734400022
2023-05-29,002021.SZ,buy,100,0.8424500000000023,84.24500000000023,0.11794300000000033,84.36294300000024
2023-06-02,002021.SZ,buy,100,1.228480000000003,122.8480000000003,0.17198720000000042,123.0199872000003
2023-06-07,002482.SZ,buy,100,0.7221247240618102,72.21247240618102,0.10109746136865343,72.31356986754967
2023-06-19,601588.SH,buy,100,1.2589189189189192,125.89189189189192,0.17624864864864867,126.06814054054057
2023-07-20,000826.SZ,buy,100,0.9766317204301058,97.66317204301058,0.1367284408602148,97.7999004838708
2023-07-27,000826.SZ,buy,100,1.1762903225806436,117.62903225806436,0.1646806451612901,117.79371290322565
2023-10-11,000826.SZ,buy,100,1.155048387096773,115.50483870967729,0.1617067741935482,115.66654548387085
2023-10-23,601588.SH,buy,100,1.1624624624624635,116.24624624624636,0.1627447447447449,116.40899099099111
2023-11-15,002482.SZ,sell,78,1.1125827814569544,86.78145695364245,0.12149403973509942,86.65996291390735
2023-11-16,002482.SZ,buy,100,1.1187748344370865,111.87748344370864,0.1566284768211921,112.03411192052984
2023-12-21,002482.SZ,buy,100,0.8918322295805746,89.18322295805746,0.12485651214128043,89.30807947019875
2024-01-08,000031.SZ,buy,100,1.1277002762430943,112.77002762430944,0.15787803867403322,112.92790566298348
2024-01-16,000826.SZ,buy,100,0.8444623655913971,84.4462365591397,0.11822473118279558,84.56446129032251
2024-01-22,000031.SZ,sell,96,0.9844337016574592,94.50563535911608,0.1323078895027625,94.37332746961333
2024-01-22,600569.SH,buy,100,1.4285742187500026,142.85742187500026,0.20000039062500036,143.05742226562526
2024-01-22,600261.SH,buy,100,1.7320736842105222,173.20736842105222,0.2424903157894731,173.44985873684172
2024-01-22,002021.SZ,buy,100,1.5543300000000038,155.4330000000004,0.21760620000000055,155.6506062000004
2024-01-23,000031.SZ,buy,100,1.0040331491712715,100.40331491712715,0.140564640883978,100.54387955801113
2024-01-30,000031.SZ,buy,100,1.1605524861878458,116.05524861878457,0.1624773480662984,116.21772596685088
2024-01-31,002042.SZ,buy,100,1.286027027027024,128.6027027027024,0.18004378378378336,128.7827464864862
2024-02-01,002021.SZ,sell,99,1.4459000000000033,143.14410000000032,0.20040174000000044,142.94369826000033
2024-02-02,002021.SZ,buy,100,1.3231100000000031,132.31100000000032,0.18523540000000044,132.49623540000033
2024-02-05,000031.SZ,sell,90,0.8245856353591163,74.21270718232047,0.10389779005524866,74.10880939226523
2024-02-05,600569.SH,sell,91,1.100273437500002,100.12488281250019,0.14017483593750027,99.98470797656269
2024-02-05,600261.SH,sell,89,1.3165526315789444,117.17318421052606,0.16404245789473648,117.00914175263132
2024-02-05,002042.SZ,sell,98,1.049716216216214,102.87218918918896,0.14402106486486455,102.7281681243241
2024-02-05,002021.SZ,sell,100,1.1833600000000029,118.33600000000028,0.16567040000000038,118.17032960000029
2024-02-05,601588.SH,sell,58,0.803791291291293,46.619894894895,0.065267852852853,46.55462704204215
2024-02-05,000826.SZ,sell,72,0.4406021505376342,31.72335483870966,0.04441269677419352,31.67894214193547
2024-02-05,000002.SZ,buy,100,2.6100691031941032,261.00691031941034,0.3654096744471745,261.3723199938575
2024-02-05,300940.SZ,buy,100,1.6521927756295374,165.21927756295375,0.23130698858813525,165.4505845515419
2024-02-05,300864.SZ,buy,200,1.3444407300325265,268.8881460065053,0.3764434044091074,269.2645894109144
2024-02-05,603659.SH,buy,100,2.7568427669278512,275.68427669278515,0.3859579873698992,276.07023468015507
2024-02-05,300192.SZ,buy,100,2.921822625698322,292.18226256983223,0.4090551675977651,292.59131773743
2024-02-05,300468.SZ,buy,200,1.3069468531468469,261.38937062936935,0.3659451188811171,261.7553157482505
2024-02-05,600115.SH,buy,100,2.2192875426621086,221.92875426621086,0.3107002559726952,222.23945452218356
2024-02-05,300878.SZ,buy,100,3.047045286278377,304.7045286278377,0.4265863400789728,305.1311149679167
2024-02-05,600808.SH,buy,100,1.970307443365691,197.03074433656911,0.27584304207119675,197.30658737864033
2024-02-06,300947.SZ,buy,100,0.8786081703107022,87.86081703107021,0.1230051438434983,87.98382217491371
2024-02-06,601588.SH,buy,100,0.8136861861861877,81.36861861861877,0.11391606606606627,81.48253468468484
2024-02-06,600261.SH,buy,100,1.3102736842105234,131.02736842105233,0.18343831578947326,131.21080673684182
2024-02-06,000031.SZ,buy,100,0.845801104972376,84.5801104972376,0.11841215469613263,84.69852265193374
2024-02-06,600569.SH,buy,100,1.066582031250002,106.6582031250002,0.14932148437500029,106.8075246093752
2024-02-06,000826.SZ,buy,300,0.3932903225806449,117.98709677419346,0.16518193548387083,118.15227870967733
2024-02-06,601996.SH,buy,100,1.298863636363637,129.8863636363637,0.1818409090909092,130.06820454545462
2024-02-06,300948.SZ,buy,100,1.0139479006834975,101.39479006834975,0.14195270609568963,101.53674277444544
2024-02-06,000592.SZ,buy,100,1.290276816608996,129.0276816608996,0.18063875432525942,129.20832041522485
2024-02-06,002042.SZ,buy,100,1.0587972972972952,105.87972972972952,0.14823162162162132,106.02796135135115
2024-02-07,002021.SZ,buy,100,1.0013000000000023,100.13000000000022,0.1401820000000003,100.27018200000023
2024-02-07,300564.SZ,buy,100,1.2924826759061845,129.24826759061844,0.1809475746268658,129.42921516524532
2024-02-08,603616.SH,buy,100,1.1147604790419152,111.47604790419152,0.15606646706586813,111.63211437125739
2024-02-08,002425.SZ,buy,100,1.1073418803418789,110.73418803418788,0.15502786324786302,110.88921589743575
2024-02-08,000809.SZ,buy,100,1.2975627615062733,129.75627615062731,0.18165878661087823,129.9379349372382
2024-02-08,002494.SZ,buy,100,1.285086633663367,128.50866336633672,0.1799121287128714,128.6885754950496
2024-02-08,600678.SH,buy,100,1.7844266589057045,178.44266589057045,0.24981973224679863,178.69248562281726
2024-02-08,600712.SH,buy,100,0.9785550458715596,97.85550458715596,0.13699770642201833,97.99250229357799
2024-02-08,002716.SZ,buy,100,1.819024390243901,181.9024390243901,0.25466341463414616,182.15710243902427
2024-02-08,002795.SZ,buy,200,0.8326103714085459,166.52207428170917,0.23313090399439282,166.75520518570357
2024-02-08,000545.SZ,buy,100,0.936698717948717,93.6698717948717,0.13113782051282039,93.80100961538453
2024-02-19,300947.SZ,buy,100,1.0938734177215192,109.38734177215193,0.1531422784810127,109.54048405063294
2024-02-19,601588.SH,buy,100,0.91572822822823,91.572822822823,0.1282019519519522,91.70102477477496
2024-02-19,000826.SZ,buy,200,0.4430967741935481,88.61935483870963,0.12406709677419347,88.74342193548382
2024-02-28,603616.SH,sell,125,1.738634730538921,217.3293413173651,0.30426107784431117,217.0250802395208
2024-02-28,000826.SZ,sell,227,0.5458602150537631,123.91026881720423,0.1734743763440859,123.73679444086015
2024-02-28,000031.SZ,buy,100,1.0993093922651942,109.93093922651941,0.15390331491712717,110.08484254143654
2024-02-29,000826.SZ,buy,100,0.5497231182795695,54.97231182795696,0.07696123655913974,55.0492730645161
2024-03-18,000826.SZ,buy,100,0.8043225806451608,80.43225806451608,0.11260516129032251,80.54486322580641
2024-03-27,000826.SZ,sell,92,0.6551854838709673,60.277064516128995,0.0843878903225806,60.19267662580641
2024-03-28,000826.SZ,buy,100,0.6414784946236556,64.14784946236556,0.08980698924731177,64.23765645161288
2024-04-01,000826.SZ,buy,100,0.8028387096774188,80.28387096774188,0.11239741935483863,80.39626838709673
2024-04-15,002021.SZ,sell,107,1.4687900000000038,157.16053000000042,0.22002474200000058,156.94050525800043
2024-04-15,000826.SZ,sell,89,0.569860215053763,50.71755913978491,0.07100458279569888,50.646554556989216
2024-04-15,601588.SH,buy,100,0.8870945945945965,88.70945945945965,0.12419324324324352,88.8336527027029
2024-04-16,002489.SZ,buy,100,1.337517564402809,133.7517564402809,0.18725245901639326,133.9390088992973
2024-04-17,603616.SH,buy,100,1.2719999999999982,127.19999999999982,0.17807999999999974,127.37807999999983
2024-04-17,600569.SH,buy,100,1.1945312500000025,119.45312500000026,0.16723437500000035,119.62035937500026
2024-04-17,000826.SZ,buy,200,0.4723790322580642,94.47580645161284,0.13226612903225798,94.6080725806451
2024-04-17,000809.SZ,buy,100,0.9273535564853536,92.73535564853536,0.1298294979079495,92.86518514644332
2024-04-17,002021.SZ,buy,100,1.251390000000003,125.13900000000031,0.17519460000000042,125.31419460000032
2024-04-17,600712.SH,buy,100,1.3526478083588174,135.26478083588174,0.18937069317023442,135.45415152905198
2024-04-17,000545.SZ,buy,100,1.3773317307692294,137.73317307692295,0.19282644230769214,137.92599951923066
2024-04-30,000826.SZ,buy,100,0.5192150537634406,51.92150537634406,0.07269010752688168,51.994195483870946
2024-06-03,601588.SH,buy,100,0.8262387387387408,82.62387387387408,0.11567342342342371,82.7395472972975
2024-06-04,000826.SZ,buy,200,0.3358655913978494,67.17311827956988,0.09404236559139782,67.26716064516128
2024-06-06,000826.SZ,sell,192,0.2781263440860214,53.40025806451611,0.07476036129032256,53.325497703225786
2024-06-07,000826.SZ,buy,200,0.2865322580645161,57.30645161290322,0.0802290322580645,57.386680645161285
2024-06-17,000506.SZ,buy,200,0.3691467576791797,73.82935153583594,0.10336109215017031,73.93271262798612
2024-06-19,002482.SZ,buy,100,0.777102649006622,77.7102649006622,0.10879437086092707,77.81905927152313
2024-06-21,000506.SZ,buy,100,0.5310921501706466,53.109215017064656,0.07435290102389051,53.18356791808855
2024-06-21,000592.SZ,buy,100,0.6435294117647056,64.35294117647055,0.09009411764705877,64.44303529411762
2024-06-24,000592.SZ,sell,100,0.579160899653979,57.9160899653979,0.08108252595155706,57.83500743944635
2024-06-24,600569.SH,sell,71,0.8084570312500022,57.40044921875016,0.08036062890625023,57.32008858984391
2024-06-24,601588.SH,sell,85,0.5665540540540555,48.15709459459471,0.06741993243243259,48.08967466216228
2024-06-24,002482.SZ,sell,96,0.6454083885209708,61.9592052980132,0.08674288741721849,61.872462410595986
2024-06-24,000031.SZ,buy,100,0.7773825966850841,77.73825966850842,0.10883356353591178,77.84709323204433
2024-06-25,000506.SZ,sell,95,0.4435494880546059,42.137201365187565,0.05899208191126259,42.0782092832763
2024-06-25,601588.SH,buy,100,0.5584909909909925,55.849099099099256,0.07818873873873895,55.927287837838
2024-06-25,600569.SH,buy,100,0.7587988281250021,75.87988281250021,0.1062318359375003,75.98611464843772
2024-06-25,002482.SZ,buy,100,0.622102649006622,62.2102649006622,0.08709437086092708,62.297359271523135
2024-06-25,000592.SZ,buy,100,0.5915397923875431,59.1539792387543,0.08281557093425602,59.23679480968856
2024-06-27,000506.SZ,buy,200,0.3843856655290089,76.87713310580178,0.10762798634812248,76.98476109214991
2024-07-02,000592.SZ,buy,100,0.7186332179930796,71.86332179930795,0.10060865051903113,71.96393044982699
2024-07-04,000826.SZ,sell,177,0.2291612903225806,40.561548387096764,0.05678616774193547,40.50476221935483
2024-07-05,000826.SZ,buy,300,0.2221774193548387,66.65322580645162,0.09331451612903226,66.74654032258066
2024-07-10,002795.SZ,buy,100,0.7452908199018898,74.52908199018898,0.10434071478626458,74.63342270497526
2024-07-12,000826.SZ,buy,300,0.2206505376344085,66.19516129032255,0.09267322580645156,66.287834516129
2024-07-12,000592.SZ,buy,100,0.679411764705882,67.9411764705882,0.09511764705882349,68.03629411764703
2024-07-23,000506.SZ,buy,100,0.5482593856655273,54.825938566552736,0.07675631399317383,54.902694880545916
2024-07-25,000506.SZ,buy,100,0.6616894197952197,66.16894197952196,0.09263651877133075,66.26157849829329
2024-08-02,601588.SH,buy,100,0.5906456456456467,59.06456456456467,0.08269039039039054,59.147254954955066
2024-08-06,000826.SZ,buy,200,0.2603924731182796,52.07849462365593,0.0729098924731183,52.15140451612905
2024-08-07,002482.SZ,buy,100,0.6147295805739509,61.47295805739509,0.08606214128035312,61.55902019867545
2024-08-09,601588.SH,buy,100,0.6544369369369383,65.44369369369383,0.09162117117117136,65.535314864865
2024-08-13,000826.SZ,buy,200,0.3047795698924731,60.95591397849462,0.08533827956989247,61.04125225806452
2024-08-22,002795.SZ,buy,100,0.7299719691660803,72.99719691660803,0.10219607568325124,73.09939299229129
2024-09-12,000506.SZ,buy,100,0.6183703071672336,61.83703071672336,0.08657184300341271,61.92360255972678
2024-09-18,000592.SZ,buy,100,0.7038581314878889,70.38581314878888,0.09854013840830443,70.4843532871972
2024-09-26,002425.SZ,buy,100,0.7104358974358969,71.04358974358969,0.09946102564102557,71.14305076923073
2024-09-30,000809.SZ,buy,1900,1.9884100418409971,3777.9790794978944,5.289170711297052,3783.2682502091916
2024-09-30,600015.SH,buy,500,7.031964285714294,3515.982142857147,4.922375000000006,3520.9045178571473
2024-10-08,002482.SZ,buy,100,0.7643598233995572,76.43598233995573,0.10701037527593801,76.54299271523168
2024-10-09,002482.SZ,sell,100,0.6190728476821181,61.90728476821181,0.08667019867549654,61.82061456953632
2024-10-09,600115.SH,sell,32,2.466936860068253,78.9419795221841,0.11051877133105774,78.83146075085304
2025-04-07,002471.SZ,buy,100,4.286624999999995,428.66249999999945,0.6001274999999993,429.2626274999995
2025-04-08,000826.SZ,buy,100,0.2795860215053765,27.958602150537647,0.039142043010752706,27.997744193548403
