date,code,actual,final_prediction
2024-11-07,000011.SZ,-0.079485714,0.010808776
2024-11-08,000011.SZ,-0.06720875,0.002079349
2024-11-11,000011.SZ,-0.065274335,0.0011529429
2024-11-12,000011.SZ,-0.120043196,0.0036218397
2024-11-13,000011.SZ,-0.07803958,-0.0012036521
2024-11-14,000011.SZ,0.0010335918,-0.0026594
2024-11-15,000011.SZ,-0.010752792,-0.0027327593
2024-11-18,000011.SZ,-0.004291852,0.0039918222
2024-11-19,000011.SZ,-0.006451635,0.008402367
2024-11-20,000011.SZ,-0.025291126,0.0065778852
2024-11-21,000011.SZ,0.029518683,-0.00222071
2024-11-22,000011.SZ,0.043370098,-0.0055058165
2024-11-25,000011.SZ,0.06453852,-0.003530109
2024-11-26,000011.SZ,0.075801715,-0.00276092
2024-11-27,000011.SZ,0.057039823,-0.004592828
2024-11-28,000011.SZ,-0.01414165,-0.006039314
2024-11-29,000011.SZ,0.02049252,-0.011917421
2024-12-02,000011.SZ,-0.041158073,-0.014157027
2024-12-03,000011.SZ,-0.021223636,-0.013210114
2024-12-04,000011.SZ,-0.0070814663,-0.011395213
2024-12-05,000011.SZ,0.01914416,-0.009600074
2024-12-06,000011.SZ,-0.012245051,-0.008445875
2024-12-09,000011.SZ,0.0145988,-0.008618134
2024-12-10,000011.SZ,-0.051347055,-0.007404649
2024-12-11,000011.SZ,-0.0456985,-0.010970402
2024-12-12,000011.SZ,-0.060686998,-0.01356339
2024-12-13,000011.SZ,-0.041934866,-0.018571297
2024-12-16,000011.SZ,-0.07745806,-0.019748325
2024-12-17,000011.SZ,-0.041718453,-0.02067445
2024-12-18,000011.SZ,-0.05459871,-0.019028021
2024-12-19,000011.SZ,-0.05560015,-0.020945117
2024-12-20,000011.SZ,-0.033753883,-0.024253158
2024-12-23,000011.SZ,-0.0056085396,-0.026818058
2024-12-24,000011.SZ,-0.020385757,-0.027239136
2024-12-25,000011.SZ,-0.033089157,-0.028117118
2024-12-26,000011.SZ,-0.075661436,-0.032078855
2024-12-27,000011.SZ,-0.08429685,-0.04661787
2024-12-30,000011.SZ,-0.041337688,-0.043312382
2024-12-31,000011.SZ,-0.033743747,-0.051588953
2025-01-02,000011.SZ,-0.022288313,-0.05019259
2025-01-03,000011.SZ,-0.01339034,-0.04249494
2025-01-06,000011.SZ,0.0,-0.03205425
2025-01-07,000011.SZ,0.0,-0.025256865
2025-01-08,000011.SZ,0.0,-0.020867027
2025-01-09,000011.SZ,0.0,-0.021757202
2024-11-07,000025.SZ,-0.008163311,0.0002762399
2024-11-08,000025.SZ,-0.036752466,-0.001248035
2024-11-11,000025.SZ,-0.04344923,-0.0030500435
2024-11-12,000025.SZ,-0.059614964,-0.0054819887
2024-11-13,000025.SZ,-0.036760896,-0.010174199
2024-11-14,000025.SZ,-0.004381168,-0.010037973
2024-11-15,000025.SZ,-0.008544627,-0.008182101
2024-11-18,000025.SZ,-0.013012913,-0.004799324
2024-11-19,000025.SZ,-0.047020838,-0.0035195835
2024-11-20,000025.SZ,-0.03587829,-0.0042054015
2024-11-21,000025.SZ,0.04402214,-0.0053971424
2024-11-22,000025.SZ,0.05941242,-0.0059738974
2024-11-25,000025.SZ,0.0934447,-0.0034611688
2024-11-26,000025.SZ,0.100884154,-0.003060149
2024-11-27,000025.SZ,0.061966725,-0.0017086174
2024-11-28,000025.SZ,-0.016415512,-0.0017078737
2024-11-29,000025.SZ,0.00484002,-0.007981607
2024-12-02,000025.SZ,-0.057097394,-0.010544662
2024-12-03,000025.SZ,-0.036853302,-0.011924293
2024-12-04,000025.SZ,-0.0053792493,-0.009135439
2024-12-05,000025.SZ,-0.004816707,-0.004776195
2024-12-06,000025.SZ,-0.02114473,-0.0021217838
2024-12-09,000025.SZ,0.0032894767,-0.00052069844
2024-12-10,000025.SZ,-0.036004998,0.0019363165
2024-12-11,000025.SZ,-0.026784874,0.0021245151
2024-12-12,000025.SZ,-0.04218648,0.00024028092
2024-12-13,000025.SZ,-0.032296795,-0.00219342
2024-12-16,000025.SZ,-0.06852383,-0.0030659407
2024-12-17,000025.SZ,-0.02860607,-0.004145622
2024-12-18,000025.SZ,-0.06464933,-0.0025871284
2024-12-19,000025.SZ,-0.05167625,-0.0033153351
2024-12-20,000025.SZ,-0.030453373,-0.0037488982
2024-12-23,000025.SZ,-0.0023474188,-0.0047826576
2024-12-24,000025.SZ,-0.042080283,-0.002759993
2024-12-25,000025.SZ,-0.036717936,-0.003296479
2024-12-26,000025.SZ,-0.07333768,-0.0032252192
2024-12-27,000025.SZ,-0.08140498,-0.004539791
2024-12-30,000025.SZ,-0.0618004,-0.007421714
2024-12-31,000025.SZ,-0.036367644,-0.009074367
2025-01-02,000025.SZ,-0.02924003,-0.008409226
2025-01-03,000025.SZ,-0.021147856,-0.007100079
2025-01-06,000025.SZ,0.0,-0.0036781735
2025-01-07,000025.SZ,0.0,-0.001116123
2025-01-08,000025.SZ,0.0,-0.0008625214
2025-01-09,000025.SZ,0.0,-3.1380605e-05
2024-11-07,000050.SZ,-0.015070253,-0.012390691
2024-11-08,000050.SZ,-0.047117922,-0.012906221
2024-11-11,000050.SZ,-0.013634191,-0.015478201
2024-11-12,000050.SZ,-0.0661398,-0.016342107
2024-11-13,000050.SZ,-0.021187233,-0.018823266
2024-11-14,000050.SZ,-0.010905233,-0.018149208
2024-11-15,000050.SZ,-0.041416105,-0.01578433
2024-11-18,000050.SZ,-0.088260114,-0.014296013
2024-11-19,000050.SZ,-0.080042705,-0.01666799
2024-11-20,000050.SZ,-0.066396065,-0.018439217
2024-11-21,000050.SZ,-0.043704435,-0.01813319
2024-11-22,000050.SZ,0.0068337396,-0.016917195
2024-11-25,000050.SZ,0.07014561,-0.0149657605
2024-11-26,000050.SZ,0.0703808,-0.014586375
2024-11-27,000050.SZ,0.0749249,-0.017203137
2024-11-28,000050.SZ,0.054609668,-0.021067014
2024-11-29,000050.SZ,0.05089594,-0.024434954
2024-12-02,000050.SZ,-0.0075553516,-0.027089553
2024-12-03,000050.SZ,0.0075228726,-0.031192606
2024-12-04,000050.SZ,0.00845671,-0.030600578
2024-12-05,000050.SZ,0.027809279,-0.02826398
2024-12-06,000050.SZ,0.0053792493,-0.025256367
2024-12-09,000050.SZ,0.0010828371,-0.022316463
2024-12-10,000050.SZ,-0.024933541,-0.019661652
2024-12-11,000050.SZ,-0.010582109,-0.01936304
2024-12-12,000050.SZ,-0.009539023,-0.019648135
2024-12-13,000050.SZ,0.0042826617,-0.019763751
2024-12-16,000050.SZ,-0.025206814,-0.018747212
2024-12-17,000050.SZ,0.0021929834,-0.017928662
2024-12-18,000050.SZ,-0.03684057,-0.016631383
2024-12-19,000050.SZ,-0.03577617,-0.017131876
2024-12-20,000050.SZ,-0.008583744,-0.017805463
2024-12-23,000050.SZ,0.03382756,-0.018347764
2024-12-24,000050.SZ,-0.011013327,-0.015188786
2024-12-25,000050.SZ,-0.03595893,-0.014213563
2024-12-26,000050.SZ,-0.075637415,-0.014422105
2024-12-27,000050.SZ,-0.10919929,-0.014851415
2024-12-30,000050.SZ,-0.075760044,-0.016415795
2024-12-31,000050.SZ,-0.061663367,-0.016805412
2025-01-02,000050.SZ,-0.0149858715,-0.013305898
2025-01-03,000050.SZ,-0.010772097,-0.0075705717
2025-01-06,000050.SZ,0.0,0.00226839
2025-01-07,000050.SZ,0.0,0.0068651647
2025-01-08,000050.SZ,0.0,0.0020899132
2025-01-09,000050.SZ,0.0,0.0018572448
2024-11-07,000422.SZ,0.00982464,0.002127784
2024-11-08,000422.SZ,-0.007882521,0.00057726324
2024-11-11,000422.SZ,-0.0558969,-0.0018849863
2024-11-12,000422.SZ,-0.03882587,-0.002866945
2024-11-13,000422.SZ,0.016878039,-0.0046757576
2024-11-14,000422.SZ,-0.0013976243,-0.004881062
2024-11-15,000422.SZ,-0.0057720216,-0.006453403
2024-11-18,000422.SZ,0.051595822,-0.006152529
2024-11-19,000422.SZ,-0.016260521,-0.0037423319
2024-11-20,000422.SZ,-0.05666629,-0.0036417276
2024-11-21,000422.SZ,-0.068743154,-0.00513476
2024-11-22,000422.SZ,-0.024168149,-0.005352799
2024-11-25,000422.SZ,-0.011560823,-0.0028058563
2024-11-26,000422.SZ,0.020649701,-0.0008463574
2024-11-27,000422.SZ,-0.014121379,0.00078084815
2024-11-28,000422.SZ,0.0029917748,0.0012230532
2024-11-29,000422.SZ,0.008121123,6.081164e-05
2024-12-02,000422.SZ,-0.008026311,-0.0023278005
2024-12-03,000422.SZ,-0.008797711,-0.003796072
2024-12-04,000422.SZ,0.026589455,-0.003848151
2024-12-05,000422.SZ,0.06993841,-0.0031807069
2024-12-06,000422.SZ,0.010969032,-0.0031183686
2024-12-09,000422.SZ,-0.01699339,-0.0038065333
2024-12-10,000422.SZ,-0.0059084366,-0.004060578
2024-12-11,000422.SZ,-0.026589455,-0.0032960635
2024-12-12,000422.SZ,-0.080449015,-0.0034057684
2024-12-13,000422.SZ,-0.03628684,-0.0055884128
2024-12-16,000422.SZ,-0.035650343,-0.006759947
2024-12-17,000422.SZ,-0.030841105,-0.0063330904
2024-12-18,000422.SZ,-0.03348867,-0.0050749127
2024-12-19,000422.SZ,-0.02444736,-0.0040527787
2024-12-20,000422.SZ,-0.012903404,-0.0036301024
2024-12-23,000422.SZ,0.0007719028,-0.0050675776
2024-12-24,000422.SZ,-0.03656572,-0.0054333187
2024-12-25,000422.SZ,-0.052434567,-0.007575322
2024-12-26,000422.SZ,-0.07214666,-0.00862792
2024-12-27,000422.SZ,-0.0769916,-0.009800441
2024-12-30,000422.SZ,-0.06701071,-0.010907867
2024-12-31,000422.SZ,-0.059585147,-0.011161455
2025-01-02,000422.SZ,-0.0348583,-0.008764268
2025-01-03,000422.SZ,-0.040718094,-0.0050476138
2025-01-06,000422.SZ,0.0,-0.0018738067
2025-01-07,000422.SZ,0.0,-0.0017356072
2025-01-08,000422.SZ,0.0,-0.0025358878
2025-01-09,000422.SZ,0.0,-0.0022466325
2024-11-07,000429.SZ,-0.0072137373,-0.0043340507
2024-11-08,000429.SZ,0.036399934,-0.005234184
2024-11-11,000429.SZ,0.04756392,-0.0054372023
2024-11-12,000429.SZ,0.07384412,-0.004489225
2024-11-13,000429.SZ,0.07130164,-0.004068875
2024-11-14,000429.SZ,0.065669104,-0.0044778343
2024-11-15,000429.SZ,0.021561854,-0.0050106323
2024-11-18,000429.SZ,0.025098678,-0.0062574167
2024-11-19,000429.SZ,0.0059854817,-0.005748246
2024-11-20,000429.SZ,-0.008532475,-0.005012412
2024-11-21,000429.SZ,0.005071862,-0.0040761256
2024-11-22,000429.SZ,0.008496228,-0.0029322293
2024-11-25,000429.SZ,0.0008543358,-0.0013338508
2024-11-26,000429.SZ,0.016067998,-0.00070060976
2024-11-27,000429.SZ,0.049320485,-0.00029235953
2024-11-28,000429.SZ,0.024157776,7.8259036e-05
2024-11-29,000429.SZ,0.032462277,-0.00076421787
2024-12-02,000429.SZ,0.029451014,-0.0007919514
2024-12-03,000429.SZ,0.010846999,2.195003e-05
2024-12-04,000429.SZ,-0.009836145,-0.00022672427
2024-12-05,000429.SZ,0.0,-0.001351228
2024-12-06,000429.SZ,0.0057166344,-0.0009211761
2024-12-09,000429.SZ,0.05955098,-0.0006433011
2024-12-10,000429.SZ,0.067387156,0.0003004124
2024-12-11,000429.SZ,0.06459,0.0008383288
2024-12-12,000429.SZ,0.07833184,0.00045862296
2024-12-13,000429.SZ,0.07527063,0.0001009622
2024-12-16,000429.SZ,0.039821494,-0.0011161087
2024-12-17,000429.SZ,0.047718253,-0.0029890935
2024-12-18,000429.SZ,0.051177457,-0.002951373
2024-12-19,000429.SZ,0.02924843,-0.0020600304
2024-12-20,000429.SZ,0.05581478,-0.0015973002
2024-12-23,000429.SZ,0.04836107,-0.001394935
2024-12-24,000429.SZ,0.083677426,-0.0011430973
2024-12-25,000429.SZ,0.005122587,-0.0012251008
2024-12-26,000429.SZ,0.012486391,-0.0014785355
2024-12-27,000429.SZ,-0.018018505,-0.0010963151
2024-12-30,000429.SZ,-0.029766263,-0.002209264
2024-12-31,000429.SZ,-0.07484084,-0.0022207592
2025-01-02,000429.SZ,-0.01027155,-0.0026377551
2025-01-03,000429.SZ,-0.008797711,-0.0014936781
2025-01-06,000429.SZ,0.0,-7.8624114e-05
2025-01-07,000429.SZ,0.0,0.0005732775
2025-01-08,000429.SZ,0.0,0.0017920863
2025-01-09,000429.SZ,0.0,0.0018361807
2024-11-07,000609.SZ,0.14953174,0.008313466
2024-11-08,000609.SZ,0.14506796,0.009317924
2024-11-11,000609.SZ,0.043228734,0.015037023
2024-11-12,000609.SZ,-0.055132072,0.016387874
2024-11-13,000609.SZ,-0.09567521,0.012994099
2024-11-14,000609.SZ,-0.09844007,0.010795046
2024-11-15,000609.SZ,-0.07973862,0.009162698
2024-11-18,000609.SZ,-0.023347365,0.011424653
2024-11-19,000609.SZ,0.00806456,0.01477505
2024-11-20,000609.SZ,0.0,0.01990833
2024-11-21,000609.SZ,-0.03113092,0.022944173
2024-11-22,000609.SZ,-0.0039604013,0.02161119
2024-11-25,000609.SZ,-0.02794593,0.025315858
2024-11-26,000609.SZ,-0.020284671,0.027911892
2024-11-27,000609.SZ,-0.070715524,0.029986424
2024-11-28,000609.SZ,-0.036221262,0.030562835
2024-11-29,000609.SZ,-0.04049136,0.02536877
2024-12-02,000609.SZ,0.02004075,0.020252755
2024-12-03,000609.SZ,0.012220112,0.01915944
2024-12-04,000609.SZ,0.07472355,0.01907813
2024-12-05,000609.SZ,0.059659835,0.022998838
2024-12-06,000609.SZ,0.02851517,0.019166175
2024-12-09,000609.SZ,0.03509132,0.017316872
2024-12-10,000609.SZ,0.0040404093,0.008033448
2024-12-11,000609.SZ,-0.040821996,0.0011752177
2024-12-12,000609.SZ,-0.08876792,-0.0063767848
2024-12-13,000609.SZ,-0.040989343,-0.013461295
2024-12-16,000609.SZ,-0.13957039,0.0013637556
2024-12-17,000609.SZ,-0.13353139,0.008669333
2024-12-18,000609.SZ,-0.14792013,0.014462653
2024-12-19,000609.SZ,-0.08816279,0.018734386
2024-12-20,000609.SZ,-0.047117922,0.016997889
2024-12-23,000609.SZ,0.051513534,0.011731845
2024-12-24,000609.SZ,0.14555559,0.010100895
2024-12-25,000609.SZ,0.16034265,0.011549133
2024-12-26,000609.SZ,0.11727087,0.018340988
2024-12-27,000609.SZ,0.017391743,0.005965131
2024-12-30,000609.SZ,-0.016878039,-0.00907783
2024-12-31,000609.SZ,-0.024194729,-0.015143737
2025-01-02,000609.SZ,0.004106782,-0.01996359
2025-01-03,000609.SZ,0.016260521,-0.014916252
2025-01-06,000609.SZ,0.0,-0.017666928
2025-01-07,000609.SZ,0.0,-0.008965389
2025-01-08,000609.SZ,0.0,-0.008587488
2025-01-09,000609.SZ,0.0,0.00239015
2024-11-07,000710.SZ,-0.03323255,-0.0018339654
2024-11-08,000710.SZ,-0.065463044,-0.0066480325
2024-11-11,000710.SZ,-0.09192271,-0.010600216
2024-11-12,000710.SZ,-0.06333201,-0.0100664385
2024-11-13,000710.SZ,-0.024794659,-0.007717313
2024-11-14,000710.SZ,0.03323255,-0.0045064385
2024-11-15,000710.SZ,-0.028956447,-1.3861805e-05
2024-11-18,000710.SZ,0.05429753,0.0040479437
2024-11-19,000710.SZ,0.0337229,0.011294997
2024-11-20,000710.SZ,0.016597891,0.007926298
2024-11-21,000710.SZ,-0.011299555,0.002517422
2024-11-22,000710.SZ,0.07845108,-0.00061388314
2024-11-26,000710.SZ,0.021528253,0.0026424304
2024-11-27,000710.SZ,-0.015666116,0.007813196
2024-11-28,000710.SZ,-0.005157309,0.012808253
2024-11-29,000710.SZ,0.022472857,0.014220064
2024-12-02,000710.SZ,0.10314478,0.013327313
2024-12-03,000710.SZ,0.10302513,0.0075250287
2024-12-04,000710.SZ,0.16462198,0.006372381
2024-12-05,000710.SZ,0.13430668,0.00834287
2024-12-06,000710.SZ,0.10717705,0.0075462298
2024-12-10,000710.SZ,-0.0724341,0.004390813
2024-12-11,000710.SZ,-0.040136047,0.0013848431
2024-12-12,000710.SZ,-0.095488764,0.0013456078
2024-12-13,000710.SZ,-0.08586129,0.00022982806
2024-12-16,000710.SZ,-0.17185026,0.00016725063
2024-12-17,000710.SZ,-0.1168079,0.00037022866
2024-12-18,000710.SZ,-0.17208838,0.0057551772
2024-12-19,000710.SZ,-0.13887824,0.009253644
2024-12-20,000710.SZ,-0.11360458,0.013823095
2024-12-23,000710.SZ,-0.0854452,0.0121513335
2024-12-24,000710.SZ,-0.07630336,0.025919229
2024-12-25,000710.SZ,-0.05942342,0.026944866
2024-12-26,000710.SZ,-0.10460835,0.031181062
2024-12-27,000710.SZ,-0.11819703,0.023123518
2024-12-30,000710.SZ,-0.038282186,0.008138619
2024-12-31,000710.SZ,-0.031252544,0.008336176
2025-01-02,000710.SZ,-0.013293247,0.005824594
2025-01-03,000710.SZ,-0.01642488,0.0031579174
2025-01-06,000710.SZ,0.0,0.007902564
2025-01-07,000710.SZ,0.0,0.00922171
2025-01-08,000710.SZ,0.0,0.0017658988
2025-01-09,000710.SZ,0.0,-0.0004070724
2024-11-07,000856.SZ,-0.022278149,-0.002194896
2024-11-08,000856.SZ,-0.043208756,-0.0060284995
2024-11-11,000856.SZ,-0.054135308,-0.007398585
2024-11-12,000856.SZ,-0.043839205,-0.008521418
2024-11-13,000856.SZ,-0.022500949,-0.009831601
2024-11-14,000856.SZ,-0.011328001,-0.009515139
2024-11-15,000856.SZ,-0.005208345,-0.009575519
2024-11-18,000856.SZ,0.021753896,-0.0067741643
2024-11-19,000856.SZ,-0.0064226296,0.003093071
2024-11-20,000856.SZ,-0.020434938,0.00020573878
2024-11-21,000856.SZ,0.011328001,-0.0062190816
2024-11-22,000856.SZ,0.082650274,-0.009106107
2024-11-25,000856.SZ,0.07437918,-0.009033876
2024-11-26,000856.SZ,0.08990666,-0.013496366
2024-11-27,000856.SZ,0.07696104,-0.014360987
2024-11-28,000856.SZ,0.047657155,-0.016488127
2024-11-29,000856.SZ,0.013134517,-0.018420061
2024-12-02,000856.SZ,-0.014201422,-0.02144855
2024-12-03,000856.SZ,0.0011771632,-0.022556072
2024-12-04,000856.SZ,0.0294312,-0.02060497
2024-12-05,000856.SZ,0.039771322,-0.019467065
2024-12-06,000856.SZ,0.007092228,-0.015830887
2024-12-09,000856.SZ,0.025883798,-0.013750409
2024-12-10,000856.SZ,-0.064381674,-0.012793398
2024-12-11,000856.SZ,-0.07965609,-0.012648235
2024-12-12,000856.SZ,-0.09244731,-0.013988099
2024-12-13,000856.SZ,-0.044558845,-0.014387049
2024-12-16,000856.SZ,-0.158224,-0.014045279
2024-12-17,000856.SZ,-0.11699915,-0.016128803
2024-12-18,000856.SZ,-0.09757405,-0.010248794
2024-12-19,000856.SZ,-0.07439829,-0.0044226027
2024-12-20,000856.SZ,-0.1272178,-0.0014724005
2024-12-24,000856.SZ,-0.063178904,-0.004898614
2024-12-25,000856.SZ,-0.034436688,-0.0072945715
2024-12-26,000856.SZ,-0.111225635,-0.0038656245
2024-12-27,000856.SZ,-0.09666611,-0.003715055
2024-12-30,000856.SZ,-0.035590947,-0.0061649396
2024-12-31,000856.SZ,-0.01607047,-0.0079408595
2025-01-02,000856.SZ,-0.00732604,0.00067844306
2025-01-03,000856.SZ,0.016884515,0.020023983
2025-01-06,000856.SZ,0.0,0.042614732
2025-01-07,000856.SZ,0.0,0.048286397
2025-01-08,000856.SZ,0.0,0.037933953
2025-01-09,000856.SZ,0.0,0.03254967
2024-11-07,000966.SZ,-0.056352936,-0.0014547004
2024-11-08,000966.SZ,-0.06309315,-0.0038813595
2024-11-11,000966.SZ,-0.056580745,-0.005697811
2024-11-12,000966.SZ,-0.034451228,-0.0063392273
2024-11-13,000966.SZ,-0.00806456,-0.006514022
2024-11-14,000966.SZ,0.02049252,-0.006142494
2024-11-15,000966.SZ,0.08841096,-0.0038379293
2024-11-18,000966.SZ,0.018538121,-0.0022591734
2024-11-19,000966.SZ,-0.006204777,-0.0033089363
2024-11-20,000966.SZ,-0.018386627,-0.006006608
2024-11-21,000966.SZ,-0.012245051,-0.008578364
2024-11-22,000966.SZ,-0.06967992,-0.009125465
2024-11-25,000966.SZ,0.0020387366,-0.01083728
2024-11-26,000966.SZ,0.042646058,-0.011862449
2024-11-27,000966.SZ,0.0102565,-0.009281038
2024-11-28,000966.SZ,0.0040983665,-0.006152691
2024-11-29,000966.SZ,0.030459208,-0.0035412044
2024-12-02,000966.SZ,0.016161967,-0.0016091987
2024-12-03,000966.SZ,-0.014014243,-0.0009385751
2024-12-04,000966.SZ,0.02220071,-0.0017323414
2024-12-05,000966.SZ,0.030213779,-0.00045195906
2024-12-06,000966.SZ,-0.014098925,0.00023285796
2024-12-09,000966.SZ,-0.0020060188,-0.0015643165
2024-12-10,000966.SZ,-0.0121705355,-0.002327711
2024-12-11,000966.SZ,-0.012048339,-0.002431805
2024-12-12,000966.SZ,-0.03226086,-0.003248519
2024-12-13,000966.SZ,-0.02256506,-0.005159041
2024-12-16,000966.SZ,-0.040989343,-0.0047754794
2024-12-17,000966.SZ,-0.0020429017,-0.0056597074
2024-12-18,000966.SZ,-0.026613649,-0.0052382257
2024-12-19,000966.SZ,-0.018614808,-0.0064120237
2024-12-20,000966.SZ,0.018500013,-0.006552855
2024-12-23,000966.SZ,0.014538159,-0.0069762585
2024-12-24,000966.SZ,-0.029047685,-0.00878402
2024-12-25,000966.SZ,-0.048893902,-0.012382381
2024-12-26,000966.SZ,-0.055808473,-0.014495988
2024-12-27,000966.SZ,-0.07395132,-0.015336218
2024-12-30,000966.SZ,-0.07046671,-0.016682196
2024-12-31,000966.SZ,-0.056291915,-0.015946062
2025-01-02,000966.SZ,-0.037740327,-0.013262135
2025-01-03,000966.SZ,-0.042847592,-0.007429769
2025-01-06,000966.SZ,0.0,-0.002233335
2025-01-07,000966.SZ,0.0,-0.0006882008
2025-01-08,000966.SZ,0.0,4.461035e-05
2025-01-09,000966.SZ,0.0,0.0007328105
2024-11-07,000990.SZ,-0.03860552,-0.009267604
2024-11-08,000990.SZ,-0.042872455,-0.012769383
2024-11-11,000990.SZ,0.025853379,-0.013595767
2024-11-12,000990.SZ,0.012948974,-0.013087678
2024-11-13,000990.SZ,0.08671336,-0.012212358
2024-11-14,000990.SZ,0.09832475,-0.010579894
2024-11-15,000990.SZ,0.057158414,-0.0071081477
2024-11-18,000990.SZ,-0.025853379,-0.0041826586
2024-11-19,000990.SZ,-0.036930937,-0.008094552
2024-11-20,000990.SZ,-0.108400956,-0.0102327
2024-11-21,000990.SZ,-0.08853275,-0.012446896
2024-11-22,000990.SZ,-0.027563158,-0.011643347
2024-11-25,000990.SZ,0.004750603,-0.007514881
2024-11-26,000990.SZ,0.025166098,-0.0030281197
2024-11-27,000990.SZ,0.016908616,7.931764e-06
2024-11-28,000990.SZ,0.016908616,0.0014248068
2024-11-29,000990.SZ,0.036974993,0.0005165469
2024-12-02,000990.SZ,0.010607053,-0.0016982242
2024-12-03,000990.SZ,0.010594566,-0.005105005
2024-12-04,000990.SZ,0.026006194,-0.006948745
2024-12-05,000990.SZ,0.030662779,-0.006981475
2024-12-06,000990.SZ,-0.028505493,-0.008193028
2024-12-09,000990.SZ,-0.027333846,-0.010674759
2024-12-10,000990.SZ,-0.045516837,-0.01136303
2024-12-11,000990.SZ,-0.045353834,-0.011569939
2024-12-12,000990.SZ,-0.046354108,-0.011624086
2024-12-13,000990.SZ,-0.008469501,-0.01254456
2024-12-16,000990.SZ,-0.036813974,-0.010807375
2024-12-17,000990.SZ,-0.034916267,-0.011065513
2024-12-18,000990.SZ,-0.046229344,-0.010726812
2024-12-19,000990.SZ,-0.046056677,-0.01396589
2024-12-20,000990.SZ,-0.030847603,-0.015920224
2024-12-23,000990.SZ,-0.0037570489,-0.018989196
2024-12-24,000990.SZ,-0.01663506,-0.01870379
2024-12-25,000990.SZ,-0.044451762,-0.017632129
2024-12-26,000990.SZ,-0.06309582,-0.01725799
2024-12-27,000990.SZ,-0.074107975,-0.017631562
2024-12-30,000990.SZ,-0.078266785,-0.019097488
2024-12-31,000990.SZ,-0.06531301,-0.019626737
2025-01-02,000990.SZ,-0.043722812,-0.016155405
2025-01-03,000990.SZ,-0.050080005,-0.010278794
2025-01-06,000990.SZ,0.0,-0.0060905707
2025-01-07,000990.SZ,0.0,-0.006064448
2025-01-08,000990.SZ,0.0,-0.006001815
2025-01-09,000990.SZ,0.0,-0.0050651305
2024-11-07,001211.SZ,0.0021390382,0.008889957
2024-11-08,001211.SZ,-0.007608732,0.0047839643
2024-11-11,001211.SZ,-0.06460804,0.0028753523
2024-11-12,001211.SZ,-0.023943681,-0.0011126474
2024-11-13,001211.SZ,-0.011452494,-0.0033338566
2024-11-14,001211.SZ,0.024275599,-0.0043613384
2024-11-15,001211.SZ,0.006525309,-0.0029131493
2024-11-18,001211.SZ,0.052016057,-0.0009387995
2024-11-19,001211.SZ,0.047840923,0.0027280834
2024-11-20,001211.SZ,0.09006082,-0.0015547372
2024-11-21,001211.SZ,0.08874779,-0.0049435343
2024-11-22,001211.SZ,0.13420866,-0.0070120357
2024-11-25,001211.SZ,0.0936769,-0.004755221
2024-11-26,001211.SZ,0.052498933,-0.0051910672
2024-11-27,001211.SZ,-0.052049056,-0.008732335
2024-11-28,001211.SZ,-0.020241655,-0.016096314
2024-11-29,001211.SZ,-0.045572598,-0.01952246
2024-12-02,001211.SZ,-0.030260973,-0.021879679
2024-12-03,001211.SZ,-0.027155457,-0.020586526
2024-12-04,001211.SZ,0.021441858,-0.018326778
2024-12-05,001211.SZ,0.04753747,-0.014340726
2024-12-06,001211.SZ,0.04699339,-0.013525476
2024-12-09,001211.SZ,0.041257974,-0.012459081
2024-12-10,001211.SZ,0.005988042,-0.012156139
2024-12-11,001211.SZ,-0.01942776,-0.012015934
2024-12-12,001211.SZ,-0.06571532,-0.013650008
2024-12-13,001211.SZ,-0.0061713937,-0.019065266
2024-12-16,001211.SZ,0.03595998,-0.021266421
2024-12-17,001211.SZ,0.08302334,-0.022010738
2024-12-18,001211.SZ,0.066642694,-0.020214142
2024-12-19,001211.SZ,0.056386895,-0.016708188
2024-12-20,001211.SZ,0.017933467,-0.015160953
2024-12-23,001211.SZ,-0.07870568,-0.017850239
2024-12-24,001211.SZ,-0.11847009,-0.021286407
2024-12-25,001211.SZ,-0.06513478,-0.02277641
2024-12-26,001211.SZ,-0.09892495,-0.026357034
2024-12-27,001211.SZ,-0.08999226,-0.024067355
2024-12-30,001211.SZ,0.017220598,-0.02374787
2024-12-31,001211.SZ,0.09718284,-0.020439522
2025-01-02,001211.SZ,0.052824017,-0.016666733
2025-01-03,001211.SZ,0.052404936,-0.015601185
2025-01-06,001211.SZ,0.0,-0.015834885
2025-01-07,001211.SZ,0.0,-0.01397132
2025-01-08,001211.SZ,0.0,-0.016100628
2025-01-09,001211.SZ,0.0,-0.019251786
2024-11-07,002046.SZ,-0.033039853,-0.0018534189
2024-11-08,002046.SZ,-0.041761503,-0.005116297
2024-11-11,002046.SZ,-0.07605015,-0.008324234
2024-11-12,002046.SZ,-0.006644543,-0.010510857
2024-11-13,002046.SZ,0.1423247,-0.010193656
2024-11-14,002046.SZ,0.10458502,-0.00897378
2024-11-15,002046.SZ,0.11729941,-0.006048044
2024-11-18,002046.SZ,0.08253841,-0.003460807
2024-11-19,002046.SZ,0.040021673,-0.0010178123
2024-11-21,002046.SZ,-0.12257098,-0.0049732123
2024-11-22,002046.SZ,0.07974428,-0.011697932
2024-11-25,002046.SZ,0.11743898,-0.014316621
2024-11-26,002046.SZ,0.14498535,-0.013234809
2024-11-27,002046.SZ,0.28266552,-0.008573169
2024-11-28,002046.SZ,0.2579032,-0.0047618733
2024-12-02,002046.SZ,0.08772745,-0.00121929
2024-12-03,002046.SZ,0.0856914,-0.005186057
2024-12-04,002046.SZ,0.085728504,-0.0103420075
2024-12-06,002046.SZ,-0.081703715,-0.012461963
2024-12-09,002046.SZ,-0.0916017,-0.01406671
2024-12-10,002046.SZ,-0.087011375,-0.013341811
2024-12-11,002046.SZ,-0.11857299,-0.012439474
2024-12-12,002046.SZ,-0.10550316,-0.012310348
2024-12-13,002046.SZ,-0.08255623,-0.010064484
2024-12-16,002046.SZ,0.060908753,-0.008708317
2024-12-17,002046.SZ,0.11992819,-0.0075069354
2024-12-18,002046.SZ,0.051293295,-0.007415591
2024-12-19,002046.SZ,0.04872223,-0.008350587
2024-12-20,002046.SZ,0.020416057,-0.00976754
2024-12-23,002046.SZ,-0.09103362,-0.011501816
2024-12-24,002046.SZ,-0.11778303,-0.016447702
2024-12-25,002046.SZ,-0.059864774,-0.019784102
2024-12-26,002046.SZ,-0.19682845,-0.017904477
2024-12-27,002046.SZ,-0.14202932,-0.015743982
2024-12-30,002046.SZ,-0.13699196,-0.01396251
2024-12-31,002046.SZ,-0.12621132,-0.012675002
2025-01-02,002046.SZ,-0.12353845,-0.013078366
2025-01-06,002046.SZ,0.0,-0.014264822
2025-01-07,002046.SZ,0.0,-0.012881376
2025-01-08,002046.SZ,0.0,-0.013586094
2025-01-09,002046.SZ,0.0,-0.012885705
2024-11-08,002068.SZ,-0.065240525,0.0045885127
2024-11-12,002068.SZ,-0.09039885,0.0013601575
2024-11-13,002068.SZ,-0.05181339,-0.0018424647
2024-11-14,002068.SZ,-0.062841915,-0.004493252
2024-11-15,002068.SZ,-0.07302514,-0.0057798177
2024-11-18,002068.SZ,-0.015094626,-0.0011194438
2024-11-19,002068.SZ,-0.08104121,0.01072647
2024-11-20,002068.SZ,-0.10343559,0.008898797
2024-11-21,002068.SZ,-0.11351738,-0.000116029136
2024-11-22,002068.SZ,-0.029470423,-0.0018777512
2024-11-25,002068.SZ,0.025032597,0.00828689
2024-11-26,002068.SZ,0.05187754,0.0134060765
2024-11-27,002068.SZ,0.029060794,0.01577953
2024-11-28,002068.SZ,0.20904195,0.015270729
2024-11-29,002068.SZ,0.21662037,0.014904655
2024-12-02,002068.SZ,0.15960988,0.008898117
2024-12-03,002068.SZ,0.1454819,1.7044134e-05
2024-12-04,002068.SZ,0.16599979,-0.0034352383
2024-12-06,002068.SZ,0.018056784,-0.004729583
2024-12-09,002068.SZ,0.017644463,-0.008413676
2024-12-10,002068.SZ,0.008394592,-0.01009541
2024-12-11,002068.SZ,0.028378153,-0.009949748
2024-12-12,002068.SZ,-0.013807973,-0.0096618505
2024-12-13,002068.SZ,0.007341407,-0.009047738
2024-12-16,002068.SZ,0.036367644,-0.008397265
2024-12-17,002068.SZ,0.060809005,-0.010051888
2024-12-18,002068.SZ,0.026586434,-0.011686702
2024-12-19,002068.SZ,0.10739054,-0.010924637
2024-12-20,002068.SZ,0.08509383,-0.0078035966
2024-12-23,002068.SZ,0.05218575,-0.007556196
2024-12-24,002068.SZ,0.045178276,-0.0120702265
2024-12-25,002068.SZ,0.048261456,-0.013126761
2024-12-26,002068.SZ,-0.012566622,-0.010132582
2024-12-27,002068.SZ,0.055076916,-0.010367469
2024-12-30,002068.SZ,0.10366416,-0.010135335
2024-12-31,002068.SZ,0.08896748,-0.010464015
2025-01-02,002068.SZ,0.13892548,-0.010310617
2025-01-03,002068.SZ,0.13705145,-0.007939396
2025-01-06,002068.SZ,0.0,-0.005418817
2025-01-07,002068.SZ,0.0,-0.005717347
2025-01-08,002068.SZ,0.0,-0.0072960164
2025-01-09,002068.SZ,0.0,-0.005123491
2024-11-07,002222.SZ,0.005604,-0.007550796
2024-11-11,002222.SZ,-0.19517425,-0.00957349
2024-11-12,002222.SZ,-0.09049344,-0.012230583
2024-11-13,002222.SZ,-0.06260307,-0.014659858
2024-11-14,002222.SZ,-0.033505976,-0.012892473
2024-11-15,002222.SZ,-0.04801431,-0.012334087
2024-11-18,002222.SZ,-0.04024754,-0.01230015
2024-11-19,002222.SZ,-0.090768114,-0.010941837
2024-11-20,002222.SZ,-0.047199074,-0.009976092
2024-11-21,002222.SZ,-0.03971977,-0.01022876
2024-11-22,002222.SZ,0.08549014,-0.010657062
2024-11-25,002222.SZ,0.14287822,-0.0075512626
2024-11-26,002222.SZ,0.14863917,-0.003107289
2024-11-27,002222.SZ,0.10351462,-0.0018612333
2024-11-28,002222.SZ,0.064953916,-0.00027418137
2024-11-29,002222.SZ,0.0029859683,0.00012966867
2024-12-02,002222.SZ,-0.04287427,0.001056131
2024-12-03,002222.SZ,-0.046025824,0.0015555503
2024-12-04,002222.SZ,-0.013566379,0.002235497
2024-12-05,002222.SZ,0.0117960675,0.004137236
2024-12-06,002222.SZ,-0.013507634,0.00660922
2024-12-09,002222.SZ,-0.03912404,0.0065526646
2024-12-10,002222.SZ,-0.04761332,0.0047003794
2024-12-11,002222.SZ,-0.056491934,0.0030082988
2024-12-12,002222.SZ,-0.024633981,0.001958702
2024-12-13,002222.SZ,0.048372746,3.1156465e-05
2024-12-16,002222.SZ,0.055603813,-0.0009513975
2024-12-17,002222.SZ,0.06378618,0.00081725355
2024-12-18,002222.SZ,0.020694591,0.0014422014
2024-12-19,002222.SZ,0.031645402,0.0030794323
2024-12-20,002222.SZ,-0.0250742,0.0035206054
2024-12-23,002222.SZ,0.021461943,0.0040736445
2024-12-24,002222.SZ,-0.038151767,0.004292059
2024-12-25,002222.SZ,-0.04970926,0.004459817
2024-12-26,002222.SZ,-0.14041717,0.003385568
2024-12-27,002222.SZ,-0.113364115,0.0033897627
2024-12-30,002222.SZ,-0.09833978,0.002963988
2024-12-31,002222.SZ,-0.037419867,0.0026368934
2025-01-02,002222.SZ,-0.01242252,0.0050722864
2025-01-03,002222.SZ,0.054120116,0.012175168
2025-01-06,002222.SZ,0.0,0.02307865
2025-01-07,002222.SZ,0.0,0.034000818
2025-01-08,002222.SZ,0.0,0.0327795
2025-01-09,002222.SZ,0.0,0.03166113
2024-11-07,002248.SZ,-0.06029223,-0.008735758
2024-11-11,002248.SZ,-0.17608474,-0.010264204
2024-11-12,002248.SZ,-0.10019255,-0.0108837215
2024-11-13,002248.SZ,-0.06832967,-0.0102436235
2024-11-14,002248.SZ,-0.073320135,-0.009555344
2024-11-15,002248.SZ,-0.01939593,-0.010584633
2024-11-18,002248.SZ,0.069714636,-0.009067453
2024-11-19,002248.SZ,0.0011448198,-0.0067999107
2024-11-20,002248.SZ,-0.017837709,-0.008288656
2024-11-21,002248.SZ,-0.013318731,-0.00974403
2024-11-22,002248.SZ,0.051638857,-0.010534056
2024-11-25,002248.SZ,0.04176431,-0.009237188
2024-11-26,002248.SZ,0.07173511,-0.008573882
2024-11-27,002248.SZ,0.08203086,-0.0074160844
2024-11-28,002248.SZ,0.09072886,-0.007374203
2024-11-29,002248.SZ,0.05843404,-0.0076871603
2024-12-02,002248.SZ,0.023405323,-0.0071789175
2024-12-03,002248.SZ,0.021075595,-0.0070355874
2024-12-04,002248.SZ,0.0010357329,-0.007732878
2024-12-05,002248.SZ,-0.01542447,-0.009994275
2024-12-06,002248.SZ,-0.029321473,-0.010905582
2024-12-09,002248.SZ,-0.02448233,-0.0098411655
2024-12-10,002248.SZ,-0.087106176,-0.007378952
2024-12-11,002248.SZ,-0.08983863,-0.006034752
2024-12-12,002248.SZ,-0.083156355,-0.004730637
2024-12-13,002248.SZ,-0.03569876,-0.0031451583
2024-12-16,002248.SZ,-0.11160603,-0.0030827883
2024-12-17,002248.SZ,-0.050156284,-0.0039016746
2024-12-18,002248.SZ,-0.102470525,-0.0022191799
2024-12-19,002248.SZ,-0.098129466,-0.0026771212
2024-12-20,002248.SZ,-0.10805626,-0.0045371917
2024-12-23,002248.SZ,-0.036813974,-0.007900966
2024-12-24,002248.SZ,-0.070617564,-0.004485193
2024-12-25,002248.SZ,-0.026702158,-0.0014085941
2024-12-26,002248.SZ,-0.09233325,0.007903216
2024-12-27,002248.SZ,-0.108774655,0.009228174
2024-12-30,002248.SZ,-0.051293295,0.004315458
2024-12-31,002248.SZ,-0.015524245,0.001922423
2025-01-02,002248.SZ,-0.00516797,0.0013052343
2025-01-03,002248.SZ,0.010840215,0.0002653071
2025-01-06,002248.SZ,0.0,0.0077765626
2025-01-07,002248.SZ,0.0,0.016017042
2025-01-08,002248.SZ,0.0,0.00874845
2025-01-09,002248.SZ,0.0,0.0038184237
2024-11-07,002281.SZ,0.052054763,0.010908351
2024-11-08,002281.SZ,-0.059491508,0.011118856
2024-11-11,002281.SZ,-0.12196008,0.010316522
2024-11-12,002281.SZ,-0.10153948,0.008899308
2024-11-13,002281.SZ,-0.074781455,0.007425425
2024-11-14,002281.SZ,-0.05382272,0.00451003
2024-11-15,002281.SZ,-0.06443526,0.0019604117
2024-11-18,002281.SZ,-0.07662724,0.00568525
2024-11-19,002281.SZ,-0.08680982,0.0070874095
2024-11-20,002281.SZ,-0.07987821,0.0043987967
2024-11-21,002281.SZ,-0.08201693,0.0018345987
2024-11-22,002281.SZ,-0.0052058804,0.0013578268
2024-11-25,002281.SZ,0.040568676,0.0045749717
2024-11-26,002281.SZ,0.015597197,0.008714107
2024-11-27,002281.SZ,-0.005957363,0.007573684
2024-11-28,002281.SZ,0.009320177,0.005562943
2024-11-29,002281.SZ,-0.0049946588,0.004251748
2024-12-02,002281.SZ,-0.048883714,0.0019302443
2024-12-03,002281.SZ,-0.032178897,0.00061917613
2024-12-04,002281.SZ,0.01753184,2.965269e-05
2024-12-05,002281.SZ,0.030915812,-0.0010351954
2024-12-06,002281.SZ,0.05497036,-0.0015622465
2024-12-09,002281.SZ,0.16009705,-0.0012745863
2024-12-10,002281.SZ,0.16278936,-1.8345812e-05
2024-12-11,002281.SZ,0.10850259,0.0012664018
2024-12-12,002281.SZ,0.2666483,0.0038552016
2024-12-13,002281.SZ,0.23948415,0.008112791
2024-12-16,002281.SZ,0.17271991,0.01284792
2024-12-17,002281.SZ,0.21685554,0.014177931
2024-12-18,002281.SZ,0.16546445,0.01716036
2024-12-23,002281.SZ,-0.019982824,0.019381018
2024-12-24,002281.SZ,-0.07618692,0.018116178
2024-12-25,002281.SZ,-0.117167026,0.014889688
2024-12-26,002281.SZ,-0.21560267,0.0123128025
2024-12-27,002281.SZ,-0.16125922,0.009161176
2024-12-30,002281.SZ,-0.10758561,0.007418621
2024-12-31,002281.SZ,-0.048703913,0.0069794934
2025-01-02,002281.SZ,-0.0055577755,0.008072711
2025-01-03,002281.SZ,0.0054110433,0.009258283
2025-01-06,002281.SZ,0.0,0.010624343
2025-01-07,002281.SZ,0.0,0.011679113
2025-01-08,002281.SZ,0.0,0.010781792
2025-01-09,002281.SZ,0.0,0.010529173
2024-11-07,002367.SZ,-0.010409016,-0.00490015
2024-11-08,002367.SZ,-0.029675769,-0.005565783
2024-11-11,002367.SZ,-0.03132247,-0.0066786245
2024-11-12,002367.SZ,0.008902136,-0.0064207218
2024-11-13,002367.SZ,0.024800688,-0.00511888
2024-11-14,002367.SZ,0.033801895,-0.0045177434
2024-11-15,002367.SZ,0.011976191,-0.0039043084
2024-11-18,002367.SZ,0.03132247,-0.0028655417
2024-11-19,002367.SZ,-0.005925943,-0.0018585641
2024-11-20,002367.SZ,-0.03072663,-0.0030418392
2024-11-21,002367.SZ,-0.020438667,-0.0049045538
2024-11-22,002367.SZ,0.03509132,-0.005650778
2024-11-25,002367.SZ,0.06811143,-0.0033196025
2024-11-26,002367.SZ,0.0549271,-0.0023106143
2024-11-27,002367.SZ,0.042188074,-0.0016196755
2024-11-28,002367.SZ,0.03763107,-0.0013130903
2024-11-29,002367.SZ,0.026932882,-0.0020243719
2024-12-02,002367.SZ,0.03504402,-0.003655682
2024-12-03,002367.SZ,0.06927413,-0.0068782773
2024-12-04,002367.SZ,0.11429484,-0.008001361
2024-12-05,002367.SZ,0.103796795,-0.0067325295
2024-12-06,002367.SZ,0.064975485,-0.006157998
2024-12-09,002367.SZ,-0.007978765,-0.005879482
2024-12-10,002367.SZ,-0.06646513,-0.0075920667
2024-12-11,002367.SZ,-0.10155582,-0.008747057
2024-12-12,002367.SZ,-0.08689498,-0.009228956
2024-12-13,002367.SZ,-0.055232894,-0.008628809
2024-12-16,002367.SZ,-0.08059916,-0.007828612
2024-12-17,002367.SZ,-0.012703064,-0.0064259893
2024-12-18,002367.SZ,-0.031431157,-0.0030202342
2024-12-19,002367.SZ,-0.03265017,-0.0020888243
2024-12-20,002367.SZ,-0.018169612,-0.0028008579
2024-12-23,002367.SZ,0.014368063,-0.0063615576
2024-12-24,002367.SZ,-0.024444064,-0.004965643
2024-12-25,002367.SZ,-0.032451224,-0.007012088
2024-12-26,002367.SZ,-0.07956182,-0.0074047237
2024-12-27,002367.SZ,-0.09926722,-0.008777637
2024-12-30,002367.SZ,-0.07861719,-0.012150861
2024-12-31,002367.SZ,-0.0461735,-0.013919882
2025-01-02,002367.SZ,-0.030443752,-0.01069208
2025-01-03,002367.SZ,-0.003129893,-0.0061926804
2025-01-06,002367.SZ,0.0,0.0019989442
2025-01-07,002367.SZ,0.0,0.004855803
2025-01-08,002367.SZ,0.0,-0.0015176838
2025-01-09,002367.SZ,0.0,-0.00472445
2024-11-07,002393.SZ,-0.026272213,-0.016257493
2024-11-08,002393.SZ,-0.031126432,-0.020250661
2024-11-11,002393.SZ,-0.017589105,-0.022042936
2024-11-12,002393.SZ,-0.014144507,-0.022519505
2024-11-13,002393.SZ,0.03765672,-0.022388605
2024-11-14,002393.SZ,0.07629638,-0.020908726
2024-11-15,002393.SZ,0.041851908,-0.016936673
2024-11-18,002393.SZ,0.023197645,-0.013662055
2024-11-19,002393.SZ,0.008510689,-0.013906933
2024-11-20,002393.SZ,-0.03991661,-0.014739893
2024-11-21,002393.SZ,-0.053412087,-0.017337494
2024-11-22,002393.SZ,-0.0033745815,-0.018026726
2024-11-25,002393.SZ,0.0061332784,-0.015132431
2024-11-26,002393.SZ,0.011794576,-0.011962526
2024-11-27,002393.SZ,-0.0033994366,-0.008171557
2024-11-28,002393.SZ,-0.002832061,-0.0059402497
2024-11-29,002393.SZ,0.0011261263,-0.0057996972
2024-12-02,002393.SZ,-0.014557928,-0.007164467
2024-12-03,002393.SZ,-0.0089737,-0.009789093
2024-12-04,002393.SZ,0.012408507,-0.010864273
2024-12-05,002393.SZ,0.01798812,-0.010242469
2024-12-06,002393.SZ,-0.018171994,-0.011590571
2024-12-09,002393.SZ,-0.013628831,-0.012713723
2024-12-10,002393.SZ,-0.04788916,-0.013657161
2024-12-11,002393.SZ,-0.054129504,-0.014128496
2024-12-12,002393.SZ,-0.050853573,-0.014757584
2024-12-13,002393.SZ,-0.015593732,-0.016137106
2024-12-16,002393.SZ,-0.009190185,-0.0146226315
2024-12-17,002393.SZ,0.047325622,-0.014442411
2024-12-18,002393.SZ,0.03887928,-0.012175299
2024-12-19,002393.SZ,0.023748582,-0.01261354
2024-12-20,002393.SZ,0.04217149,-0.015351418
2024-12-23,002393.SZ,0.034036186,-0.01859347
2024-12-24,002393.SZ,-0.0056529264,-0.02155201
2024-12-25,002393.SZ,0.006241155,-0.02288465
2024-12-26,002393.SZ,0.033214424,-0.021954192
2024-12-27,002393.SZ,0.06638531,-0.019486066
2024-12-30,002393.SZ,0.013846802,-0.018935367
2024-12-31,002393.SZ,0.048142076,-0.017262276
2025-01-02,002393.SZ,0.0016953946,-0.013584907
2025-01-03,002393.SZ,-0.08731344,-0.010851034
2025-01-06,002393.SZ,0.0,-0.0113849575
2025-01-07,002393.SZ,0.0,-0.013604381
2025-01-08,002393.SZ,0.0,-0.013577354
2025-01-09,002393.SZ,0.0,-0.011415864
2024-11-07,002449.SZ,-0.026539555,-0.006293548
2024-11-08,002449.SZ,-0.042251304,-0.009994099
2024-11-11,002449.SZ,-0.09737416,-0.012458023
2024-11-12,002449.SZ,-0.051415987,-0.014729396
2024-11-13,002449.SZ,-0.016588058,-0.012978389
2024-11-14,002449.SZ,0.044239134,-0.009798087
2024-11-15,002449.SZ,0.02436174,-0.0046560424
2024-11-18,002449.SZ,0.069497794,-0.0022752683
2024-11-19,002449.SZ,0.042048234,0.0019456632
2024-11-20,002449.SZ,0.044399817,-0.0029900707
2024-11-21,002449.SZ,0.08408312,-0.0076246704
2024-11-22,002449.SZ,0.10065633,-0.010347624
2024-11-25,002449.SZ,0.071580805,-0.00824646
2024-11-26,002449.SZ,0.048229784,-0.0064186472
2024-11-27,002449.SZ,0.005698021,-0.003910688
2024-11-28,002449.SZ,-0.046212845,-0.0024568501
2024-11-29,002449.SZ,-0.02981999,-0.003947494
2024-12-02,002449.SZ,-0.03231479,-0.0043509547
2024-12-03,002449.SZ,-0.00900907,-0.0025354736
2024-12-04,002449.SZ,0.026907453,0.00064975704
2024-12-05,002449.SZ,0.018963201,0.004018812
2024-12-06,002449.SZ,0.02764134,0.005308736
2024-12-09,002449.SZ,0.02350416,0.00474643
2024-12-10,002449.SZ,-0.02868814,0.004923586
2024-12-11,002449.SZ,-0.032605473,0.003532111
2024-12-12,002449.SZ,0.19876029,0.0007670472
2024-12-13,002449.SZ,0.19639868,-0.001722722
2024-12-16,002449.SZ,0.33124366,-0.0035124235
2024-12-17,002449.SZ,0.46094057,-0.0035953235
2024-12-18,002449.SZ,0.39743292,0.0013265572
2024-12-24,002449.SZ,0.09991091,0.0028978018
2024-12-26,002449.SZ,0.22170883,0.0068478757
2024-12-30,002449.SZ,0.0,0.007002892
2024-12-31,002449.SZ,0.0,0.0032894097
2025-01-02,002449.SZ,0.0,-0.0010680059
2025-01-07,002449.SZ,0.0,-0.0013037262
2024-11-07,002471.SZ,-0.10497876,0.00041291644
2024-11-08,002471.SZ,-0.111225635,-0.001590196
2024-11-11,002471.SZ,-0.1235213,-0.002794319
2024-11-12,002471.SZ,-0.07943683,-0.0022925716
2024-11-13,002471.SZ,-0.037598412,-0.0005024485
2024-11-14,002471.SZ,0.015151805,0.0015305473
2024-11-15,002471.SZ,0.019418085,0.004482866
2024-11-18,002471.SZ,0.06553404,0.008218289
2024-11-19,002471.SZ,0.04239556,0.009843149
2024-11-20,002471.SZ,0.022728251,0.0014073529
2024-11-21,002471.SZ,0.018622512,-0.0063838805
2024-11-22,002471.SZ,0.03402975,-0.013196803
2024-11-25,002471.SZ,0.05092009,-0.0142701985
2024-11-26,002471.SZ,0.08669686,-0.014085326
2024-11-27,002471.SZ,0.065240525,-0.011835416
2024-11-28,002471.SZ,0.09497467,-0.009794871
2024-11-29,002471.SZ,0.1256004,-0.009033297
2024-12-02,002471.SZ,0.07512063,-0.0076255393
2024-12-03,002471.SZ,0.0829663,-0.0071679517
2024-12-04,002471.SZ,0.131336,-0.0064767227
2024-12-05,002471.SZ,0.064957894,-0.004927335
2024-12-06,002471.SZ,0.025891414,-0.0041521764
2024-12-09,002471.SZ,0.029175488,-0.0031403936
2024-12-10,002471.SZ,-0.055660848,-0.0017267106
2024-12-11,002471.SZ,-0.09684983,-0.001988822
2024-12-12,002471.SZ,-0.081878774,-0.0026771948
2024-12-13,002471.SZ,-0.052471053,-0.0030037116
2024-12-16,002471.SZ,-0.1367314,-0.003141027
2024-12-17,002471.SZ,-0.05182507,-0.0040774425
2024-12-18,002471.SZ,-0.05218575,-0.0044848355
2024-12-19,002471.SZ,-0.024180798,-0.0011999924
2024-12-20,002471.SZ,-0.030771658,-0.0016023312
2024-12-23,002471.SZ,0.028882874,-0.005052746
2024-12-24,002471.SZ,-0.032435276,0.000806404
2024-12-25,002471.SZ,-0.043802623,0.0019576943
2024-12-26,002471.SZ,-0.12260232,0.00064805587
2024-12-27,002471.SZ,-0.13353139,-0.0014119627
2024-12-30,002471.SZ,-0.07001016,-0.0034163967
2024-12-31,002471.SZ,-0.029741969,-0.0030033116
2025-01-02,002471.SZ,-0.018832948,0.0001376116
2025-01-03,002471.SZ,0.0,0.0066142664
2025-01-06,002471.SZ,0.0,0.022053113
2025-01-07,002471.SZ,0.0,0.027209288
2025-01-08,002471.SZ,0.0,0.014004771
2025-01-09,002471.SZ,0.0,0.0024528455
2024-11-07,002485.SZ,0.039102726,0.007338149
2024-11-08,002485.SZ,0.081493035,0.0062550935
2024-11-11,002485.SZ,-0.006006024,0.006341681
2024-11-12,002485.SZ,-0.05631117,0.005200122
2024-11-13,002485.SZ,-0.026589455,0.0029717565
2024-11-14,002485.SZ,-0.026907453,0.0021801218
2024-11-15,002485.SZ,-0.081493035,0.0038995352
2024-11-18,002485.SZ,-0.024391454,0.005911687
2024-11-19,002485.SZ,-0.015361285,0.009204612
2024-11-20,002485.SZ,-0.006006024,0.014624216
2024-11-21,002485.SZ,-0.006079046,0.013434429
2024-11-22,002485.SZ,0.0217738,0.01359303
2024-11-25,002485.SZ,0.012270093,0.017294632
2024-11-26,002485.SZ,0.0,0.013661276
2024-11-27,002485.SZ,-0.033693846,0.009815934
2024-11-28,002485.SZ,-0.024692612,0.0062400773
2024-11-29,002485.SZ,0.0061349887,0.005300913
2024-12-02,002485.SZ,0.04471684,0.0050184373
2024-12-03,002485.SZ,0.04539357,0.0033263844
2024-12-04,002485.SZ,0.054558985,0.0033517806
2024-12-05,002485.SZ,0.10660973,0.0027596906
2024-12-06,002485.SZ,0.09336222,0.0024552469
2024-12-09,002485.SZ,0.034387343,0.0004878106
2024-12-10,002485.SZ,-0.002962965,-0.0052399556
2024-12-11,002485.SZ,-0.005917177,-0.008228196
2024-12-12,002485.SZ,-0.048930623,-0.007812685
2024-12-13,002485.SZ,-0.045591943,-0.009366036
2024-12-16,002485.SZ,-0.07910418,-0.012516866
2024-12-17,002485.SZ,-0.01194044,-0.010860325
2024-12-18,002485.SZ,-0.020990277,-0.0066062673
2024-12-19,002485.SZ,-0.023881732,-0.0020297363
2024-12-20,002485.SZ,-0.041672695,0.00025627948
2024-12-23,002485.SZ,-0.043620624,-0.00089707534
2024-12-24,002485.SZ,-0.027398974,0.0022869601
2024-12-25,002485.SZ,-0.06899287,0.00097265653
2024-12-26,002485.SZ,-0.12194577,-0.00094116543
2024-12-27,002485.SZ,-0.15061085,-0.003185412
2024-12-30,002485.SZ,-0.06581322,-0.004539896
2024-12-31,002485.SZ,-0.11778303,-0.0022478607
2025-01-02,002485.SZ,-0.067139305,-0.0037595779
2025-01-03,002485.SZ,-0.059771743,-0.0012100457
2025-01-06,002485.SZ,0.0,0.008920553
2025-01-07,002485.SZ,0.0,0.018556556
2025-01-08,002485.SZ,0.0,0.0074447077
2025-01-09,002485.SZ,0.0,0.0026336631
2024-11-07,002578.SZ,-0.051761936,0.0013170894
2024-11-08,002578.SZ,-0.05001042,-0.00079657696
2024-11-11,002578.SZ,-0.08053886,-0.00041904426
2024-11-12,002578.SZ,-0.03692727,-0.0007128579
2024-11-13,002578.SZ,-0.00916037,0.00013763893
2024-11-14,002578.SZ,0.024692612,0.0017284596
2024-11-15,002578.SZ,0.006389798,0.0049074106
2024-11-18,002578.SZ,0.041080024,0.010054898
2024-11-19,002578.SZ,0.009360443,0.012395429
2024-11-20,002578.SZ,-0.0061538657,0.0054191775
2024-11-21,002578.SZ,-0.0030534375,0.00080264173
2024-11-22,002578.SZ,0.049699668,-0.0017166337
2024-11-25,002578.SZ,0.051293295,0.00092262245
2024-11-26,002578.SZ,0.054394074,0.00033679357
2024-11-27,002578.SZ,0.033387017,-4.6189252e-05
2024-11-28,002578.SZ,0.038985446,0.00014597054
2024-11-29,002578.SZ,0.053109825,-0.00024505146
2024-12-02,002578.SZ,0.023256863,-0.00022655602
2024-12-03,002578.SZ,0.00878483,-0.0010286011
2024-12-04,002578.SZ,0.052337524,-0.0010900429
2024-12-05,002578.SZ,0.043172173,0.0007786397
2024-12-06,002578.SZ,-0.0028777,0.00025447024
2024-12-09,002578.SZ,0.0,-0.0006738671
2024-12-10,002578.SZ,-0.029587958,-0.0012300517
2024-12-11,002578.SZ,-0.055327065,0.00059855357
2024-12-12,002578.SZ,-0.057987258,0.0005818314
2024-12-13,002578.SZ,-0.04118229,2.5878971e-05
2024-12-16,002578.SZ,-0.09962984,0.0004687415
2024-12-17,002578.SZ,-0.0651393,0.00028781654
2024-12-18,002578.SZ,-0.107358515,0.0037505075
2024-12-19,002578.SZ,-0.103703514,0.0059100054
2024-12-20,002578.SZ,-0.05556985,0.0047413656
2024-12-23,002578.SZ,-0.03226086,0.0025447004
2024-12-24,002578.SZ,-0.042559616,0.010833412
2024-12-25,002578.SZ,-0.01342302,0.014846522
2024-12-26,002578.SZ,-0.04746654,0.021987831
2024-12-27,002578.SZ,-0.082691714,0.017856538
2024-12-30,002578.SZ,-0.013201511,0.0048325825
2024-12-31,002578.SZ,-0.003350087,0.001118
2025-01-02,002578.SZ,0.0,0.0017080928
2025-01-03,002578.SZ,0.003466208,0.0039798697
2025-01-06,002578.SZ,0.0,0.009835948
2025-01-07,002578.SZ,0.0,0.012230322
2025-01-08,002578.SZ,0.0,0.005167143
2025-01-09,002578.SZ,0.0,0.0046022856
2024-11-07,002628.SZ,-0.06180254,-0.00688681
2024-11-08,002628.SZ,-0.14969385,-0.0065778545
2024-11-11,002628.SZ,-0.1789144,-0.007084269
2024-11-12,002628.SZ,-0.12861738,-0.0069766217
2024-11-13,002628.SZ,-0.049779862,-0.007394945
2024-11-14,002628.SZ,-0.010989121,-0.0068697096
2024-11-15,002628.SZ,-0.027615167,-0.0067493804
2024-11-18,002628.SZ,0.030153038,-0.005423773
2024-11-19,002628.SZ,-0.031875208,-0.004364785
2024-11-20,002628.SZ,-0.05238831,-0.006115978
2024-11-21,002628.SZ,-0.066627875,-0.008258963
2024-11-22,002628.SZ,0.029558802,-0.010469805
2024-11-25,002628.SZ,0.04264212,-0.010482484
2024-11-26,002628.SZ,0.13074411,-0.0112162335
2024-11-27,002628.SZ,0.035228692,-0.011703712
2024-11-28,002628.SZ,0.044280574,-0.013164747
2024-11-29,002628.SZ,0.034354523,-0.01378986
2024-12-02,002628.SZ,-0.015296665,-0.014205803
2024-12-03,002628.SZ,-0.06607908,-0.011721037
2024-12-04,002628.SZ,0.01715962,-0.010938384
2024-12-05,002628.SZ,0.013096539,-0.009787141
2024-12-06,002628.SZ,-0.034354523,-0.007783147
2024-12-09,002628.SZ,-0.019455867,-0.006450294
2024-12-10,002628.SZ,-0.07893643,-0.004891988
2024-12-11,002628.SZ,-0.07658304,-0.004542159
2024-12-12,002628.SZ,-0.022557348,-0.0044567506
2024-12-13,002628.SZ,-0.025566781,-0.004539032
2024-12-16,002628.SZ,0.015594858,-0.003818823
2024-12-17,002628.SZ,-0.012396853,-0.0038021177
2024-12-18,002628.SZ,-0.052367985,-0.0022761698
2024-12-20,002628.SZ,-0.10620582,-0.0023437657
2024-12-23,002628.SZ,-0.0983027,-0.0010561282
2024-12-24,002628.SZ,-0.13215075,0.0024304565
2024-12-25,002628.SZ,-0.09822503,0.0028638437
2024-12-26,002628.SZ,-0.113758884,0.009482159
2024-12-27,002628.SZ,-0.12600917,0.0140104005
2024-12-30,002628.SZ,-0.051871832,0.013047344
2024-12-31,002628.SZ,-0.033673216,0.013321745
2025-01-02,002628.SZ,0.0022909518,0.014575723
2025-01-03,002628.SZ,0.007202912,0.016439775
2025-01-06,002628.SZ,0.0,0.019507773
2025-01-07,002628.SZ,0.0,0.01983581
2025-01-08,002628.SZ,0.0,0.010893237
2025-01-09,002628.SZ,0.0,0.0012837574
2024-11-07,002637.SZ,-0.0155847315,-0.012336436
2024-11-08,002637.SZ,-0.012552466,-0.012842947
2024-11-11,002637.SZ,-0.056737904,-0.011623029
2024-11-12,002637.SZ,-0.036067795,-0.010633434
2024-11-13,002637.SZ,0.05878085,-0.010305841
2024-11-14,002637.SZ,0.07268587,-0.006777434
2024-11-15,002637.SZ,0.09339447,-0.004358756
2024-11-18,002637.SZ,0.09874408,-0.004177422
2024-11-19,002637.SZ,0.06990187,-0.0015463779
2024-11-20,002637.SZ,0.051785298,-0.0054439083
2024-11-22,002637.SZ,0.07771809,-0.01363838
2024-11-25,002637.SZ,0.06854534,-0.017112285
2024-11-26,002637.SZ,0.065395154,-0.018376341
2024-11-27,002637.SZ,0.066249385,-0.017583944
2024-11-28,002637.SZ,0.0166825,-0.015837472
2024-11-29,002637.SZ,-0.027398974,-0.017029012
2024-12-02,002637.SZ,-0.06376293,-0.01896892
2024-12-03,002637.SZ,-0.03168951,-0.017694103
2024-12-04,002637.SZ,-0.031630542,-0.016414918
2024-12-05,002637.SZ,0.003669729,-0.01509595
2024-12-06,002637.SZ,-0.020580707,-0.01358762
2024-12-09,002637.SZ,-0.010551657,-0.014300011
2024-12-10,002637.SZ,-0.045528445,-0.014117547
2024-12-11,002637.SZ,-0.062398408,-0.017933667
2024-12-12,002637.SZ,-0.103124514,-0.020222945
2024-12-13,002637.SZ,-0.055380832,-0.023316333
2024-12-16,002637.SZ,-0.06267591,-0.024336776
2024-12-17,002637.SZ,-0.015984356,-0.024723342
2024-12-18,002637.SZ,-0.020325903,-0.023702733
2024-12-19,002637.SZ,-0.01020417,-0.0288167
2024-12-20,002637.SZ,0.002992521,-0.04412366
2024-12-23,002637.SZ,0.031331517,-0.03715314
2024-12-24,002637.SZ,-0.008089023,-0.045422714
2024-12-25,002637.SZ,0.0020512827,-0.046921384
2024-12-26,002637.SZ,-0.025975486,-0.049544174
2024-12-27,002637.SZ,-0.04169389,-0.060224507
2024-12-30,002637.SZ,-0.024170361,-0.06681651
2024-12-31,002637.SZ,0.0060728933,-0.06731316
2025-01-02,002637.SZ,0.01928015,-0.06357085
2025-01-03,002637.SZ,0.03719437,-0.06090046
2025-01-06,002637.SZ,0.0,-0.055018347
2025-01-07,002637.SZ,0.0,-0.04609847
2025-01-08,002637.SZ,0.0,-0.0284042
2025-01-09,002637.SZ,0.0,-0.024556408
2024-11-07,002709.SZ,0.03413939,0.011364028
2024-11-08,002709.SZ,-0.039384287,0.008675876
2024-11-12,002709.SZ,-0.007829531,0.0033960592
2024-11-13,002709.SZ,-0.023560738,-0.0006238514
2024-11-14,002709.SZ,0.089548126,-0.005612802
2024-11-15,002709.SZ,0.08923113,-0.0046812305
2024-11-18,002709.SZ,0.1655625,-0.004355784
2024-11-19,002709.SZ,0.03560316,-0.002806815
2024-11-20,002709.SZ,0.08074267,-0.0053333207
2024-11-21,002709.SZ,-0.0020512827,-0.005305368
2024-11-22,002709.SZ,0.03755341,-0.0076347725
2024-11-25,002709.SZ,-0.032562908,-0.0073006446
2024-11-26,002709.SZ,-0.01443149,-0.008607611
2024-11-27,002709.SZ,-0.10176841,-0.006112402
2024-11-28,002709.SZ,-0.076796785,-0.0033900253
2024-11-29,002709.SZ,-0.07133897,-0.0032010998
2024-12-02,002709.SZ,-0.060107585,-0.0034991752
2024-12-03,002709.SZ,-0.04414088,-0.0048181596
2024-12-04,002709.SZ,-0.019669835,-0.006722858
2024-12-05,002709.SZ,-0.012494585,-0.006291633
2024-12-06,002709.SZ,-0.038125183,-0.005560767
2024-12-09,002709.SZ,-0.067236945,-0.005018165
2024-12-10,002709.SZ,-0.03964976,-0.0039429883
2024-12-11,002709.SZ,-0.033512432,-0.002724121
2024-12-12,002709.SZ,-0.05729049,-4.2703625e-05
2024-12-13,002709.SZ,-0.04057726,-0.0014772074
2024-12-16,002709.SZ,-0.008494624,-0.0016519409
2024-12-17,002709.SZ,-0.021142436,0.0012954809
2024-12-18,002709.SZ,-0.047810253,0.0026007767
2024-12-19,002709.SZ,-0.039277777,-5.3034473e-05
2024-12-20,002709.SZ,-0.04622874,-0.00034637842
2024-12-23,002709.SZ,-0.03520981,-0.0017649416
2024-12-24,002709.SZ,-0.06574216,3.8100716e-05
2024-12-25,002709.SZ,-0.0800019,0.0005561393
2024-12-26,002709.SZ,-0.106350124,0.005066346
2024-12-27,002709.SZ,-0.12980673,0.005288293
2024-12-30,002709.SZ,-0.11594378,0.003693991
2024-12-31,002709.SZ,-0.100750916,0.0011740433
2025-01-02,002709.SZ,-0.031252544,0.0010807104
2025-01-03,002709.SZ,-0.0144046815,0.0075623007
2025-01-06,002709.SZ,0.0,0.016901879
2025-01-07,002709.SZ,0.0,0.02783256
2025-01-08,002709.SZ,0.0,0.025495479
2025-01-09,002709.SZ,0.0,0.026350299
2024-11-07,002788.SZ,-0.012464751,-0.018679498
2024-11-08,002788.SZ,-0.0034149152,-0.023717245
2024-11-11,002788.SZ,-0.035170954,-0.025082102
2024-11-12,002788.SZ,-0.04840562,-0.026161587
2024-11-13,002788.SZ,-0.020248162,-0.02687491
2024-11-14,002788.SZ,0.0045506335,-0.025304541
2024-11-15,002788.SZ,-0.026575798,-0.021888584
2024-11-18,002788.SZ,0.0034582168,-0.020001462
2024-11-19,002788.SZ,-0.0011540683,-0.017054072
2024-11-20,002788.SZ,-0.0045558168,-0.015869454
2024-11-21,002788.SZ,0.0011344301,-0.016521959
2024-11-22,002788.SZ,0.036785755,-0.016890965
2024-11-25,002788.SZ,0.03282694,-0.01501333
2024-11-26,002788.SZ,0.030701673,-0.014714964
2024-11-27,002788.SZ,-0.003430535,-0.013883054
2024-11-28,002788.SZ,-0.006825965,-0.013883526
2024-11-29,002788.SZ,0.0022547925,-0.01395337
2024-12-02,002788.SZ,-0.00334635,-0.013983719
2024-12-03,002788.SZ,-0.003365118,-0.014245278
2024-12-04,002788.SZ,0.028234512,-0.0138813965
2024-12-05,002788.SZ,0.043557975,-0.012120987
2024-12-06,002788.SZ,0.017857617,-0.0127526475
2024-12-09,002788.SZ,0.01442066,-0.013831577
2024-12-10,002788.SZ,-0.013574869,-0.016253361
2024-12-11,002788.SZ,-0.024803977,-0.01596217
2024-12-12,002788.SZ,-0.04470018,-0.01566938
2024-12-13,002788.SZ,-0.026907453,-0.016485702
2024-12-16,002788.SZ,-0.06954368,-0.016386027
2024-12-17,002788.SZ,-0.030060066,-0.015485496
2024-12-18,002788.SZ,-0.05153365,-0.01271985
2024-12-19,002788.SZ,-0.049190246,-0.010875325
2024-12-20,002788.SZ,-0.037041273,-0.010087334
2024-12-23,002788.SZ,-0.010682594,-0.0113519365
2024-12-24,002788.SZ,-0.037063416,-0.009739634
2024-12-25,002788.SZ,-0.0243321,-0.009835772
2024-12-26,002788.SZ,-0.047950182,-0.009555559
2024-12-27,002788.SZ,-0.043380294,-0.010816432
2024-12-30,002788.SZ,-0.035219185,-0.013793596
2024-12-31,002788.SZ,-0.014724192,-0.015228639
2025-01-02,002788.SZ,-0.013639393,-0.012535642
2025-01-03,002788.SZ,-0.012674441,-0.00822582
2025-01-06,002788.SZ,0.0,-0.004764237
2025-01-07,002788.SZ,0.0,-0.004808171
2025-01-08,002788.SZ,0.0,-0.004126785
2025-01-09,002788.SZ,0.0,-0.0027743008
2024-11-07,003003.SZ,-0.004188488,-0.010381638
2024-11-08,003003.SZ,-0.011585174,-0.014394693
2024-11-11,003003.SZ,-0.034722056,-0.016296716
2024-11-12,003003.SZ,-0.017681168,-0.019782118
2024-11-13,003003.SZ,-0.012207679,-0.02109033
2024-11-14,003003.SZ,0.03909963,-0.02117601
2024-11-15,003003.SZ,0.040482953,-0.017248241
2024-11-18,003003.SZ,0.059238095,-0.013009727
2024-11-19,003003.SZ,0.03909963,-0.008457034
2024-11-20,003003.SZ,0.014227882,-0.008943089
2024-11-21,003003.SZ,0.009040745,-0.011045054
2024-11-22,003003.SZ,0.031049063,-0.012482551
2024-11-25,003003.SZ,0.03178023,-0.012434528
2024-11-26,003003.SZ,0.034708492,-0.011896021
2024-11-27,003003.SZ,0.007038742,-0.010740227
2024-11-28,003003.SZ,0.008959741,-0.009562655
2024-11-29,003003.SZ,0.012739026,-0.009019736
2024-12-02,003003.SZ,0.01936169,-0.0094575
2024-12-03,003003.SZ,0.02121584,-0.010140975
2024-12-04,003003.SZ,0.052695118,-0.009757011
2024-12-05,003003.SZ,0.0680013,-0.0063403887
2024-12-06,003003.SZ,0.05216925,-0.005946928
2024-12-09,003003.SZ,0.046825033,-0.007265041
2024-12-10,003003.SZ,-0.03298068,-0.008761816
2024-12-11,003003.SZ,-0.041733373,-0.010345343
2024-12-12,003003.SZ,-0.073965535,-0.012051593
2024-12-13,003003.SZ,-0.056071695,-0.01396514
2024-12-16,003003.SZ,-0.15827629,-0.015575866
2024-12-17,003003.SZ,-0.08432537,-0.017317684
2024-12-18,003003.SZ,-0.1198913,-0.011079156
2024-12-19,003003.SZ,-0.08529075,-0.003179089
2024-12-20,003003.SZ,-0.0782522,0.0036635436
2024-12-23,003003.SZ,-0.004296462,0.0011703782
2024-12-24,003003.SZ,0.030641595,0.028495379
2024-12-25,003003.SZ,0.12286013,0.038600788
2024-12-26,003003.SZ,0.09816859,0.04753812
2024-12-27,003003.SZ,0.09087985,0.041874483
2024-12-30,003003.SZ,0.17077325,0.026330465
2024-12-31,003003.SZ,0.09426905,0.01977151
2025-01-02,003003.SZ,0.0,0.01188729
2025-01-03,003003.SZ,0.0,0.0013881015
2025-01-06,003003.SZ,0.0,0.00039713085
2025-01-08,003003.SZ,0.0,0.0015533902
2024-11-07,003008.SZ,-0.006462058,-0.015667342
2024-11-08,003008.SZ,-0.01786245,-0.01934748
2024-11-11,003008.SZ,-0.050240107,-0.022271246
2024-11-12,003008.SZ,-0.021990696,-0.024129873
2024-11-13,003008.SZ,-0.00845671,-0.024370939
2024-11-14,003008.SZ,0.025601398,-0.023592645
2024-11-15,003008.SZ,0.0010917032,-0.020962164
2024-11-18,003008.SZ,0.03484294,-0.018559279
2024-11-19,003008.SZ,0.0064865095,-0.01593632
2024-11-20,003008.SZ,0.0,-0.016777119
2024-11-21,003008.SZ,0.010476785,-0.018123338
2024-11-22,003008.SZ,0.07106383,-0.01879756
2024-11-25,003008.SZ,0.056177016,-0.016543731
2024-11-26,003008.SZ,0.06719528,-0.015170604
2024-11-27,003008.SZ,0.034432195,-0.014586906
2024-11-28,003008.SZ,0.07090177,-0.014594418
2024-11-29,003008.SZ,0.010614201,-0.015296519
2024-12-02,003008.SZ,-0.0045627453,-0.017089704
2024-12-03,003008.SZ,-0.0030272475,-0.017096529
2024-12-04,003008.SZ,0.012739026,-0.016479237
2024-12-05,003008.SZ,-0.033064943,-0.014623986
2024-12-06,003008.SZ,0.0,-0.015909253
2024-12-09,003008.SZ,0.015629256,-0.014876757
2024-12-10,003008.SZ,-0.03444185,-0.012105235
2024-12-11,003008.SZ,-0.02876418,-0.01039714
2024-12-12,003008.SZ,-0.031085305,-0.010319039
2024-12-13,003008.SZ,-0.015197861,-0.011734518
2024-12-16,003008.SZ,-0.07045896,-0.013946806
2024-12-17,003008.SZ,-0.021676768,-0.016397946
2024-12-18,003008.SZ,-0.05406722,-0.0149459625
2024-12-19,003008.SZ,-0.051511254,-0.015692271
2024-12-20,003008.SZ,-0.056168,-0.017298466
2024-12-23,003008.SZ,-0.016234122,-0.018687716
2024-12-24,003008.SZ,-0.04314073,-0.018132301
2024-12-25,003008.SZ,-0.039836966,-0.017009286
2024-12-26,003008.SZ,-0.08113322,-0.017575085
2024-12-27,003008.SZ,-0.084462106,-0.018825073
2024-12-30,003008.SZ,-0.046338182,-0.021209791
2024-12-31,003008.SZ,-0.026004856,-0.019934895
2025-01-02,003008.SZ,0.009116872,-0.01634127
2025-01-03,003008.SZ,0.00471699,-0.0107259145
2025-01-06,003008.SZ,0.0,-0.0062563345
2025-01-07,003008.SZ,0.0,-0.0033546083
2025-01-08,003008.SZ,0.0,-0.0059080236
2025-01-09,003008.SZ,0.0,-0.0064114053
2024-11-07,300034.SZ,-0.022976635,-0.0024938916
2024-11-08,300034.SZ,-0.086025864,-0.002460045
2024-11-11,300034.SZ,-0.11166077,-0.005647287
2024-11-12,300034.SZ,-0.0588405,-0.0066953492
2024-11-13,300034.SZ,-0.05976976,-0.006098723
2024-11-14,300034.SZ,-0.030505963,-0.0052428315
2024-11-15,300034.SZ,-0.022110252,-0.0030460611
2024-11-18,300034.SZ,-0.035471108,-0.0003210424
2024-11-19,300034.SZ,-0.062520355,0.0005312388
2024-11-20,300034.SZ,-0.04152435,-0.0008764323
2024-11-21,300034.SZ,-0.04727174,-0.002191615
2024-11-22,300034.SZ,-0.0030257208,-0.003703735
2024-11-25,300034.SZ,0.027762797,-0.002725793
2024-11-26,300034.SZ,0.03414966,-0.0017968701
2024-11-27,300034.SZ,-0.011574908,-0.0022832446
2024-11-28,300034.SZ,0.022418387,-0.0041890866
2024-11-29,300034.SZ,0.01742309,-0.004856304
2024-12-02,300034.SZ,-0.012578783,-0.0061757187
2024-12-03,300034.SZ,0.0011983225,-0.0071294564
2024-12-04,300034.SZ,0.026603745,-0.006996235
2024-12-05,300034.SZ,0.017226443,-0.0060130227
2024-12-06,300034.SZ,-0.024112077,-0.005991192
2024-12-09,300034.SZ,-0.023788862,-0.0057316613
2024-12-10,300034.SZ,-0.04157078,-0.0046350528
2024-12-11,300034.SZ,-0.047657155,-0.0048506525
2024-12-12,300034.SZ,-0.056950577,-0.004740651
2024-12-13,300034.SZ,-0.019717213,-0.0061453576
2024-12-16,300034.SZ,-0.03071379,-0.0054511796
2024-12-17,300034.SZ,-0.021451926,-0.0043605305
2024-12-18,300034.SZ,-0.026634421,-0.0038443375
2024-12-19,300034.SZ,-0.012547216,-0.004289251
2024-12-20,300034.SZ,-0.0031162382,-0.0053280555
2024-12-23,300034.SZ,0.021411397,-0.007365596
2024-12-24,300034.SZ,-0.0051151006,-0.007187311
2024-12-25,300034.SZ,-0.04468549,-0.0071383566
2024-12-26,300034.SZ,-0.07741569,-0.0073133786
2024-12-27,300034.SZ,-0.09144749,-0.008671396
2024-12-30,300034.SZ,-0.08514396,-0.0097297765
2024-12-31,300034.SZ,-0.06967992,-0.0092414105
2025-01-02,300034.SZ,-0.015577694,-0.0064971927
2025-01-03,300034.SZ,-0.018589176,0.00040226555
2025-01-06,300034.SZ,0.0,0.007770691
2025-01-07,300034.SZ,0.0,0.008985559
2025-01-08,300034.SZ,0.0,0.0054590977
2025-01-09,300034.SZ,0.0,0.004930878
2024-11-07,300124.SZ,-0.044072986,-0.01450001
2024-11-08,300124.SZ,-0.068673074,-0.016250841
2024-11-11,300124.SZ,-0.12116555,-0.018317975
2024-11-12,300124.SZ,-0.05163291,-0.019031877
2024-11-13,300124.SZ,-0.035253197,-0.020094847
2024-11-14,300124.SZ,0.019572694,-0.020272909
2024-11-15,300124.SZ,-0.0024009615,-0.02049048
2024-11-18,300124.SZ,0.02029734,-0.019809125
2024-11-19,300124.SZ,-0.027200852,-0.019298006
2024-11-20,300124.SZ,-0.01045012,-0.018615035
2024-11-21,300124.SZ,-0.04330262,-0.018383542
2024-11-22,300124.SZ,0.0347597,-0.017924113
2024-11-25,300124.SZ,0.07841653,-0.018153565
2024-11-26,300124.SZ,0.084463045,-0.017939059
2024-11-27,300124.SZ,0.05312151,-0.018175421
2024-11-28,300124.SZ,0.061370987,-0.01874834
2024-11-29,300124.SZ,0.030540464,-0.018572798
2024-12-02,300124.SZ,-0.00733071,-0.016721776
2024-12-03,300124.SZ,0.007032153,-0.013407928
2024-12-04,300124.SZ,-0.010823141,-0.011510372
2024-12-05,300124.SZ,-0.012009232,-0.010008866
2024-12-06,300124.SZ,-0.027229203,-0.008180729
2024-12-09,300124.SZ,-0.04281,-0.0073441067
2024-12-10,300124.SZ,-0.058536503,-0.0062338132
2024-12-11,300124.SZ,-0.037396815,-0.0053483266
2024-12-12,300124.SZ,-0.023456642,-0.005766262
2024-12-13,300124.SZ,-0.017507741,-0.007392401
2024-12-16,300124.SZ,-0.02364975,-0.007883017
2024-12-17,300124.SZ,0.0013499834,-0.009871172
2024-12-18,300124.SZ,0.0028621957,-0.012389089
2024-12-19,300124.SZ,0.0041698,-0.014519431
2024-12-20,300124.SZ,-0.0010097611,-0.014718535
2024-12-23,300124.SZ,0.026650254,-0.017084828
2024-12-24,300124.SZ,-0.0122159645,-0.01689943
2024-12-25,300124.SZ,-0.054945588,-0.017180158
2024-12-26,300124.SZ,-0.07139732,-0.017330648
2024-12-27,300124.SZ,-0.0630691,-0.017393867
2024-12-30,300124.SZ,-0.05896156,-0.014867238
2024-12-31,300124.SZ,-0.031033088,-0.0121273585
2025-01-02,300124.SZ,0.015859364,-0.011909547
2025-01-03,300124.SZ,0.069898196,-0.009852509
2025-01-06,300124.SZ,0.0,-0.009300242
2025-01-07,300124.SZ,0.0,-0.008988106
2025-01-08,300124.SZ,0.0,-0.009474853
2025-01-09,300124.SZ,0.0,-0.008694218
2024-11-08,300155.SZ,-0.05737711,-0.0097611705
2024-11-11,300155.SZ,-0.11524935,-0.011381756
2024-11-12,300155.SZ,-0.10779657,-0.012989871
2024-11-13,300155.SZ,-0.0646613,-0.017793832
2024-11-14,300155.SZ,-0.011628038,-0.017535262
2024-11-15,300155.SZ,-0.02189142,-0.018353323
2024-11-18,300155.SZ,0.08907963,-0.010971975
2024-11-19,300155.SZ,0.04374455,0.00011193473
2024-11-20,300155.SZ,0.036648266,-0.0064446735
2024-11-21,300155.SZ,0.0586734,-0.01763005
2024-11-22,300155.SZ,0.14751764,-0.022376338
2024-11-25,300155.SZ,0.13116117,-0.022605048
2024-11-26,300155.SZ,0.23628637,-0.026161877
2024-11-27,300155.SZ,0.17820957,-0.029195778
2024-11-28,300155.SZ,0.1013082,-0.02127081
2024-11-29,300155.SZ,0.0491208,-0.017992636
2024-12-02,300155.SZ,0.013201511,-0.018772183
2024-12-05,300155.SZ,-0.018605188,-0.017466243
2024-12-06,300155.SZ,-0.040425878,-0.0151534565
2024-12-09,300155.SZ,-0.023530498,-0.014671368
2024-12-10,300155.SZ,-0.10444266,-0.013774603
2024-12-11,300155.SZ,-0.09449084,-0.013303599
2024-12-12,300155.SZ,-0.13913617,-0.010306995
2024-12-13,300155.SZ,-0.068285905,-0.015179654
2024-12-16,300155.SZ,-0.13450368,-0.015500153
2024-12-17,300155.SZ,-0.07227479,-0.011967674
2024-12-18,300155.SZ,-0.1164326,-0.0074602086
2024-12-19,300155.SZ,-0.10017812,-0.001402588
2024-12-20,300155.SZ,-0.10418335,-0.00046963865
2024-12-23,300155.SZ,-0.03363324,-0.00516944
2024-12-24,300155.SZ,-0.056810405,0.002231206
2024-12-25,300155.SZ,-0.04555653,0.009115815
2024-12-26,300155.SZ,-0.13381544,0.016393688
2024-12-27,300155.SZ,-0.17062552,0.009444001
2024-12-30,300155.SZ,-0.08609722,-0.004798452
2024-12-31,300155.SZ,-0.055808473,-0.010727796
2025-01-02,300155.SZ,-0.025752496,-0.015059727
2025-01-03,300155.SZ,-0.013730193,-0.024881976
2025-01-06,300155.SZ,0.0,-0.026798477
2025-01-07,300155.SZ,0.0,0.006000197
2025-01-08,300155.SZ,0.0,-0.006683158
2025-01-09,300155.SZ,0.0,-0.022307983
2024-11-07,300193.SZ,-0.062092535,-0.0063382466
2024-11-08,300193.SZ,-0.07647037,-0.0077166185
2024-11-11,300193.SZ,-0.114625074,-0.0089282645
2024-11-12,300193.SZ,-0.059783008,-0.009627185
2024-11-13,300193.SZ,-0.034942675,-0.008715541
2024-11-14,300193.SZ,0.033104997,-0.0077892505
2024-11-15,300193.SZ,0.010977059,-0.0046048188
2024-11-18,300193.SZ,0.042228498,-0.0032408407
2024-11-19,300193.SZ,-0.0099503305,-0.00033573993
2024-11-20,300193.SZ,-0.01192426,-0.0043988745
2024-11-21,300193.SZ,-0.02661147,-0.008466564
2024-11-22,300193.SZ,0.0374977,-0.01145072
2024-11-25,300193.SZ,0.07945661,-0.011544928
2024-11-26,300193.SZ,0.09531018,-0.010341362
2024-11-27,300193.SZ,0.07457522,-0.008254987
2024-11-28,300193.SZ,0.06776954,-0.0071696006
2024-11-29,300193.SZ,0.044223145,-0.0068067363
2024-12-02,300193.SZ,0.013972283,-0.007357123
2024-12-03,300193.SZ,0.012048339,-0.00958951
2024-12-04,300193.SZ,0.016064603,-0.011151615
2024-12-05,300193.SZ,0.00301963,-0.011705961
2024-12-06,300193.SZ,-0.030645913,-0.010508221
2024-12-09,300193.SZ,-0.052911628,-0.009686968
2024-12-10,300193.SZ,-0.09192271,-0.009361577
2024-12-11,300193.SZ,-0.0972044,-0.009217397
2024-12-12,300193.SZ,-0.06112726,-0.009316547
2024-12-13,300193.SZ,-0.022025011,-0.010049481
2024-12-16,300193.SZ,-0.055868447,-0.009314013
2024-12-17,300193.SZ,0.014122994,-0.009986356
2024-12-18,300193.SZ,0.0032876742,-0.007746292
2024-12-19,300193.SZ,0.0032000027,-0.0072382675
2024-12-20,300193.SZ,0.0,-0.011061959
2024-12-23,300193.SZ,0.015351179,-0.014836405
2024-12-24,300193.SZ,-0.04185633,-0.0142153455
2024-12-25,300193.SZ,-0.045895014,-0.01516813
2024-12-26,300193.SZ,-0.11022382,-0.015750403
2024-12-27,300193.SZ,-0.114474624,-0.017123194
2024-12-30,300193.SZ,-0.06635373,-0.018403256
2024-12-31,300193.SZ,-0.036659315,-0.018503303
2025-01-02,300193.SZ,-0.010362787,-0.013444503
2025-01-03,300193.SZ,0.007109035,-0.008415333
2025-01-06,300193.SZ,0.0,0.00029398035
2025-01-07,300193.SZ,0.0,0.0031305042
2025-01-08,300193.SZ,0.0,-0.0019995905
2025-01-09,300193.SZ,0.0,-0.003780532
2024-11-07,300207.SZ,0.020404622,-0.0053946767
2024-11-08,300207.SZ,0.016390365,-0.005851234
2024-11-11,300207.SZ,-0.06565825,-0.007926472
2024-11-12,300207.SZ,-0.032470386,-0.009225067
2024-11-13,300207.SZ,-0.018868484,-0.010623053
2024-11-14,300207.SZ,-0.020404622,-0.010154078
2024-11-15,300207.SZ,-0.052632466,-0.010817103
2024-11-18,300207.SZ,-0.006852275,-0.011648819
2024-11-19,300207.SZ,-0.0789432,-0.012036085
2024-11-20,300207.SZ,-0.040994544,-0.009725816
2024-11-21,300207.SZ,-0.041663744,-0.007603062
2024-11-22,300207.SZ,0.004384049,-0.0067246784
2024-11-25,300207.SZ,0.026294984,-0.0068409853
2024-11-26,300207.SZ,0.054302156,-0.004906215
2024-11-27,300207.SZ,0.002585094,-0.0039536855
2024-11-28,300207.SZ,0.018684011,-0.00213969
2024-11-29,300207.SZ,0.033974458,-0.0015298376
2024-12-02,300207.SZ,-0.01773695,-0.00085469586
2024-12-03,300207.SZ,-0.008919151,0.0012874523
2024-12-04,300207.SZ,0.01155093,0.0032674808
2024-12-05,300207.SZ,0.017072544,0.0047359825
2024-12-06,300207.SZ,-0.020504776,0.0051501985
2024-12-09,300207.SZ,-0.03556316,0.0058240783
2024-12-10,300207.SZ,-0.030318476,0.006700471
2024-12-11,300207.SZ,-0.024107926,0.008708841
2024-12-12,300207.SZ,-0.020522311,0.0083725
2024-12-13,300207.SZ,0.0034467936,0.008178572
2024-12-16,300207.SZ,0.008353533,0.008062924
2024-12-17,300207.SZ,0.011368727,0.009002806
2024-12-18,300207.SZ,-0.015810605,0.009403587
2024-12-19,300207.SZ,-0.0047629448,0.007599884
2024-12-20,300207.SZ,-0.016041966,0.0063419067
2024-12-23,300207.SZ,0.016500592,0.0048002186
2024-12-24,300207.SZ,-0.030459208,0.0047917557
2024-12-25,300207.SZ,-0.055051424,0.0023110404
2024-12-26,300207.SZ,-0.115831815,0.0034965053
2024-12-27,300207.SZ,-0.1020637,0.002836397
2024-12-30,300207.SZ,-0.093847,0.0033499815
2024-12-31,300207.SZ,-0.07586796,0.0034167555
2025-01-02,300207.SZ,-0.02606165,0.0054857614
2025-01-03,300207.SZ,0.0053463066,0.015588903
2025-01-06,300207.SZ,0.0,0.023665532
2025-01-07,300207.SZ,0.0,0.022219434
2025-01-08,300207.SZ,0.0,0.015494932
2025-01-09,300207.SZ,0.0,0.013901587
2024-11-07,300289.SZ,-0.02478678,-0.007347101
2024-11-08,300289.SZ,-0.040506985,-0.011064301
2024-11-11,300289.SZ,-0.06330013,-0.014620303
2024-11-12,300289.SZ,-0.041672695,-0.016510395
2024-11-13,300289.SZ,0.0055918135,-0.017958404
2024-11-14,300289.SZ,0.052643735,-0.016579416
2024-11-15,300289.SZ,0.021422436,-0.012820888
2024-11-18,300289.SZ,0.1087212,-0.008829972
2024-11-19,300289.SZ,0.056405928,-0.0063596056
2024-11-20,300289.SZ,0.012927234,-0.0074332245
2024-11-21,300289.SZ,0.016349139,-0.011211964
2024-11-22,300289.SZ,0.061644163,-0.01443364
2024-11-25,300289.SZ,0.007079676,-0.012995427
2024-11-26,300289.SZ,0.03237693,-0.01395157
2024-11-27,300289.SZ,0.0054894923,-0.013576503
2024-11-28,300289.SZ,0.02491232,-0.011160851
2024-11-29,300289.SZ,0.040821996,-0.009188895
2024-12-02,300289.SZ,0.012270093,-0.007824546
2024-12-03,300289.SZ,0.0035335727,-0.008033906
2024-12-04,300289.SZ,0.05329858,-0.0074438937
2024-12-05,300289.SZ,0.0362421,-0.005098226
2024-12-06,300289.SZ,0.017241806,-0.0060376343
2024-12-09,300289.SZ,0.02409755,-0.00740801
2024-12-10,300289.SZ,-0.023194617,-0.0075832554
2024-12-11,300289.SZ,-0.044215865,-0.0065270173
2024-12-12,300289.SZ,-0.068387724,-0.007616387
2024-12-13,300289.SZ,-0.034786116,-0.010274704
2024-12-16,300289.SZ,-0.1364511,-0.011547233
2024-12-17,300289.SZ,-0.08471667,-0.012998804
2024-12-18,300289.SZ,-0.10475793,-0.0093383705
2024-12-19,300289.SZ,-0.09313469,-0.0067404
2024-12-20,300289.SZ,-0.102415,-0.0058920844
2024-12-23,300289.SZ,-0.015717415,-0.0097211655
2024-12-24,300289.SZ,-0.038042627,-0.0015315913
2024-12-25,300289.SZ,-0.030583423,0.0045769233
2024-12-26,300289.SZ,-0.07227086,0.0104911355
2024-12-27,300289.SZ,-0.08380796,0.0055300384
2024-12-30,300289.SZ,-0.050772324,-0.0041790023
2024-12-31,300289.SZ,-0.037426405,-0.00731861
2025-01-02,300289.SZ,-0.018809332,-0.0072450363
2025-01-03,300289.SZ,-0.030437132,-0.0050897026
2025-01-06,300289.SZ,0.0,0.0036013362
2025-01-07,300289.SZ,0.0,0.007809881
2025-01-08,300289.SZ,0.0,0.0010002814
2025-01-09,300289.SZ,0.0,-0.0008730609
2024-11-08,300338.SZ,0.119426034,-0.0015020712
2024-11-11,300338.SZ,-0.025317809,-0.0020244678
2024-11-12,300338.SZ,0.045709807,-0.0026575588
2024-11-13,300338.SZ,0.019169915,0.00089130056
2024-11-14,300338.SZ,-0.036294308,0.002131061
2024-11-15,300338.SZ,-0.082077295,-0.0020887733
2024-11-19,300338.SZ,0.03361661,-0.005529035
2024-11-20,300338.SZ,0.018967902,-0.0050262753
2024-11-21,300338.SZ,-0.029980833,-0.0034100357
2024-11-22,300338.SZ,-0.07458194,-0.0019786041
2024-11-25,300338.SZ,-0.012295237,3.6098685e-05
2024-11-26,300338.SZ,-0.0145684155,0.0020587563
2024-11-27,300338.SZ,-0.047017206,0.0033538814
2024-11-28,300338.SZ,0.008658063,0.0033560235
2024-11-29,300338.SZ,0.07663322,0.0042769066
2024-12-02,300338.SZ,0.06582635,0.005332321
2024-12-03,300338.SZ,0.060994513,0.003504398
2024-12-04,300338.SZ,0.13106665,0.0011156717
2024-12-05,300338.SZ,0.13487747,0.0016865799
2024-12-06,300338.SZ,0.09940016,0.001367441
2024-12-09,300338.SZ,0.08861884,-0.0008118457
2024-12-10,300338.SZ,0.04247743,-0.0027446833
2024-12-11,300338.SZ,-0.0019212302,-0.0031604143
2024-12-12,300338.SZ,-0.020933209,-0.004218958
2024-12-13,300338.SZ,-0.020619288,-0.0044529755
2024-12-16,300338.SZ,-0.13201815,-0.0044108625
2024-12-17,300338.SZ,-0.040506985,-0.004337086
2024-12-18,300338.SZ,-0.033238642,-0.0013371399
2024-12-19,300338.SZ,-0.053319637,0.0018034186
2024-12-20,300338.SZ,-0.046520017,0.0025183447
2024-12-24,300338.SZ,-0.020367302,0.00093659107
2024-12-25,300338.SZ,-0.10798864,-0.00082277413
2024-12-26,300338.SZ,-0.23162875,-0.00012881837
2024-12-27,300338.SZ,-0.15077572,0.001284896
2024-12-30,300338.SZ,-0.19912867,0.002343478
2024-12-31,300338.SZ,-0.16034265,0.0034035395
2025-01-02,300338.SZ,-0.10146946,0.0059100804
2025-01-06,300338.SZ,0.0,0.011379083
2025-01-07,300338.SZ,0.0,0.017225524
2025-01-08,300338.SZ,0.0,0.0150506785
2025-01-09,300338.SZ,0.0,0.013097476
2024-11-07,300374.SZ,-0.042866927,0.0054528355
2024-11-08,300374.SZ,0.011544806,0.006130721
2024-11-11,300374.SZ,0.10251795,0.010616515
2024-11-12,300374.SZ,0.0704262,0.011614381
2024-11-13,300374.SZ,0.056433078,0.01272642
2024-11-14,300374.SZ,0.052537333,0.012612007
2024-11-15,300374.SZ,0.0095956875,0.013725814
2024-11-18,300374.SZ,-0.15310125,0.015602873
2024-11-19,300374.SZ,-0.15684247,0.009206086
2024-11-20,300374.SZ,-0.16570161,0.009195048
2024-11-21,300374.SZ,-0.14877002,0.00836721
2024-11-22,300374.SZ,-0.08095263,0.010020699
2024-11-25,300374.SZ,0.0009784737,0.014780305
2024-11-26,300374.SZ,0.049251437,0.0241211
2024-11-27,300374.SZ,-0.0055373916,0.030466082
2024-11-28,300374.SZ,0.02407338,0.031687155
2024-11-29,300374.SZ,-0.0039525745,0.02871939
2024-12-02,300374.SZ,-0.039396767,0.024323622
2024-12-03,300374.SZ,-0.033566825,0.017585086
2024-12-04,300374.SZ,0.0035273405,0.010437012
2024-12-05,300374.SZ,-0.012967763,0.008215717
2024-12-06,300374.SZ,-0.04505951,0.0046399967
2024-12-09,300374.SZ,-0.024718046,0.0016951552
2024-12-10,300374.SZ,-0.07017688,0.001763879
2024-12-11,300374.SZ,-0.00656071,0.0010590656
2024-12-12,300374.SZ,-0.05999731,2.1736449e-05
2024-12-13,300374.SZ,-0.037461516,-0.0021880483
2024-12-16,300374.SZ,0.0041623367,-0.001836104
2024-12-17,300374.SZ,0.06261826,-0.0009978922
2024-12-18,300374.SZ,-0.012226337,-0.0011443179
2024-12-19,300374.SZ,0.027341345,-0.00084200007
2024-12-20,300374.SZ,0.042111486,0.0032270781
2024-12-23,300374.SZ,-0.024705593,0.0051639136
2024-12-24,300374.SZ,-0.11229735,0.00672539
2024-12-25,300374.SZ,-0.12659934,0.0095666535
2024-12-26,300374.SZ,-0.17097539,0.016164573
2024-12-27,300374.SZ,-0.18149716,0.018313322
2024-12-30,300374.SZ,-0.12996443,0.013893503
2024-12-31,300374.SZ,-0.07397738,0.013383175
2025-01-02,300374.SZ,-0.037941717,0.023233032
2025-01-03,300374.SZ,-0.0024645731,0.028020466
2025-01-06,300374.SZ,0.0,0.04146513
2025-01-07,300374.SZ,0.0,0.04244115
2025-01-08,300374.SZ,0.0,0.028970614
2025-01-09,300374.SZ,0.0,0.01824486
2024-11-07,300623.SZ,-0.06709308,0.006299542
2024-11-08,300623.SZ,-0.11850741,0.005589824
2024-11-11,300623.SZ,-0.17351092,0.0046670637
2024-11-12,300623.SZ,-0.121510394,0.004028493
2024-11-13,300623.SZ,-0.11172841,0.0033941593
2024-11-14,300623.SZ,-0.0779478,0.0035433944
2024-11-15,300623.SZ,-0.068604745,0.0038229593
2024-11-18,300623.SZ,-0.014326893,0.0032642863
2024-11-19,300623.SZ,-0.04796406,0.0050210506
2024-11-20,300623.SZ,-0.029927421,0.005258102
2024-11-21,300623.SZ,-0.025324855,0.0029938903
2024-11-22,300623.SZ,0.04412271,0.001334101
2024-11-25,300623.SZ,0.0390542,0.00093551166
2024-11-26,300623.SZ,0.028491955,0.0009913879
2024-11-27,300623.SZ,0.037271395,0.0012357353
2024-11-28,300623.SZ,0.104796655,0.0010741564
2024-11-29,300623.SZ,0.08254584,0.0013133244
2024-12-02,300623.SZ,0.038120598,0.002633664
2024-12-03,300623.SZ,0.048790164,0.0026318089
2024-12-04,300623.SZ,0.010245439,0.00266614
2024-12-05,300623.SZ,-0.06826797,0.0042434763
2024-12-06,300623.SZ,-0.06981739,0.0049675363
2024-12-09,300623.SZ,-0.061994784,0.0052826125
2024-12-10,300623.SZ,-0.07295623,0.0073250006
2024-12-11,300623.SZ,-0.06310893,0.009967628
2024-12-12,300623.SZ,-0.058470014,0.009311947
2024-12-13,300623.SZ,0.005757384,0.0075122043
2024-12-16,300623.SZ,0.0118678985,0.0062215184
2024-12-17,300623.SZ,0.10117912,0.0067583346
2024-12-18,300623.SZ,0.07933916,0.0059033483
2024-12-19,300623.SZ,0.09946591,0.0049999724
2024-12-20,300623.SZ,0.005996202,0.0050258003
2024-12-23,300623.SZ,0.015331311,0.005924467
2024-12-24,300623.SZ,-0.11830333,0.0074426043
2024-12-25,300623.SZ,-0.16645445,0.0091002025
2024-12-26,300623.SZ,-0.21412075,0.00998431
2024-12-27,300623.SZ,-0.17765853,0.010767207
2024-12-30,300623.SZ,-0.12256624,0.013271697
2024-12-31,300623.SZ,-0.07221821,0.0134168565
2025-01-02,300623.SZ,-0.010025146,0.016258765
2025-01-03,300623.SZ,0.00483482,0.022703543
2025-01-06,300623.SZ,0.0,0.02604086
2025-01-07,300623.SZ,0.0,0.023823671
2025-01-08,300623.SZ,0.0,0.017381884
2025-01-09,300623.SZ,0.0,0.0156195285
2024-11-07,300698.SZ,-0.058453783,-0.0012247699
2024-11-08,300698.SZ,-0.040119994,0.0011268767
2024-11-11,300698.SZ,-0.16435765,-0.0011668572
2024-11-12,300698.SZ,-0.13546333,-0.005547308
2024-11-13,300698.SZ,-0.11649607,-0.007343341
2024-11-14,300698.SZ,-0.104945816,-0.0064149466
2024-11-15,300698.SZ,-0.14932802,-0.0037242554
2024-11-18,300698.SZ,-0.076466955,-0.00016226743
2024-11-19,300698.SZ,-0.10021695,0.009456305
2024-11-20,300698.SZ,-0.05402528,0.011271715
2024-11-21,300698.SZ,-0.038298618,0.00859692
2024-11-22,300698.SZ,0.05469597,0.008574285
2024-11-25,300698.SZ,0.09609292,0.010359133
2024-11-26,300698.SZ,0.089251645,0.012156668
2024-11-27,300698.SZ,0.018682295,0.01256422
2024-11-28,300698.SZ,0.042952195,0.008804569
2024-11-29,300698.SZ,0.004361777,0.0067145657
2024-12-02,300698.SZ,-0.020913795,0.0021230758
2024-12-03,300698.SZ,-0.006172859,-0.00022816472
2024-12-04,300698.SZ,0.022936195,0.0006694657
2024-12-05,300698.SZ,0.05103533,0.001689522
2024-12-06,300698.SZ,0.029016795,0.0017134888
2024-12-09,300698.SZ,-0.0015475886,0.001619398
2024-12-10,300698.SZ,-0.022173857,0.002515334
2024-12-11,300698.SZ,-0.032365285,0.0026428036
2024-12-12,300698.SZ,-0.07769661,0.0018991381
2024-12-13,300698.SZ,0.002235748,-0.0009751264
2024-12-16,300698.SZ,-0.021130303,-0.0008082995
2024-12-17,300698.SZ,0.014403811,-0.0009071119
2024-12-18,300698.SZ,-0.037537917,0.0007262963
2024-12-19,300698.SZ,-0.018447256,0.0010496093
2024-12-20,300698.SZ,-0.102332294,0.00049520907
2024-12-23,300698.SZ,-0.059192088,-0.0046094856
2024-12-24,300698.SZ,-0.10981951,-0.0023848105
2024-12-25,300698.SZ,-0.08195711,-0.0016521221
2024-12-26,300698.SZ,-0.13314599,0.0025303185
2024-12-27,300698.SZ,-0.12516314,0.0029569466
2024-12-30,300698.SZ,-0.06470637,0.0044452236
2024-12-31,300698.SZ,-0.041777667,0.0061357077
2025-01-02,300698.SZ,-0.0041604815,0.01141015
2025-01-03,300698.SZ,0.06301532,0.015769076
2025-01-06,300698.SZ,0.0,0.02192079
2025-01-07,300698.SZ,0.0,0.023821188
2025-01-08,300698.SZ,0.0,0.016929697
2025-01-09,300698.SZ,0.0,0.014266801
2024-11-07,300712.SZ,0.040946987,0.0013615474
2024-11-08,300712.SZ,0.08523815,-0.0017618578
2024-11-11,300712.SZ,0.058733806,-0.004998965
2024-11-12,300712.SZ,0.06415764,-0.009274913
2024-11-14,300712.SZ,-0.17980267,-0.010808985
2024-11-18,300712.SZ,-0.00037502343,-0.010874356
2024-11-19,300712.SZ,-0.07038833,-0.008748046
2024-11-20,300712.SZ,-0.088677295,-0.009550515
2024-11-21,300712.SZ,-0.08221769,-0.010958965
2024-11-22,300712.SZ,-0.005676458,-0.010859616
2024-11-25,300712.SZ,-0.0022530989,-0.0073373565
2024-11-26,300712.SZ,0.098549165,-0.004692301
2024-11-27,300712.SZ,0.09848817,-0.0023707664
2024-11-28,300712.SZ,0.09886408,-0.0017295029
2024-11-29,300712.SZ,0.067853704,-0.0025600567
2024-12-02,300712.SZ,0.047715474,-0.004509719
2024-12-03,300712.SZ,-0.019163113,-0.00548078
2024-12-04,300712.SZ,-0.022211384,-0.01177077
2024-12-05,300712.SZ,-0.010593319,-0.014595428
2024-12-06,300712.SZ,0.026248226,-0.014309215
2024-12-09,300712.SZ,0.053048026,-0.013514858
2024-12-10,300712.SZ,-0.00035835872,-0.01201499
2024-12-11,300712.SZ,-0.004287252,-0.012499169
2024-12-12,300712.SZ,-0.03614416,-0.012181369
2024-12-13,300712.SZ,-0.03909637,-0.013070367
2024-12-16,300712.SZ,-0.15126565,-0.016795805
2024-12-17,300712.SZ,-0.1153666,-0.01838749
2024-12-18,300712.SZ,-0.097317204,-0.014951182
2024-12-19,300712.SZ,-0.06815196,-0.013010423
2024-12-20,300712.SZ,-0.096064776,-0.010774205
2024-12-24,300712.SZ,-0.04944281,-0.012284696
2024-12-25,300712.SZ,-0.06309146,-0.01191086
2024-12-26,300712.SZ,-0.13680656,-0.009901243
2024-12-27,300712.SZ,-0.07568526,-0.009820019
2024-12-30,300712.SZ,-0.04819722,-0.009800129
2024-12-31,300712.SZ,-0.030797625,-0.009830802
2025-01-02,300712.SZ,0.004701868,-0.006371656
2025-01-03,300712.SZ,0.017937701,-0.0024248755
2025-01-06,300712.SZ,0.0,0.007869903
2025-01-07,300712.SZ,0.0,0.0074177342
2025-01-08,300712.SZ,0.0,0.0022494697
2025-01-09,300712.SZ,0.0,0.0065522506
2024-11-07,300737.SZ,-0.100925915,-0.0113703795
2024-11-08,300737.SZ,-0.09018239,-0.015962137
2024-11-11,300737.SZ,-0.1086883,-0.017429268
2024-11-12,300737.SZ,-0.07371758,-0.016572857
2024-11-13,300737.SZ,-0.044372853,-0.0154213235
2024-11-14,300737.SZ,-0.03971641,-0.013188747
2024-11-15,300737.SZ,-0.06175957,-0.012839857
2024-11-18,300737.SZ,-0.024368592,-0.012755011
2024-11-19,300737.SZ,-0.04279723,-0.013278961
2024-11-20,300737.SZ,-0.027600648,-0.017433217
2024-11-21,300737.SZ,-0.011111225,-0.022055268
2024-11-22,300737.SZ,0.05447356,-0.025277063
2024-11-25,300737.SZ,0.060736235,-0.025627216
2024-11-26,300737.SZ,0.07682021,-0.025866643
2024-11-27,300737.SZ,0.020314641,-0.027551835
2024-11-28,300737.SZ,0.045503754,-0.028889468
2024-11-29,300737.SZ,0.04118756,-0.029693967
2024-12-02,300737.SZ,0.008888948,-0.02984473
2024-12-03,300737.SZ,0.010507978,-0.02868309
2024-12-04,300737.SZ,0.060301956,-0.02782672
2024-12-05,300737.SZ,0.048620686,-0.02784918
2024-12-06,300737.SZ,-0.003514942,-0.027676629
2024-12-09,300737.SZ,-0.008888948,-0.023162067
2024-12-10,300737.SZ,-0.055520076,-0.01987834
2024-12-11,300737.SZ,-0.0768922,-0.017698962
2024-12-12,300737.SZ,-0.09598838,-0.015387338
2024-12-13,300737.SZ,-0.05985467,-0.014512573
2024-12-16,300737.SZ,-0.07218674,-0.011854318
2024-12-17,300737.SZ,-0.037527855,-0.00958845
2024-12-18,300737.SZ,-0.014981554,-0.005995257
2024-12-19,300737.SZ,-0.024552697,-0.004348185
2024-12-20,300737.SZ,-0.00938974,-0.005892318
2024-12-23,300737.SZ,-0.009643276,-0.010325637
2024-12-24,300737.SZ,-0.03107046,-0.011798951
2024-12-25,300737.SZ,-0.0825616,-0.014398447
2024-12-26,300737.SZ,-0.10684877,-0.018031342
2024-12-27,300737.SZ,-0.120144315,-0.019143747
2024-12-30,300737.SZ,-0.07440617,-0.020196194
2024-12-31,300737.SZ,-0.06730368,-0.019614346
2025-01-02,300737.SZ,-0.035457313,-0.017961357
2025-01-03,300737.SZ,-0.034635495,-0.012990758
2025-01-06,300737.SZ,0.0,-0.004330039
2025-01-07,300737.SZ,0.0,0.0026574451
2025-01-08,300737.SZ,0.0,-0.0008126988
2025-01-09,300737.SZ,0.0,-0.0013851946
2024-11-07,300800.SZ,-0.03405347,-0.003465889
2024-11-08,300800.SZ,-0.040637646,-0.007868918
2024-11-11,300800.SZ,-0.07880944,-0.010653445
2024-11-12,300800.SZ,-0.04005876,-0.012050375
2024-11-13,300800.SZ,-0.015011319,-0.012185934
2024-11-14,300800.SZ,0.023424495,-0.0104787825
2024-11-15,300800.SZ,-0.009259325,-0.006318355
2024-11-18,300800.SZ,0.048745282,-0.003716483
2024-11-19,300800.SZ,-0.007292649,0.0016782656
2024-11-20,300800.SZ,-0.017048417,-0.00330541
2024-11-21,300800.SZ,0.0070985216,-0.006793044
2024-11-22,300800.SZ,0.058707602,-0.008108164
2024-11-25,300800.SZ,0.03267399,-0.004587917
2024-11-26,300800.SZ,0.052573353,-0.003996071
2024-11-27,300800.SZ,0.017048417,-0.0026794374
2024-11-28,300800.SZ,0.03390155,-0.0015729762
2024-11-29,300800.SZ,0.01825344,-0.0018800255
2024-12-02,300800.SZ,0.013805224,-0.0035337824
2024-12-03,300800.SZ,0.024861975,-0.0049371873
2024-12-04,300800.SZ,0.07289982,-0.0055609257
2024-12-05,300800.SZ,0.041027103,-0.0042441543
2024-12-06,300800.SZ,0.022989519,-0.006203842
2024-12-09,300800.SZ,0.011925184,-0.006376537
2024-12-10,300800.SZ,-0.044143904,-0.006722747
2024-12-11,300800.SZ,-0.060521238,-0.0077453027
2024-12-12,300800.SZ,-0.06524974,-0.009254813
2024-12-13,300800.SZ,-0.011003073,-0.0106765255
2024-12-16,300800.SZ,-0.0683278,-0.010627904
2024-12-17,300800.SZ,-0.019661045,-0.010510031
2024-12-18,300800.SZ,-0.060679544,-0.0077707837
2024-12-19,300800.SZ,-0.048439965,-0.0066940165
2024-12-20,300800.SZ,-0.06960096,-0.00850134
2024-12-23,300800.SZ,-0.021999054,-0.012553384
2024-12-24,300800.SZ,-0.06045541,-0.010501429
2024-12-25,300800.SZ,-0.06261072,-0.008204899
2024-12-26,300800.SZ,-0.124122016,-0.004462715
2024-12-27,300800.SZ,-0.14506796,-0.0066173184
2024-12-30,300800.SZ,-0.10032738,-0.009707305
2024-12-31,300800.SZ,-0.07669262,-0.010275134
2025-01-02,300800.SZ,-0.029250698,-0.0074234437
2025-01-03,300800.SZ,-0.01256561,0.0013171876
2025-01-06,300800.SZ,0.0,0.017514708
2025-01-07,300800.SZ,0.0,0.02942253
2025-01-08,300800.SZ,0.0,0.017550046
2025-01-09,300800.SZ,0.0,0.0071934634
2024-11-07,300820.SZ,0.13479422,0.0022012473
2024-11-08,300820.SZ,0.070278294,0.0011405569
2024-11-12,300820.SZ,-0.09686012,-0.0067096185
2024-11-13,300820.SZ,-0.06702785,-0.008629039
2024-11-14,300820.SZ,-0.016156528,-0.008642057
2024-11-15,300820.SZ,-0.026504403,-0.0051448587
2024-11-18,300820.SZ,-0.051704146,-0.0032790469
2024-11-19,300820.SZ,-0.06371361,-0.0036668119
2024-11-20,300820.SZ,-0.03197127,-0.0044482923
2024-11-21,300820.SZ,-0.019358207,-0.004676533
2024-11-22,300820.SZ,0.06673728,-0.004936194
2024-11-25,300820.SZ,0.11831889,-0.0032559747
2024-11-26,300820.SZ,0.1550926,-0.00086230226
2024-11-27,300820.SZ,0.086967945,-0.0004846193
2024-11-28,300820.SZ,0.10779657,-0.0015107145
2024-11-29,300820.SZ,0.05518753,-0.0014100639
2024-12-02,300820.SZ,-0.00796817,-0.0020272434
2024-12-03,300820.SZ,-0.052821178,-0.005034978
2024-12-04,300820.SZ,-0.028102625,-0.0068243146
2024-12-05,300820.SZ,-0.047548506,-0.005085746
2024-12-06,300820.SZ,-0.06774525,-0.004097518
2024-12-09,300820.SZ,-0.09211529,-0.001321728
2024-12-10,300820.SZ,-0.1062014,0.0020690963
2024-12-11,300820.SZ,-0.09261112,0.0025303776
2024-12-12,300820.SZ,-0.084231704,0.0026195496
2024-12-13,300820.SZ,-0.00084281503,0.0005997357
2024-12-16,300820.SZ,-0.003691014,0.0015850073
2024-12-17,300820.SZ,0.02701674,0.006534059
2024-12-18,300820.SZ,0.0043033957,0.00858171
2024-12-19,300820.SZ,0.033623934,0.008790543
2024-12-20,300820.SZ,-0.027352132,0.0071997377
2024-12-23,300820.SZ,0.021427525,0.0046193004
2024-12-24,300820.SZ,-0.038175963,0.007284899
2024-12-25,300820.SZ,-0.042769678,0.005855259
2024-12-26,300820.SZ,-0.13654628,0.0066767125
2024-12-27,300820.SZ,-0.12952852,0.0045013805
2024-12-30,300820.SZ,-0.1145566,0.004539314
2024-12-31,300820.SZ,-0.09924552,0.00487922
2025-01-02,300820.SZ,-0.037481796,0.009395889
2025-01-03,300820.SZ,-0.010463031,0.013301688
2025-01-06,300820.SZ,0.0,0.019078912
2025-01-07,300820.SZ,0.0,0.019102046
2025-01-08,300820.SZ,0.0,0.015371031
2025-01-09,300820.SZ,0.0,0.017431667
2024-11-07,300840.SZ,0.5074127,0.020509742
2024-11-08,300840.SZ,0.555799,0.016938142
2024-11-11,300840.SZ,0.54852945,0.011546026
2024-11-12,300840.SZ,0.42661104,0.008523013
2024-11-13,300840.SZ,0.46874657,0.008017474
2024-11-19,300840.SZ,-0.00979137,0.009022538
2024-11-22,300840.SZ,-0.07080413,0.010147956
2024-11-25,300840.SZ,-0.003802286,0.006438089
2024-11-27,300840.SZ,0.07484528,0.0020548252
2024-11-28,300840.SZ,0.08052638,-0.0030461021
2024-11-29,300840.SZ,0.30399063,-0.007796341
2024-12-02,300840.SZ,0.26090288,-0.010127633
2024-12-03,300840.SZ,0.2250465,-0.011634828
2024-12-04,300840.SZ,0.32517022,-0.013278823
2024-12-05,300840.SZ,0.22892949,-0.012292729
2024-12-09,300840.SZ,-0.16227171,-0.012429503
2024-12-10,300840.SZ,-0.15119064,-0.012129807
2024-12-11,300840.SZ,-0.16319014,-0.011056152
2024-12-12,300840.SZ,-0.18254016,-0.010064066
2024-12-13,300840.SZ,-0.22170228,-0.009509031
2024-12-17,300840.SZ,-0.014942546,-0.008387008
2024-12-18,300840.SZ,-0.06211999,-0.006258644
2024-12-19,300840.SZ,-0.109147646,-0.005176803
2024-12-20,300840.SZ,-0.15378636,-0.0049442556
2024-12-23,300840.SZ,-0.073185176,-0.00603552
2024-12-24,300840.SZ,-0.09066769,-0.0044494644
2024-12-25,300840.SZ,-0.0068728793,-0.0046905302
2024-12-26,300840.SZ,-0.14768139,-0.002855137
2024-12-27,300840.SZ,0.014177453,-0.0019090958
2024-12-30,300840.SZ,0.018424267,-0.0017683372
2024-12-31,300840.SZ,-0.03507348,-0.0018131742
2025-01-02,300840.SZ,0.0,-0.004168657
2025-01-06,300840.SZ,0.0,-0.0047901054
2025-01-08,300840.SZ,0.0,-0.0036679755
2025-01-09,300840.SZ,0.0,-0.00465841
2024-11-07,300922.SZ,-0.024399083,-0.0015976569
2024-11-08,300922.SZ,-0.0828059,-0.0010031937
2024-11-11,300922.SZ,-0.13470994,-0.004194982
2024-11-12,300922.SZ,-0.07778214,-0.009651101
2024-11-13,300922.SZ,-0.047419988,-0.010178308
2024-11-14,300922.SZ,-0.00063351286,-0.008991048
2024-11-15,300922.SZ,0.0453897,-0.0066746133
2024-11-18,300922.SZ,0.056334473,-0.003591125
2024-11-19,300922.SZ,-0.010491899,0.0017570518
2024-11-20,300922.SZ,-0.0044828765,-0.0051248507
2024-11-21,300922.SZ,-0.01790329,-0.008965901
2024-11-22,300922.SZ,-0.024676988,-0.0113960905
2024-11-25,300922.SZ,0.024537249,-0.012590058
2024-11-26,300922.SZ,0.0613611,-0.0111818435
2024-11-27,300922.SZ,0.044563383,-0.0077119037
2024-11-28,300922.SZ,0.060093172,-0.0050701555
2024-11-29,300922.SZ,0.045092173,-0.0033258398
2024-12-02,300922.SZ,0.009279374,-0.004139611
2024-12-03,300922.SZ,0.011097524,-0.004953139
2024-12-04,300922.SZ,0.004287909,-0.005305955
2024-12-05,300922.SZ,0.004848494,-0.005412595
2024-12-06,300922.SZ,-0.019165965,-0.0052853688
2024-12-09,300922.SZ,-0.014888613,-0.0048109815
2024-12-10,300922.SZ,-0.06851125,-0.0035207036
2024-12-11,300922.SZ,-0.077499084,-0.0035453632
2024-12-12,300922.SZ,-0.08976332,-0.00411035
2024-12-13,300922.SZ,-0.038172573,-0.005935995
2024-12-16,300922.SZ,-0.092938,-0.00598173
2024-12-17,300922.SZ,-0.033380937,-0.0073444475
2024-12-18,300922.SZ,-0.05428741,-0.0034191317
2024-12-19,300922.SZ,-0.026811257,-0.001618453
2024-12-20,300922.SZ,-0.030954069,-0.0024880953
2024-12-23,300922.SZ,0.01091416,-0.006952668
2024-12-24,300922.SZ,-0.026136288,-0.003705106
2024-12-25,300922.SZ,-0.03983457,-0.0038746346
2024-12-26,300922.SZ,-0.12811132,-0.0024223353
2024-12-27,300922.SZ,-0.1420723,-0.0032995797
2024-12-30,300922.SZ,-0.093818754,-0.0056371926
2024-12-31,300922.SZ,-0.074483275,-0.0057136244
2025-01-02,300922.SZ,-0.021269595,-0.0037124779
2025-01-03,300922.SZ,0.0046225046,0.0016482522
2025-01-06,300922.SZ,0.0,0.024272293
2025-01-07,300922.SZ,0.0,0.037505988
2025-01-08,300922.SZ,0.0,0.029052852
2025-01-09,300922.SZ,0.0,0.02445423
2024-11-07,300989.SZ,-0.008626941,0.014560367
2024-11-08,300989.SZ,0.014482512,0.009254101
2024-11-11,300989.SZ,0.00071968336,0.008348007
2024-11-12,300989.SZ,0.001427552,0.009628126
2024-11-13,300989.SZ,0.025229089,0.009567807
2024-11-14,300989.SZ,0.06566604,0.0098521905
2024-11-15,300989.SZ,0.0035880913,0.010320736
2024-11-18,300989.SZ,0.009309054,0.010222357
2024-11-19,300989.SZ,-0.012199649,0.011813625
2024-11-20,300989.SZ,-0.027360529,0.009576748
2024-11-21,300989.SZ,-0.03089844,0.00562609
2024-11-22,300989.SZ,0.029642254,0.001477799
2024-11-25,300989.SZ,0.0439248,0.0047761933
2024-11-26,300989.SZ,0.08176297,0.008545649
2024-11-27,300989.SZ,0.04178881,0.008557636
2024-11-28,300989.SZ,0.048325155,0.006322847
2024-11-29,300989.SZ,0.024726534,0.004039354
2024-12-02,300989.SZ,0.053133346,-0.0023125664
2024-12-03,300989.SZ,0.03014645,-0.006700263
2024-12-04,300989.SZ,0.07425413,-0.011154145
2024-12-05,300989.SZ,0.06806221,-0.010447306
2024-12-06,300989.SZ,0.08452071,-0.011558574
2024-12-09,300989.SZ,0.014129972,-0.0086147925
2024-12-10,300989.SZ,-0.022194123,-0.008173668
2024-12-11,300989.SZ,-0.021120785,-0.007498037
2024-12-12,300989.SZ,-0.020696882,-0.0076655527
2024-12-13,300989.SZ,0.016692813,-0.007606335
2024-12-16,300989.SZ,-0.008325377,-0.006579106
2024-12-17,300989.SZ,0.018313134,-0.0045571164
2024-12-18,300989.SZ,-0.007792247,0.0006603015
2024-12-19,300989.SZ,0.0018993358,0.0032489307
2024-12-20,300989.SZ,-0.03176848,0.0017726049
2024-12-23,300989.SZ,0.017214324,-0.0036752205
2024-12-24,300989.SZ,0.026855834,-0.0024936486
2024-12-25,300989.SZ,-0.00065210304,0.0004866595
2024-12-26,300989.SZ,-0.07007776,0.0020507083
2024-12-27,300989.SZ,-0.043330412,0.0010885509
2024-12-30,300989.SZ,0.0119385645,0.00014827897
2024-12-31,300989.SZ,0.03715598,0.00038646162
2025-01-02,300989.SZ,0.06868841,0.0003973792
2025-01-03,300989.SZ,0.06245868,0.002858594
2025-01-06,300989.SZ,0.0,0.008957717
2025-01-07,300989.SZ,0.0,0.019772556
2025-01-08,300989.SZ,0.0,0.014467043
2025-01-09,300989.SZ,0.0,0.011045053
2024-11-07,301023.SZ,0.060289092,-0.0014156556
2024-11-08,301023.SZ,-0.066101305,-0.0017477479
2024-11-11,301023.SZ,-0.14608485,-0.00839056
2024-11-12,301023.SZ,-0.07128821,-0.01488896
2024-11-13,301023.SZ,-0.033541128,-0.015526488
2024-11-14,301023.SZ,-0.02930888,-0.012789865
2024-11-15,301023.SZ,-0.06604109,-0.008677469
2024-11-18,301023.SZ,-0.04649143,-0.0044780527
2024-11-19,301023.SZ,-0.12564571,0.0026222263
2024-11-20,301023.SZ,-0.11964871,0.002335829
2024-11-21,301023.SZ,-0.112482525,0.0016582413
2024-11-22,301023.SZ,0.045818742,0.0024082393
2024-11-25,301023.SZ,0.09359344,0.008339374
2024-11-26,301023.SZ,0.10525254,0.012713119
2024-11-27,301023.SZ,0.06820825,0.015077301
2024-11-28,301023.SZ,0.093232654,0.012585717
2024-11-29,301023.SZ,0.030563308,0.010549041
2024-12-02,301023.SZ,0.0598382,0.004402585
2024-12-03,301023.SZ,0.084562644,-0.00087049854
2024-12-04,301023.SZ,0.07301408,-0.00042191707
2024-12-05,301023.SZ,0.041684598,0.00020017165
2024-12-06,301023.SZ,-0.018070465,0.00043056844
2024-12-09,301023.SZ,-0.097182095,0.00065185566
2024-12-10,301023.SZ,-0.15043668,-0.0021745916
2024-12-11,301023.SZ,-0.11448222,-0.005964255
2024-12-12,301023.SZ,-0.06329644,-0.0072355014
2024-12-13,301023.SZ,-0.0166263,-0.007218052
2024-12-16,301023.SZ,-0.035912674,-0.006242072
2024-12-17,301023.SZ,0.047632877,-0.005749185
2024-12-18,301023.SZ,0.0040824716,-0.002483423
2024-12-19,301023.SZ,-0.0033820781,-0.0021668386
2024-12-20,301023.SZ,-0.017910926,-0.0040366915
2024-12-23,301023.SZ,0.007571918,-0.006166851
2024-12-24,301023.SZ,-0.0679754,-0.0035145432
2024-12-25,301023.SZ,-0.07550356,-0.0041718483
2024-12-26,301023.SZ,-0.12598719,-0.0019061299
2024-12-27,301023.SZ,-0.12405265,-0.001814669
2024-12-30,301023.SZ,-0.080416545,8.53998e-05
2024-12-31,301023.SZ,-0.028582584,0.0013746601
2025-01-02,301023.SZ,0.033484064,0.003230868
2025-01-03,301023.SZ,0.05368645,0.006703784
2025-01-06,301023.SZ,0.0,0.010165816
2025-01-07,301023.SZ,0.0,0.01108969
2025-01-08,301023.SZ,0.0,0.006921628
2025-01-09,301023.SZ,0.0,0.005200785
2024-11-07,301105.SZ,-0.012214874,0.0032473232
2024-11-08,301105.SZ,-0.027860565,0.0029540926
2024-11-11,301105.SZ,-0.08378803,0.0032849417
2024-11-12,301105.SZ,-0.041046318,0.0026380944
2024-11-13,301105.SZ,-0.01856859,0.0038939826
2024-11-14,301105.SZ,0.0074110217,0.0021163535
2024-11-15,301105.SZ,-0.024947245,0.0047998424
2024-11-18,301105.SZ,0.030360965,0.007996271
2024-11-19,301105.SZ,-0.005624498,0.013597445
2024-11-20,301105.SZ,-0.034909815,0.010642576
2024-11-21,301105.SZ,-0.0155292675,0.0071673603
2024-11-22,301105.SZ,0.05408495,0.0055239964
2024-11-25,301105.SZ,0.049369,0.007982077
2024-11-26,301105.SZ,0.05957016,0.0066774455
2024-11-27,301105.SZ,0.03713098,0.0057072244
2024-11-28,301105.SZ,0.046193913,0.0040191673
2024-11-29,301105.SZ,0.029242769,0.0024018735
2024-12-02,301105.SZ,0.015518623,-0.00013796613
2024-12-03,301105.SZ,0.0034326762,-0.0020910706
2024-12-04,301105.SZ,0.021944454,-0.0032831281
2024-12-05,301105.SZ,0.024297673,-0.0041967495
2024-12-06,301105.SZ,0.019638557,-0.005171357
2024-12-09,301105.SZ,-0.00617858,-0.006470583
2024-12-10,301105.SZ,-0.055071533,-0.0067977426
2024-12-11,301105.SZ,-0.06105107,-0.0059279427
2024-12-12,301105.SZ,-0.07016559,-0.006596589
2024-12-13,301105.SZ,-0.041252553,-0.008479897
2024-12-16,301105.SZ,-0.09689184,-0.0096601145
2024-12-17,301105.SZ,-0.0273624,-0.010266299
2024-12-18,301105.SZ,-0.045861036,-0.0055434178
2024-12-19,301105.SZ,-0.026756344,-0.003509783
2024-12-20,301105.SZ,-0.015637785,-0.0047186334
2024-12-23,301105.SZ,0.02061232,-0.0090745585
2024-12-24,301105.SZ,-0.061386075,-0.004216705
2024-12-25,301105.SZ,-0.059719235,-0.003442198
2024-12-26,301105.SZ,-0.1399126,-0.001978793
2024-12-27,301105.SZ,-0.1962489,-0.0046337
2024-12-30,301105.SZ,-0.12752937,-0.008534242
2024-12-31,301105.SZ,-0.058895003,-0.009627116
2025-01-02,301105.SZ,-0.040745683,-0.0066657015
2025-01-03,301105.SZ,-0.024557851,-0.0027343433
2025-01-06,301105.SZ,0.0,0.010681469
2025-01-07,301105.SZ,0.0,0.025199577
2025-01-08,301105.SZ,0.0,0.019211255
2025-01-09,301105.SZ,0.0,0.015298215
2024-11-07,301115.SZ,-0.014755466,-0.008023558
2024-11-08,301115.SZ,-0.025009753,-0.010055025
2024-11-11,301115.SZ,-0.056618895,-0.012588573
2024-11-12,301115.SZ,-0.026775362,-0.013518006
2024-11-13,301115.SZ,-0.01923774,-0.013886032
2024-11-14,301115.SZ,0.014755466,-0.012867342
2024-11-15,301115.SZ,-0.006868159,-0.011025232
2024-11-18,301115.SZ,0.023981964,-0.009058653
2024-11-19,301115.SZ,-0.009543358,-0.007300831
2024-11-20,301115.SZ,-0.014165498,-0.007166164
2024-11-21,301115.SZ,-0.0053404667,-0.007924312
2024-11-22,301115.SZ,0.03454458,-0.009135454
2024-11-25,301115.SZ,0.024081431,-0.00831764
2024-11-26,301115.SZ,0.035658,-0.0077526835
2024-11-27,301115.SZ,0.077112,-0.008001339
2024-11-28,301115.SZ,0.05406722,-0.007766042
2024-11-29,301115.SZ,0.04618707,-0.0080600595
2024-12-02,301115.SZ,0.028666457,-0.00910229
2024-12-03,301115.SZ,0.024160497,-0.009617701
2024-12-04,301115.SZ,-0.018407375,-0.009802615
2024-12-05,301115.SZ,-0.001904158,-0.01333842
2024-12-06,301115.SZ,-0.025105922,-0.014665096
2024-12-09,301115.SZ,-0.0070899427,-0.013801262
2024-12-10,301115.SZ,-0.042166986,-0.011268556
2024-12-11,301115.SZ,-0.04520914,-0.0091745835
2024-12-12,301115.SZ,-0.052163064,-0.008467455
2024-12-13,301115.SZ,-0.010485024,-0.009467228
2024-12-16,301115.SZ,-0.06135257,-0.008591604
2024-12-17,301115.SZ,-0.021082046,-0.009634074
2024-12-18,301115.SZ,-0.042443056,-0.0068281465
2024-12-19,301115.SZ,-0.041686937,-0.0064226263
2024-12-20,301115.SZ,-0.05414042,-0.00771122
2024-12-23,301115.SZ,-0.01524631,-0.011179703
2024-12-24,301115.SZ,-0.039248206,-0.009372702
2024-12-25,301115.SZ,-0.035590947,-0.009466168
2024-12-26,301115.SZ,-0.074591205,-0.009188135
2024-12-27,301115.SZ,-0.06909222,-0.010004874
2024-12-30,301115.SZ,-0.056008894,-0.011662055
2024-12-31,301115.SZ,-0.038620465,-0.012420892
2025-01-02,301115.SZ,-0.025689486,-0.0111841755
2025-01-03,301115.SZ,-0.008305068,-0.008577591
2025-01-06,301115.SZ,0.0,-0.0034249362
2025-01-07,301115.SZ,0.0,-0.0019421516
2025-01-08,301115.SZ,0.0,-0.0029094226
2025-01-09,301115.SZ,0.0,-0.0030751924
2024-11-07,301120.SZ,-0.009049836,-0.0023991324
2024-11-08,301120.SZ,-0.030771658,-0.0048983325
2024-11-11,301120.SZ,-0.06757944,-0.0065095765
2024-11-12,301120.SZ,-0.016096927,-0.007602168
2024-11-13,301120.SZ,-0.0009685231,-0.0073826727
2024-11-14,301120.SZ,0.038637795,-0.008406519
2024-11-15,301120.SZ,0.014478019,-0.005376836
2024-11-18,301120.SZ,0.07841165,-0.00045075826
2024-11-19,301120.SZ,0.0050581796,0.0060349144
2024-11-20,301120.SZ,-0.024523053,0.0027248673
2024-11-21,301120.SZ,-0.029587958,-0.0006369657
2024-11-22,301120.SZ,0.04024688,-0.001396277
2024-11-25,301120.SZ,0.0039100735,0.0028089136
2024-11-26,301120.SZ,0.04247552,0.0046982747
2024-11-27,301120.SZ,0.004952957,0.00722963
2024-11-28,301120.SZ,0.035401925,0.00924169
2024-11-29,301120.SZ,0.01953187,0.010521967
2024-12-02,301120.SZ,0.0058365925,0.009436805
2024-12-03,301120.SZ,-0.011673285,0.008268492
2024-12-04,301120.SZ,0.03113092,0.0074573704
2024-12-05,301120.SZ,0.00096571713,0.0082234
2024-12-06,301120.SZ,-0.025466606,0.007516025
2024-12-09,301120.SZ,-0.03253121,0.006905639
2024-12-10,301120.SZ,-0.0511903,0.00681035
2024-12-11,301120.SZ,-0.05614473,0.0072014313
2024-12-12,301120.SZ,-0.04946607,0.0056505078
2024-12-13,301120.SZ,0.0,0.00377388
2024-12-16,301120.SZ,-0.062003326,0.0033871217
2024-12-17,301120.SZ,-0.023971966,0.002826852
2024-12-18,301120.SZ,-0.06704081,0.0037044554
2024-12-19,301120.SZ,-0.062782116,0.0009725879
2024-12-20,301120.SZ,0.0118344575,-0.0019561406
2024-12-23,301120.SZ,0.054964587,-0.007407501
2024-12-24,301120.SZ,0.011536573,-0.00479988
2024-12-25,301120.SZ,-0.05112224,-0.003172474
2024-12-26,301120.SZ,-0.025151681,0.0007700988
2024-12-30,301120.SZ,-0.043071255,0.0012212576
2024-12-31,301120.SZ,-0.033866756,-0.0024837349
2025-01-02,301120.SZ,-0.010482276,0.0020503737
2025-01-03,301120.SZ,-0.002283106,0.0130665405
2025-01-06,301120.SZ,0.0,0.038577527
2025-01-07,301120.SZ,0.0,0.04951778
2025-01-08,301120.SZ,0.0,0.03624588
2025-01-09,301120.SZ,0.0,0.02594626
2024-11-07,301312.SZ,0.07911472,-0.00091075775
2024-11-08,301312.SZ,0.03762701,-0.002374849
2024-11-11,301312.SZ,-0.00893661,-0.0064130384
2024-11-12,301312.SZ,0.004381377,-0.008725293
2024-11-13,301312.SZ,-0.053675495,-0.012992327
2024-11-14,301312.SZ,0.017895013,-0.01681476
2024-11-15,301312.SZ,-0.03762701,-0.013848952
2024-11-18,301312.SZ,-0.033880915,-0.010479852
2024-11-19,301312.SZ,-0.12066211,-0.007503824
2024-11-20,301312.SZ,-0.09269959,-0.008918921
2024-11-21,301312.SZ,-0.12912065,-0.008482423
2024-11-22,301312.SZ,-0.037403073,-0.008854516
2024-11-25,301312.SZ,-0.008704718,-0.004943382
2024-11-26,301312.SZ,0.03435895,-0.0013805063
2024-11-27,301312.SZ,-0.0023053556,0.0028343375
2024-11-28,301312.SZ,0.05024079,0.0030036857
2024-11-29,301312.SZ,0.0625781,0.0030536025
2024-12-02,301312.SZ,0.0197863,-0.0030042145
2024-12-03,301312.SZ,0.043388113,-0.0048686424
2024-12-04,301312.SZ,0.10431087,-0.0056084194
2024-12-05,301312.SZ,0.0552056,-0.005754257
2024-12-06,301312.SZ,0.010879348,-0.006750806
2024-12-09,301312.SZ,0.014586968,-0.007193856
2024-12-10,301312.SZ,-0.049832374,-0.0049684555
2024-12-11,301312.SZ,-0.07047926,-0.0050470605
2024-12-12,301312.SZ,-0.039406203,-0.006753897
2024-12-13,301312.SZ,0.0049062995,-0.0075169965
2024-12-16,301312.SZ,-0.024019066,-0.006986371
2024-12-17,301312.SZ,0.027562419,-0.006302579
2024-12-18,301312.SZ,0.02286043,-0.0036010465
2024-12-19,301312.SZ,0.04940244,-0.0036365849
2024-12-20,301312.SZ,0.012258155,-0.0038018476
2024-12-23,301312.SZ,0.06113347,-0.0072288546
2024-12-24,301312.SZ,-0.01409769,-0.0048850216
2024-12-25,301312.SZ,-0.08391618,-0.005720446
2024-12-26,301312.SZ,-0.15865584,-0.006019922
2024-12-27,301312.SZ,-0.17981069,-0.0076228715
2024-12-30,301312.SZ,-0.1591048,-0.0068865023
2024-12-31,301312.SZ,-0.12102904,-0.0058891005
2025-01-02,301312.SZ,-0.065948166,-0.0016308852
2025-01-03,301312.SZ,-0.07612749,0.004273952
2025-01-06,301312.SZ,0.0,0.019791627
2025-01-07,301312.SZ,0.0,0.030347833
2025-01-08,301312.SZ,0.0,0.026595503
2025-01-09,301312.SZ,0.0,0.026758289
2024-11-07,301459.SZ,-0.033561762,-0.005751256
2024-11-08,301459.SZ,-0.040658873,-0.0058428063
2024-11-11,301459.SZ,-0.0790422,-0.0063479394
2024-11-12,301459.SZ,-0.03901416,-0.0063083842
2024-11-13,301459.SZ,-0.04454708,-0.0049532815
2024-11-14,301459.SZ,-0.020110805,-0.004707745
2024-11-15,301459.SZ,-0.071841046,-0.0035729136
2024-11-18,301459.SZ,-0.012072581,-0.0023360022
2024-11-19,301459.SZ,-0.045439668,0.0012352451
2024-11-20,301459.SZ,-0.0450942,0.00046092024
2024-11-21,301459.SZ,-0.053395674,-0.00026216792
2024-11-22,301459.SZ,0.029708926,-0.0014617508
2024-11-25,301459.SZ,0.015815567,0.0026022375
2024-11-26,301459.SZ,0.024225257,0.0025666438
2024-11-27,301459.SZ,0.018682694,0.002198411
2024-11-28,301459.SZ,0.034844983,0.00047023036
2024-11-29,301459.SZ,-0.0065261275,-3.6774825e-05
2024-12-02,301459.SZ,-0.0072491257,-0.0016885027
2024-12-03,301459.SZ,-0.006252365,-0.003116763
2024-12-04,301459.SZ,-0.006776284,-0.0031398672
2024-12-05,301459.SZ,-0.004691946,-0.0022108483
2024-12-06,301459.SZ,0.07400004,-0.002506527
2024-12-09,301459.SZ,0.051581763,-0.0021926034
2024-12-10,301459.SZ,-0.0045260326,-0.0019894734
2024-12-11,301459.SZ,0.04961725,-0.0028530285
2024-12-12,301459.SZ,0.053024467,-0.0033066894
2024-12-13,301459.SZ,0.008615725,-0.0044641397
2024-12-16,301459.SZ,-0.008134016,-0.00914169
2024-12-17,301459.SZ,0.05943796,-0.010349932
2024-12-18,301459.SZ,-0.02278334,-0.0057809423
2024-12-19,301459.SZ,-0.020873623,-0.0046566674
2024-12-20,301459.SZ,-0.007680708,-0.003746255
2024-12-23,301459.SZ,0.019505851,-0.005563567
2024-12-24,301459.SZ,-0.038736384,-0.0028333392
2024-12-25,301459.SZ,-0.028850546,-0.0019811809
2024-12-26,301459.SZ,-0.10344481,0.0006607324
2024-12-27,301459.SZ,-0.14292113,-4.0364142e-05
2024-12-30,301459.SZ,-0.10758784,-0.0026987463
2024-12-31,301459.SZ,-0.05271045,-0.0032965185
2025-01-02,301459.SZ,-0.024005238,-0.0014290521
2025-01-03,301459.SZ,0.028820438,0.0009141192
2025-01-06,301459.SZ,0.0,0.009314426
2025-01-07,301459.SZ,0.0,0.013904714
2025-01-08,301459.SZ,0.0,0.0092232535
2025-01-09,301459.SZ,0.0,0.005634488
2024-11-07,600010.SH,-0.08317751,0.005206742
2024-11-08,600010.SH,-0.14660348,0.0026359155
2024-11-11,600010.SH,-0.11778303,0.0019605728
2024-11-12,600010.SH,-0.07522342,0.00071115355
2024-11-13,600010.SH,-0.064860635,-0.00015650193
2024-11-14,600010.SH,-0.020619288,-0.00017950933
2024-11-15,600010.SH,0.020834086,7.536107e-05
2024-11-18,600010.SH,0.035809454,0.0014403649
2024-11-19,600010.SH,0.020619288,0.0024079923
2024-11-20,600010.SH,-0.00516797,0.0035765506
2024-11-21,600010.SH,0.0051948167,0.0045223585
2024-11-22,600010.SH,-0.010362787,0.0060140546
2024-11-25,600010.SH,-0.005037794,0.0063580275
2024-11-26,600010.SH,0.0050890697,0.005757138
2024-11-27,600010.SH,0.02051354,0.0071255453
2024-11-28,600010.SH,0.02051354,0.009104755
2024-11-29,600010.SH,0.06551461,0.009841695
2024-12-02,600010.SH,0.024938948,0.011644884
2024-12-03,600010.SH,0.0639038,0.010532059
2024-12-04,600010.SH,0.0686544,0.011120789
2024-12-05,600010.SH,0.04467244,0.012030183
2024-12-06,600010.SH,-0.01970507,0.011902765
2024-12-09,600010.SH,-0.024938948,0.00908721
2024-12-10,600010.SH,-0.074107975,0.009036597
2024-12-11,600010.SH,-0.0635911,0.007082297
2024-12-12,600010.SH,-0.04976151,0.005374921
2024-12-13,600010.SH,-0.03030535,0.0045614764
2024-12-16,600010.SH,-0.041242957,0.004394787
2024-12-17,600010.SH,-0.015504187,0.0052379803
2024-12-18,600010.SH,-0.046520017,0.0067069246
2024-12-19,600010.SH,-0.036367644,0.007359957
2024-12-20,600010.SH,-0.015504187,0.008744554
2024-12-23,600010.SH,0.0,0.011065823
2024-12-24,600010.SH,-0.031748697,0.014481465
2024-12-25,600010.SH,-0.043249983,0.014483426
2024-12-26,600010.SH,-0.059963465,0.016433144
2024-12-27,600010.SH,-0.06453852,0.016743848
2024-12-30,600010.SH,-0.037537917,0.016671764
2024-12-31,600010.SH,-0.032789823,0.018098636
2025-01-02,600010.SH,-0.011111225,0.01942399
2025-01-03,600010.SH,-0.0056338175,0.020972734
2025-01-06,600010.SH,0.0,0.0220874
2025-01-07,600010.SH,0.0,0.022717396
2025-01-08,600010.SH,0.0,0.020541085
2025-01-09,600010.SH,0.0,0.021486418
2024-11-07,600011.SH,-0.019231362,0.00040754364
2024-11-08,600011.SH,-0.027702602,-0.00059500645
2024-11-11,600011.SH,-0.01784536,-0.0015640681
2024-11-12,600011.SH,-0.023628619,-0.0018385506
2024-11-13,600011.SH,-0.019337619,-0.0020023503
2024-11-14,600011.SH,-0.0013879252,-0.0020955198
2024-11-15,600011.SH,-0.018427169,-0.0019524843
2024-11-18,600011.SH,-0.042439185,-0.0013719021
2024-11-19,600011.SH,-0.032883592,-0.0014960481
2024-11-20,600011.SH,-0.029726181,-0.0011039898
2024-11-21,600011.SH,-0.042559616,-0.0013917591
2024-11-22,600011.SH,-0.0028653315,-0.0014989953
2024-11-25,600011.SH,0.020029282,-0.000117655225
2024-11-26,600011.SH,0.031476133,0.0009042018
2024-11-27,600011.SH,0.018505866,0.0007693463
2024-11-28,600011.SH,0.022923639,-1.5515214e-05
2024-11-29,600011.SH,0.022696009,-0.00022187519
2024-12-02,600011.SH,0.01824612,-0.0007858879
2024-12-03,600011.SH,0.0014074597,-0.0011935668
2024-12-04,600011.SH,0.005625894,-0.0012242267
2024-12-05,600011.SH,0.012667305,-0.0010611415
2024-12-06,600011.SH,-0.018401084,-0.0007130243
2024-12-09,600011.SH,-0.0069783954,-0.0009551663
2024-12-10,600011.SH,-0.008474627,-0.0009976625
2024-12-11,600011.SH,0.0028011224,-0.000490129
2024-12-12,600011.SH,-0.016925652,7.0643924e-05
2024-12-13,600011.SH,-0.015839064,-1.1803582e-05
2024-12-16,600011.SH,-0.02409755,0.00074354187
2024-12-17,600011.SH,-0.0056899157,0.0007520287
2024-12-18,600011.SH,-0.026932882,0.0009703245
2024-12-19,600011.SH,-0.034735765,0.0012336442
2024-12-20,600011.SH,-0.0029069788,0.0022896759
2024-12-23,600011.SH,-0.018827492,0.0027763278
2024-12-24,600011.SH,-0.034836613,0.0026176192
2024-12-25,600011.SH,-0.059188873,0.0023278936
2024-12-26,600011.SH,-0.031416196,0.0024986502
2024-12-27,600011.SH,-0.0461735,0.0032985185
2024-12-30,600011.SH,-0.046380788,0.003421561
2024-12-31,600011.SH,-0.036094144,0.0036787018
2025-01-02,600011.SH,-0.023131331,0.0040689646
2025-01-03,600011.SH,-0.054658413,0.0055503305
2025-01-06,600011.SH,0.0,0.005861975
2025-01-07,600011.SH,0.0,0.005997957
2025-01-08,600011.SH,0.0,0.0059392783
2025-01-09,600011.SH,0.0,0.005501175
2024-11-07,600021.SH,-0.021718524,-0.0053384267
2024-11-08,600021.SH,-0.053637482,-0.007039189
2024-11-11,600021.SH,-0.05134395,-0.008492684
2024-11-12,600021.SH,-0.030710684,-0.007922602
2024-11-13,600021.SH,-0.042601787,-0.0072820038
2024-11-14,600021.SH,-0.012048339,-0.0064236764
2024-11-15,600021.SH,-0.03319807,-0.00442763
2024-11-18,600021.SH,-0.043485112,-0.0023040466
2024-11-19,600021.SH,-0.054794066,-0.0017591286
2024-11-20,600021.SH,-0.040273897,-0.002230392
2024-11-21,600021.SH,-0.047578778,-0.0020451453
2024-11-22,600021.SH,-0.0010554091,-0.0021201253
2024-11-25,600021.SH,0.006329135,0.0006706535
2024-11-26,600021.SH,0.019990144,0.0015618205
2024-11-27,600021.SH,0.001053186,0.0009027614
2024-11-28,600021.SH,0.0021164028,-0.00016285914
2024-11-29,600021.SH,0.010504298,-0.0007115162
2024-12-02,600021.SH,0.006289329,-0.0015440695
2024-12-03,600021.SH,-0.012578783,-0.0020207036
2024-12-04,600021.SH,0.008385793,-0.0023425817
2024-12-05,600021.SH,0.012605209,-0.0018372735
2024-12-06,600021.SH,-0.012618464,-0.0012772599
2024-12-09,600021.SH,-0.004188488,-0.0018282576
2024-12-10,600021.SH,0.01569891,-0.0019938045
2024-12-11,600021.SH,0.020661892,-0.0012470105
2024-12-12,600021.SH,-0.01790464,-0.0012175422
2024-12-13,600021.SH,-0.019231362,-0.0015949724
2024-12-16,600021.SH,-0.03850743,-0.00064728595
2024-12-17,600021.SH,-0.028437935,1.0512148e-05
2024-12-18,600021.SH,-0.048176855,0.00013691995
2024-12-19,600021.SH,-0.018231068,-0.000633413
2024-12-20,600021.SH,0.010729717,0.0008071183
2024-12-23,600021.SH,0.02157581,0.00083733536
2024-12-24,600021.SH,-0.020508004,0.0014376579
2024-12-25,600021.SH,-0.040509097,0.00034650663
2024-12-26,600021.SH,-0.047654446,-0.00041650422
2024-12-27,600021.SH,-0.052586045,-0.000532737
2024-12-30,600021.SH,-0.061625656,-0.0015364891
2024-12-31,600021.SH,-0.04346088,-0.0016865866
2025-01-02,600021.SH,-0.030632004,-0.00029448234
2025-01-03,600021.SH,-0.031126432,0.0020717408
2025-01-06,600021.SH,0.0,0.0037642587
2025-01-07,600021.SH,0.0,0.0035039864
2025-01-08,600021.SH,0.0,0.0035072267
2025-01-09,600021.SH,0.0,0.0034316585
2024-11-07,600060.SH,0.057914518,0.0020559074
2024-11-08,600060.SH,-0.009216655,0.00020852592
2024-11-11,600060.SH,-0.035794802,-0.0020967275
2024-11-12,600060.SH,-0.0042623794,-0.0019467206
2024-11-13,600060.SH,-0.036131766,-0.0009970684
2024-11-14,600060.SH,-0.06262041,-0.0026499126
2024-11-15,600060.SH,-0.016336419,-0.0046687913
2024-11-18,600060.SH,-0.016658885,-0.0014742315
2024-11-19,600060.SH,-0.10499144,0.0057582487
2024-11-20,600060.SH,-0.100654624,0.0054911184
2024-11-21,600060.SH,-0.120144315,0.0045590955
2024-11-22,600060.SH,-0.09832649,0.0037276268
2024-11-25,600060.SH,-0.043935366,0.0027330082
2024-11-26,600060.SH,0.013092619,0.007272569
2024-11-27,600060.SH,-0.005754659,0.018047618
2024-11-28,600060.SH,0.016878039,0.018360922
2024-11-29,600060.SH,0.005695071,0.017829558
2024-12-02,600060.SH,-0.010900705,0.011647236
2024-12-03,600060.SH,0.023651488,0.0064364374
2024-12-04,600060.SH,0.053625304,0.004580464
2024-12-05,600060.SH,0.079398796,0.0028074856
2024-12-06,600060.SH,0.077935725,0.0014176829
2024-12-09,600060.SH,0.05285783,0.0004120817
2024-12-10,600060.SH,0.03446034,-3.0459836e-05
2024-12-11,600060.SH,0.026498117,-0.0014464594
2024-12-12,600060.SH,-0.0072727595,-0.0015686471
2024-12-13,600060.SH,-0.0023906298,-0.0015913099
2024-12-16,600060.SH,0.026863642,-0.0023026627
2024-12-17,600060.SH,0.056776516,-0.0012572389
2024-12-18,600060.SH,0.005312739,-0.00035799667
2024-12-19,600060.SH,0.015930822,-0.00072639127
2024-12-20,600060.SH,-0.035570133,-0.0010824719
2024-12-23,600060.SH,-0.030335007,-0.0025031145
2024-12-24,600060.SH,-0.078111984,-0.0040004756
2024-12-25,600060.SH,-0.052917164,-0.0068255477
2024-12-26,600060.SH,-0.063262194,-0.004931871
2024-12-27,600060.SH,-0.011474309,-0.004796529
2024-12-30,600060.SH,-0.0019890608,-0.0019941863
2024-12-31,600060.SH,0.041263223,-0.0005801997
2025-01-02,600060.SH,0.08000364,0.00047657514
2025-01-03,600060.SH,0.047817875,0.0022456602
2025-01-06,600060.SH,0.0,0.003550722
2025-01-07,600060.SH,0.0,0.002800022
2025-01-08,600060.SH,0.0,0.002283699
2025-01-09,600060.SH,0.0,0.0019072568
2024-11-07,600131.SH,0.014642811,0.0018660976
2024-11-08,600131.SH,-0.04601973,-0.00066548213
2024-11-11,600131.SH,-0.13347399,-0.0029212555
2024-11-12,600131.SH,-0.07584065,-0.0059770867
2024-11-13,600131.SH,-0.09642882,-0.003355693
2024-11-14,600131.SH,-0.08565197,-0.002747016
2024-11-15,600131.SH,-0.08733153,0.00046386477
2024-11-18,600131.SH,-0.041242957,0.003261133
2024-11-19,600131.SH,-0.065791406,0.0102255335
2024-11-20,600131.SH,-0.052902576,0.011262402
2024-11-21,600131.SH,-0.035074685,0.0073255184
2024-11-22,600131.SH,0.06507872,0.0046002106
2024-11-25,600131.SH,0.058088336,0.0055321627
2024-11-26,600131.SH,0.08709291,0.0034861292
2024-11-27,600131.SH,0.06152919,0.0035053575
2024-11-28,600131.SH,0.060369205,0.0012458665
2024-11-29,600131.SH,-0.0058677667,7.435462e-05
2024-12-02,600131.SH,-0.03211285,-0.0039533027
2024-12-03,600131.SH,0.008039347,-0.004129892
2024-12-04,600131.SH,-0.041538045,-0.0028344647
2024-12-05,600131.SH,-0.02203946,0.0005235197
2024-12-06,600131.SH,-0.06983394,0.001088482
2024-12-09,600131.SH,-0.063513406,0.0011150036
2024-12-10,600131.SH,-0.11439687,0.0020258806
2024-12-11,600131.SH,-0.05124369,-0.002555608
2024-12-12,600131.SH,-0.05046287,-0.0022063258
2024-12-13,600131.SH,-0.012210164,-0.0024601005
2024-12-16,600131.SH,-0.021592604,-0.00046001872
2024-12-17,600131.SH,0.0019930252,0.0005704093
2024-12-18,600131.SH,-0.03328598,0.0006768573
2024-12-19,600131.SH,-0.03629531,-0.000525726
2024-12-20,600131.SH,-0.03195479,-0.0025143612
2024-12-23,600131.SH,-0.008154989,-0.0039930386
2024-12-24,600131.SH,-0.060531296,-0.0023576713
2024-12-25,600131.SH,-0.0537254,-0.003655058
2024-12-26,600131.SH,-0.10003016,-0.0025061257
2024-12-27,600131.SH,-0.104740605,-0.0028945685
2024-12-30,600131.SH,-0.09326519,-0.0038667526
2024-12-31,600131.SH,-0.074067295,-0.0044843084
2025-01-02,600131.SH,-0.048222143,-0.0032797835
2025-01-03,600131.SH,-0.016930427,-0.0020798855
2025-01-06,600131.SH,0.0,0.001025267
2025-01-07,600131.SH,0.0,0.0011218911
2025-01-08,600131.SH,0.0,-0.0010512477
2025-01-09,600131.SH,0.0,-0.0017690534
2024-11-07,600336.SH,0.0076045995,-0.012369183
2024-11-08,600336.SH,-0.06328774,-0.011933095
2024-11-11,600336.SH,-0.17975776,-0.011506763
2024-11-12,600336.SH,-0.107130066,-0.012916118
2024-11-13,600336.SH,-0.10002005,-0.0112821115
2024-11-14,600336.SH,-0.058496207,-0.008789864
2024-11-15,600336.SH,-0.049190246,-0.0043150713
2024-11-18,600336.SH,-0.008415197,0.0040466166
2024-11-19,600336.SH,-0.036064934,0.010583808
2024-11-20,600336.SH,-0.043544292,0.0103434
2024-11-21,600336.SH,-0.034040045,0.0073669925
2024-11-22,600336.SH,0.024897551,0.004097911
2024-11-25,600336.SH,0.15736483,0.005748754
2024-11-26,600336.SH,0.12839818,0.0051055625
2024-11-27,600336.SH,0.16029114,0.0014612576
2024-11-28,600336.SH,0.13093106,-0.0030183296
2024-11-29,600336.SH,0.1074076,-0.007121963
2024-12-03,600336.SH,-0.023129454,-0.010211337
2024-12-04,600336.SH,0.014796818,-0.015134354
2024-12-05,600336.SH,-0.009523882,-0.015017862
2024-12-06,600336.SH,0.0180619,-0.015801398
2024-12-09,600336.SH,-0.0111043705,-0.014418393
2024-12-10,600336.SH,-0.036367644,-0.011606202
2024-12-11,600336.SH,-0.06838106,-0.00962786
2024-12-12,600336.SH,-0.105892286,-0.009514579
2024-12-13,600336.SH,-0.08462758,-0.009872995
2024-12-16,600336.SH,-0.07067809,-0.011718847
2024-12-17,600336.SH,-0.09085015,-0.0103353085
2024-12-18,600336.SH,-0.060788464,-0.0067784567
2024-12-19,600336.SH,-0.039327104,-0.002662411
2024-12-23,600336.SH,-0.09245711,-0.0007141617
2024-12-24,600336.SH,-0.10521258,0.008596213
2024-12-25,600336.SH,-0.072495505,0.0129853105
2024-12-26,600336.SH,-0.14192306,0.021401396
2024-12-27,600336.SH,-0.1585402,0.01720004
2024-12-30,600336.SH,-0.09246523,0.010426387
2024-12-31,600336.SH,-0.037683435,0.0066348016
2025-01-02,600336.SH,-0.013626251,0.007488266
2025-01-03,600336.SH,0.0016038496,0.008781966
2025-01-06,600336.SH,0.0,0.01784041
2025-01-07,600336.SH,0.0,0.01976461
2025-01-08,600336.SH,0.0,0.010780317
2025-01-09,600336.SH,0.0,0.0044854283
2024-11-07,600352.SH,-0.03714992,-0.0048793866
2024-11-08,600352.SH,-0.013725705,-0.005729227
2024-11-11,600352.SH,-0.005899722,-0.005502565
2024-11-12,600352.SH,0.009804,-0.0047353585
2024-11-13,600352.SH,0.017476173,-0.0044834483
2024-11-14,600352.SH,0.03714992,-0.004526745
2024-11-15,600352.SH,0.0,-0.0038627659
2024-11-18,600352.SH,0.009813622,-0.003950503
2024-11-19,600352.SH,-0.014742281,-0.0043263095
2024-11-20,600352.SH,-0.013566099,-0.0050985385
2024-11-21,600352.SH,-0.022320189,-0.005840035
2024-11-22,600352.SH,0.0009866799,-0.0059802574
2024-11-25,600352.SH,0.00097608595,-0.0038836338
2024-11-26,600352.SH,0.0059230183,-0.0032443523
2024-11-27,600352.SH,-0.007835495,-0.002660095
2024-11-28,600352.SH,0.008793413,-0.0029077728
2024-11-29,600352.SH,0.02339288,-0.0026474893
2024-12-02,600352.SH,0.0145281,-0.0022593979
2024-12-03,600352.SH,0.024308441,-0.0026778858
2024-12-04,600352.SH,0.048930623,-0.0023121238
2024-12-05,600352.SH,0.039108466,-0.0021956644
2024-12-06,600352.SH,0.028491955,-0.0023148805
2024-12-09,600352.SH,0.02563026,-0.002739507
2024-12-10,600352.SH,0.014306395,-0.0027711447
2024-12-11,600352.SH,-0.009407407,-0.0025248062
2024-12-12,600352.SH,-0.021750266,-0.0027063165
2024-12-13,600352.SH,-0.016997576,-0.0026928012
2024-12-16,600352.SH,-0.022749797,-0.0021074198
2024-12-17,600352.SH,-0.013346242,-0.0016103418
2024-12-18,600352.SH,-0.02101319,-0.000673481
2024-12-19,600352.SH,0.0028639638,-0.00023064825
2024-12-20,600352.SH,0.007590169,0.0005161415
2024-12-23,600352.SH,0.011439591,-0.0004212608
2024-12-24,600352.SH,-0.012554486,-0.0005842789
2024-12-25,600352.SH,-0.053531114,-0.0013691435
2024-12-26,600352.SH,-0.07110596,-0.0014522312
2024-12-27,600352.SH,-0.07862594,-0.002394487
2024-12-30,600352.SH,-0.09436276,-0.0032286204
2024-12-31,600352.SH,-0.07672783,-0.0024362348
2025-01-02,600352.SH,-0.03418251,-0.00010198541
2025-01-03,600352.SH,-0.02382298,0.003924498
2025-01-06,600352.SH,0.0,0.0061912243
2025-01-07,600352.SH,0.0,0.005919447
2025-01-08,600352.SH,0.0,0.006903136
2025-01-09,600352.SH,0.0,0.006900471
2024-11-07,600360.SH,0.08749764,0.002741099
2024-11-08,600360.SH,0.022771383,0.0011250252
2024-11-11,600360.SH,-0.07791213,-0.00075218827
2024-11-12,600360.SH,-0.13353139,-0.002056687
2024-11-13,600360.SH,-0.087989375,-0.0035702891
2024-11-14,600360.SH,-0.113114804,-0.0030903546
2024-11-15,600360.SH,-0.11100493,-0.0016536731
2024-11-18,600360.SH,-0.04238778,0.0004892868
2024-11-19,600360.SH,-0.006054509,0.0060316133
2024-11-20,600360.SH,-0.029793663,0.011796042
2024-11-21,600360.SH,-0.0019980026,0.009240117
2024-11-22,600360.SH,0.05307368,0.0048964233
2024-11-25,600360.SH,0.044362113,0.0092958035
2024-11-26,600360.SH,0.0040404093,0.008393531
2024-11-27,600360.SH,0.0,0.0018576771
2024-11-28,600360.SH,-0.012072581,-0.0004740587
2024-11-29,600360.SH,-0.016032407,-0.0020787586
2024-12-02,600360.SH,-0.036148515,-0.0036696394
2024-12-03,600360.SH,-0.016260521,-0.005433777
2024-12-04,600360.SH,-0.0040404093,-0.0057426468
2024-12-05,600360.SH,0.049368367,-0.004997196
2024-12-06,600360.SH,0.04541748,-0.006386204
2024-12-09,600360.SH,0.03811896,-0.00844326
2024-12-10,600360.SH,0.014242357,-0.0111012645
2024-12-11,600360.SH,0.0140705835,-0.012404514
2024-12-12,600360.SH,-0.045327958,-0.013436605
2024-12-13,600360.SH,-0.023438573,-0.01641103
2024-12-16,600360.SH,-0.05461418,-0.015727354
2024-12-17,600360.SH,-0.05182507,-0.012807327
2024-12-18,600360.SH,-0.08537961,-0.009170803
2024-12-19,600360.SH,-0.053843234,-0.00892445
2024-12-20,600360.SH,-0.054836072,-0.007644708
2024-12-23,600360.SH,-0.008350779,-0.009758397
2024-12-24,600360.SH,-0.025863511,-0.008239852
2024-12-25,600360.SH,-0.04900758,-0.0035239786
2024-12-26,600360.SH,-0.091275774,0.0025744133
2024-12-27,600360.SH,-0.11024368,-0.0028564688
2024-12-30,600360.SH,-0.087583296,-0.007754851
2024-12-31,600360.SH,-0.06308398,-0.010910091
2025-01-02,600360.SH,-0.01611082,-0.008772433
2025-01-03,600360.SH,-0.004672906,-0.0008428544
2025-01-06,600360.SH,0.0,0.0129641965
2025-01-07,600360.SH,0.0,0.015553206
2025-01-08,600360.SH,0.0,0.0042112838
2025-01-09,600360.SH,0.0,0.00020498037
2024-11-07,600420.SH,-0.020635653,-0.00747091
2024-11-08,600420.SH,-0.02413633,-0.010708985
2024-11-11,600420.SH,-0.022527099,-0.011472791
2024-11-12,600420.SH,-0.037114404,-0.010729969
2024-11-13,600420.SH,-0.014073728,-0.012649399
2024-11-14,600420.SH,0.01670019,-0.011681095
2024-11-15,600420.SH,-0.0147664705,-0.008566134
2024-11-18,600420.SH,-0.023879273,-0.005410827
2024-11-19,600420.SH,-0.031048246,-0.003767717
2024-11-20,600420.SH,-0.037710045,-0.0044093574
2024-11-21,600420.SH,-0.0551193,-0.006159875
2024-11-22,600420.SH,0.00658981,-0.006850226
2024-11-25,600420.SH,0.014067257,-0.004588539
2024-11-26,600420.SH,0.009909247,-0.0030580375
2024-11-27,600420.SH,-0.013168914,-0.0040178015
2024-11-28,600420.SH,0.0049875416,-0.005229859
2024-11-29,600420.SH,0.00817666,-0.0052973763
2024-12-02,600420.SH,0.012250051,-0.006373323
2024-12-03,600420.SH,0.0024620448,-0.00699427
2024-12-04,600420.SH,0.026973438,-0.0070957844
2024-12-05,600420.SH,0.05092009,-0.006867929
2024-12-06,600420.SH,-0.0016299922,-0.0068972404
2024-12-09,600420.SH,-0.017192401,-0.008234057
2024-12-10,600420.SH,-0.015696315,-0.008726125
2024-12-11,600420.SH,-0.031956837,-0.0079052895
2024-12-12,600420.SH,-0.052579843,-0.0077844695
2024-12-13,600420.SH,-0.021435281,-0.008896709
2024-12-16,600420.SH,-0.019175244,-0.0069856667
2024-12-17,600420.SH,0.009117344,-0.0047112606
2024-12-18,600420.SH,0.0058115562,-0.003336136
2024-12-19,600420.SH,-0.0008309099,-0.0037948675
2024-12-20,600420.SH,0.028749414,-0.004989588
2024-12-23,600420.SH,0.03311561,-0.008340933
2024-12-24,600420.SH,-0.0149628725,-0.009709459
2024-12-25,600420.SH,-0.03882344,-0.011673055
2024-12-26,600420.SH,-0.03898799,-0.012941241
2024-12-27,600420.SH,-0.043017384,-0.0131084295
2024-12-30,600420.SH,-0.065624885,-0.013308774
2024-12-31,600420.SH,-0.050676364,-0.011615497
2025-01-02,600420.SH,-0.045782644,-0.0075012655
2025-01-03,600420.SH,-0.048703738,-0.0022474825
2025-01-06,600420.SH,0.0,0.0013271353
2025-01-07,600420.SH,0.0,0.0018115373
2025-01-08,600420.SH,0.0,0.003423001
2025-01-09,600420.SH,0.0,0.0042317756
2024-11-07,600481.SH,-0.13625419,-0.0075152195
2024-11-11,600481.SH,-0.21317954,-0.011455969
2024-11-12,600481.SH,-0.14473885,-0.013342713
2024-11-13,600481.SH,-0.082665905,-0.013735954
2024-11-14,600481.SH,-0.02225847,-0.012758069
2024-11-15,600481.SH,0.045909703,-0.009567056
2024-11-18,600481.SH,0.059719235,-0.005887389
2024-11-19,600481.SH,0.016260521,-0.006665323
2024-11-20,600481.SH,0.070617564,-0.00859455
2024-11-22,600481.SH,0.11814024,-0.011204111
2024-11-25,600481.SH,0.12629372,-0.012318335
2024-11-26,600481.SH,0.09808776,-0.01281504
2024-11-27,600481.SH,0.054915756,-0.012485961
2024-11-28,600481.SH,0.0744326,-0.011953075
2024-11-29,600481.SH,-0.017291497,-0.015982104
2024-12-02,600481.SH,-0.028655255,-0.01898485
2024-12-03,600481.SH,-0.025130665,-0.019487021
2024-12-04,600481.SH,0.015151805,-0.01778667
2024-12-05,600481.SH,-0.06538276,-0.015399079
2024-12-06,600481.SH,-0.09603719,-0.016268494
2024-12-09,600481.SH,-0.11379391,-0.014430915
2024-12-10,600481.SH,-0.08755589,-0.011494025
2024-12-11,600481.SH,-0.09125825,-0.007823725
2024-12-12,600481.SH,-0.11272827,-0.005761504
2024-12-13,600481.SH,-0.04751098,-0.0051073474
2024-12-16,600481.SH,-0.06215266,0.0009242818
2024-12-17,600481.SH,-0.019802628,0.0048272633
2024-12-18,600481.SH,-0.021649472,0.0048196837
2024-12-19,600481.SH,0.019967385,0.0026882105
2024-12-20,600481.SH,-0.011814483,0.00026088953
2024-12-23,600481.SH,0.0,-0.004657854
2024-12-24,600481.SH,-0.087011375,-0.0056481827
2024-12-25,600481.SH,-0.12538764,-0.00698878
2024-12-26,600481.SH,-0.18199213,-0.0057552406
2024-12-27,600481.SH,-0.11884472,-0.0047020614
2024-12-30,600481.SH,-0.13328384,-0.0025325909
2024-12-31,600481.SH,-0.077470265,-0.00065425754
2025-01-02,600481.SH,-0.007662873,0.007844344
2025-01-03,600481.SH,0.0,0.021929115
2025-01-06,600481.SH,0.0,0.032578815
2025-01-07,600481.SH,0.0,0.033979725
2025-01-08,600481.SH,0.0,0.036200203
2024-11-07,600610.SH,-0.053567745,0.0031799953
2024-11-08,600610.SH,-0.10159104,0.0052325367
2024-11-11,600610.SH,-0.1602669,0.0052400976
2024-11-12,600610.SH,-0.11867153,0.0026043907
2024-11-13,600610.SH,-0.05769041,0.0009603898
2024-11-14,600610.SH,-0.0018993358,0.0018064063
2024-11-15,600610.SH,-0.015968403,0.0058084526
2024-11-18,600610.SH,0.049860775,0.010569469
2024-11-19,600610.SH,0.019802628,0.015070952
2024-11-20,600610.SH,-0.011560823,0.010045931
2024-11-21,600610.SH,-0.01532597,9.8587945e-05
2024-11-22,600610.SH,0.05290166,-0.006519199
2024-11-25,600610.SH,0.07494142,-0.0054555037
2024-11-26,600610.SH,0.09352606,-0.0047455826
2024-11-27,600610.SH,0.043608807,-0.0037062939
2024-11-28,600610.SH,0.09214617,-0.0031245176
2024-11-29,600610.SH,0.087647304,-0.0029749218
2024-12-02,600610.SH,0.017889565,-0.0038815911
2024-12-03,600610.SH,0.007117468,-0.0058132247
2024-12-04,600610.SH,0.050643735,-0.0059254603
2024-12-05,600610.SH,0.005267791,-0.003110706
2024-12-06,600610.SH,-0.039220713,-0.0012731446
2024-12-09,600610.SH,-0.028778965,0.00079858553
2024-12-10,600610.SH,-0.09868466,0.003652007
2024-12-11,600610.SH,-0.096192405,0.004941975
2024-12-12,600610.SH,-0.12481294,0.0047936942
2024-12-13,600610.SH,-0.103342354,0.002812953
2024-12-16,600610.SH,-0.20148206,0.002897341
2024-12-17,600610.SH,-0.16102356,0.0011996018
2024-12-18,600610.SH,-0.17342918,0.008724141
2024-12-19,600610.SH,-0.13126639,0.010592878
2024-12-20,600610.SH,-0.1358382,0.0103840055
2024-12-24,600610.SH,-0.057421055,0.0057679913
2024-12-25,600610.SH,-0.04466077,0.003238272
2024-12-26,600610.SH,-0.094386816,0.0047687492
2024-12-27,600610.SH,-0.11750027,0.0016396865
2024-12-30,600610.SH,-0.061924543,-0.0024729266
2024-12-31,600610.SH,-0.038558993,-0.00435722
2025-01-02,600610.SH,-0.016970104,-0.005535209
2025-01-03,600610.SH,-0.0025412973,-0.0043896176
2025-01-06,600610.SH,0.0,0.005588157
2025-01-07,600610.SH,0.0,0.014018846
2025-01-08,600610.SH,0.0,0.008324432
2025-01-09,600610.SH,0.0,0.0021946083
2024-11-07,600721.SH,-0.038440783,-0.01091279
2024-11-08,600721.SH,-0.06575138,-0.01453193
2024-11-11,600721.SH,-0.11987122,-0.017225813
2024-11-12,600721.SH,-0.15798248,-0.016941447
2024-11-13,600721.SH,-0.07164867,-0.020147286
2024-11-14,600721.SH,-0.023240965,-0.019267937
2024-11-15,600721.SH,-0.041053183,-0.013084148
2024-11-18,600721.SH,0.017217068,-0.0046605035
2024-11-19,600721.SH,-0.007097262,0.01137923
2024-11-20,600721.SH,-0.019445058,0.012912585
2024-11-21,600721.SH,-0.01252626,0.005688489
2024-11-22,600721.SH,0.038275402,0.0014213944
2024-11-25,600721.SH,0.04451361,0.0033405218
2024-11-26,600721.SH,0.03911113,0.004052861
2024-11-27,600721.SH,-0.0070373267,0.0021184075
2024-11-28,600721.SH,0.005586607,0.0014880426
2024-11-29,600721.SH,0.03552286,0.0016840488
2024-12-02,600721.SH,0.042616304,0.0010306062
2024-12-03,600721.SH,0.04944227,0.0007234942
2024-12-04,600721.SH,0.064273655,0.0019024493
2024-12-05,600721.SH,0.060788464,0.0047481563
2024-12-06,600721.SH,-0.0013431836,0.005153948
2024-12-09,600721.SH,-0.030445766,0.0035842508
2024-12-10,600721.SH,-0.07722183,0.0012129279
2024-12-11,600721.SH,-0.06993939,0.0010745287
2024-12-12,600721.SH,-0.07906023,0.00060175423
2024-12-13,600721.SH,-0.035571467,-0.0015550336
2024-12-16,600721.SH,-0.09732834,-0.0021609056
2024-12-17,600721.SH,-0.035846133,-0.0048453268
2024-12-18,600721.SH,-0.021537086,-0.0021532383
2024-12-19,600721.SH,-0.024408964,-0.0014935056
2024-12-20,600721.SH,-0.026818827,-0.0032903682
2024-12-23,600721.SH,0.019076146,-0.008091933
2024-12-24,600721.SH,-0.038695306,-0.0057399846
2024-12-25,600721.SH,-0.05826891,-0.005920695
2024-12-26,600721.SH,-0.078590274,-0.007861574
2024-12-27,600721.SH,-0.04237303,-0.008230212
2024-12-30,600721.SH,0.010123008,-0.008664329
2024-12-31,600721.SH,0.022506576,-0.0074768164
2025-01-02,600721.SH,-0.01706791,-0.0027533087
2025-01-03,600721.SH,0.0,0.0015059818
2025-01-07,600721.SH,0.0,0.0074260174
2025-01-08,600721.SH,0.0,0.016919306
2025-01-09,600721.SH,0.0,0.015426856
2024-11-07,601005.SH,-0.1375298,-0.007164011
2024-11-08,601005.SH,-0.13434805,-0.009001802
2024-11-11,601005.SH,-0.05406722,-0.009834099
2024-11-12,601005.SH,-0.037041273,-0.009232072
2024-11-13,601005.SH,-0.01242252,-0.009347977
2024-11-14,601005.SH,0.0,-0.0037840486
2024-11-15,601005.SH,0.0,0.003871775
2024-11-18,601005.SH,-0.07696104,0.0069267466
2024-11-19,601005.SH,-0.078471616,-0.0035020495
2024-11-20,601005.SH,-0.07796154,-0.0064224093
2024-11-21,601005.SH,-0.045909703,-0.004485807
2024-11-22,601005.SH,-0.026491616,-0.0014384761
2024-11-25,601005.SH,0.039220713,0.0022201457
2024-11-26,601005.SH,0.046520017,0.0042708083
2024-11-27,601005.SH,0.046212845,0.004738687
2024-11-28,601005.SH,0.07745806,0.001701997
2024-11-29,601005.SH,0.12001767,-0.0033453768
2024-12-02,601005.SH,0.074107975,-0.00765636
2024-12-03,601005.SH,0.08104121,-0.0110830655
2024-12-04,601005.SH,0.12136085,-0.012017448
2024-12-05,601005.SH,0.04849435,-0.012130905
2024-12-06,601005.SH,-0.030213779,-0.013253719
2024-12-09,601005.SH,-0.042559616,-0.014949818
2024-12-10,601005.SH,-0.0681378,-0.015703361
2024-12-11,601005.SH,-0.095881775,-0.015563446
2024-12-12,601005.SH,-0.06730368,-0.017063256
2024-12-13,601005.SH,-0.043894194,-0.017534586
2024-12-16,601005.SH,-0.07076907,-0.016906576
2024-12-17,601005.SH,-0.03257617,-0.015236579
2024-12-18,601005.SH,-0.07169193,-0.013427526
2024-12-19,601005.SH,-0.06538276,-0.013739966
2024-12-20,601005.SH,-0.03257617,-0.013828315
2024-12-23,601005.SH,-0.0066889883,-0.014432426
2024-12-24,601005.SH,-0.04746654,-0.013484988
2024-12-25,601005.SH,-0.048452385,-0.013931502
2024-12-26,601005.SH,-0.07723135,-0.01394745
2024-12-27,601005.SH,-0.10462495,-0.015859583
2024-12-30,601005.SH,-0.06947237,-0.01909708
2024-12-31,601005.SH,-0.049832374,-0.021638751
2025-01-02,601005.SH,-0.036105003,-0.021270553
2025-01-03,601005.SH,-0.044783603,-0.020048663
2025-01-06,601005.SH,0.0,-0.018504081
2025-01-07,601005.SH,0.0,-0.016860543
2025-01-08,601005.SH,0.0,-0.017596357
2025-01-09,601005.SH,0.0,-0.017355973
2024-11-07,601012.SH,0.0005212406,0.008904821
2024-11-08,601012.SH,-0.037620332,0.010549888
2024-11-11,601012.SH,-0.09476088,0.011464384
2024-11-12,601012.SH,-0.07541001,0.011508644
2024-11-13,601012.SH,-0.07656272,0.013334128
2024-11-14,601012.SH,-0.03069024,0.013165899
2024-11-15,601012.SH,-0.042465713,0.016875545
2024-11-18,601012.SH,-0.022210797,0.02034737
2024-11-19,601012.SH,-0.034938052,0.022315731
2024-11-20,601012.SH,-0.013532006,0.021349026
2024-11-21,601012.SH,-0.0184387,0.017878607
2024-11-22,601012.SH,0.041385215,0.01646355
2024-11-25,601012.SH,0.034219675,0.018726464
2024-11-26,601012.SH,0.026317308,0.016532416
2024-11-27,601012.SH,-0.023154287,0.014710337
2024-11-28,601012.SH,-0.018227514,0.011681233
2024-11-29,601012.SH,-0.035767224,0.011606578
2024-12-02,601012.SH,-0.044377774,0.010664784
2024-12-03,601012.SH,-0.047654446,0.012104534
2024-12-04,601012.SH,-0.013475779,0.012232927
2024-12-05,601012.SH,-0.008958627,0.014438688
2024-12-06,601012.SH,-0.047614384,0.012857634
2024-12-09,601012.SH,-0.044658042,0.0145831285
2024-12-10,601012.SH,-0.054824222,0.015188319
2024-12-11,601012.SH,-0.061791215,0.017087057
2024-12-12,601012.SH,-0.06746744,0.015533091
2024-12-13,601012.SH,-0.040773034,0.012631379
2024-12-16,601012.SH,-0.03746662,0.017283322
2024-12-17,601012.SH,-0.017539004,0.018220758
2024-12-18,601012.SH,-0.016368963,0.017935151
2024-12-19,601012.SH,-0.026213022,0.0152166635
2024-12-20,601012.SH,-0.01169604,0.014125931
2024-12-23,601012.SH,0.0,0.013856552
2024-12-24,601012.SH,-0.04237394,0.014752846
2024-12-25,601012.SH,-0.058525667,0.014026401
2024-12-26,601012.SH,-0.076343566,0.012641539
2024-12-27,601012.SH,-0.062600255,0.011505316
2024-12-30,601012.SH,-0.06355379,0.010543506
2024-12-31,601012.SH,-0.04026518,0.008341462
2025-01-02,601012.SH,-0.029597688,0.012638756
2025-01-03,601012.SH,-0.036663983,0.01541895
2025-01-06,601012.SH,0.0,0.018642405
2025-01-07,601012.SH,0.0,0.015293608
2025-01-08,601012.SH,0.0,0.010691409
2025-01-09,601012.SH,0.0,0.008704465
2024-11-07,601398.SH,-0.013093477,0.0025732715
2024-11-08,601398.SH,-0.009868501,0.002827773
2024-11-11,601398.SH,0.024531074,0.0027476635
2024-11-12,601398.SH,0.024692612,0.0032292635
2024-11-13,601398.SH,0.01642073,0.0027958602
2024-11-14,601398.SH,0.009836145,0.0026893478
2024-11-15,601398.SH,0.0,0.0023723773
2024-11-18,601398.SH,-0.019576482,0.002370224
2024-11-19,601398.SH,0.0016246957,0.00165443
2024-11-20,601398.SH,0.00972455,0.0015862007
2024-11-21,601398.SH,0.009740337,0.0016582726
2024-11-22,601398.SH,0.01639381,0.0017229691
2024-11-25,601398.SH,0.009836145,0.0019925497
2024-11-26,601398.SH,0.008084118,0.002046068
2024-11-27,601398.SH,0.009630893,0.0020268075
2024-11-28,601398.SH,0.011245098,0.0019709046
2024-11-29,601398.SH,0.027267126,0.0021913599
2024-12-02,601398.SH,0.030524459,0.0026888903
2024-12-03,601398.SH,0.03325722,0.0029491398
2024-12-04,601398.SH,0.007955492,0.0032179244
2024-12-05,601398.SH,0.025237933,0.0034323737
2024-12-06,601398.SH,0.01101506,0.0038933947
2024-12-09,601398.SH,0.032687735,0.0041320375
2024-12-10,601398.SH,0.013921338,0.0043466906
2024-12-11,601398.SH,0.043417674,0.004287524
2024-12-12,601398.SH,0.010844413,0.004637146
2024-12-13,601398.SH,0.021672675,0.0046930457
2024-12-16,601398.SH,0.025700582,0.0048388024
2024-12-17,601398.SH,0.040637646,0.0052314135
2024-12-18,601398.SH,0.051748425,0.005229961
2024-12-19,601398.SH,0.06559728,0.005327355
2024-12-20,601398.SH,0.058008827,0.005680012
2024-12-23,601398.SH,0.036634132,0.0056156744
2024-12-24,601398.SH,0.020438667,0.0055839918
2024-12-25,601398.SH,-0.020379161,0.005538525
2024-12-26,601398.SH,-0.03226086,0.0052926703
2024-12-27,601398.SH,-0.024873264,0.005107441
2024-12-30,601398.SH,-0.038127784,0.004986713
2024-12-31,601398.SH,-0.02339288,0.004937382
2025-01-02,601398.SH,-0.013323661,0.0048691235
2025-01-03,601398.SH,-0.005979091,0.005159242
2025-01-06,601398.SH,0.0,0.005427065
2025-01-07,601398.SH,0.0,0.005537148
2025-01-08,601398.SH,0.0,0.005359048
2025-01-09,601398.SH,0.0,0.005448031
2024-11-07,601801.SH,-0.019934215,-0.0046238117
2024-11-08,601801.SH,-0.029413885,-0.0061984113
2024-11-11,601801.SH,-0.10479378,-0.007932874
2024-11-12,601801.SH,-0.07087434,-0.010137211
2024-11-13,601801.SH,-0.057618078,-0.010244907
2024-11-14,601801.SH,-0.03691465,-0.010406624
2024-11-15,601801.SH,-0.060115933,-0.0081099095
2024-11-18,601801.SH,-0.021475414,-0.0057492238
2024-11-19,601801.SH,-0.017094433,-0.00081389677
2024-11-20,601801.SH,-0.02514099,-0.00013667408
2024-11-21,601801.SH,-0.029684158,-0.0038858193
2024-11-22,601801.SH,0.02279301,-0.0067620613
2024-11-25,601801.SH,0.034142718,-0.0053772717
2024-11-26,601801.SH,0.032511696,-0.004410722
2024-11-27,601801.SH,-0.00425231,-0.004941023
2024-11-28,601801.SH,0.035239726,-0.0066999807
2024-11-29,601801.SH,0.07199306,-0.0075802337
2024-12-02,601801.SH,0.050453782,-0.008158534
2024-12-03,601801.SH,0.048856393,-0.008687151
2024-12-04,601801.SH,0.08309748,-0.008366789
2024-12-05,601801.SH,0.047338113,-0.006471872
2024-12-06,601801.SH,-0.010540282,-0.005521867
2024-12-09,601801.SH,0.011897034,-0.0067588855
2024-12-10,601801.SH,-0.030937236,-0.005109465
2024-12-11,601801.SH,-0.030526591,-0.0035399403
2024-12-12,601801.SH,-0.02001401,-0.0024082668
2024-12-13,601801.SH,-0.03504402,-0.0014665729
2024-12-16,601801.SH,-0.072189264,-0.0012688227
2024-12-17,601801.SH,-0.010989121,-0.0025467556
2024-12-18,601801.SH,-0.016304709,-0.00026165633
2024-12-19,601801.SH,-0.016304709,-4.488292e-05
2024-12-20,601801.SH,0.016326893,-0.0007218315
2024-12-23,601801.SH,0.05362109,-0.0016530895
2024-12-24,601801.SH,0.0137176365,-0.00060409494
2024-12-25,601801.SH,0.009543358,-0.0028253954
2024-12-26,601801.SH,-0.012405396,-0.0060146097
2024-12-27,601801.SH,-0.028749414,-0.008574069
2024-12-30,601801.SH,-0.040989343,-0.010352898
2024-12-31,601801.SH,-0.009582551,-0.01018537
2025-01-02,601801.SH,-0.04865449,-0.007978552
2025-01-03,601801.SH,-0.06444606,-0.0058365637
2025-01-06,601801.SH,0.0,-0.00264242
2025-01-07,601801.SH,0.0,-0.0004033552
2025-01-08,601801.SH,0.0,0.000560401
2025-01-09,601801.SH,0.0,-0.0001221504
2024-11-07,601886.SH,-0.028121362,-0.010002303
2024-11-08,601886.SH,-0.023071121,-0.013055675
2024-11-11,601886.SH,-0.029696506,-0.013451483
2024-11-12,601886.SH,-0.0035087755,-0.016503945
2024-11-13,601886.SH,-0.003496507,-0.014689176
2024-11-14,601886.SH,0.008873173,-0.014242354
2024-11-15,601886.SH,-0.021779446,-0.011162964
2024-11-18,601886.SH,-0.032435276,-0.010587511
2024-11-19,601886.SH,-0.052311294,-0.011762254
2024-11-20,601886.SH,-0.046603415,-0.013381444
2024-11-21,601886.SH,-0.035975102,-0.014592744
2024-11-22,601886.SH,0.021779446,-0.014419447
2024-11-25,601886.SH,0.05001042,-0.0129412385
2024-11-26,601886.SH,0.06973334,-0.012496737
2024-11-27,601886.SH,0.036039937,-0.011822947
2024-11-28,601886.SH,0.041261457,-0.012758766
2024-11-29,601886.SH,0.045621946,-0.015685817
2024-12-02,601886.SH,0.010398707,-0.016417654
2024-12-03,601886.SH,-0.0051948167,-0.019529736
2024-12-04,601886.SH,0.036494058,-0.02205977
2024-12-05,601886.SH,0.04468097,-0.020131955
2024-12-06,601886.SH,-0.0017167386,-0.020433465
2024-12-09,601886.SH,0.0068728793,-0.018993542
2024-12-10,601886.SH,-0.0104713,-0.018731251
2024-12-11,601886.SH,-0.03472571,-0.015115238
2024-12-12,601886.SH,-0.0482021,-0.014158759
2024-12-13,601886.SH,-0.040320974,-0.013836828
2024-12-16,601886.SH,-0.06180254,-0.0119789755
2024-12-17,601886.SH,-0.012356733,-0.011093337
2024-12-18,601886.SH,-0.023236077,-0.008796274
2024-12-19,601886.SH,-0.028624495,-0.0067631453
2024-12-20,601886.SH,-0.003584233,-0.006769758
2024-12-23,601886.SH,0.0054496047,-0.0077391476
2024-12-24,601886.SH,-0.04171049,-0.007709559
2024-12-25,601886.SH,-0.04059598,-0.010280039
2024-12-26,601886.SH,-0.057905998,-0.011774533
2024-12-27,601886.SH,-0.051576808,-0.012229548
2024-12-30,601886.SH,-0.044451762,-0.014000076
2024-12-31,601886.SH,-0.022472857,-0.014773359
2025-01-02,601886.SH,-0.02478678,-0.012082347
2025-01-03,601886.SH,-0.035228692,-0.0067497776
2025-01-06,601886.SH,0.0,-0.0027143147
2025-01-07,601886.SH,0.0,-0.0034871574
2025-01-08,601886.SH,0.0,-0.0022062145
2025-01-09,601886.SH,0.0,-0.0014102248
2024-11-07,603160.SH,-0.060373038,-0.015170018
2024-11-08,603160.SH,-0.089007504,-0.015415412
2024-11-11,603160.SH,-0.15605038,-0.015706442
2024-11-12,603160.SH,-0.10644765,-0.017425021
2024-11-13,603160.SH,-0.09270076,-0.018699216
2024-11-14,603160.SH,-0.054461177,-0.018584361
2024-11-15,603160.SH,-0.039314747,-0.018544644
2024-11-18,603160.SH,0.11314549,-0.017071636
2024-11-19,603160.SH,0.046095368,-0.016281763
2024-11-20,603160.SH,0.026649544,-0.016968638
2024-11-21,603160.SH,0.032157112,-0.016555617
2024-11-22,603160.SH,0.023678323,-0.016014889
2024-12-10,603160.SH,-0.10511821,-0.012976608
2024-12-11,603160.SH,-0.061464705,-0.009211707
2024-12-12,603160.SH,-0.023692535,-0.006538691
2024-12-13,603160.SH,-0.007392041,-0.0054299054
2024-12-16,603160.SH,-0.0023906298,-0.0054483153
2024-12-17,603160.SH,0.02559336,-0.0055535357
2024-12-18,603160.SH,0.0,-0.005790673
2024-12-19,603160.SH,-0.0037865387,-0.0058838967
2024-12-20,603160.SH,-0.020732807,-0.005655275
2024-12-23,603160.SH,-0.0029963467,-0.0049277046
2024-12-24,603160.SH,-0.050243575,-0.0032912407
2024-12-25,603160.SH,-0.08008273,-0.002962282
2024-12-26,603160.SH,-0.12471274,-0.0025425318
2024-12-27,603160.SH,-0.13975602,-0.0029056326
2024-12-30,603160.SH,-0.087633565,-0.003007112
2024-12-31,603160.SH,-0.067141026,-0.0031934269
2025-01-02,603160.SH,-0.019571124,-0.0010822496
2025-01-03,603160.SH,0.007625965,0.0021127767
2025-01-06,603160.SH,0.0,0.003919734
2025-01-07,603160.SH,0.0,0.00403424
2025-01-08,603160.SH,0.0,0.0026101526
2025-01-09,603160.SH,0.0,0.0037892628
2024-11-07,603228.SH,0.0026350475,-0.010392071
2024-11-08,603228.SH,-0.03254165,-0.012032208
2024-11-11,603228.SH,-0.11769407,-0.014126009
2024-11-12,603228.SH,-0.07232066,-0.016092118
2024-11-13,603228.SH,-0.07956182,-0.015553032
2024-11-14,603228.SH,-0.04852704,-0.014878576
2024-11-15,603228.SH,-0.07133076,-0.012841116
2024-11-18,603228.SH,-0.036693886,-0.01137298
2024-11-19,603228.SH,-0.03943949,-0.008972184
2024-11-20,603228.SH,-0.011787956,-0.010516885
2024-11-21,603228.SH,-0.020734396,-0.01267679
2024-11-22,603228.SH,0.034108058,-0.013942999
2024-11-25,603228.SH,0.043476276,-0.0127742635
2024-11-26,603228.SH,0.009704888,-0.013587835
2024-11-27,603228.SH,-0.03294794,-0.015802627
2024-11-28,603228.SH,-0.006467282,-0.017350415
2024-11-29,603228.SH,0.003984069,-0.016769199
2024-12-02,603228.SH,-0.009187203,-0.01639329
2024-12-03,603228.SH,0.010010093,-0.01571844
2024-12-04,603228.SH,0.044735894,-0.014744557
2024-12-05,603228.SH,0.034671735,-0.014100325
2024-12-06,603228.SH,-0.0071827923,-0.013958155
2024-12-09,603228.SH,-0.007653612,-0.0142417
2024-12-10,603228.SH,-0.0019940187,-0.013427194
2024-12-11,603228.SH,-0.014558589,-0.013277776
2024-12-12,603228.SH,0.019779585,-0.012462839
2024-12-13,603228.SH,0.048847374,-0.012489323
2024-12-16,603228.SH,0.05697868,-0.011576895
2024-12-17,603228.SH,0.055515904,-0.011499683
2024-12-18,603228.SH,0.057752766,-0.010880779
2024-12-19,603228.SH,0.11863606,-0.010478477
2024-12-20,603228.SH,0.12192733,-0.010962491
2024-12-23,603228.SH,0.061478075,-0.011344689
2024-12-24,603228.SH,0.038886588,-0.010549518
2024-12-25,603228.SH,-0.015837435,-0.009814291
2024-12-27,603228.SH,-0.09698279,-0.009274913
2024-12-30,603228.SH,-0.049482502,-0.012315388
2024-12-31,603228.SH,-0.013015368,-0.01409762
2025-01-02,603228.SH,0.057178594,-0.011676262
2025-01-03,603228.SH,0.0,-0.007836104
2025-01-06,603228.SH,0.0,-0.0017694952
2025-01-07,603228.SH,0.0,9.828123e-05
2025-01-08,603228.SH,0.0,-0.002904905
2024-11-07,603601.SH,-0.019972133,-0.011981423
2024-11-08,603601.SH,-0.040119994,-0.015920987
2024-11-11,603601.SH,-0.112162255,-0.017603738
2024-11-12,603601.SH,-0.050715093,-0.019094026
2024-11-13,603601.SH,-0.013986242,-0.017642053
2024-11-14,603601.SH,0.03677925,-0.015113798
2024-11-15,603601.SH,0.014514043,-0.0094984425
2024-11-18,603601.SH,0.049213983,-0.0043157698
2024-11-19,603601.SH,0.005763705,0.00066312373
2024-11-20,603601.SH,-0.0056497324,-0.0029996696
2024-11-21,603601.SH,-0.002781643,-0.007141654
2024-11-22,603601.SH,0.028411001,-0.009890192
2024-11-25,603601.SH,0.04149973,-0.008383756
2024-11-26,603601.SH,0.06937594,-0.007580587
2024-11-27,603601.SH,0.03068581,-0.006161761
2024-11-28,603601.SH,0.032879673,-0.005357063
2024-11-29,603601.SH,0.08584356,-0.0059070527
2024-12-02,603601.SH,0.055350095,-0.0065407343
2024-12-03,603601.SH,0.029064134,-0.008004845
2024-12-04,603601.SH,0.074107975,-0.008231909
2024-12-05,603601.SH,0.05760755,-0.0072799716
2024-12-06,603601.SH,-0.018158736,-0.0074162204
2024-12-09,603601.SH,-0.036557596,-0.009624978
2024-12-10,603601.SH,-0.061764594,-0.0122319935
2024-12-11,603601.SH,-0.08238388,-0.010803826
2024-12-12,603601.SH,-0.0821654,-0.009942007
2024-12-13,603601.SH,-0.048266742,-0.009818193
2024-12-16,603601.SH,-0.0947784,-0.009212551
2024-12-17,603601.SH,-0.0482363,-0.008293842
2024-12-18,603601.SH,-0.07474743,-0.005444799
2024-12-19,603601.SH,-0.07751368,-0.0051300866
2024-12-20,603601.SH,-0.05942342,-0.007997212
2024-12-23,603601.SH,-0.0029282598,-0.011757825
2024-12-24,603601.SH,-0.023530498,-0.009922399
2024-12-25,603601.SH,-0.0150378775,-0.0092519075
2024-12-26,603601.SH,-0.05207915,-0.009090291
2024-12-27,603601.SH,-0.07882867,-0.011491977
2024-12-30,603601.SH,-0.05113896,-0.015647458
2024-12-31,603601.SH,-0.045670036,-0.021208534
2025-01-02,603601.SH,-0.027651532,-0.021696031
2025-01-03,603601.SH,-0.015848191,-0.015709471
2025-01-06,603601.SH,0.0,-0.012267244
2025-01-07,603601.SH,0.0,-0.017192226
2025-01-08,603601.SH,0.0,-0.015384735
2025-01-09,603601.SH,0.0,-0.0126717845
2024-11-07,603699.SH,-0.04107609,0.012275282
2024-11-08,603699.SH,-0.045026362,0.010229495
2024-11-11,603699.SH,-0.02686156,0.0075112083
2024-11-12,603699.SH,-0.032817777,0.0070497426
2024-11-13,603699.SH,-0.013594092,0.006296275
2024-11-14,603699.SH,0.004226549,0.0062305056
2024-11-15,603699.SH,-0.009425948,0.0057764812
2024-11-18,603699.SH,0.016713481,0.005352409
2024-11-19,603699.SH,0.02228027,0.005282521
2024-11-20,603699.SH,0.04923815,0.0040592924
2024-11-21,603699.SH,0.0096538,0.0015500908
2024-11-22,603699.SH,0.01453017,-0.0007165661
2024-11-25,603699.SH,0.0029705092,-0.0008674699
2024-11-26,603699.SH,0.025105922,-0.0020567402
2024-11-27,603699.SH,-0.030173812,-0.003921255
2024-11-28,603699.SH,-0.045287535,-0.0068038874
2024-11-29,603699.SH,-0.024480501,-0.0068290643
2024-12-02,603699.SH,-0.012364259,-0.00463639
2024-12-03,603699.SH,-0.063107036,-0.0031131387
2024-12-04,603699.SH,-0.08354583,-0.003483054
2024-12-05,603699.SH,-0.06128043,-0.0032186266
2024-12-06,603699.SH,-0.060026973,7.086185e-05
2024-12-09,603699.SH,-0.09582511,0.00047827265
2024-12-10,603699.SH,-0.05519266,-0.0010500025
2024-12-11,603699.SH,-0.02447594,0.0011544582
2024-12-12,603699.SH,0.00925076,0.0046060313
2024-12-13,603699.SH,-0.0018484293,0.007640347
2024-12-16,603699.SH,0.049284667,0.0046988428
2024-12-17,603699.SH,0.061335724,0.005032563
2024-12-18,603699.SH,0.04569091,0.0024847232
2024-12-19,603699.SH,0.024108514,0.0004520323
2024-12-20,603699.SH,0.03320751,-0.0018496992
2024-12-23,603699.SH,-0.0022497198,-0.0034072634
2024-12-24,603699.SH,-0.030648634,-0.0053642443
2024-12-25,603699.SH,-0.030841447,-0.006593442
2024-12-26,603699.SH,-0.052595146,-0.0053302585
2024-12-27,603699.SH,-0.05188219,-0.0035879444
2024-12-30,603699.SH,-0.015433806,-0.0034011297
2024-12-31,603699.SH,0.090912946,-0.0028201714
2025-01-02,603699.SH,0.09735992,-0.0021392077
2025-01-03,603699.SH,0.0,-0.00039943866
2025-01-06,603699.SH,0.0,0.0019130869
2025-01-07,603699.SH,0.0,0.00202898
2025-01-09,603699.SH,0.0,-0.00022965546
2024-11-07,603711.SH,0.10391685,-0.001938268
2024-11-08,603711.SH,0.009478744,-0.010203692
2024-11-11,603711.SH,0.060259193,-0.009943091
2024-11-12,603711.SH,0.057780255,-0.0075294985
2024-11-13,603711.SH,-0.04713277,-0.0037065384
2024-11-15,603711.SH,-0.21769154,-0.0037244845
2024-11-19,603711.SH,-0.07338255,-0.008798246
2024-11-20,603711.SH,-0.07625953,-0.007881249
2024-11-21,603711.SH,-0.06691916,-0.006774891
2024-11-22,603711.SH,0.13273263,-0.0027957465
2024-11-25,603711.SH,0.14603555,0.008835036
2024-11-26,603711.SH,0.15363257,0.018017463
2024-11-27,603711.SH,0.10318424,0.018582968
2024-11-28,603711.SH,0.11589802,0.013504113
2024-12-02,603711.SH,-0.0012437813,0.009004467
2024-12-03,603711.SH,0.069289126,7.793369e-05
2024-12-04,603711.SH,0.04201531,-0.0028180275
2024-12-05,603711.SH,0.09352606,-0.0072510936
2024-12-06,603711.SH,0.032789823,-0.006345649
2024-12-09,603711.SH,-0.0031162382,-0.005995814
2024-12-10,603711.SH,-0.08464451,-0.0062552765
2024-12-11,603711.SH,-0.086523615,-0.011926144
2024-12-12,603711.SH,-0.121100746,-0.0149180135
2024-12-13,603711.SH,-0.0030478537,-0.01715519
2024-12-16,603711.SH,-0.021451926,-0.01596965
2024-12-17,603711.SH,0.05274292,-0.012739827
2024-12-18,603711.SH,0.18740183,-0.0107664205
2024-12-19,603711.SH,0.10425457,-0.011828884
2024-12-20,603711.SH,0.0012202564,-0.014555705
2024-12-23,603711.SH,0.101782694,-0.021113692
2024-12-24,603711.SH,-0.12978134,-0.023146188
2024-12-27,603711.SH,-0.24356632,-0.024788896
2024-12-30,603711.SH,-0.124616526,-0.02196736
2024-12-31,603711.SH,-0.046171643,-0.016620541
2025-01-02,603711.SH,-0.18347429,-0.00619412
2025-01-06,603711.SH,0.0,-0.009737552
2025-01-07,603711.SH,0.0,-0.0016109049
2025-01-08,603711.SH,0.0,0.006305439
2025-01-09,603711.SH,0.0,0.0030355987
2024-11-07,603758.SH,-0.17581458,-0.0008102227
2024-11-08,603758.SH,-0.15246859,-0.005590237
2024-11-11,603758.SH,-0.11173341,-0.008939337
2024-11-12,603758.SH,-0.096813455,-0.009310938
2024-11-13,603758.SH,-0.05632119,-0.009089491
2024-11-14,603758.SH,0.02905492,-0.006594086
2024-11-15,603758.SH,-0.029852964,-0.002269856
2024-11-18,603758.SH,0.07212427,-0.0009924155
2024-11-19,603758.SH,0.03940255,0.00081996433
2024-11-20,603758.SH,0.0023148158,-0.0017767759
2024-11-21,603758.SH,0.013652089,-0.0042883274
2024-11-22,603758.SH,0.09806121,-0.005936021
2024-11-26,603758.SH,0.017798023,-0.0029894568
2024-11-27,603758.SH,0.050952327,-0.0044107605
2024-11-28,603758.SH,0.06814473,-0.0037575893
2024-11-29,603758.SH,0.032242928,-0.0028117504
2024-12-02,603758.SH,0.004385972,-0.0050573144
2024-12-03,603758.SH,0.0076881214,-0.0075461813
2024-12-04,603758.SH,-0.014138354,-0.008080792
2024-12-05,603758.SH,-0.01195017,-0.010105223
2024-12-06,603758.SH,-0.02324399,-0.009399425
2024-12-09,603758.SH,-0.03111362,-0.008696699
2024-12-10,603758.SH,-0.06322647,-0.008989228
2024-12-11,603758.SH,-0.06213178,-0.010105036
2024-12-12,603758.SH,-0.06899287,-0.010539438
2024-12-13,603758.SH,-0.03881766,-0.011288981
2024-12-16,603758.SH,-0.074976556,-0.011011156
2024-12-17,603758.SH,-0.02001244,-0.010015147
2024-12-18,603758.SH,-0.042863704,-0.007922184
2024-12-19,603758.SH,-0.026098752,-0.0073618847
2024-12-20,603758.SH,-0.010532573,-0.008111841
2024-12-23,603758.SH,0.038190797,-0.010198676
2024-12-24,603758.SH,-0.017996887,-0.009278332
2024-12-25,603758.SH,-0.008552282,-0.010514372
2024-12-26,603758.SH,-0.060699746,-0.010843589
2024-12-27,603758.SH,-0.082103655,-0.011965944
2024-12-30,603758.SH,-0.060331926,-0.013552849
2024-12-31,603758.SH,-0.035740096,-0.014099703
2025-01-02,603758.SH,-0.0061538657,-0.011462025
2025-01-03,603758.SH,0.008900249,-0.0077213
2025-01-06,603758.SH,0.0,-0.0019300306
2025-01-07,603758.SH,0.0,0.0027689382
2025-01-08,603758.SH,0.0,0.002976001
2025-01-09,603758.SH,0.0,0.0036517351
2024-11-07,603787.SH,0.006395636,-0.006761033
2024-11-08,603787.SH,-0.011121524,-0.011629336
2024-11-11,603787.SH,-0.05436622,-0.014539372
2024-11-12,603787.SH,-0.01268133,-0.015229806
2024-11-13,603787.SH,-0.01164366,-0.014742707
2024-11-14,603787.SH,0.024292693,-0.013046573
2024-11-15,603787.SH,-0.000932401,-0.010228413
2024-11-18,603787.SH,0.040821996,-0.005965581
2024-11-19,603787.SH,-0.0137680005,-0.002266579
2024-11-20,603787.SH,-0.024625048,-0.0035986032
2024-11-21,603787.SH,-0.033441886,-0.00536205
2024-11-22,603787.SH,0.030319272,-0.006960554
2024-11-25,603787.SH,0.020693496,-0.004329424
2024-11-26,603787.SH,0.0451748,-0.0033453188
2024-11-27,603787.SH,0.027324105,-0.002968372
2024-11-28,603787.SH,0.030771658,-0.0027232717
2024-11-29,603787.SH,0.026787316,-0.0031280536
2024-12-02,603787.SH,0.016777435,-0.005239243
2024-12-03,603787.SH,0.015775962,-0.0068971547
2024-12-04,603787.SH,0.04823381,-0.0073113167
2024-12-05,603787.SH,0.07798383,-0.0065036635
2024-12-06,603787.SH,0.0713982,-0.0067566563
2024-12-09,603787.SH,0.036117427,-0.0069452263
2024-12-10,603787.SH,-0.01489296,-0.007222613
2024-12-11,603787.SH,-0.018143047,-0.007177194
2024-12-12,603787.SH,-0.055075333,-0.007633544
2024-12-13,603787.SH,-0.044451762,-0.009708253
2024-12-16,603787.SH,-0.07723135,-0.01148254
2024-12-17,603787.SH,-0.02411908,-0.010450567
2024-12-18,603787.SH,-0.0704262,-0.0057406905
2024-12-19,603787.SH,-0.0638419,-0.0017600612
2024-12-20,603787.SH,-0.066484384,-0.00030161874
2024-12-23,603787.SH,-0.028692389,-0.0030164216
2024-12-24,603787.SH,-0.05960796,0.0031558964
2024-12-25,603787.SH,-0.045941092,0.0058997055
2024-12-26,603787.SH,-0.09949721,0.012701561
2024-12-27,603787.SH,-0.102208346,0.0103134895
2024-12-30,603787.SH,-0.049071893,0.003098435
2024-12-31,603787.SH,-0.031191612,0.0016039578
2025-01-02,603787.SH,-0.009842599,0.0022278174
2025-01-03,603787.SH,-0.0020533889,0.005519846
2025-01-06,603787.SH,0.0,0.015639199
2025-01-07,603787.SH,0.0,0.017156044
2025-01-08,603787.SH,0.0,0.008385372
2025-01-09,603787.SH,0.0,0.0057982295
2024-11-07,603829.SH,0.026308432,-0.0087223565
2024-11-08,603829.SH,-0.023916412,-0.015073467
2024-11-11,603829.SH,-0.06607783,-0.019911537
2024-11-12,603829.SH,-0.03675656,-0.023970729
2024-11-13,603829.SH,-0.037337672,-0.025918111
2024-11-14,603829.SH,-0.012056408,-0.026036859
2024-11-15,603829.SH,-0.0069396533,-0.02345589
2024-11-18,603829.SH,0.042060662,-0.01932756
2024-11-19,603829.SH,-0.004776536,-0.015769467
2024-11-20,603829.SH,-0.015748357,-0.018725213
2024-11-21,603829.SH,-0.031487886,-0.022186348
2024-11-22,603829.SH,0.0158898,-0.024743592
2024-11-25,603829.SH,0.0020236094,-0.023580687
2024-11-26,603829.SH,0.009530365,-0.023272887
2024-11-27,603829.SH,0.002068253,-0.021944711
2024-11-28,603829.SH,0.022689182,-0.02032513
2024-11-29,603829.SH,0.015641257,-0.018797478
2024-12-02,603829.SH,0.016043125,-0.019104939
2024-12-03,603829.SH,0.009440394,-0.0192271
2024-12-04,603829.SH,0.037842352,-0.018111624
2024-12-05,603829.SH,0.029472997,-0.015999926
2024-12-06,603829.SH,0.0006745363,-0.014942419
2024-12-09,603829.SH,-0.016043125,-0.014103335
2024-12-10,603829.SH,-0.06444904,-0.01417334
2024-12-11,603829.SH,-0.0643617,-0.012820053
2024-12-12,603829.SH,-0.06616801,-0.011970046
2024-12-13,603829.SH,-0.032205593,-0.01182923
2024-12-16,603829.SH,-0.071209416,-0.011386369
2024-12-17,603829.SH,0.0,-0.0113314325
2024-12-18,603829.SH,-0.034535807,-0.005569438
2024-12-19,603829.SH,-0.0134897325,-0.0022622447
2024-12-20,603829.SH,-0.011204599,-0.002851364
2024-12-23,603829.SH,-0.0021731264,-0.0064884257
2024-12-24,603829.SH,-0.035705067,-0.0054314863
2024-12-25,603829.SH,-0.028966006,-0.005733806
2024-12-26,603829.SH,-0.07185615,-0.0036719132
2024-12-27,603829.SH,-0.10928055,-0.0046198983
2024-12-30,603829.SH,-0.049044,-0.0074974834
2024-12-31,603829.SH,-0.036257748,-0.006785363
2025-01-02,603829.SH,-0.021326018,-0.003708537
2025-01-03,603829.SH,-0.021739986,0.0004938071
2025-01-06,603829.SH,0.0,0.008425818
2025-01-07,603829.SH,0.0,0.020375518
2025-01-08,603829.SH,0.0,0.015757956
2025-01-09,603829.SH,0.0,0.012716855
2024-11-07,603927.SH,0.016313575,0.00026648832
2024-11-08,603927.SH,-0.07395815,-0.002912531
2024-11-11,603927.SH,-0.16591878,-0.006531445
2024-11-12,603927.SH,-0.08768291,-0.008736185
2024-11-13,603927.SH,-0.070963316,-0.009304253
2024-11-14,603927.SH,-0.03792705,-0.0084176315
2024-11-15,603927.SH,-0.056073334,-0.008286775
2024-11-18,603927.SH,-0.028158482,-0.007291015
2024-11-19,603927.SH,-0.056734234,-0.0048440304
2024-11-20,603927.SH,-0.025686344,-0.001795336
2024-11-21,603927.SH,-0.037239484,-0.0026194945
2024-11-22,603927.SH,0.05018354,-0.0033218705
2024-11-25,603927.SH,0.07021182,-0.0034863595
2024-11-26,603927.SH,0.06392091,-0.0024791032
2024-11-27,603927.SH,0.004327138,-0.0024371967
2024-11-28,603927.SH,0.01772253,-0.0014457628
2024-11-29,603927.SH,0.0029492332,-0.0020197288
2024-12-02,603927.SH,-0.02826596,-0.0028958425
2024-12-03,603927.SH,0.003783902,-0.0034555856
2024-12-04,603927.SH,0.029357564,-0.004372004
2024-12-05,603927.SH,0.026217146,-0.0035166487
2024-12-06,603927.SH,-0.01568826,-0.0030599094
2024-12-09,603927.SH,-0.015958933,-0.0031627126
2024-12-10,603927.SH,-0.040682126,-0.0031199784
2024-12-11,603927.SH,-0.028494379,-0.004916008
2024-12-12,603927.SH,-0.013868682,-0.0066668913
2024-12-13,603927.SH,0.012316996,-0.00803996
2024-12-16,603927.SH,-0.010050336,-0.008459199
2024-12-17,603927.SH,-0.0008745082,-0.008564334
2024-12-18,603927.SH,-0.031553887,-0.008484217
2024-12-19,603927.SH,-0.034003705,-0.009204379
2024-12-20,603927.SH,-0.03917006,-0.009623514
2024-12-23,603927.SH,-0.005725627,-0.010948978
2024-12-24,603927.SH,-0.0520764,-0.008536606
2024-12-25,603927.SH,-0.08547447,-0.007856173
2024-12-26,603927.SH,-0.13278112,-0.007495219
2024-12-27,603927.SH,-0.12020035,-0.008379136
2024-12-30,603927.SH,-0.10762063,-0.008933971
2024-12-31,603927.SH,-0.07858448,-0.009222775
2025-01-02,603927.SH,-0.024547134,-0.0067505077
2025-01-03,603927.SH,-0.015621381,0.0013271061
2025-01-06,603927.SH,0.0,0.014449646
2025-01-07,603927.SH,0.0,0.014785976
2025-01-08,603927.SH,0.0,0.0074012843
2025-01-09,603927.SH,0.0,0.0055638584
2024-11-07,605020.SH,-0.021882711,0.00011448469
2024-11-08,605020.SH,-0.03433338,-0.003357773
2024-11-11,605020.SH,-0.11116436,-0.007370636
2024-11-12,605020.SH,-0.059662014,-0.010273981
2024-11-13,605020.SH,-0.04062297,-0.010542261
2024-11-14,605020.SH,0.0077135367,-0.009949808
2024-11-15,605020.SH,-0.02799383,-0.0066135507
2024-11-18,605020.SH,0.020167783,-0.004298073
2024-11-19,605020.SH,-0.0045223366,-0.00020493039
2024-11-20,605020.SH,-0.014476867,-0.0026729393
2024-11-21,605020.SH,-0.040890604,-0.006907854
2024-11-22,605020.SH,0.025737766,-0.01012535
2024-11-25,605020.SH,0.024790002,-0.008059883
2024-11-26,605020.SH,0.010707344,-0.0072421655
2024-11-27,605020.SH,-0.01868155,-0.008109993
2024-11-28,605020.SH,0.0068376334,-0.008815267
2024-11-29,605020.SH,0.0033821904,-0.008128782
2024-12-02,605020.SH,0.11450059,-0.008720255
2024-12-03,605020.SH,0.11927669,-0.0097241625
2024-12-04,605020.SH,0.13203026,-0.0100025
2024-12-05,605020.SH,0.09938015,-0.008417041
2024-12-06,605020.SH,0.066927336,-0.007909155
2024-12-10,605020.SH,-0.081118554,-0.008723557
2024-12-11,605020.SH,-0.067395,-0.014936256
2024-12-12,605020.SH,-0.036720086,-0.0150243165
2024-12-13,605020.SH,-0.019206405,-0.01124756
2024-12-16,605020.SH,0.045275223,-0.0064020767
2024-12-17,605020.SH,0.065614365,-0.0004635211
2024-12-18,605020.SH,0.013217216,0.0043473225
2024-12-19,605020.SH,0.03972009,0.0036294963
2024-12-20,605020.SH,0.09349798,0.0011975119
2024-12-23,605020.SH,0.030710684,-0.0003361553
2024-12-24,605020.SH,0.024397526,-0.0051912838
2024-12-25,605020.SH,0.00784728,-0.005242652
2024-12-26,605020.SH,-0.10297804,-0.0009872472
2024-12-27,605020.SH,-0.087228365,-0.0030848111
2024-12-30,605020.SH,-0.061356597,-0.009558656
2024-12-31,605020.SH,-0.031478994,-0.00870563
2025-01-02,605020.SH,0.03129263,-0.005487077
2025-01-03,605020.SH,0.04807839,0.006062867
2025-01-06,605020.SH,0.0,0.024404744
2025-01-07,605020.SH,0.0,0.025110036
2025-01-08,605020.SH,0.0,0.021219574
2025-01-09,605020.SH,0.0,0.015675692
2024-11-07,605288.SH,-0.036511768,-0.02343031
2024-11-08,605288.SH,-0.032610018,-0.026956186
2024-11-11,605288.SH,-0.061361838,-0.027912175
2024-11-12,605288.SH,-0.035938896,-0.02590918
2024-11-13,605288.SH,-0.023651196,-0.024242446
2024-11-14,605288.SH,0.011179706,-0.021718333
2024-11-15,605288.SH,-0.012099897,-0.018445564
2024-11-18,605288.SH,0.029993428,-0.015805779
2024-11-19,605288.SH,0.004089985,-0.013618826
2024-11-20,605288.SH,-0.0002883922,-0.014526258
2024-11-21,605288.SH,-0.005144338,-0.015919028
2024-11-22,605288.SH,0.04272043,-0.01620735
2024-11-25,605288.SH,0.026866434,-0.013481036
2024-11-26,605288.SH,0.034387343,-0.013158401
2024-11-27,605288.SH,0.014887191,-0.0133261075
2024-11-28,605288.SH,0.025461065,-0.013835073
2024-11-29,605288.SH,0.017205331,-0.014317754
2024-12-02,605288.SH,0.022861324,-0.0153397545
2024-12-03,605288.SH,0.026408762,-0.016018452
2024-12-04,605288.SH,0.03408151,-0.016483776
2024-12-05,605288.SH,0.022646645,-0.016746474
2024-12-06,605288.SH,0.028939597,-0.017830836
2024-12-09,605288.SH,0.016944926,-0.018255536
2024-12-10,605288.SH,-0.033475928,-0.018968156
2024-12-11,605288.SH,-0.027002336,-0.019663623
2024-12-12,605288.SH,-0.022088142,-0.019439837
2024-12-13,605288.SH,-0.027821654,-0.020285098
2024-12-16,605288.SH,-0.06320247,-0.021326972
2024-12-17,605288.SH,-0.014573769,-0.021216473
2024-12-18,605288.SH,-0.03620045,-0.017199306
2024-12-19,605288.SH,-0.036098845,-0.015478375
2024-12-20,605288.SH,-0.028617904,-0.01576171
2024-12-23,605288.SH,-0.007534084,-0.016812786
2024-12-24,605288.SH,-0.022413978,-0.015240613
2024-12-25,605288.SH,-0.026984587,-0.014864004
2024-12-26,605288.SH,-0.06734032,-0.01473749
2024-12-27,605288.SH,-0.078606546,-0.015457834
2024-12-30,605288.SH,-0.050405778,-0.016357793
2024-12-31,605288.SH,-0.04147229,-0.015763445
2025-01-02,605288.SH,-0.02372374,-0.013852731
2025-01-03,605288.SH,-0.009331328,-0.011660761
2025-01-06,605288.SH,0.0,-0.0077532516
2025-01-07,605288.SH,0.0,-0.00510199
2025-01-08,605288.SH,0.0,-0.0056452355
2025-01-09,605288.SH,0.0,-0.006133473
2024-11-07,605303.SH,0.017868254,0.009007737
2024-11-08,605303.SH,-0.03857872,0.0029312407
2024-11-11,605303.SH,-0.057901584,-0.007292694
2024-11-12,605303.SH,-0.06468768,-0.011420988
2024-11-13,605303.SH,-0.006880761,-0.014034054
2024-11-14,605303.SH,0.01639381,-0.012302508
2024-11-15,605303.SH,-0.010785006,-0.008117955
2024-11-18,605303.SH,0.034671735,-0.005830262
2024-11-19,605303.SH,0.018913094,-6.99594e-05
2024-11-20,605303.SH,-0.012739026,-0.0034511348
2024-11-21,605303.SH,0.017271586,-0.008603712
2024-11-22,605303.SH,0.06754604,-0.010988143
2024-11-25,605303.SH,0.06703247,-0.008911181
2024-11-26,605303.SH,0.0646117,-0.0089674955
2024-11-27,605303.SH,0.039982483,-0.009932194
2024-11-28,605303.SH,0.032568853,-0.010993298
2024-11-29,605303.SH,0.03431438,-0.010803743
2024-12-02,605303.SH,0.007662873,-0.013515157
2024-12-03,605303.SH,0.0021929834,-0.015025448
2024-12-04,605303.SH,0.035207156,-0.014784475
2024-12-05,605303.SH,0.07039153,-0.0130464705
2024-12-06,605303.SH,0.060176466,-0.012426128
2024-12-09,605303.SH,0.0664451,-0.013735697
2024-12-10,605303.SH,-0.028890898,-0.013183354
2024-12-11,605303.SH,-0.05785818,-0.012571156
2024-12-12,605303.SH,-0.11444156,-0.01346445
2024-12-13,605303.SH,-0.08887601,-0.014662377
2024-12-16,605303.SH,-0.22825865,-0.014774944
2024-12-17,605303.SH,-0.16245261,-0.01490638
2024-12-18,605303.SH,-0.124247186,-0.008566211
2024-12-19,605303.SH,-0.093118586,0.0035783227
2024-12-20,605303.SH,-0.14560203,0.010635942
2024-12-24,605303.SH,-0.028610535,0.0044334587
2024-12-25,605303.SH,0.011865663,0.008918857
2024-12-26,605303.SH,-0.07540583,0.0187037
2024-12-27,605303.SH,-0.105501354,0.017201679
2024-12-30,605303.SH,-0.027578898,0.011252993
2024-12-31,605303.SH,-0.011944402,0.010123282
2025-01-02,605303.SH,-0.017184826,0.0119744465
2025-01-03,605303.SH,0.005578815,0.012862221
2025-01-06,605303.SH,0.0,0.030731112
2025-01-07,605303.SH,0.0,0.04471776
2025-01-08,605303.SH,0.0,0.03867289
2025-01-09,605303.SH,0.0,0.031874865
2024-11-07,605338.SH,-0.063054755,-0.014588161
2024-11-08,605338.SH,-0.044951387,-0.018425807
2024-11-11,605338.SH,-0.051663138,-0.019176252
2024-11-12,605338.SH,-0.03169174,-0.018982276
2024-11-13,605338.SH,-0.01376855,-0.017780468
2024-11-14,605338.SH,0.0060643,-0.016556667
2024-11-15,605338.SH,-0.03509132,-0.014615089
2024-11-18,605338.SH,-0.0074257767,-0.015653713
2024-11-19,605338.SH,-0.012225091,-0.016020661
2024-11-20,605338.SH,-0.012128712,-0.019032434
2024-11-21,605338.SH,0.0072289472,-0.020940095
2024-11-22,605338.SH,0.078306094,-0.021643603
2024-11-25,605338.SH,0.10430406,-0.021522662
2024-11-26,605338.SH,0.12418589,-0.022319907
2024-11-27,605338.SH,0.09924055,-0.022370527
2024-11-28,605338.SH,0.054888267,-0.023285305
2024-11-29,605338.SH,0.025172954,-0.028532969
2024-12-02,605338.SH,-0.01920963,-0.028920887
2024-12-03,605338.SH,-0.01864089,-0.030210527
2024-12-04,605338.SH,0.13470474,-0.027457261
2024-12-05,605338.SH,0.19033858,-0.02543442
2024-12-06,605338.SH,0.13754873,-0.025324149
2024-12-09,605338.SH,0.06887878,-0.019844936
2024-12-10,605338.SH,0.02783263,-0.015238539
2024-12-12,605338.SH,-0.11014689,-0.015314647
2024-12-13,605338.SH,-0.13346429,-0.016965793
2024-12-16,605338.SH,-0.13472787,-0.015683746
2024-12-17,605338.SH,-0.047433257,-0.012029116
2024-12-18,605338.SH,-0.050783537,-0.006601496
2024-12-19,605338.SH,-0.04747028,-0.00226858
2024-12-20,605338.SH,-0.047824446,-0.0020607486
2024-12-23,605338.SH,-0.014756227,-0.003270191
2024-12-24,605338.SH,-0.036388323,-0.0012713099
2024-12-25,605338.SH,-0.011962547,-0.0026549492
2024-12-26,605338.SH,-0.069639124,-0.0036485065
2024-12-27,605338.SH,-0.07358836,-0.0060909293
2024-12-30,605338.SH,-0.048018593,-0.008912711
2024-12-31,605338.SH,-0.029975798,-0.010264005
2025-01-02,605338.SH,-0.042136133,-0.009886015
2025-01-03,605338.SH,-0.01958447,-0.010572985
2025-01-06,605338.SH,0.0,-0.0042207786
2025-01-07,605338.SH,0.0,0.0007825925
2025-01-08,605338.SH,0.0,-0.00029081944
2025-01-09,605338.SH,0.0,-0.0022719956
2024-11-07,605358.SH,-0.004256835,-0.0020949217
2024-11-08,605358.SH,-0.03000225,-0.00545642
2024-11-11,605358.SH,-0.14194188,-0.008312193
2024-11-12,605358.SH,-0.069359235,-0.010639697
2024-11-13,605358.SH,-0.079305515,-0.010146645
2024-11-14,605358.SH,-0.043595716,-0.008933139
2024-11-15,605358.SH,-0.06671638,-0.0059154476
2024-11-18,605358.SH,-0.013605652,-0.003810148
2024-11-19,605358.SH,-0.07690241,-0.0004012566
2024-11-20,605358.SH,-0.047924656,-0.0008256019
2024-11-21,605358.SH,-0.04480628,-0.00092176534
2024-11-22,605358.SH,0.030536724,-0.00085121085
2024-11-25,605358.SH,0.05889641,0.0010603064
2024-11-26,605358.SH,0.06510722,0.0022311732
2024-11-27,605358.SH,0.04275287,0.0021826057
2024-11-28,605358.SH,0.03622894,0.000923994
2024-11-29,605358.SH,0.012700955,-0.0006826781
2024-12-02,605358.SH,-0.027306728,-0.0029540204
2024-12-03,605358.SH,-0.005577259,-0.004157168
2024-12-04,605358.SH,-0.0033389013,-0.003618011
2024-12-05,605358.SH,0.014870162,-0.002218804
2024-12-06,605358.SH,-0.022903198,-0.00123804
2024-12-09,605358.SH,-0.014130462,-0.00054884516
2024-12-10,605358.SH,-0.037611272,0.00077891257
2024-12-11,605358.SH,-0.027502203,-0.00026393807
2024-12-12,605358.SH,-0.03034509,-0.0010486202
2024-12-13,605358.SH,0.016946366,-0.003008907
2024-12-16,605358.SH,0.003072199,-0.0019283248
2024-12-17,605358.SH,0.022963122,-0.0026477638
2024-12-18,605358.SH,-0.011525291,-0.0032672405
2024-12-19,605358.SH,-0.0026661605,-0.005207483
2024-12-20,605358.SH,-0.02457126,-0.006809423
2024-12-23,605358.SH,-0.006925768,-0.009242599
2024-12-24,605358.SH,-0.06486648,-0.00861241
2024-12-25,605358.SH,-0.08841745,-0.008778591
2024-12-26,605358.SH,-0.14151786,-0.007961723
2024-12-27,605358.SH,-0.1442496,-0.008044329
2024-12-30,605358.SH,-0.118748754,-0.008025355
2024-12-31,605358.SH,-0.08770894,-0.0071008
2025-01-02,605358.SH,-0.04887459,-0.0034410704
2025-01-03,605358.SH,-0.02491232,0.005784584
2025-01-06,605358.SH,0.0,0.01955696
2025-01-07,605358.SH,0.0,0.021991039
2025-01-08,605358.SH,0.0,0.013813381
2025-01-09,605358.SH,0.0,0.009863889
2024-11-07,688092.SH,0.037908666,0.0005579094
2024-11-08,688092.SH,0.0022197568,-0.003529682
2024-11-11,688092.SH,-0.11034806,-0.0072643827
2024-11-12,688092.SH,-0.048086185,-0.012051928
2024-11-13,688092.SH,-0.039643276,-0.012859208
2024-11-14,688092.SH,-0.0035072372,-0.0106548825
2024-11-15,688092.SH,-0.048147354,-0.007023739
2024-11-18,688092.SH,0.021978907,-0.0044715595
2024-11-19,688092.SH,-0.025857644,0.00051215664
2024-11-20,688092.SH,-0.018186351,-0.0015365587
2024-11-21,688092.SH,-0.0008787347,-0.004891045
2024-11-22,688092.SH,0.08685625,-0.0069720396
2024-11-25,688092.SH,0.0623282,-0.0049437084
2024-11-26,688092.SH,0.083712436,-0.0044684224
2024-11-27,688092.SH,0.032154277,-0.0040880614
2024-11-28,688092.SH,0.032009654,-0.0047767353
2024-11-29,688092.SH,0.0012790451,-0.0059797154
2024-12-02,688092.SH,-0.014573769,-0.009404554
2024-12-03,688092.SH,-0.0042354995,-0.010278968
2024-12-04,688092.SH,0.03283177,-0.010506515
2024-12-05,688092.SH,0.012270093,-0.009335929
2024-12-06,688092.SH,-0.003842054,-0.008799081
2024-12-09,688092.SH,0.004738325,-0.008102999
2024-12-10,688092.SH,-0.06896255,-0.0081915185
2024-12-11,688092.SH,-0.08579186,-0.011675837
2024-12-12,688092.SH,-0.07643973,-0.012863887
2024-12-13,688092.SH,-0.041035876,-0.01458661
2024-12-16,688092.SH,-0.094107635,-0.015018358
2024-12-17,688092.SH,-0.027196882,-0.01699522
2024-12-18,688092.SH,-0.04821903,-0.012719487
2024-12-19,688092.SH,-0.04171133,-0.010049439
2024-12-20,688092.SH,-0.054958884,-0.01093424
2024-12-23,688092.SH,-0.0033104783,-0.015522052
2024-12-24,688092.SH,-0.042966034,-0.013080873
2024-12-25,688092.SH,-0.031176416,-0.013689126
2024-12-26,688092.SH,-0.09162554,-0.01284264
2024-12-27,688092.SH,-0.1088191,-0.013734304
2024-12-30,688092.SH,-0.0793324,-0.015654372
2024-12-31,688092.SH,-0.057215806,-0.015721207
2025-01-02,688092.SH,-0.030137891,-0.013844043
2025-01-03,688092.SH,-0.013051608,-0.010262565
2025-01-06,688092.SH,0.0,-0.0016656425
2025-01-07,688092.SH,0.0,0.008249816
2025-01-08,688092.SH,0.0,0.004151432
2025-01-09,688092.SH,0.0,0.0030170586
2024-11-07,688100.SH,-0.049576446,0.003428543
2024-11-08,688100.SH,-0.06635345,0.00013605505
2024-11-11,688100.SH,-0.11807866,-0.0022713293
2024-11-12,688100.SH,-0.053302173,-0.004064307
2024-11-13,688100.SH,-0.051809423,-0.0056797736
2024-11-14,688100.SH,-0.03912923,-0.005641591
2024-11-15,688100.SH,-0.05572697,-0.0035244238
2024-11-18,688100.SH,-0.042675316,-0.0009927448
2024-11-19,688100.SH,-0.06817772,-0.0006914406
2024-11-20,688100.SH,-0.05083148,-0.0029175468
2024-11-21,688100.SH,-0.053744275,-0.0051325224
2024-11-22,688100.SH,0.007722046,-0.005726401
2024-11-25,688100.SH,0.01843497,-0.0032331243
2024-11-26,688100.SH,0.0071962667,-0.0022740122
2024-11-27,688100.SH,-0.029490907,-0.0029629332
2024-11-28,688100.SH,-0.0047519305,-0.0048274864
2024-11-29,688100.SH,0.00054929964,-0.0045583644
2024-12-02,688100.SH,-0.023446117,-0.005635248
2024-12-03,688100.SH,0.0074186353,-0.006785777
2024-12-04,688100.SH,0.033556502,-0.0064192917
2024-12-05,688100.SH,0.02654289,-0.0058097024
2024-12-06,688100.SH,-0.01800852,-0.005044201
2024-12-09,688100.SH,0.0050111464,-0.006666672
2024-12-10,688100.SH,-0.0035650663,-0.0060904603
2024-12-11,688100.SH,-0.01911582,-0.008742719
2024-12-12,688100.SH,0.0070690885,-0.009085694
2024-12-13,688100.SH,0.04241982,-0.009585469
2024-12-16,688100.SH,0.022516053,-0.009191186
2024-12-17,688100.SH,0.020664139,-0.009080149
2024-12-18,688100.SH,0.014506892,-0.008539859
2024-12-19,688100.SH,0.039574943,-0.007551762
2024-12-20,688100.SH,0.044032272,-0.007662117
2024-12-23,688100.SH,0.03285113,-0.008856324
2024-12-24,688100.SH,-0.026173795,-0.007953709
2024-12-25,688100.SH,-0.04900758,-0.0076519516
2024-12-26,688100.SH,-0.075150184,-0.006977637
2024-12-27,688100.SH,-0.08561375,-0.008754974
2024-12-30,688100.SH,-0.07499765,-0.008901658
2024-12-31,688100.SH,-0.062698595,-0.0063543213
2025-01-02,688100.SH,-0.03484673,-0.0011159535
2025-01-03,688100.SH,-0.072166264,0.0052920687
2025-01-06,688100.SH,0.0,0.0060039996
2025-01-07,688100.SH,0.0,0.004943891
2025-01-08,688100.SH,0.0,0.0046612574
2025-01-09,688100.SH,0.0,0.008035733
2024-11-07,688351.SH,-0.031075947,-0.0020340849
2024-11-08,688351.SH,-0.048392676,-0.0044389195
2024-11-11,688351.SH,-0.11200846,-0.0063616633
2024-11-12,688351.SH,-0.10134646,-0.0076923775
2024-11-13,688351.SH,-0.015288693,-0.010223502
2024-11-14,688351.SH,0.02363059,-0.008208653
2024-11-15,688351.SH,-0.014837068,-0.0042142044
2024-11-18,688351.SH,0.047592252,0.00032877488
2024-11-19,688351.SH,0.04695239,0.008723534
2024-11-20,688351.SH,0.00046674447,0.0047919336
2024-11-21,688351.SH,-0.021242242,-0.0032180555
2024-11-22,688351.SH,0.07346715,-0.0051550907
2024-11-25,688351.SH,0.080795094,-0.001035499
2024-11-26,688351.SH,0.08382107,0.0022512719
2024-11-27,688351.SH,0.034399174,0.0038294848
2024-11-28,688351.SH,0.042499974,0.0047707534
2024-11-29,688351.SH,0.067139305,0.0070504635
2024-12-02,688351.SH,0.02054561,0.0072952695
2024-12-03,688351.SH,0.0017559268,0.006394431
2024-12-04,688351.SH,0.038908534,0.0058479165
2024-12-05,688351.SH,0.027065251,0.009006709
2024-12-06,688351.SH,-0.10056204,0.012853975
2024-12-09,688351.SH,-0.09938567,0.011812456
2024-12-10,688351.SH,-0.13855653,0.013895529
2024-12-11,688351.SH,-0.14537175,0.014517372
2024-12-12,688351.SH,-0.14074151,0.01320565
2024-12-13,688351.SH,-0.055610884,0.012805305
2024-12-16,688351.SH,-0.04137146,0.01723803
2024-12-17,688351.SH,-0.0050505158,0.021480368
2024-12-18,688351.SH,0.0020040087,0.026163206
2024-12-19,688351.SH,0.061106667,0.024080023
2024-12-20,688351.SH,0.031384893,0.018894278
2024-12-23,688351.SH,-0.00101833,0.0033224465
2024-12-24,688351.SH,-0.03661146,-0.0038048513
2024-12-25,688351.SH,-0.0710327,-0.010103949
2024-12-26,688351.SH,-0.12892926,-0.013650261
2024-12-27,688351.SH,-0.11307369,-0.016937438
2024-12-30,688351.SH,-0.08613185,-0.017000021
2024-12-31,688351.SH,-0.07523984,-0.014432435
2025-01-02,688351.SH,-0.070106566,-0.009770845
2025-01-03,688351.SH,-0.06103589,-0.006438129
2025-01-06,688351.SH,0.0,0.0016242793
2025-01-07,688351.SH,0.0,0.0005905808
2025-01-08,688351.SH,0.0,-0.0021313627
2025-01-09,688351.SH,0.0,-0.0024685878
2024-11-07,688363.SH,-0.04871397,0.0033178509
2024-11-08,688363.SH,-0.050824434,-0.0036986612
2024-11-11,688363.SH,-0.09740365,-0.0075553996
2024-11-12,688363.SH,-0.088109255,-0.010043872
2024-11-13,688363.SH,-0.07030737,-0.01282227
2024-11-14,688363.SH,-0.039156716,-0.012694488
2024-11-15,688363.SH,-0.05580484,-0.010433958
2024-11-18,688363.SH,-0.034754846,-0.0078313565
2024-11-19,688363.SH,-0.058002014,-0.005679264
2024-11-20,688363.SH,-0.03564933,-0.0056659114
2024-11-21,688363.SH,-0.038329262,-0.0052806903
2024-11-22,688363.SH,0.02846069,-0.004709617
2024-11-25,688363.SH,0.04961942,-0.0019258633
2024-11-26,688363.SH,0.037358698,-0.0014837679
2024-11-27,688363.SH,-0.013033969,-0.002173756
2024-11-28,688363.SH,-0.0024234043,-0.0029283825
2024-11-29,688363.SH,0.0016889042,-0.0025738676
2024-12-02,688363.SH,-0.033718634,-0.0034810316
2024-12-03,688363.SH,0.010874218,-0.0044872356
2024-12-04,688363.SH,0.044399224,-0.0032146026
2024-12-05,688363.SH,0.076543726,-0.0011436753
2024-12-06,688363.SH,0.02334996,0.0006652431
2024-12-09,688363.SH,-0.015030083,-0.00069343083
2024-12-10,688363.SH,-0.05524188,0.00059029675
2024-12-11,688363.SH,-0.08186074,-0.0008178856
2024-12-12,688363.SH,-0.12555923,-0.0025714673
2024-12-13,688363.SH,-0.09287332,-0.006000772
2024-12-16,688363.SH,-0.06193096,-0.008557738
2024-12-17,688363.SH,-0.04073408,-0.0082177585
2024-12-18,688363.SH,-0.032789823,-0.00739425
2024-12-19,688363.SH,-0.026373127,-0.00641719
2024-12-20,688363.SH,-0.037601184,-0.0062488336
2024-12-23,688363.SH,-0.029695848,-0.0077517983
2024-12-24,688363.SH,-0.067424245,-0.0069107115
2024-12-25,688363.SH,-0.059514128,-0.0072972807
2024-12-26,688363.SH,-0.07125134,-0.006709485
2024-12-27,688363.SH,-0.05720261,-0.006587561
2024-12-30,688363.SH,-0.046865273,-0.0062430124
2024-12-31,688363.SH,0.008583744,-0.005702765
2025-01-02,688363.SH,-0.012658397,-0.0048062173
2025-01-03,688363.SH,-0.026023017,-0.004968047
2025-01-06,688363.SH,0.0,-0.0035249926
2025-01-07,688363.SH,0.0,-0.0034707517
2025-01-08,688363.SH,0.0,-0.0038623698
2025-01-09,688363.SH,0.0,-0.0050044362
2024-11-07,688418.SH,0.010162043,0.005182464
2024-11-11,688418.SH,-0.12245495,0.0051400647
2024-11-12,688418.SH,-0.01891236,0.0049060583
2024-11-13,688418.SH,0.0015085235,0.0069948086
2024-11-14,688418.SH,0.013024567,0.0068719205
2024-11-15,688418.SH,0.03141294,0.006500276
2024-11-18,688418.SH,0.078568,0.011442165
2024-11-19,688418.SH,0.103951074,0.015637092
2024-11-20,688418.SH,0.14092785,0.014063184
2024-11-21,688418.SH,-0.0039198,0.009667089
2024-11-22,688418.SH,-0.015738636,0.0070935623
2024-11-25,688418.SH,-0.07824876,0.00553051
2024-11-26,688418.SH,-0.10897148,0.0043543265
2024-11-27,688418.SH,-0.018499471,0.0018820129
2024-11-29,688418.SH,0.020039553,-0.00072403625
2024-12-02,688418.SH,0.02851642,-0.0040624295
2024-12-03,688418.SH,0.037586637,-0.00528356
2024-12-04,688418.SH,0.012814677,-0.003953394
2024-12-06,688418.SH,-0.19040966,-0.0026137487
2024-12-10,688418.SH,-0.14608929,-0.002594869
2024-12-11,688418.SH,-0.06623282,-0.0024269614
2024-12-12,688418.SH,-0.031857785,-0.0016613696
2024-12-13,688418.SH,-0.02356747,-0.0011927517
2024-12-16,688418.SH,-0.04487721,-0.0021918106
2024-12-17,688418.SH,0.0037626177,-0.0015552826
2024-12-18,688418.SH,-0.09301952,0.003491352
2024-12-19,688418.SH,-0.061180156,0.002551242
2024-12-20,688418.SH,-0.07388787,9.3348324e-05
2024-12-23,688418.SH,-0.006433068,-0.0018365612
2024-12-24,688418.SH,-0.0044482537,0.0019364214
2024-12-25,688418.SH,0.052480113,0.003950858
2024-12-26,688418.SH,-0.022173857,0.0076589696
2024-12-27,688418.SH,-0.0072152866,0.005386064
2024-12-30,688418.SH,0.026149662,0.004256559
2024-12-31,688418.SH,0.004106782,0.0017811091
2025-01-02,688418.SH,-0.017987927,0.0011315135
2025-01-03,688418.SH,-0.013893937,0.001277178
2025-01-06,688418.SH,0.0,0.0018419785
2025-01-07,688418.SH,0.0,0.002113358
2025-01-08,688418.SH,0.0,0.0005584036
2025-01-09,688418.SH,0.0,0.0018108226
2024-11-07,688455.SH,0.049486786,-0.00808869
2024-11-08,688455.SH,0.013384521,-0.0126310075
2024-11-11,688455.SH,-0.09109743,-0.018113354
2024-11-12,688455.SH,-0.060127396,-0.02504369
2024-11-13,688455.SH,-0.015504187,-0.027288893
2024-11-14,688455.SH,0.011998298,-0.025716545
2024-11-15,688455.SH,0.0705744,-0.021234075
2024-11-18,688455.SH,0.12482306,-0.015551236
2024-11-19,688455.SH,0.10338674,-0.010220868
2024-11-20,688455.SH,0.09045214,-0.010972224
2024-11-21,688455.SH,0.08525142,-0.015200321
2024-11-22,688455.SH,0.021016536,-0.018549262
2024-11-25,688455.SH,-0.0102565,-0.02300247
2024-11-26,688455.SH,-0.01364045,-0.02559569
2024-11-27,688455.SH,-0.036771994,-0.026324509
2024-11-28,688455.SH,0.0058798995,-0.026392257
2024-11-29,688455.SH,0.06215266,-0.025237938
2024-12-02,688455.SH,0.04698851,-0.025680482
2024-12-03,688455.SH,0.06561091,-0.023398167
2024-12-04,688455.SH,0.070617564,-0.02372013
2024-12-05,688455.SH,0.013311344,-0.022393694
2024-12-06,688455.SH,-0.035644054,-0.024525365
2024-12-09,688455.SH,-0.026579637,-0.026629822
2024-12-10,688455.SH,-0.08467561,-0.0288312
2024-12-11,688455.SH,-0.066271625,-0.028723836
2024-12-12,688455.SH,-0.054342743,-0.028117014
2024-12-13,688455.SH,-0.008474627,-0.027509762
2024-12-16,688455.SH,-0.07605236,-0.0266533
2024-12-17,688455.SH,-0.01943524,-0.026885098
2024-12-18,688455.SH,-0.047057062,-0.026220337
2024-12-19,688455.SH,-0.030117422,-0.026787609
2024-12-20,688455.SH,-0.053311005,-0.027362816
2024-12-23,688455.SH,0.012635547,-0.030678822
2024-12-24,688455.SH,-0.022553956,-0.028564572
2024-12-25,688455.SH,-0.008215473,-0.027681828
2024-12-26,688455.SH,-0.038501546,-0.026535384
2024-12-27,688455.SH,-0.04123351,-0.025984345
2024-12-30,688455.SH,-0.019928196,-0.024470428
2024-12-31,688455.SH,-0.0018264846,-0.023502365
2025-01-02,688455.SH,0.015461882,-0.02112695
2025-01-03,688455.SH,0.045670036,-0.018024944
2025-01-06,688455.SH,0.0,-0.014658266
2025-01-07,688455.SH,0.0,-0.01196989
2025-01-08,688455.SH,0.0,-0.011989056
2025-01-09,688455.SH,0.0,-0.0124805
2024-11-07,688525.SH,-0.019659672,0.008502423
2024-11-08,688525.SH,-0.08032019,0.007816501
2024-11-11,688525.SH,-0.20586413,0.0067447037
2024-11-12,688525.SH,-0.12150662,0.0048122327
2024-11-13,688525.SH,-0.11715841,0.0066215396
2024-11-14,688525.SH,-0.08022369,0.0051696463
2024-11-15,688525.SH,-0.07807678,0.0057760165
2024-11-18,688525.SH,0.0020743308,0.007864549
2024-11-19,688525.SH,-0.06809983,0.009962288
2024-11-20,688525.SH,-0.017171381,0.0077068377
2024-11-21,688525.SH,-0.009795721,0.0050483323
2024-11-22,688525.SH,0.058034703,0.0035306409
2024-11-25,688525.SH,0.030944325,0.007211952
2024-11-26,688525.SH,0.03070759,0.0057876664
2024-11-27,688525.SH,-0.012010632,0.0039343466
2024-11-28,688525.SH,-0.0020387366,0.0028156165
2024-11-29,688525.SH,0.00882824,0.0018928554
2024-12-02,688525.SH,-0.024403855,0.0015239393
2024-12-03,688525.SH,0.0051124855,9.2236325e-05
2024-12-04,688525.SH,0.025870752,0.0010537958
2024-12-05,688525.SH,0.023696596,0.0014020149
2024-12-06,688525.SH,0.032789823,-0.00022055209
2024-12-09,688525.SH,0.053606622,-0.0011766149
2024-12-10,688525.SH,0.008631686,0.00032684146
2024-12-11,688525.SH,0.031022895,0.00015185091
2024-12-12,688525.SH,0.059324402,-0.001095449
2024-12-13,688525.SH,0.0820776,-0.0036863398
2024-12-16,688525.SH,0.06606175,-0.0001169797
2024-12-17,688525.SH,0.16120361,0.0023397997
2024-12-18,688525.SH,0.08929975,0.0032693613
2024-12-19,688525.SH,0.09532441,0.0051200166
2024-12-20,688525.SH,-0.023938905,0.006686598
2024-12-23,688525.SH,-0.012559515,0.0076166666
2024-12-24,688525.SH,-0.117836826,0.010143005
2024-12-25,688525.SH,-0.13334236,0.011428642
2024-12-26,688525.SH,-0.16886666,0.014795172
2024-12-27,688525.SH,-0.1477358,0.0141629735
2024-12-30,688525.SH,-0.10180471,0.017875401
2024-12-31,688525.SH,-0.057452716,0.017213615
2025-01-02,688525.SH,-0.008944453,0.01759043
2025-01-03,688525.SH,-0.04937996,0.019336434
2025-01-06,688525.SH,0.0,0.01735879
2025-01-07,688525.SH,0.0,0.01761105
2025-01-08,688525.SH,0.0,0.013975105
2025-01-09,688525.SH,0.0,0.013364757
2024-11-07,688592.SH,0.0,0.015019868
2024-11-08,688592.SH,-0.04295213,0.015009892
2024-11-11,688592.SH,-0.1294817,0.011935309
2024-11-12,688592.SH,-0.08369351,0.0060584885
2024-11-13,688592.SH,-0.07145037,0.0058965273
2024-11-14,688592.SH,-0.03565221,0.006213518
2024-11-15,688592.SH,-0.04955912,0.008669778
2024-11-18,688592.SH,-0.013584727,0.010992552
2024-11-19,688592.SH,-0.031432252,0.013198893
2024-11-20,688592.SH,-0.016088834,0.010420258
2024-11-21,688592.SH,-0.02329809,0.007494695
2024-11-22,688592.SH,0.026990457,0.0062642447
2024-11-25,688592.SH,0.028744189,0.007332554
2024-11-26,688592.SH,0.03319171,0.0071211476
2024-11-27,688592.SH,0.0010131713,0.006225663
2024-11-28,688592.SH,0.02604775,0.0046467097
2024-11-29,688592.SH,0.027515493,0.0036787484
2024-12-02,688592.SH,0.056545276,0.0018450121
2024-12-03,688592.SH,0.05330032,0.00043116137
2024-12-04,688592.SH,0.08814997,-0.00023894136
2024-12-05,688592.SH,0.08399051,-0.00019607879
2024-12-06,688592.SH,0.068417,-0.00080838986
2024-12-09,688592.SH,-0.010241843,-0.0011332637
2024-12-10,688592.SH,-0.048790164,-0.0021614023
2024-12-11,688592.SH,-0.07732272,-0.0031594727
2024-12-12,688592.SH,-0.10034925,-0.0038951568
2024-12-13,688592.SH,-0.05591224,-0.004492362
2024-12-16,688592.SH,-0.064777955,-0.004737537
2024-12-17,688592.SH,-0.027885204,-0.0031131133
2024-12-18,688592.SH,-0.055612784,0.0012271218
2024-12-19,688592.SH,-0.025701748,0.0035301626
2024-12-20,688592.SH,-0.06388896,0.0051004123
2024-12-23,688592.SH,-0.036414947,0.0030234565
2024-12-24,688592.SH,-0.039323546,0.0066504423
2024-12-25,688592.SH,-0.056364447,0.008230504
2024-12-26,688592.SH,-0.11084284,0.0101472605
2024-12-27,688592.SH,-0.13078932,0.0075899526
2024-12-30,688592.SH,-0.08713179,0.0057469993
2024-12-31,688592.SH,-0.052701548,0.005300715
2025-01-02,688592.SH,0.019418085,0.004008336
2025-01-03,688592.SH,0.05874077,0.005246175
2025-01-06,688592.SH,0.0,0.009199822
2025-01-07,688592.SH,0.0,0.011618905
2025-01-08,688592.SH,0.0,0.008136301
2025-01-09,688592.SH,0.0,0.0055895573
2024-11-07,688607.SH,0.025233742,-0.0032203381
2024-11-08,688607.SH,-0.014560151,-0.0073549505
2024-11-11,688607.SH,-0.105360515,-0.012440662
2024-11-12,688607.SH,-0.06706059,-0.015634378
2024-11-13,688607.SH,-0.040248167,-0.018360743
2024-11-14,688607.SH,0.016905474,-0.017597467
2024-11-15,688607.SH,-0.027028672,-0.013823665
2024-11-18,688607.SH,0.042819995,-0.009662936
2024-11-19,688607.SH,-0.0020222454,-0.0041096145
2024-11-20,688607.SH,-0.03246393,-0.0056999153
2024-11-21,688607.SH,-0.023484446,-0.00977151
2024-11-22,688607.SH,0.06881021,-0.0123935165
2024-11-25,688607.SH,0.04361251,-0.009621352
2024-11-26,688607.SH,0.060862746,-0.008828587
2024-11-27,688607.SH,0.04734612,-0.0078155445
2024-11-28,688607.SH,0.044537853,-0.0071175825
2024-11-29,688607.SH,0.0376456,-0.0074551315
2024-12-02,688607.SH,0.03135053,-0.009746742
2024-12-03,688607.SH,0.010107477,-0.010192081
2024-12-04,688607.SH,0.022230195,-0.009519074
2024-12-05,688607.SH,0.020000666,-0.008297999
2024-12-06,688607.SH,-0.032543547,-0.008092113
2024-12-09,688607.SH,-0.027536158,-0.008750238
2024-12-10,688607.SH,-0.06491572,-0.010452184
2024-12-11,688607.SH,-0.05487017,-0.009577316
2024-12-12,688607.SH,-0.075823076,-0.008006242
2024-12-13,688607.SH,-0.040239044,-0.009674019
2024-12-16,688607.SH,-0.11485269,-0.009828397
2024-12-17,688607.SH,-0.0438727,-0.011586659
2024-12-18,688607.SH,-0.08876232,-0.007590719
2024-12-19,688607.SH,-0.061250653,-0.007827018
2024-12-20,688607.SH,-0.06568708,-0.009688175
2024-12-23,688607.SH,-0.028882874,-0.013760707
2024-12-24,688607.SH,-0.07416188,-0.009101352
2024-12-25,688607.SH,-0.046002176,-0.008636682
2024-12-26,688607.SH,-0.09915005,-0.0061948397
2024-12-27,688607.SH,-0.09410864,-0.00782118
2024-12-30,688607.SH,-0.03352269,-0.010548503
2024-12-31,688607.SH,-0.015209419,-0.01061863
2025-01-02,688607.SH,-0.0022805028,-0.007447624
2025-01-03,688607.SH,0.0015661711,-0.0030968785
2025-01-06,688607.SH,0.0,0.005102975
2025-01-07,688607.SH,0.0,0.004280471
2025-01-08,688607.SH,0.0,-0.0023911397
2025-01-09,688607.SH,0.0,-0.003947631
2024-11-07,688609.SH,0.0,-0.0009791445
2024-11-08,688609.SH,-0.04730341,-0.0008772388
2024-11-11,688609.SH,-0.17563257,-0.0014413418
2024-11-12,688609.SH,-0.09108184,-0.0007901856
2024-11-13,688609.SH,-0.0792808,0.0018861959
2024-11-14,688609.SH,-0.038558993,0.0032324034
2024-11-15,688609.SH,-0.059188873,0.0068908553
2024-11-18,688609.SH,0.025451133,0.011736728
2024-11-19,688609.SH,-0.04399157,0.020693583
2024-11-20,688609.SH,-0.050772324,0.020739026
2024-11-21,688609.SH,-0.07303754,0.016217588
2024-11-22,688609.SH,0.0017406445,0.011416417
2024-11-25,688609.SH,0.012914514,0.014321823
2024-11-26,688609.SH,0.017482962,0.015142419
2024-11-27,688609.SH,-0.03444049,0.016650504
2024-11-28,688609.SH,0.007023734,0.016755722
2024-11-29,688609.SH,0.006932437,0.016876543
2024-12-02,688609.SH,-0.032162704,0.015497568
2024-12-03,688609.SH,0.0069084903,0.012546181
2024-12-04,688609.SH,0.087685004,0.012402034
2024-12-05,688609.SH,0.052823182,0.013462194
2024-12-06,688609.SH,-0.0025940351,0.013602751
2024-12-09,688609.SH,-0.008873173,0.0132763935
2024-12-10,688609.SH,-0.09187375,0.013918771
2024-12-11,688609.SH,0.016326893,0.012263129
2024-12-12,688609.SH,0.026209526,0.010513008
2024-12-13,688609.SH,0.036553156,0.010257305
2024-12-16,688609.SH,0.022037031,0.011637654
2024-12-17,688609.SH,0.055952236,0.011481543
2024-12-19,688609.SH,-0.07479335,0.021686807
2024-12-20,688609.SH,-0.09579534,0.02326324
2024-12-23,688609.SH,-0.06732482,0.021062085
2024-12-24,688609.SH,-0.07888093,0.02187991
2024-12-25,688609.SH,-0.08757921,0.030433806
2024-12-26,688609.SH,-0.17501844,0.03137734
2024-12-27,688609.SH,-0.18517259,0.024932614
2024-12-30,688609.SH,-0.14999267,0.02006624
2024-12-31,688609.SH,-0.104312845,0.016522193
2025-01-02,688609.SH,-0.069549434,0.020776004
2025-01-03,688609.SH,-0.050090384,0.02406886
2025-01-06,688609.SH,0.0,0.0329976
2025-01-07,688609.SH,0.0,0.03793892
2025-01-08,688609.SH,0.0,0.031595737
2025-01-09,688609.SH,0.0,0.028995715
2024-11-07,688633.SH,0.078134224,0.0022008845
2024-11-11,688633.SH,-0.11195032,-0.0011742152
2024-11-12,688633.SH,-0.05418765,-0.006882181
2024-11-13,688633.SH,-0.0519785,-0.0067674923
2024-11-14,688633.SH,-0.017366039,-0.0069235675
2024-11-15,688633.SH,-0.020118348,-0.0023066972
2024-11-18,688633.SH,-0.0011813351,0.004101387
2024-11-19,688633.SH,-0.04166458,0.014335043
2024-11-20,688633.SH,-0.04975395,0.013336609
2024-11-21,688633.SH,-0.044587307,0.009216348
2024-11-22,688633.SH,-0.011569739,0.008403093
2024-11-25,688633.SH,0.014473164,0.01396389
2024-11-26,688633.SH,0.07023796,0.01658651
2024-11-27,688633.SH,0.04975395,0.016340174
2024-11-28,688633.SH,0.02918794,0.013553515
2024-11-29,688633.SH,0.010802574,0.010164675
2024-12-02,688633.SH,0.004649369,0.008307873
2024-12-03,688633.SH,-0.046661224,0.0071387477
2024-12-04,688633.SH,-0.07619068,0.0042720437
2024-12-05,688633.SH,-0.04846849,0.003908279
2024-12-06,688633.SH,-0.04875179,0.00597523
2024-12-09,688633.SH,-0.029817823,0.007936574
2024-12-10,688633.SH,-0.06580794,0.00940122
2024-12-11,688633.SH,-0.024692612,0.009380032
2024-12-12,688633.SH,-0.025755951,0.010628489
2024-12-13,688633.SH,-0.005656581,0.007115148
2024-12-16,688633.SH,-0.041054334,0.0057959235
2024-12-17,688633.SH,0.039444022,0.0038401391
2024-12-18,688633.SH,0.07308286,0.0049056974
2024-12-19,688633.SH,0.13123564,0.005749218
2024-12-20,688633.SH,0.14566374,0.0049261753
2024-12-23,688633.SH,0.13487904,0.0030052408
2024-12-24,688633.SH,0.098278075,0.0031598557
2024-12-25,688633.SH,0.00796817,0.00057851337
2024-12-26,688633.SH,-0.07419048,-0.0033319325
2024-12-27,688633.SH,-0.06213627,-0.0069390927
2024-12-30,688633.SH,-0.0054535675,-0.008857805
2024-12-31,688633.SH,0.0050468743,-0.008739644
2025-01-02,688633.SH,0.057997905,-0.009029469
2025-01-03,688633.SH,0.03145986,-0.007288405
2025-01-06,688633.SH,0.0,-0.0046665953
2025-01-07,688633.SH,0.0,-0.0035842862
2025-01-08,688633.SH,0.0,-0.004708151
2025-01-09,688633.SH,0.0,-0.005195594
2024-11-07,688701.SH,-0.022954335,0.0048754676
2024-11-08,688701.SH,-0.070365414,1.3098121e-05
2024-11-11,688701.SH,-0.13883644,-0.0046109986
2024-11-12,688701.SH,-0.08714449,-0.00782611
2024-11-13,688701.SH,-0.049972545,-0.0074795834
2024-11-14,688701.SH,0.004633213,-0.00543458
2024-11-15,688701.SH,-0.0111554945,-0.00015896435
2024-11-18,688701.SH,0.057249334,0.0062992782
2024-11-19,688701.SH,0.007955492,0.013069123
2024-11-20,688701.SH,-0.01092907,0.008083818
2024-11-21,688701.SH,0.0015396462,-0.0010788478
2024-11-22,688701.SH,0.036195926,-0.0070837936
2024-11-25,688701.SH,0.034931418,-0.008540042
2024-11-26,688701.SH,0.053983808,-0.010234294
2024-11-27,688701.SH,0.044520017,-0.010078774
2024-11-28,688701.SH,0.036257748,-0.008991855
2024-11-29,688701.SH,0.054148566,-0.008910594
2024-12-02,688701.SH,0.0059523988,-0.009768089
2024-12-03,688701.SH,0.0,-0.010861565
2024-12-04,688701.SH,0.010455659,-0.011188301
2024-12-05,688701.SH,0.005917177,-0.010350755
2024-12-06,688701.SH,-0.02520519,-0.014283423
2024-12-09,688701.SH,-0.010440065,-0.016666567
2024-12-10,688701.SH,-0.06995859,-0.02077761
2024-12-11,688701.SH,-0.07559496,-0.01551431
2024-12-12,688701.SH,-0.09752502,-0.014110749
2024-12-13,688701.SH,-0.06353802,-0.014271781
2024-12-16,688701.SH,-0.15715368,-0.014091622
2024-12-17,688701.SH,-0.1033943,-0.015287921
2024-12-18,688701.SH,-0.14088437,-0.011788078
2024-12-19,688701.SH,-0.093685485,-0.006333921
2024-12-20,688701.SH,-0.11160218,-0.0029676314
2024-12-23,688701.SH,-0.03390155,-0.0067885946
2024-12-24,688701.SH,-0.045670036,0.008934822
2024-12-25,688701.SH,-0.026169717,0.026417984
2024-12-26,688701.SH,-0.117336705,0.039282307
2024-12-27,688701.SH,-0.12159171,0.03926235
2024-12-30,688701.SH,-0.046433598,0.028330648
2024-12-31,688701.SH,-0.03615998,0.020980611
2025-01-02,688701.SH,-0.017192401,0.019239595
2025-01-03,688701.SH,-0.016194686,0.025852792
2025-01-06,688701.SH,0.0,0.046329796
2025-01-07,688701.SH,0.0,0.055717096
2025-01-08,688701.SH,0.0,0.041659612
2025-01-09,688701.SH,0.0,0.031653386
2024-11-07,688776.SH,-0.058421817,0.0173106
2024-11-08,688776.SH,-0.12845756,0.017310267
2024-11-11,688776.SH,-0.21389765,0.0180612
2024-11-12,688776.SH,-0.0972084,0.013541273
2024-11-13,688776.SH,-0.044970363,0.012974818
2024-11-14,688776.SH,0.035821985,0.015148441
2024-11-15,688776.SH,0.0040568006,0.015140355
2024-11-18,688776.SH,0.019216644,0.01695942
2024-11-19,688776.SH,-0.016698126,0.021062605
2024-11-20,688776.SH,-0.081063636,0.019852709
2024-11-22,688776.SH,-0.10335751,0.018357992
2024-11-25,688776.SH,-0.00568414,0.020051554
2024-11-26,688776.SH,0.009221291,0.024399368
2024-11-27,688776.SH,-0.05097499,0.025761908
2024-11-28,688776.SH,0.0094883805,0.02305574
2024-11-29,688776.SH,-0.01326079,0.020907477
2024-12-02,688776.SH,-0.050950475,0.018777944
2024-12-03,688776.SH,-0.005019251,0.015906028
2024-12-04,688776.SH,0.040292006,0.01487891
2024-12-05,688776.SH,0.012901243,0.015994947
2024-12-06,688776.SH,-0.036305062,0.012663814
2024-12-09,688776.SH,-0.050977644,0.010857862
2024-12-10,688776.SH,-0.08594458,0.010157437
2024-12-11,688776.SH,-0.097642705,0.0087018
2024-12-12,688776.SH,-0.0769677,0.0051571154
2024-12-13,688776.SH,-0.020356487,0.004525846
2024-12-16,688776.SH,-0.022616321,0.007513665
2024-12-17,688776.SH,-0.0056823543,0.0074569113
2024-12-18,688776.SH,-0.059873402,0.0057860506
2024-12-19,688776.SH,-0.07308507,0.0051487708
2024-12-20,688776.SH,-0.07075715,0.0029147428
2024-12-23,688776.SH,-0.096768536,0.00043187165
2024-12-24,688776.SH,-0.1392198,-0.00033286275
2024-12-25,688776.SH,-0.12314069,-0.0011100583
2024-12-26,688776.SH,-0.14168836,0.0027250282
2024-12-27,688776.SH,-0.14539197,0.001973451
2024-12-30,688776.SH,-0.024895843,0.0018192331
2024-12-31,688776.SH,-0.02763376,0.0071004424
2025-01-02,688776.SH,0.06541322,0.010563212
2025-01-03,688776.SH,0.044248257,0.012866448
2025-01-06,688776.SH,0.0,0.014998435
2025-01-07,688776.SH,0.0,0.01350864
2025-01-08,688776.SH,0.0,0.0073609944
2025-01-09,688776.SH,0.0,0.010368059
2024-11-07,920718.BJ,-0.13230063,-0.009059238
2024-11-08,920718.BJ,-0.03749707,-0.00994709
2024-11-11,920718.BJ,0.034907557,-0.014768424
2024-11-12,920718.BJ,-0.02183228,-0.016051712
2024-11-13,920718.BJ,0.019383866,-0.0071091154
2024-11-14,920718.BJ,0.11326279,0.0025945387
2024-11-15,920718.BJ,0.03577045,0.0110659255
2024-11-18,920718.BJ,-0.040250402,0.00405634
2024-11-19,920718.BJ,0.01097572,-0.007666979
2024-11-20,920718.BJ,-0.01465013,-0.0037258274
2024-11-21,920718.BJ,-0.03577799,-0.0066898796
2024-11-22,920718.BJ,0.043950737,-0.017976822
2024-11-25,920718.BJ,0.0822381,-0.015765462
2024-11-26,920718.BJ,0.119869664,-0.0073745046
2024-11-27,920718.BJ,0.042756367,0.00013498838
2024-11-28,920718.BJ,0.010192614,-9.8473705e-05
2024-11-29,920718.BJ,-0.038779795,-0.008934323
2024-12-02,920718.BJ,-0.13792701,-0.01724032
2024-12-03,920718.BJ,-0.14941028,-0.01822198
2024-12-04,920718.BJ,-0.12901671,-0.017481843
2024-12-05,920718.BJ,-0.13812947,-0.015147624
2024-12-06,920718.BJ,-0.14729743,-0.00756092
2024-12-09,920718.BJ,-0.10403282,-0.009446886
2024-12-11,920718.BJ,-0.13558578,-0.0071870293
2024-12-12,920718.BJ,-0.08315781,-0.00095749955
2024-12-13,920718.BJ,-0.0759008,0.0044721104
2024-12-16,920718.BJ,-0.1034441,0.0046497514
2024-12-17,920718.BJ,-0.053059038,0.0041442136
2024-12-18,920718.BJ,-0.086621284,0.004274072
2024-12-19,920718.BJ,-0.10148304,-0.0011074003
2024-12-20,920718.BJ,-0.09740588,-0.0027101177
2024-12-23,920718.BJ,-0.0836698,-0.012298532
2024-12-24,920718.BJ,-0.086074606,-0.015349283
2024-12-25,920718.BJ,-0.04140719,-0.01840819
2024-12-26,920718.BJ,-0.0046547796,-0.020148864
2024-12-27,920718.BJ,0.0046047666,-0.03412001
2024-12-30,920718.BJ,0.060577523,-0.05231431
2024-12-31,920718.BJ,0.097059704,-0.057558894
2025-01-02,920718.BJ,0.13586606,-0.05675988
2025-01-03,920718.BJ,0.025337247,-0.056552034
2025-01-06,920718.BJ,0.0,-0.05694643
2025-01-07,920718.BJ,0.0,-0.05516896
2025-01-08,920718.BJ,0.0,-0.05077006
2025-01-09,920718.BJ,0.0,-0.049335346
2024-11-07,920779.BJ,0.3227162,0.0068743452
2024-11-08,920779.BJ,0.38128626,0.0028800357
2024-11-11,920779.BJ,0.26892436,0.0009503004
2024-11-12,920779.BJ,0.30900848,-0.0007638689
2024-11-13,920779.BJ,0.3085332,-0.00071187067
2024-11-19,920779.BJ,-0.08584749,-0.0042583733
2024-11-20,920779.BJ,-0.17947984,-0.0061017913
2024-11-21,920779.BJ,-0.105723836,-0.007862249
2024-11-22,920779.BJ,-0.032923024,-0.008287794
2024-11-25,920779.BJ,-0.079541504,-0.0066963932
2024-11-27,920779.BJ,-0.012730638,-0.006625268
2024-11-28,920779.BJ,0.037210487,-0.008047099
2024-11-29,920779.BJ,0.07733109,-0.007728227
2024-12-02,920779.BJ,-0.06510378,-0.007141793
2024-12-03,920779.BJ,-0.11759919,-0.008496328
2024-12-04,920779.BJ,-0.13507886,-0.011209247
2024-12-05,920779.BJ,-0.11213954,-0.011373206
2024-12-06,920779.BJ,-0.16238292,-0.011180073
2024-12-09,920779.BJ,-0.10404691,-0.01285791
2024-12-10,920779.BJ,-0.10533425,-0.011936565
2024-12-11,920779.BJ,-0.074788935,-0.01036038
2024-12-12,920779.BJ,-0.08605537,-0.008078374
2024-12-13,920779.BJ,-0.07601193,-0.008518099
2024-12-16,920779.BJ,-0.043130536,-0.0073999627
2024-12-17,920779.BJ,0.037876483,-0.005777033
2024-12-18,920779.BJ,0.007600471,-0.003061243
2024-12-19,920779.BJ,-0.010454458,0.00017329182
2024-12-20,920779.BJ,-0.022666918,0.0004258336
2024-12-23,920779.BJ,-0.08874751,-0.0015169065
2024-12-24,920779.BJ,-0.17803241,-0.0021539263
2024-12-25,920779.BJ,-0.07815158,-0.0040997094
2024-12-26,920779.BJ,-0.13080193,-0.0018792618
2024-12-27,920779.BJ,-0.115295686,-0.0010698674
2024-12-30,920779.BJ,-0.019274132,0.0006087354
2024-12-31,920779.BJ,-0.0027227364,0.006686324
2025-01-02,920779.BJ,-0.0043956116,0.011296314
2025-01-03,920779.BJ,0.004290537,0.00799616
2025-01-06,920779.BJ,0.0,0.010771073
2025-01-07,920779.BJ,0.0,0.010217544
2025-01-08,920779.BJ,0.0,0.006895877
2025-01-09,920779.BJ,0.0,0.0069067036
2024-11-07,920950.BJ,-0.108155705,-0.006741349
2024-11-08,920950.BJ,-0.09320358,-0.011291437
2024-11-11,920950.BJ,-0.017477479,-0.014767587
2024-11-12,920950.BJ,-0.0004575612,-0.012423697
2024-11-13,920950.BJ,0.025701277,-0.0071095508
2024-11-14,920950.BJ,0.039828274,-0.003467327
2024-11-15,920950.BJ,0.04790794,-0.009361171
2024-11-18,920950.BJ,0.0063091693,-0.012229008
2024-11-19,920950.BJ,-0.016147986,-0.017242404
2024-11-20,920950.BJ,-0.034573622,-0.022329435
2024-11-21,920950.BJ,-0.038474787,-0.018528173
2024-11-22,920950.BJ,-0.010647838,-0.020304283
2024-11-25,920950.BJ,0.09383887,-0.022398585
2024-11-26,920950.BJ,0.108332835,-0.023315543
2024-11-27,920950.BJ,0.081052445,-0.02455288
2024-11-28,920950.BJ,0.07927943,-0.025559785
2024-11-29,920950.BJ,0.051716935,-0.024588669
2024-12-02,920950.BJ,-0.058964446,-0.02349013
2024-12-03,920950.BJ,-0.04874843,-0.025328107
2024-12-04,920950.BJ,-0.09189905,-0.027937444
2024-12-05,920950.BJ,-0.14978704,-0.025538372
2024-12-06,920950.BJ,-0.14564538,-0.022266237
2024-12-09,920950.BJ,-0.13396533,-0.021935752
2024-12-10,920950.BJ,-0.18109532,-0.020775676
2024-12-11,920950.BJ,-0.12886843,-0.021606527
2024-12-12,920950.BJ,-0.09217046,-0.020454185
2024-12-13,920950.BJ,-0.069482945,-0.015487787
2024-12-16,920950.BJ,-0.11945855,-0.011571716
2024-12-17,920950.BJ,-0.0860569,-0.0070841312
2024-12-18,920950.BJ,-0.1159643,-0.0019420553
2024-12-19,920950.BJ,-0.12711021,0.002900981
2024-12-20,920950.BJ,-0.1389482,0.010168805
2024-12-23,920950.BJ,-0.122335024,0.007930894
2024-12-24,920950.BJ,-0.110653386,0.00990182
2024-12-25,920950.BJ,-0.05413452,0.013491724
2024-12-26,920950.BJ,-0.046233196,0.016877903
2024-12-27,920950.BJ,-0.024436157,0.016826509
2024-12-30,920950.BJ,0.034154203,0.013060573
2024-12-31,920950.BJ,0.080436096,0.011742855
2025-01-02,920950.BJ,0.08690481,0.011284399
2025-01-03,920950.BJ,0.025538605,0.010129028
2025-01-06,920950.BJ,0.0,0.007451569
2025-01-07,920950.BJ,0.0,0.0030777554
2025-01-08,920950.BJ,0.0,-0.00095131126
2025-01-09,920950.BJ,0.0,-0.003522565
2024-11-07,920982.BJ,-0.048083615,-0.0032399253
2024-11-08,920982.BJ,-0.03115093,-0.007831405
2024-11-11,920982.BJ,-0.060026236,-0.010018129
2024-11-12,920982.BJ,-0.07403156,-0.00934663
2024-11-13,920982.BJ,-0.07119423,-0.010234824
2024-11-14,920982.BJ,-0.06673206,-0.0096661905
2024-11-15,920982.BJ,-0.05537747,-0.00805791
2024-11-18,920982.BJ,-0.02237149,-0.006743077
2024-11-19,920982.BJ,-0.024454186,-0.0041286726
2024-11-20,920982.BJ,-0.04585044,-0.0050585214
2024-11-21,920982.BJ,-0.032039355,-0.005197504
2024-11-22,920982.BJ,-0.029070739,-0.0032250679
2024-11-25,920982.BJ,-0.019482482,-0.0012563927
2024-11-26,920982.BJ,-0.012593814,-0.0017268552
2024-11-27,920982.BJ,-0.024690289,-0.002147055
2024-11-28,920982.BJ,-0.043295983,-0.001224182
2024-11-29,920982.BJ,0.012138338,-0.0018477421
2024-12-02,920982.BJ,-0.0040078345,-0.0016764967
2024-12-03,920982.BJ,0.004154172,-0.0027043514
2024-12-04,920982.BJ,0.04778749,-0.0020983005
2024-12-05,920982.BJ,0.073441654,0.0004299047
2024-12-06,920982.BJ,0.006936444,0.002228252
2024-12-09,920982.BJ,-0.024198921,9.7420685e-05
2024-12-10,920982.BJ,-0.047639284,0.0003734467
2024-12-11,920982.BJ,-0.036518965,0.00035906085
2024-12-12,920982.BJ,-0.03925682,-0.0003009066
2024-12-13,920982.BJ,-0.021002425,-0.0005015309
2024-12-16,920982.BJ,-9.568463e-05,0.0007489563
2024-12-17,920982.BJ,0.0072202478,0.0017567329
2024-12-18,920982.BJ,-0.020116236,0.0025444746
2024-12-19,920982.BJ,-0.014419349,0.0021925464
2024-12-20,920982.BJ,0.016383478,0.0023292464
2024-12-23,920982.BJ,-0.0039790077,0.0027444966
2024-12-24,920982.BJ,-0.0072202478,0.0035900755
2024-12-25,920982.BJ,-0.010964439,0.0038967088
2024-12-26,920982.BJ,-0.0032433493,0.0036631583
2024-12-27,920982.BJ,0.0028662586,0.003748975
2024-12-30,920982.BJ,0.029953267,0.0028623026
2024-12-31,920982.BJ,0.05049104,0.0049574166
2025-01-02,920982.BJ,0.046451576,0.005341329
2025-01-03,920982.BJ,0.05348371,0.004776757
2025-01-06,920982.BJ,0.0,0.0037627446
2025-01-07,920982.BJ,0.0,0.0021917196
2025-01-08,920982.BJ,0.0,0.0012450436
2025-01-09,920982.BJ,0.0,0.00021085702
