date,code,close,dl_prediction
2024-01-16,300124.SZ,54.74,0.001558341784402728
2024-01-16,002788.SZ,8.74,0.0015165961813181639
2024-01-16,300800.SZ,13.13,0.001505569787696004
2024-01-16,603927.SH,26.1,0.0014862141106277704
2024-01-16,688776.SH,77.4,0.0014530930202454329
2024-01-16,688633.SH,29.14,0.0014255926944315434
2024-01-16,600610.SH,7.47,0.0014233589172363281
2024-01-16,002248.SZ,7.57,0.00141992443241179
2024-01-16,002393.SZ,25.3,0.0014132496435195208
2024-01-16,300820.SZ,49.42,0.001410936238244176
2024-01-17,300800.SZ,12.75,0.0015929786022752523
2024-01-17,300124.SZ,53.28,0.0015778704546391964
2024-01-17,002788.SZ,8.61,0.0015738055808469653
2024-01-17,603927.SH,25.38,0.0015256148763000965
2024-01-17,002248.SZ,7.37,0.0015142401680350304
2024-01-17,688633.SH,28.47,0.0015094419941306114
2024-01-17,688776.SH,76.16,0.0014983759028837085
2024-01-17,002393.SZ,24.9,0.0014920794637873769
2024-01-17,688701.SH,8.92,0.0014811893925070763
2024-01-17,000990.SZ,8.02,0.0014788592234253883
2024-01-18,300800.SZ,12.45,0.0016414538258686662
2024-01-18,002788.SZ,8.37,0.0016210471512749791
2024-01-18,301105.SZ,35.54,0.0015649397391825914
2024-01-18,688701.SH,8.67,0.0015593885909765959
2024-01-18,002248.SZ,7.5,0.0015590408584102988
2024-01-18,603927.SH,25.27,0.0015454571694135666
2024-01-18,000990.SZ,7.76,0.001539542805403471
2024-01-18,002393.SZ,24.03,0.0015366062289103866
2024-01-18,300737.SZ,5.7,0.0015315056079998612
2024-01-18,300289.SZ,5.68,0.0015268393326550722
2024-01-19,002788.SZ,8.22,0.001613371423445642
2024-01-19,300800.SZ,12.12,0.00160990038421005
2024-01-19,301105.SZ,34.81,0.0015893690288066864
2024-01-19,000990.SZ,7.73,0.0015788787277415395
2024-01-19,001211.SZ,23.32,0.0015785024734213948
2024-01-19,300289.SZ,5.64,0.001565883052535355
2024-01-19,603927.SH,24.88,0.0015521671157330275
2024-01-19,688701.SH,8.5,0.0015471942024305463
2024-01-19,600420.SH,8.97,0.001541078556329012
2024-01-19,300737.SZ,5.65,0.0015363902784883976
2024-01-22,001211.SZ,21.62,0.0016703885048627853
2024-01-22,301105.SZ,32.34,0.0016641964903101325
2024-01-22,300800.SZ,11.17,0.001653719344176352
2024-01-22,300289.SZ,5.28,0.0016374887200072408
2024-01-22,000990.SZ,7.23,0.0016242301790043712
2024-01-22,002788.SZ,7.72,0.001603304292075336
2024-01-22,300155.SZ,4.96,0.001593575463630259
2024-01-22,600420.SH,8.52,0.001578722381964326
2024-01-22,003003.SZ,10.13,0.0015730394516140223
2024-01-22,688701.SH,7.82,0.0015657265903428197
2024-01-23,001211.SZ,20.99,0.0017288894159719348
2024-01-23,300800.SZ,11.12,0.0016401096945628524
2024-01-23,300289.SZ,5.2,0.0016343874158337712
2024-01-23,300155.SZ,4.79,0.0016277717659249902
2024-01-23,301105.SZ,31.62,0.0016184485284611583
2024-01-23,000990.SZ,7.25,0.0016145147383213043
2024-01-23,003003.SZ,9.6,0.0016091779107227921
2024-01-23,002628.SZ,2.96,0.001599821844138205
2024-01-23,603601.SH,3.61,0.0015968183288350701
2024-01-23,688607.SH,16.11,0.001564433565363288
2024-01-24,001211.SZ,21.03,0.0016923114890232682
2024-01-24,003003.SZ,9.86,0.0016117285704240203
2024-01-24,300155.SZ,4.91,0.0016008116072043777
2024-01-24,300800.SZ,11.31,0.0015822929563000798
2024-01-24,002628.SZ,3.07,0.0015804498689249158
2024-01-24,605288.SH,39.19,0.0015800818800926208
2024-01-24,300289.SZ,5.3,0.0015753386542201042
2024-01-24,000990.SZ,7.5,0.0015572636621072888
2024-01-24,603228.SH,18.43,0.001551260706037283
2024-01-24,688607.SH,15.85,0.0015396515373140574
2024-01-25,001211.SZ,22.2,0.001645124633796513
2024-01-25,003003.SZ,10.34,0.001573327463120222
2024-01-25,605288.SH,42.33,0.001569089712575078
2024-01-25,603228.SH,19.46,0.001539437798783183
2024-01-25,002628.SZ,3.24,0.0015388133469969034
2024-01-25,300155.SZ,5.11,0.0015219596680253744
2024-01-25,300289.SZ,5.57,0.0015163689386099577
2024-01-25,000990.SZ,7.83,0.0015063893515616655
2024-01-25,300800.SZ,12.01,0.0014976572711020708
2024-01-25,300820.SZ,44.44,0.001481049694120884
2024-01-26,001211.SZ,22.7,0.001591763342730701
2024-01-26,002628.SZ,3.33,0.0014871706953272223
2024-01-26,000990.SZ,7.92,0.0014836139744147658
2024-01-26,605288.SH,42.01,0.001475977711379528
2024-01-26,300289.SZ,5.61,0.0014720245962962508
2024-01-26,603228.SH,18.98,0.0014654183760285378
2024-01-26,300820.SZ,42.33,0.0014581282157450914
2024-01-26,300155.SZ,5.16,0.0014494031202048063
2024-01-26,300338.SZ,4.04,0.0014482897240668535
2024-01-26,688607.SH,16.72,0.0014416237827390432
2024-01-29,001211.SZ,21.62,0.0015080980956554413
2024-01-29,605288.SH,40.85,0.001459555234760046
2024-01-29,688607.SH,16.02,0.001443472458049655
2024-01-29,000990.SZ,7.96,0.0014428887516260147
2024-01-29,603228.SH,18.52,0.0014369366690516472
2024-01-29,300820.SZ,41.2,0.0014225362101569772
2024-01-29,300800.SZ,11.52,0.0014217252610251307
2024-01-29,300289.SZ,5.5,0.0014189911307767034
2024-01-29,603699.SH,13.34,0.0014178199926391244
2024-01-29,300338.SZ,3.8,0.001412939396686852
2024-01-30,001211.SZ,20.52,0.0015446199104189873
2024-01-30,003003.SZ,9.63,0.0015350140165537596
2024-01-30,605288.SH,38.4,0.0015294058248400688
2024-01-30,688607.SH,15.84,0.0015168243553489447
2024-01-30,603699.SH,12.95,0.0015114631969481707
2024-01-30,603160.SH,54.57,0.0014846590347588062
2024-01-30,300820.SZ,39.8,0.0014834381872788072
2024-01-30,603228.SH,17.86,0.0014798851916566491
2024-01-30,300338.SZ,3.67,0.0014751070411875844
2024-01-30,300800.SZ,11.05,0.001449621981009841
2024-01-31,688607.SH,15.02,0.0015804353170096874
2024-01-31,603699.SH,12.14,0.0015674898168072104
2024-01-31,688363.SH,55.85,0.0015453669475391507
2024-01-31,300155.SZ,4.35,0.0015432399231940508
2024-01-31,002248.SZ,6.02,0.0015316630015149713
2024-01-31,603601.SH,3.32,0.001531081274151802
2024-01-31,603787.SH,9.76,0.0015279592480510473
2024-01-31,300289.SZ,4.94,0.0015241417568176985
2024-01-31,300820.SZ,38.03,0.00152291776612401
2024-01-31,688592.SH,37.16,0.0015186398522928357
2024-02-01,688607.SH,14.76,0.001636806409806013
2024-02-01,688592.SH,36.89,0.001627728110179305
2024-02-01,001211.SZ,17.63,0.0016169706359505653
2024-02-01,300155.SZ,4.15,0.0016093832673504949
2024-02-01,301023.SZ,28.31,0.0015976655995473266
2024-02-01,603601.SH,3.19,0.001597322174347937
2024-02-01,300289.SZ,4.79,0.001596245332621038
2024-02-01,603787.SH,9.53,0.0015910700894892216
2024-02-01,000710.SZ,8.19,0.001585938734933734
2024-02-01,300193.SZ,6.23,0.0015801539411768317
2024-02-02,300193.SZ,5.94,0.0017249127849936485
2024-02-02,300155.SZ,3.9,0.0017039744416251779
2024-02-02,688592.SH,33.81,0.0017038119258359075
2024-02-02,003008.SZ,19.29,0.00170335138682276
2024-02-02,301023.SZ,26.58,0.0017030066810548306
2024-02-02,688607.SH,13.57,0.0017013055039569736
2024-02-02,300289.SZ,4.51,0.001679517445154488
2024-02-02,603787.SH,9.04,0.0016604952979832888
2024-02-02,300712.SZ,17.93,0.0016576090129092336
2024-02-02,603601.SH,3.02,0.0016565097030252218
2024-02-05,300193.SZ,5.46,0.0017267382936552167
2024-02-05,000990.SZ,6.14,0.001724416040815413
2024-02-05,002393.SZ,18.68,0.0016711294883862138
2024-02-05,002788.SZ,6.45,0.0016188155859708786
2024-02-05,300737.SZ,4.4,0.0016033530700951815
2024-02-05,688776.SH,55.37,0.001596018671989441
2024-02-05,300840.SZ,14.75,0.0015954988775774837
2024-02-05,000011.SZ,7.74,0.0015288207214325666
2024-02-05,603758.SH,7.29,0.0015204522060230374
2024-02-05,002367.SZ,5.73,0.0015084438491612673
2024-02-06,003008.SZ,16.7,0.00181586982216686
2024-02-06,300155.SZ,3.01,0.0018077228451147676
2024-02-06,301023.SZ,22.4,0.0017735979054123163
2024-02-06,603601.SH,2.59,0.0017335225129500031
2024-02-06,688701.SH,4.96,0.0017314390279352665
2024-02-06,300289.SZ,3.91,0.0017310974653810263
2024-02-06,605288.SH,28.71,0.0017148653278127313
2024-02-06,300800.SZ,8.38,0.0017116955714300275
2024-02-06,688592.SH,28.99,0.0017035318305715919
2024-02-06,002637.SZ,7.56,0.0016879807226359844
2024-02-07,300800.SZ,7.93,0.0017952247289940715
2024-02-07,002637.SZ,7.03,0.0017648335779085755
2024-02-07,301023.SZ,20.85,0.0016321680741384625
2024-02-07,605288.SH,27.34,0.0016154280165210366
2024-02-07,300289.SZ,3.56,0.0016097503248602152
2024-02-07,002628.SZ,2.19,0.0016096116742119193
2024-02-07,688592.SH,27.26,0.0015994679415598512
2024-02-07,603601.SH,2.45,0.0015945913037285209
2024-02-07,002485.SZ,2.74,0.0015642965445294976
2024-02-07,001211.SZ,12.36,0.001563469646498561
2024-02-08,600420.SH,8.82,0.0023183636367321014
2024-02-08,920718.BJ,9.95,0.001754495780915022
2024-02-08,300800.SZ,8.63,0.0016958309570327401
2024-02-08,300155.SZ,2.85,0.0016905125230550766
2024-02-08,002485.SZ,2.6,0.0016574541805312037
2024-02-08,601012.SH,20.21,0.0016548264538869262
2024-02-08,920982.BJ,204.69,0.0016248100437223911
2024-02-08,002637.SZ,7.56,0.0016234969953075051
2024-02-08,000710.SZ,6.32,0.001572948880493641
2024-02-08,002709.SZ,18.43,0.0015578767051920295
2024-02-19,600420.SH,8.9,0.0024706011172384024
2024-02-19,920982.BJ,214.0,0.0018280724762007594
2024-02-19,920718.BJ,10.09,0.0018116607097908854
2024-02-19,002709.SZ,18.45,0.001777938101440668
2024-02-19,002485.SZ,2.73,0.0016733638476580381
2024-02-19,688701.SH,4.87,0.0016191854374483228
2024-02-19,601012.SH,20.19,0.001589074614457786
2024-02-19,300155.SZ,3.13,0.0015820300905033946
2024-02-19,300922.SZ,10.11,0.001564115285873413
2024-02-19,300800.SZ,8.91,0.0015451933722943068
2024-02-20,920718.BJ,10.16,0.0021787849254906178
2024-02-20,600420.SH,8.95,0.00212310953065753
2024-02-20,002709.SZ,18.4,0.0021192580461502075
2024-02-20,920982.BJ,222.45,0.0019079287303611636
2024-02-20,601012.SH,19.98,0.0017353970324620605
2024-02-20,003008.SZ,18.29,0.0016777015989646316
2024-02-20,002485.SZ,2.87,0.0016052041901275516
2024-02-20,600011.SH,8.95,0.001480840495787561
2024-02-20,000710.SZ,7.09,0.0014620658475905657
2024-02-20,300922.SZ,10.38,0.0014548111939802766
2024-02-21,002709.SZ,18.81,0.0022273818030953407
2024-02-21,920718.BJ,10.11,0.0021406980231404305
2024-02-21,601012.SH,20.4,0.0021177814342081547
2024-02-21,000966.SZ,4.28,0.0017936170333996415
2024-02-21,920982.BJ,225.23,0.001655816682614386
2024-02-21,600420.SH,8.98,0.0015627138782292604
2024-02-21,003008.SZ,19.38,0.0014615547843277454
2024-02-21,600060.SH,24.28,0.0014565049204975367
2024-02-21,000710.SZ,7.23,0.0014531707856804132
2024-02-21,600011.SH,8.81,0.0013944406528025866
2024-02-22,002709.SZ,19.03,0.0026761768385767937
2024-02-22,601012.SH,20.62,0.0026235724799335003
2024-02-22,000966.SZ,4.33,0.0019575664773583412
2024-02-22,605358.SH,22.33,0.0019571129232645035
2024-02-22,300034.SZ,15.9,0.0016789952060207725
2024-02-22,605303.SH,7.87,0.0016265332233160734
2024-02-22,000990.SZ,7.28,0.0015626992098987103
2024-02-22,000429.SZ,10.02,0.0014329925179481506
2024-02-22,600060.SH,24.29,0.0014301456976681948
2024-02-22,600352.SH,8.47,0.001344686490483582
2024-02-23,002709.SZ,19.29,0.0025939359329640865
2024-02-23,601012.SH,20.88,0.0023585809394717216
2024-02-23,605358.SH,22.56,0.0022438850719481707
2024-02-23,605303.SH,8.27,0.001961715752258897
2024-02-23,000990.SZ,7.37,0.0019395038252696395
2024-02-23,000966.SZ,4.34,0.0019274179358035326
2024-02-23,301115.SZ,15.92,0.0018209400586783886
2024-02-23,600481.SH,7.64,0.001607944956049323
2024-02-23,002393.SZ,22.4,0.0015573243144899607
2024-02-23,920982.BJ,229.21,0.00154429255053401
2024-02-26,002709.SZ,19.5,0.0025447893422096968
2024-02-26,301115.SZ,16.12,0.0024101254530251026
2024-02-26,605358.SH,23.03,0.0023192856460809708
2024-02-26,002393.SZ,22.52,0.0022688694298267365
2024-02-26,000990.SZ,7.33,0.0022031262051314116
2024-02-26,600481.SH,7.67,0.0021645580418407917
2024-02-26,605303.SH,8.48,0.0021235751919448376
2024-02-26,300207.SZ,13.88,0.0020676162093877792
2024-02-26,605338.SH,17.35,0.002044797409325838
2024-02-26,601012.SH,20.68,0.001911316649056971
2024-02-27,301115.SZ,16.29,0.0026660277508199215
2024-02-27,688633.SH,24.81,0.002587626688182354
2024-02-27,002393.SZ,23.2,0.002524695824831724
2024-02-27,000990.SZ,7.42,0.002515933010727167
2024-02-27,605358.SH,24.0,0.0024969778023660183
2024-02-27,002709.SZ,19.74,0.002430660417303443
2024-02-27,600481.SH,7.8,0.0024169618263840675
2024-02-27,300207.SZ,14.15,0.0022176820784807205
2024-02-27,300124.SZ,62.01,0.002217404544353485
2024-02-27,300737.SZ,5.31,0.0021828687749803066
2024-02-28,300124.SZ,61.5,0.0023320333566516638
2024-02-28,600481.SH,7.72,0.0022951671853661537
2024-02-28,301115.SZ,15.52,0.0022679553367197514
2024-02-28,000990.SZ,7.22,0.002173829358071089
2024-02-28,300737.SZ,5.03,0.0021595489233732224
2024-02-28,605358.SH,22.69,0.0021487101912498474
2024-02-28,002393.SZ,22.56,0.0020234128460288048
2024-02-28,688363.SH,60.77,0.0019160422962158918
2024-02-28,601801.SH,6.79,0.0018895709654316306
2024-02-28,605338.SH,16.71,0.0018019869457930326
2024-02-29,600481.SH,8.16,0.0026914235204458237
2024-02-29,000990.SZ,7.5,0.002658271696418524
2024-02-29,688633.SH,23.32,0.002649739384651184
2024-02-29,601801.SH,7.0,0.0022929594852030277
2024-02-29,300737.SZ,5.17,0.0021545817144215107
2024-02-29,688363.SH,63.93,0.0021457341499626637
2024-02-29,300124.SZ,63.21,0.002066303975880146
2024-02-29,000966.SZ,4.39,0.0020655575208365917
2024-02-29,601886.SH,6.2,0.0020494740456342697
2024-02-29,600420.SH,9.12,0.0019881168846040964
2024-03-01,601886.SH,6.31,0.0032394323498010635
2024-03-01,688633.SH,23.42,0.002601263578981161
2024-03-01,600481.SH,8.46,0.002541120396926999
2024-03-01,601801.SH,7.13,0.002486220560967922
2024-03-01,300737.SZ,5.21,0.002446848899126053
2024-03-01,000990.SZ,7.51,0.002186285797506571
2024-03-01,301115.SZ,15.99,0.0021768086589872837
2024-03-01,002068.SZ,9.25,0.002025357447564602
2024-03-01,688363.SH,63.51,0.0018249055137857795
2024-03-01,300840.SZ,15.25,0.0017987728351727128
2024-03-04,601886.SH,6.36,0.003457904327660799
2024-03-04,688633.SH,23.31,0.002637402154505253
2024-03-04,301115.SZ,16.34,0.0025764969177544117
2024-03-04,601801.SH,7.36,0.002335230354219675
2024-03-04,300840.SZ,15.58,0.0021650895942002535
2024-03-04,300737.SZ,5.07,0.0018902189331129193
2024-03-04,000025.SZ,15.16,0.0018715874757617712
2024-03-04,605303.SH,7.93,0.00178189342841506
2024-03-04,300800.SZ,9.85,0.0017720741452649236
2024-03-04,920982.BJ,223.0,0.0017381719080731273
2024-03-05,688633.SH,22.73,0.0025138845667243004
2024-03-05,000025.SZ,15.31,0.0022660407703369856
2024-03-05,301105.SZ,25.77,0.00218944251537323
2024-03-05,002485.SZ,2.82,0.0020912904292345047
2024-03-05,003008.SZ,20.1,0.002086568158119917
2024-03-05,920982.BJ,217.39,0.0020689305383712053
2024-03-05,601886.SH,6.21,0.002066473476588726
2024-03-05,300800.SZ,9.65,0.00205455394461751
2024-03-05,300289.SZ,4.51,0.0020282885525375605
2024-03-05,300922.SZ,12.41,0.0018768804147839546
2024-03-06,002485.SZ,2.91,0.0026145633310079575
2024-03-06,300922.SZ,12.19,0.002591629046946764
2024-03-06,301105.SZ,26.61,0.0025718514807522297
2024-03-06,000025.SZ,15.3,0.002509995363652706
2024-03-06,300800.SZ,9.69,0.002453981898725033
2024-03-06,688633.SH,23.06,0.0023748623207211494
2024-03-06,003008.SZ,20.72,0.0023423386737704277
2024-03-06,688455.SH,9.55,0.0023175205569714308
2024-03-06,920982.BJ,227.0,0.0023061009123921394
2024-03-06,300840.SZ,15.35,0.002105933614075184
2024-03-07,688455.SH,9.76,0.0029096268117427826
2024-03-07,300922.SZ,11.88,0.00288215558975935
2024-03-07,300800.SZ,9.77,0.0028651864267885685
2024-03-07,301105.SZ,26.75,0.002709816675633192
2024-03-07,000025.SZ,15.59,0.002697181887924671
2024-03-07,003008.SZ,20.32,0.0026127449236810207
2024-03-07,920982.BJ,238.5,0.002551640849560499
2024-03-07,002485.SZ,2.85,0.002464860677719116
2024-03-07,688633.SH,23.87,0.002455601468682289
2024-03-07,300155.SZ,3.82,0.002276898827403784
2024-03-08,300800.SZ,9.9,0.003139010164886713
2024-03-08,000025.SZ,15.46,0.0030790725722908974
2024-03-08,300922.SZ,12.24,0.0027826675213873386
2024-03-08,003008.SZ,20.6,0.0027823750860989094
2024-03-08,300155.SZ,3.84,0.0027515380643308163
2024-03-08,301105.SZ,26.57,0.0026542632840573788
2024-03-08,688633.SH,24.12,0.0026369658298790455
2024-03-08,002485.SZ,2.87,0.002616453915834427
2024-03-08,920982.BJ,243.27,0.002601269632577896
2024-03-08,300840.SZ,15.6,0.002533623017370701
2024-03-11,300922.SZ,12.37,0.0030694957822561264
2024-03-11,000025.SZ,15.63,0.0028948714025318623
2024-03-11,300800.SZ,10.03,0.002882806584239006
2024-03-11,300155.SZ,3.93,0.0027672057040035725
2024-03-11,688633.SH,25.9,0.0025133811868727207
2024-03-11,301105.SZ,27.07,0.0024989903904497623
2024-03-11,301312.SZ,68.78,0.0024157841689884663
2024-03-11,003008.SZ,21.15,0.0023305462673306465
2024-03-11,300840.SZ,16.08,0.002308392897248268
2024-03-11,002485.SZ,2.93,0.0022947504185140133
2024-03-12,300155.SZ,4.08,0.0031986753456294537
2024-03-12,300922.SZ,12.71,0.003104818519204855
2024-03-12,301105.SZ,27.3,0.002849843353033066
2024-03-12,000025.SZ,15.87,0.0026988517493009567
2024-03-12,300800.SZ,10.15,0.0025651492178440094
2024-03-12,603787.SH,10.44,0.0025361985899508
2024-03-12,003008.SZ,21.3,0.0024741506204009056
2024-03-12,300289.SZ,4.72,0.002467409009113908
2024-03-12,301312.SZ,69.86,0.0024182817433029413
2024-03-12,300698.SZ,31.97,0.002401505596935749
2024-03-13,300155.SZ,4.04,0.003422337118536234
2024-03-13,300922.SZ,12.83,0.002985564526170492
2024-03-13,301105.SZ,27.0,0.0029810797423124313
2024-03-13,000025.SZ,15.87,0.002905136439949274
2024-03-13,603758.SH,10.36,0.0025722961872816086
2024-03-13,300698.SZ,32.17,0.0024662588257342577
2024-03-13,301312.SZ,71.56,0.0024557318538427353
2024-03-13,688701.SH,5.92,0.0024533269461244345
2024-03-13,300800.SZ,10.28,0.0024328636936843395
2024-03-13,300289.SZ,4.71,0.0023843874223530293
2024-03-14,300155.SZ,4.0,0.003092746250331402
2024-03-14,301105.SZ,26.7,0.003030323889106512
2024-03-14,300800.SZ,10.27,0.0024573379196226597
2024-03-14,300922.SZ,12.47,0.002446756698191166
2024-03-14,300698.SZ,31.63,0.0022405816707760096
2024-03-14,688701.SH,5.86,0.0022257654927670956
2024-03-14,603787.SH,11.06,0.0022202986292541027
2024-03-14,003003.SZ,8.69,0.002165723592042923
2024-03-14,301312.SZ,70.14,0.002165028126910329
2024-03-14,002637.SZ,7.97,0.002130990382283926
2024-03-15,301105.SZ,27.14,0.0028398712165653706
2024-03-15,300155.SZ,4.1,0.002732102759182453
2024-03-15,300800.SZ,10.45,0.0020450991578400135
2024-03-15,002637.SZ,8.25,0.002027803333476186
2024-03-15,300289.SZ,4.81,0.001831304281949997
2024-03-15,003003.SZ,8.91,0.0017587001202628016
2024-03-15,688701.SH,6.02,0.0017532890196889639
2024-03-15,300922.SZ,12.65,0.0017395424656569958
2024-03-15,603787.SH,10.77,0.0017214445397257805
2024-03-15,301312.SZ,71.47,0.0016346734482795
2024-03-18,301105.SZ,28.34,0.0022856667637825012
2024-03-18,688701.SH,6.23,0.0016790122026577592
2024-03-18,300155.SZ,4.19,0.001662909984588623
2024-03-18,300922.SZ,13.05,0.0015777898952364922
2024-03-18,300289.SZ,4.92,0.0014559375122189522
2024-03-18,605020.SH,30.04,0.0014465157873928547
2024-03-18,600021.SH,8.73,0.001428253948688507
2024-03-18,000966.SZ,4.63,0.0014108226168900728
2024-03-18,301120.SZ,10.91,0.001375783933326602
2024-03-18,002637.SZ,8.39,0.0013660152908414602
2024-03-19,600021.SH,8.63,0.001429145224392414
2024-03-19,002281.SZ,39.63,0.0014079934917390347
2024-03-19,688351.SH,27.75,0.0013968439307063818
2024-03-19,600011.SH,9.18,0.001382896094582975
2024-03-19,000966.SZ,4.56,0.0013821207685396075
2024-03-19,002709.SZ,22.57,0.0013693282380700111
2024-03-19,002367.SZ,7.65,0.0013466045493260026
2024-03-19,301105.SZ,28.4,0.0013362360186874866
2024-03-19,600131.SH,19.05,0.0013267879839986563
2024-03-19,688633.SH,25.05,0.0013173011830076575
2024-03-20,688609.SH,13.82,0.0014540713746100664
2024-03-20,002709.SZ,22.41,0.0013995739864185452
2024-03-20,688351.SH,28.07,0.0013889176771044731
2024-03-20,600021.SH,8.63,0.0013827687362208962
2024-03-20,000966.SZ,4.56,0.001351635903120041
2024-03-20,002281.SZ,39.17,0.00134665472432971
2024-03-20,600011.SH,9.11,0.0013306890614330769
2024-03-20,688633.SH,25.11,0.0013112949673086405
2024-03-20,002367.SZ,7.68,0.001294366200454533
2024-03-20,300207.SZ,14.66,0.0012810805346816778
2024-03-21,688609.SH,13.27,0.0015379514079540968
2024-03-21,688351.SH,27.5,0.001416379469446838
2024-03-21,002709.SZ,21.9,0.0013909242115914822
2024-03-21,000422.SZ,9.13,0.001357188681140542
2024-03-21,000966.SZ,4.55,0.0013565168483182788
2024-03-21,600021.SH,8.59,0.001347870915196836
2024-03-21,300712.SZ,25.7,0.001337286434136331
2024-03-21,300207.SZ,14.49,0.0013303612358868122
2024-03-21,300124.SZ,61.29,0.0013209227472543716
2024-03-21,601801.SH,8.38,0.0013127151178196073
2024-03-22,000422.SZ,8.9,0.0014653492253273726
2024-03-22,688609.SH,12.39,0.0014194250106811523
2024-03-22,688351.SH,26.86,0.001409006305038929
2024-03-22,002709.SZ,20.87,0.0014061162946745753
2024-03-22,300712.SZ,25.35,0.001389906625263393
2024-03-22,600021.SH,8.5,0.0013730291975662112
2024-03-22,300207.SZ,14.08,0.00137104163877666
2024-03-22,601801.SH,8.48,0.0013667726889252663
2024-03-22,000011.SZ,8.22,0.0013545664260163903
2024-03-22,000966.SZ,4.45,0.0013355545233935118
2024-03-25,000422.SZ,8.75,0.0015739146620035172
2024-03-25,300207.SZ,13.74,0.0014508391031995416
2024-03-25,000011.SZ,8.2,0.0014390497235581279
2024-03-25,002709.SZ,20.02,0.0014259784948080778
2024-03-25,300712.SZ,24.89,0.0014088047901168466
2024-03-25,601012.SH,19.94,0.0013825809583067894
2024-03-25,600010.SH,1.6,0.0013725695898756385
2024-03-25,600021.SH,8.48,0.0013636138755828142
2024-03-25,688351.SH,26.15,0.0013615668285638094
2024-03-25,601801.SH,7.78,0.0013465902302414179
2024-03-26,000422.SZ,8.89,0.00161436025518924
2024-03-26,300207.SZ,14.12,0.0014582367148250341
2024-03-26,300034.SZ,15.47,0.0014480658574029803
2024-03-26,600010.SH,1.59,0.0014277331065386534
2024-03-26,603711.SH,16.3,0.0014191432856023312
2024-03-26,000050.SZ,8.35,0.001397371874190867
2024-03-26,300698.SZ,32.69,0.0013937369221821427
2024-03-26,601801.SH,7.76,0.0013931801076978445
2024-03-26,688418.SH,20.45,0.0013802878092974424
2024-03-26,601012.SH,20.22,0.001379596535116434
2024-03-27,000422.SZ,8.58,0.001609558006748557
2024-03-27,300034.SZ,14.59,0.0015607706736773252
2024-03-27,300737.SZ,4.56,0.001557895797304809
2024-03-27,603711.SH,15.8,0.0015482192393392324
2024-03-27,300207.SZ,13.39,0.0015217098407447338
2024-03-27,000050.SZ,8.04,0.0014567296020686626
2024-03-27,601801.SH,7.52,0.0014509119791910052
2024-03-27,002709.SZ,21.76,0.0014331972924992442
2024-03-27,688607.SH,13.7,0.0014289856189861894
2024-03-27,002449.SZ,6.89,0.0014166748151183128
2024-03-28,605338.SH,16.79,0.001844689599238336
2024-03-28,603711.SH,15.78,0.0016089861746877432
2024-03-28,300737.SZ,4.61,0.0016056986059993505
2024-03-28,002578.SZ,3.18,0.0015950443921610713
2024-03-28,300034.SZ,15.1,0.001591724925674498
2024-03-28,605288.SH,37.0,0.0015523320762440562
2024-03-28,300800.SZ,10.27,0.0015407626051455736
2024-03-28,000422.SZ,8.7,0.0015305764973163605
2024-03-28,601801.SH,7.65,0.001527667511254549
2024-03-28,688607.SH,14.16,0.0015164752257987857
2024-03-29,603711.SH,15.85,0.0016964849783107638
2024-03-29,688607.SH,15.12,0.001680511748418212
2024-03-29,000990.SZ,7.17,0.0016328932251781225
2024-03-29,300737.SZ,4.56,0.0016322392039000988
2024-03-29,002449.SZ,7.4,0.001621050643734634
2024-03-29,601801.SH,7.62,0.0015948174986988306
2024-03-29,300034.SZ,15.3,0.0015377479139715433
2024-03-29,603601.SH,3.46,0.0015249267453327775
2024-03-29,605288.SH,37.11,0.0015209876000881195
2024-03-29,000609.SZ,5.05,0.0015028180787339807
2024-04-01,603711.SH,16.8,0.0017917907098308206
2024-04-01,688607.SH,14.8,0.0017162441508844495
2024-04-01,002449.SZ,7.63,0.001654894556850195
2024-04-01,300737.SZ,4.74,0.0016509107081219554
2024-04-01,605288.SH,37.96,0.0016168588772416115
2024-04-01,601801.SH,8.03,0.0016068752156570554
2024-04-01,605338.SH,17.61,0.001570002525113523
2024-04-01,000609.SZ,5.13,0.0015396438539028168
2024-04-01,603601.SH,3.53,0.0015059207798913121
2024-04-01,600360.SH,6.44,0.001495460164733231
2024-04-02,603711.SH,16.71,0.0017550642369315028
2024-04-02,605288.SH,38.55,0.0016410141251981258
2024-04-02,002449.SZ,7.53,0.0016255172668024898
2024-04-02,605338.SH,17.53,0.0016216222429648042
2024-04-02,688607.SH,15.56,0.0016197338700294495
2024-04-02,300737.SZ,4.7,0.0016177912475541234
2024-04-02,601801.SH,7.77,0.0015970508102327585
2024-04-02,002222.SZ,28.27,0.0015705549158155918
2024-04-02,000990.SZ,7.5,0.0015548173105344176
2024-04-02,000609.SZ,5.35,0.0015381794655695558
2024-04-03,603711.SH,16.61,0.0016935188323259354
2024-04-03,605338.SH,17.43,0.0016276465030387044
2024-04-03,000990.SZ,7.54,0.00157742144074291
2024-04-03,002222.SZ,27.17,0.0015725232660770416
2024-04-03,300737.SZ,4.63,0.0015459550777450204
2024-04-03,002449.SZ,7.45,0.0015366873703897
2024-04-03,601801.SH,7.78,0.0014894865453243256
2024-04-03,000422.SZ,9.59,0.0014822413213551044
2024-04-03,605288.SH,38.78,0.0014694805722683668
2024-04-03,301105.SZ,28.57,0.0014621561858803034
2024-04-08,603711.SH,16.01,0.0016677946550771594
2024-04-08,002709.SZ,23.01,0.001601219642907381
2024-04-08,605338.SH,16.9,0.0015602123457938433
2024-04-08,000990.SZ,7.37,0.0015466383192688227
2024-04-08,688100.SH,33.59,0.001542273093946278
2024-04-08,688363.SH,53.56,0.001487847650423646
2024-04-08,688592.SH,40.39,0.0014681166503578424
2024-04-08,300737.SZ,4.39,0.00146426388528198
2024-04-08,301105.SZ,26.82,0.0014399560168385506
2024-04-08,002393.SZ,24.87,0.0014226360945031047
2024-04-09,688100.SH,34.63,0.0017527082236483693
2024-04-09,603711.SH,16.42,0.0017387616680935025
2024-04-09,300800.SZ,11.13,0.0016077760374173522
2024-04-09,688592.SH,41.22,0.0015911896480247378
2024-04-09,300207.SZ,14.69,0.0015197963220998645
2024-04-09,688363.SH,55.53,0.0015189608093351126
2024-04-09,301105.SZ,27.47,0.0015027981717139482
2024-04-09,300737.SZ,4.58,0.001499605132266879
2024-04-09,002485.SZ,3.21,0.001497422344982624
2024-04-09,603829.SH,13.78,0.0014907395234331489
2024-04-10,300712.SZ,25.53,0.0017025074921548367
2024-04-10,002709.SZ,24.94,0.0016555332113057375
2024-04-10,603711.SH,15.96,0.001642358722165227
2024-04-10,688100.SH,34.06,0.0016351448139175773
2024-04-10,301105.SZ,26.53,0.0016240375116467476
2024-04-10,688592.SH,39.55,0.0016061017522588372
2024-04-10,001211.SZ,17.36,0.0015674696769565344
2024-04-10,688363.SH,54.9,0.0015300040831789374
2024-04-10,688525.SH,44.3,0.0015286640264093876
2024-04-10,300737.SZ,4.41,0.001526052481494844
2024-04-11,301105.SZ,26.67,0.0017787829274311662
2024-04-11,688525.SH,44.1,0.0017563046421855688
2024-04-11,001211.SZ,17.33,0.0017436532070860267
2024-04-11,300800.SZ,11.24,0.0016530957072973251
2024-04-11,300737.SZ,4.38,0.0016120566288009286
2024-04-11,002709.SZ,25.55,0.0016058310866355896
2024-04-11,003008.SZ,22.15,0.0015900457510724664
2024-04-11,300289.SZ,4.69,0.0015848877374082804
2024-04-11,688363.SH,53.67,0.0015798829263076186
2024-04-11,300207.SZ,14.21,0.0015745556447654963
2024-04-12,301105.SZ,26.99,0.0018847816390916705
2024-04-12,688525.SH,44.42,0.0018829802284017205
2024-04-12,001211.SZ,17.73,0.0018620516639202833
2024-04-12,300289.SZ,4.62,0.0017483491683378816
2024-04-12,300800.SZ,10.94,0.001717652310617268
2024-04-12,300737.SZ,4.24,0.001710945158265531
2024-04-12,003008.SZ,22.23,0.0016900671180337667
2024-04-12,002449.SZ,7.03,0.0016323447925969958
2024-04-12,605303.SH,8.5,0.001611735438928008
2024-04-12,688701.SH,5.31,0.001604157267138362
2024-04-15,688525.SH,40.99,0.0019943267107009888
2024-04-15,300289.SZ,4.28,0.001880955183878541
2024-04-15,003008.SZ,20.25,0.0018172948621213436
2024-04-15,300737.SZ,4.03,0.0017943669809028506
2024-04-15,002449.SZ,6.57,0.0017876547062769532
2024-04-15,301312.SZ,52.38,0.00178220821544528
2024-04-15,003003.SZ,8.35,0.0017364020459353924
2024-04-15,600481.SH,7.32,0.0017195575637742877
2024-04-15,605358.SH,20.32,0.0017145018791779876
2024-04-15,300800.SZ,10.46,0.0016991294687613845
2024-04-16,600481.SH,7.02,0.001872314023785293
2024-04-16,688525.SH,37.43,0.001861314638517797
2024-04-16,300289.SZ,3.9,0.0018315399065613747
2024-04-16,301312.SZ,47.45,0.0018299344228580594
2024-04-16,002628.SZ,2.22,0.0017964771250262856
2024-04-16,300737.SZ,3.82,0.0017877863720059395
2024-04-16,002449.SZ,6.08,0.001774849253706634
2024-04-16,605358.SH,19.4,0.0017325537046417594
2024-04-16,300207.SZ,13.51,0.001696782186627388
2024-04-16,603699.SH,16.65,0.0016845713835209608
2024-04-17,600481.SH,7.39,0.0018895637476816773
2024-04-17,001211.SZ,15.45,0.0018809420289471745
2024-04-17,605303.SH,7.38,0.001813789363950491
2024-04-17,601012.SH,18.6,0.0017490641912445426
2024-04-17,300800.SZ,9.81,0.0016917153261601925
2024-04-17,003003.SZ,8.06,0.0016765055479481816
2024-04-17,000609.SZ,3.86,0.0016630630707368255
2024-04-17,000025.SZ,15.24,0.0016554244793951511
2024-04-17,000856.SZ,7.57,0.0016400441527366638
2024-04-17,300207.SZ,14.19,0.0016373238759115338
2024-04-18,003003.SZ,8.41,0.0019868859089910984
2024-04-18,301105.SZ,22.9,0.0019379277946427464
2024-04-18,000025.SZ,14.92,0.0017893576296046376
2024-04-18,600481.SH,7.34,0.001784099149517715
2024-04-18,688701.SH,4.56,0.0017792668659240007
2024-04-18,605303.SH,7.23,0.0017759307520464063
2024-04-18,003008.SZ,20.28,0.0017453419277444482
2024-04-18,000856.SZ,7.07,0.0017132292268797755
2024-04-18,000710.SZ,7.44,0.0016604985576123
2024-04-18,000609.SZ,4.2,0.0016296155517920852
2024-04-19,000710.SZ,7.17,0.0025914935395121574
2024-04-19,003003.SZ,8.17,0.0022858097217977047
2024-04-19,920779.BJ,26.37,0.002167020458728075
2024-04-19,000025.SZ,14.85,0.0018596590962260962
2024-04-19,605303.SH,7.15,0.0017226138152182102
2024-04-19,600011.SH,9.57,0.00165131117682904
2024-04-19,300338.SZ,2.58,0.0016365130431950092
2024-04-19,000856.SZ,6.9,0.0016352498205378652
2024-04-19,600481.SH,7.18,0.0016341933514922857
2024-04-19,000609.SZ,4.49,0.0016199647216126323
2024-04-22,000710.SZ,7.02,0.0028545083478093147
2024-04-22,920779.BJ,26.55,0.002491539344191551
2024-04-22,000050.SZ,7.55,0.0021343177650123835
2024-04-22,000025.SZ,14.34,0.0018943953327834606
2024-04-22,003003.SZ,7.98,0.001856103539466858
2024-04-22,600011.SH,9.5,0.0016605932032689452
2024-04-22,300338.SZ,2.5,0.0016451608389616013
2024-04-22,000609.SZ,4.08,0.0015781817492097616
2024-04-22,688100.SH,36.77,0.00155340984929353
2024-04-22,000011.SZ,8.07,0.001548809465020895
2024-04-23,000710.SZ,7.35,0.0030076373368501663
2024-04-23,000050.SZ,7.58,0.002612188458442688
2024-04-23,301312.SZ,52.45,0.002304801717400551
2024-04-23,920779.BJ,26.76,0.0022092130966484547
2024-04-23,301459.SZ,39.06,0.001993039157241583
2024-04-23,000025.SZ,14.41,0.001752029056660831
2024-04-23,301023.SZ,28.86,0.001714605838060379
2024-04-23,600011.SH,9.31,0.0016950428253039718
2024-04-23,000011.SZ,8.06,0.0016036629676818848
2024-04-23,605358.SH,20.31,0.0016026368830353022
2024-04-24,000710.SZ,7.36,0.0034354650415480137
2024-04-24,000050.SZ,7.53,0.003303529229015112
2024-04-24,605358.SH,20.52,0.0025311927311122417
2024-04-24,301023.SZ,29.78,0.00248671043664217
2024-04-24,301312.SZ,51.19,0.0022592605091631413
2024-04-24,301459.SZ,40.05,0.0021446733735501766
2024-04-24,688525.SH,46.99,0.0017561690183356404
2024-04-24,600011.SH,9.72,0.0016994266770780087
2024-04-24,300338.SZ,3.06,0.0016350641380995512
2024-04-24,603601.SH,3.02,0.0016277679242193699
2024-04-25,000050.SZ,7.68,0.0034488816745579243
2024-04-25,605358.SH,20.56,0.002459216397255659
2024-04-25,301312.SZ,52.81,0.0024496233090758324
2024-04-25,688525.SH,49.2,0.002448819112032652
2024-04-25,301023.SZ,29.95,0.002263653092086315
2024-04-25,002281.SZ,35.7,0.002080898266285658
2024-04-25,603160.SH,57.19,0.001981875393539667
2024-04-25,603601.SH,3.08,0.0017937722150236368
2024-04-25,300800.SZ,10.1,0.0017672074027359486
2024-04-25,301459.SZ,40.04,0.00171227240934968
2024-04-26,000050.SZ,7.99,0.0037546884268522263
2024-04-26,000710.SZ,8.18,0.003754577599465847
2024-04-26,688525.SH,51.53,0.0026189619675278664
2024-04-26,301312.SZ,53.12,0.002531876787543297
2024-04-26,603160.SH,60.29,0.0024896201211959124
2024-04-26,605358.SH,21.41,0.00239416747353971
2024-04-26,603601.SH,3.1,0.002095754025503993
2024-04-26,300737.SZ,4.17,0.002018941333517432
2024-04-26,301115.SZ,15.47,0.0018312981119379401
2024-04-26,688592.SH,38.94,0.001821317826397717
2024-04-29,000710.SZ,8.58,0.0039728861302137375
2024-04-29,000050.SZ,8.19,0.0037410352379083633
2024-04-29,688592.SH,40.6,0.002978069707751274
2024-04-29,603601.SH,3.26,0.002653078641742468
2024-04-29,603160.SH,61.63,0.002491600811481476
2024-04-29,301115.SZ,15.84,0.002430383348837495
2024-04-29,301312.SZ,54.96,0.002422657795250416
2024-04-29,002788.SZ,8.71,0.002303860615938902
2024-04-29,300737.SZ,4.45,0.0022777183912694454
2024-04-29,688525.SH,52.56,0.0022147626150399446
2024-04-30,000710.SZ,8.7,0.004293592646718025
2024-04-30,688592.SH,40.75,0.004049890674650669
2024-04-30,000050.SZ,8.13,0.003623572178184986
2024-04-30,603601.SH,3.21,0.002973077818751335
2024-04-30,002788.SZ,8.85,0.002736610360443592
2024-04-30,300737.SZ,4.52,0.002509645652025938
2024-04-30,301023.SZ,31.35,0.0024241299834102392
2024-04-30,301115.SZ,15.69,0.0022641539108008146
2024-04-30,002248.SZ,6.51,0.0021481006406247616
2024-04-30,603160.SH,61.53,0.0018547170329838991
2024-05-06,000710.SZ,8.97,0.003907044883817434
2024-05-06,688592.SH,41.19,0.003588553052395582
2024-05-06,000050.SZ,8.22,0.0034044641070067883
2024-05-06,603601.SH,3.31,0.0029339506290853024
2024-05-06,002788.SZ,9.07,0.0025919489562511444
2024-05-06,300737.SZ,4.56,0.002252624835819006
2024-05-06,301023.SZ,31.98,0.002082470804452896
2024-05-06,002248.SZ,6.63,0.001949623110704124
2024-05-06,301115.SZ,15.96,0.0018608346581459045
2024-05-06,688092.SH,35.62,0.0015345463762059808
2024-05-07,000710.SZ,9.23,0.003299881238490343
2024-05-07,000050.SZ,8.3,0.002805778756737709
2024-05-07,688592.SH,42.01,0.002310696989297867
2024-05-07,603601.SH,3.37,0.0021062823943793774
2024-05-07,002788.SZ,9.04,0.0018731900490820408
2024-05-07,688607.SH,13.91,0.0017501894617453218
2024-05-07,300737.SZ,4.68,0.0017048183362931013
2024-05-07,688092.SH,36.18,0.0016132501186802983
2024-05-07,688701.SH,5.41,0.0015242607332766056
2024-05-07,600481.SH,6.39,0.0014906261349096894
2024-05-08,000710.SZ,9.69,0.0024202638305723667
2024-05-08,688701.SH,5.25,0.0019450703402981162
2024-05-08,688607.SH,13.87,0.0016935990424826741
2024-05-08,688092.SH,35.97,0.001637771143577993
2024-05-08,600481.SH,6.21,0.001501769758760929
2024-05-08,000609.SZ,2.88,0.0014172593364492059
2024-05-08,600360.SH,5.32,0.0013505883980542421
2024-05-08,300338.SZ,1.82,0.0013437413144856691
2024-05-08,000050.SZ,8.12,0.001342526520602405
2024-05-08,300623.SZ,16.23,0.0013125956756994128
2024-05-09,688701.SH,5.34,0.0016818002332001925
2024-05-09,688092.SH,35.79,0.001607714337296784
2024-05-09,920982.BJ,176.97,0.0014720240142196417
2024-05-09,300338.SZ,1.8,0.0014352318830788136
2024-05-09,600360.SH,5.05,0.0014194047544151545
2024-05-09,600481.SH,6.47,0.001403957954607904
2024-05-09,000710.SZ,9.27,0.0013807595241814852
2024-05-09,000609.SZ,2.74,0.0013439992908388376
2024-05-09,002578.SZ,3.22,0.001339196925982833
2024-05-09,688418.SH,19.32,0.0013205702416598797
2024-05-10,002578.SZ,3.21,0.0017403216334059834
2024-05-10,600360.SH,4.8,0.0015667576808482409
2024-05-10,688701.SH,5.17,0.0015316559001803398
2024-05-10,688092.SH,34.74,0.001445697620511055
2024-05-10,605020.SH,25.73,0.0014035236090421677
2024-05-10,600481.SH,6.35,0.0013835063436999917
2024-05-10,600352.SH,9.3,0.001343936426565051
2024-05-10,688633.SH,26.84,0.0013349702348932624
2024-05-10,688776.SH,70.74,0.0013183094561100006
2024-05-10,300623.SZ,16.17,0.0013175175990909338
2024-05-13,002578.SZ,3.12,0.001752296113409102
2024-05-13,688701.SH,5.11,0.0017201300943270326
2024-05-13,605020.SH,25.23,0.001613924279808998
2024-05-13,000609.SZ,2.47,0.0016026339726522565
2024-05-13,603829.SH,13.26,0.001564239733852446
2024-05-13,600360.SH,4.56,0.0015478696441277862
2024-05-13,300338.SZ,1.64,0.001523355022072792
2024-05-13,000025.SZ,14.8,0.0014717713929712772
2024-05-13,600352.SH,9.34,0.0013958120252937078
2024-05-13,688633.SH,26.0,0.0013911897549405694
2024-05-14,000609.SZ,2.35,0.0023144748993217945
2024-05-14,688701.SH,5.41,0.0018392420606687665
2024-05-14,000025.SZ,15.09,0.0017727799713611603
2024-05-14,920718.BJ,10.76,0.0017477640649303794
2024-05-14,605020.SH,25.29,0.0016372428508475423
2024-05-14,002578.SZ,3.17,0.001586892525665462
2024-05-14,600360.SH,4.33,0.0014766603708267212
2024-05-14,300338.SZ,1.79,0.0014626695774495602
2024-05-14,600420.SH,12.2,0.0014617119450122118
2024-05-14,002485.SZ,2.39,0.0014480890240520239
2024-05-15,000609.SZ,2.23,0.002598076593130827
2024-05-15,688701.SH,5.32,0.0022435863502323627
2024-05-15,000025.SZ,15.1,0.00216644536703825
2024-05-15,002485.SZ,2.51,0.0020845308899879456
2024-05-15,920718.BJ,10.81,0.00176907645072788
2024-05-15,688609.SH,10.09,0.0016813380643725395
2024-05-15,300338.SZ,1.75,0.0015067497733980417
2024-05-15,605020.SH,25.0,0.0014862660318613052
2024-05-15,603711.SH,18.15,0.00145481969229877
2024-05-15,600060.SH,28.26,0.0014524785801768303
2024-05-16,000609.SZ,2.34,0.0028547272086143494
2024-05-16,000025.SZ,15.19,0.0024387859739363194
2024-05-16,002485.SZ,2.5,0.002347200643271208
2024-05-16,688701.SH,5.54,0.0021985098719596863
2024-05-16,688607.SH,13.55,0.0018365555442869663
2024-05-16,300338.SZ,1.79,0.0015718142967671156
2024-05-16,301312.SZ,50.56,0.001540118595585227
2024-05-16,920718.BJ,10.68,0.0015219158958643675
2024-05-16,601005.SH,1.26,0.001496987184509635
2024-05-16,600352.SH,9.19,0.0014724831562489271
2024-05-17,000025.SZ,15.25,0.002177479211241007
2024-05-17,301312.SZ,53.1,0.0021293116733431816
2024-05-17,000609.SZ,2.31,0.0020928909070789814
2024-05-17,002485.SZ,2.54,0.0017866616835817695
2024-05-17,688701.SH,5.52,0.0017195253167301416
2024-05-17,600481.SH,6.21,0.0016770298825576901
2024-05-17,601005.SH,1.27,0.0016297749243676662
2024-05-17,300338.SZ,1.73,0.00161156861577183
2024-05-17,688607.SH,13.79,0.0015285334084182978
2024-05-17,600352.SH,9.43,0.001516513992100954
2024-05-20,600481.SH,6.15,0.0019086907850578427
2024-05-20,301312.SZ,52.9,0.00158344442024827
2024-05-20,300374.SZ,16.5,0.0015787428710609674
2024-05-20,300338.SZ,1.71,0.0015767078148201108
2024-05-20,603787.SH,12.06,0.0015761631075292826
2024-05-20,000990.SZ,8.52,0.0015721387462690473
2024-05-20,000422.SZ,13.31,0.001549328095279634
2024-05-20,600352.SH,9.39,0.0015265719266608357
2024-05-20,000011.SZ,9.09,0.0014744300860911608
2024-05-20,600060.SH,27.52,0.0014407122507691383
2024-05-21,600481.SH,6.05,0.0022979741916060448
2024-05-21,000422.SZ,12.86,0.001646737684495747
2024-05-21,603787.SH,12.13,0.0015713671455159783
2024-05-21,300338.SZ,1.64,0.0015440394636243582
2024-05-21,000990.SZ,8.38,0.0015408988110721111
2024-05-21,000011.SZ,9.09,0.0015172949060797691
2024-05-21,300698.SZ,34.44,0.0014648970682173967
2024-05-21,600360.SH,3.34,0.0014575894456356764
2024-05-21,600352.SH,9.28,0.0014359954511746764
2024-05-21,002393.SZ,26.05,0.001410841359756887
2024-05-22,600481.SH,6.42,0.002506275661289692
2024-05-22,600360.SH,3.27,0.0015693819150328636
2024-05-22,000422.SZ,12.36,0.0015375723596662283
2024-05-22,000011.SZ,9.18,0.0015287703135982156
2024-05-22,002393.SZ,26.44,0.0015275039477273822
2024-05-22,603787.SH,11.91,0.0014678891748189926
2024-05-22,300338.SZ,1.77,0.0014580043498426676
2024-05-22,600060.SH,27.59,0.0014403210952877998
2024-05-22,920950.BJ,12.62,0.0014188059139996767
2024-05-22,000990.SZ,8.38,0.0013820021413266659
2024-05-23,600481.SH,6.18,0.0019622347317636013
2024-05-23,600360.SH,3.13,0.001917411107569933
2024-05-23,000011.SZ,9.01,0.0016218452947214246
2024-05-23,000422.SZ,11.94,0.0014622348826378584
2024-05-23,920950.BJ,12.8,0.001444521825760603
2024-05-23,300338.SZ,1.69,0.0014405188849195838
2024-05-23,300737.SZ,6.11,0.001407527830451727
2024-05-23,002393.SZ,25.55,0.0013890138361603022
2024-05-23,600060.SH,27.2,0.0013874730793759227
2024-05-23,000990.SZ,8.08,0.001381561392918229
2024-05-24,600360.SH,3.29,0.002176466630771756
2024-05-24,000011.SZ,8.67,0.001632583444006741
2024-05-24,300737.SZ,5.87,0.0015459682326763868
2024-05-24,600481.SH,6.15,0.0015387150924652815
2024-05-24,600011.SH,8.93,0.0014885065611451864
2024-05-24,000422.SZ,12.42,0.0014640382723882794
2024-05-24,000990.SZ,8.03,0.001445871777832508
2024-05-24,688363.SH,59.68,0.0014254297129809856
2024-05-24,002222.SZ,24.45,0.0014218518044799566
2024-05-24,920950.BJ,12.4,0.001407848671078682
2024-05-27,600011.SH,9.12,0.0027819694951176643
2024-05-27,000011.SZ,8.55,0.001640013069845736
2024-05-27,300737.SZ,5.76,0.0016147141577675939
2024-05-27,002222.SZ,25.9,0.0015500120352953672
2024-05-27,000966.SZ,5.17,0.001459198072552681
2024-05-27,920950.BJ,12.29,0.0014537581009790301
2024-05-27,601398.SH,5.48,0.0013740217546001077
2024-05-27,600060.SH,27.8,0.0013672320637851954
2024-05-27,003008.SZ,16.5,0.0013542701490223408
2024-05-27,002393.SZ,25.63,0.00134980957955122
2024-05-28,600011.SH,9.11,0.0028917710296809673
2024-05-28,300737.SZ,5.51,0.0016277499962598085
2024-05-28,000011.SZ,8.34,0.0015707581769675016
2024-05-28,920950.BJ,12.42,0.0015190744306892157
2024-05-28,000966.SZ,5.38,0.0014816428301855922
2024-05-28,603758.SH,8.25,0.0013944180682301521
2024-05-28,920779.BJ,23.23,0.0013935014139860868
2024-05-28,002393.SZ,17.55,0.0013667258899658918
2024-05-28,002222.SZ,25.29,0.0013662740821018815
2024-05-28,601398.SH,5.49,0.0013565898407250643
2024-05-29,300737.SZ,5.5,0.0016427574446424842
2024-05-29,000966.SZ,5.2,0.0016275070374831557
2024-05-29,920950.BJ,12.85,0.0015479756984859705
2024-05-29,920779.BJ,23.46,0.0015238040359690785
2024-05-29,603758.SH,8.34,0.0015189541736617684
2024-05-29,600011.SH,9.17,0.001496261334978044
2024-05-29,000011.SZ,8.4,0.0014741094782948494
2024-05-29,603160.SH,59.57,0.0014586292672902346
2024-05-29,600010.SH,1.56,0.0014415634796023369
2024-05-29,002393.SZ,17.66,0.0013744272291660309
2024-05-30,002485.SZ,2.53,0.0016582527896389365
2024-05-30,300737.SZ,5.33,0.0015824164729565382
2024-05-30,000966.SZ,5.0,0.0015798906097188592
2024-05-30,920779.BJ,22.98,0.0015797128435224295
2024-05-30,603758.SH,8.48,0.001524946535937488
2024-05-30,600021.SH,10.1,0.0014649840304628015
2024-05-30,600010.SH,1.55,0.0014548664912581444
2024-05-30,920950.BJ,12.69,0.0014457356883212924
2024-05-30,300922.SZ,15.19,0.0014086539158597589
2024-05-30,000609.SZ,1.64,0.0014080360997468233
2024-05-31,002485.SZ,2.66,0.002142115496098995
2024-05-31,300338.SZ,1.43,0.0018373191123828292
2024-05-31,000966.SZ,4.95,0.001595006207935512
2024-05-31,601005.SH,1.19,0.0015890520298853517
2024-05-31,920779.BJ,23.04,0.0015700527001172304
2024-05-31,600010.SH,1.54,0.0015500757144764066
2024-05-31,600021.SH,10.05,0.0015348296146839857
2024-05-31,688455.SH,8.65,0.0014759227633476257
2024-05-31,300737.SZ,5.21,0.0014520533150061965
2024-05-31,000609.SZ,1.56,0.001432695658877492
2024-06-03,002485.SZ,2.79,0.0019044594373553991
2024-06-03,601005.SH,1.14,0.001747851725667715
2024-06-03,600010.SH,1.49,0.0017121831187978387
2024-06-03,688455.SH,8.16,0.0016124554676935077
2024-06-03,001211.SZ,16.19,0.0015677805058658123
2024-06-03,301115.SZ,15.45,0.0015410982305184007
2024-06-03,003003.SZ,8.9,0.0015362580306828022
2024-06-03,002628.SZ,2.25,0.001534363953396678
2024-06-03,000856.SZ,6.63,0.0015009163180366158
2024-06-03,600021.SH,10.06,0.0014994768425822258
2024-06-04,300338.SZ,1.23,0.0020340110640972853
2024-06-04,601005.SH,1.13,0.0017539249965921044
2024-06-04,002628.SZ,2.22,0.0016859968891367316
2024-06-04,003003.SZ,8.43,0.0016829580999910831
2024-06-04,600010.SH,1.48,0.0016342843882739544
2024-06-04,001211.SZ,15.86,0.0016200366662815213
2024-06-04,688455.SH,8.06,0.0016109548741951585
2024-06-04,000856.SZ,6.4,0.0016057041939347982
2024-06-04,301115.SZ,15.47,0.0016012518899515271
2024-06-04,920779.BJ,22.7,0.0015991228865459561
2024-06-05,300338.SZ,1.25,0.00303948437795043
2024-06-05,920779.BJ,23.9,0.0021951147355139256
2024-06-05,600360.SH,2.45,0.0018631367711350322
2024-06-05,002628.SZ,2.16,0.0018470946233719587
2024-06-05,002367.SZ,6.25,0.0018160449108108878
2024-06-05,601005.SH,1.09,0.0017574464436620474
2024-06-05,003003.SZ,8.19,0.001755126635544002
2024-06-05,001211.SZ,15.56,0.0017546204617246985
2024-06-05,000856.SZ,6.23,0.0017273903358727694
2024-06-05,600010.SH,1.46,0.0016934481682255864
2024-06-06,600360.SH,2.33,0.002193720079958439
2024-06-06,920779.BJ,22.8,0.002028833841904998
2024-06-06,002367.SZ,6.08,0.0019556989427655935
2024-06-06,002628.SZ,2.0,0.0019520124187693
2024-06-06,000856.SZ,5.84,0.0019171257736161351
2024-06-06,003003.SZ,7.61,0.001874941517598927
2024-06-06,000609.SZ,1.27,0.0018702562665566802
2024-06-06,001211.SZ,14.69,0.0018631161656230688
2024-06-06,603829.SH,11.21,0.0018438257975503802
2024-06-06,600336.SH,4.34,0.0018404654692858458
2024-06-07,300338.SZ,1.13,0.004466354846954346
2024-06-07,002367.SZ,6.22,0.002741930540651083
2024-06-07,600360.SH,2.45,0.002144500380381942
2024-06-07,000609.SZ,1.21,0.0020321293268352747
2024-06-07,002393.SZ,16.65,0.0020054394844919443
2024-06-07,300698.SZ,33.03,0.0019036949379369617
2024-06-07,002628.SZ,2.09,0.0018888748018071055
2024-06-07,003003.SZ,8.16,0.0018399268155917525
2024-06-07,600336.SH,4.51,0.001787755754776299
2024-06-07,603829.SH,11.73,0.0017794952727854252
2024-06-11,002367.SZ,6.24,0.0024071563966572285
2024-06-11,300698.SZ,35.08,0.002384720603004098
2024-06-11,000609.SZ,1.27,0.0020955537911504507
2024-06-11,000025.SZ,14.02,0.002028373070061207
2024-06-11,002628.SZ,2.02,0.0019324262393638492
2024-06-11,002222.SZ,25.95,0.0017731189727783203
2024-06-11,600336.SH,4.46,0.0016903948271647096
2024-06-11,600610.SH,4.44,0.0016869270475581288
2024-06-11,601801.SH,6.92,0.0016549370484426618
2024-06-11,688092.SH,31.3,0.0016532569425180554
2024-06-12,300338.SZ,1.32,0.005271773785352707
2024-06-12,300698.SZ,35.68,0.002592173870652914
2024-06-12,000609.SZ,1.33,0.0022582814563065767
2024-06-12,002367.SZ,6.13,0.0018192840507254004
2024-06-12,002628.SZ,2.09,0.0018165239598602057
2024-06-12,600610.SH,4.55,0.00168223783839494
2024-06-12,600336.SH,4.71,0.0016572457971051335
2024-06-12,601801.SH,7.21,0.0016297104302793741
2024-06-12,002068.SZ,8.75,0.001625536009669304
2024-06-12,688092.SH,31.52,0.0016244916478171945
2024-06-13,300338.SZ,1.28,0.004341217689216137
2024-06-13,000609.SZ,1.4,0.0023437626659870148
2024-06-13,300698.SZ,35.48,0.0020468952134251595
2024-06-13,600336.SH,4.56,0.0016529435524716973
2024-06-13,002628.SZ,2.05,0.0016450162511318922
2024-06-13,600610.SH,4.44,0.0016316907713189721
2024-06-13,605338.SH,14.66,0.0016136033227667212
2024-06-13,002709.SZ,18.76,0.0016042940551415086
2024-06-13,600360.SH,2.84,0.0016009643441066146
2024-06-13,601005.SH,1.07,0.0015654881717637181
2024-06-14,300338.SZ,1.31,0.0033104317262768745
2024-06-14,600360.SH,2.79,0.0024571758694946766
2024-06-14,920950.BJ,11.89,0.0022616726346313953
2024-06-14,603927.SH,18.67,0.002003877889364958
2024-06-14,000609.SZ,1.47,0.0019322725711390376
2024-06-14,605338.SH,15.17,0.0016103318193927407
2024-06-14,300840.SZ,10.64,0.0015764004783704877
2024-06-14,300374.SZ,14.55,0.0015683779492974281
2024-06-14,301105.SZ,25.2,0.0015672262525185943
2024-06-14,002709.SZ,19.07,0.0015590557595714927
2024-06-17,920950.BJ,11.61,0.0029135332442820072
2024-06-17,600360.SH,2.79,0.002736377529799938
2024-06-17,603927.SH,19.04,0.002505783922970295
2024-06-17,300338.SZ,1.35,0.0020191664807498455
2024-06-17,000609.SZ,1.54,0.0019524787785485387
2024-06-17,301105.SZ,24.46,0.0016577851492911577
2024-06-17,300207.SZ,15.88,0.0015858185943216085
2024-06-17,603699.SH,18.51,0.0015650216955691576
2024-06-17,605338.SH,14.64,0.0015367973828688264
2024-06-17,605020.SH,21.38,0.0015124876517802477
2024-06-18,920950.BJ,11.42,0.0037310835905373096
2024-06-18,600360.SH,2.8,0.0028376635164022446
2024-06-18,603927.SH,19.21,0.0026772101409733295
2024-06-18,605303.SH,7.15,0.0021882704459130764
2024-06-18,002367.SZ,5.99,0.0017410663422197104
2024-06-18,605020.SH,21.22,0.001663197879679501
2024-06-18,603758.SH,8.06,0.0016404195921495557
2024-06-18,300207.SZ,15.78,0.0016315140528604388
2024-06-18,603699.SH,18.57,0.0016195049975067377
2024-06-18,000609.SZ,1.62,0.0016072095604613423
2024-06-19,920950.BJ,11.55,0.004606722388416529
2024-06-19,603927.SH,19.06,0.002795012667775154
2024-06-19,600360.SH,2.94,0.0026864814572036266
2024-06-19,605303.SH,7.26,0.002670546993613243
2024-06-19,002367.SZ,5.94,0.0018547443905845284
2024-06-19,605020.SH,20.42,0.0017471902538090944
2024-06-19,603699.SH,18.0,0.0016855073627084494
2024-06-19,603758.SH,7.99,0.0016316557303071022
2024-06-19,605288.SH,32.22,0.001542574493214488
2024-06-19,605358.SH,25.48,0.001532062771730125
2024-06-20,920950.BJ,11.22,0.005154618062078953
2024-06-20,605303.SH,7.02,0.0025902590714395046
2024-06-20,600360.SH,2.84,0.0020211096853017807
2024-06-20,603927.SH,18.47,0.0020120651461184025
2024-06-20,605020.SH,19.92,0.0017549451440572739
2024-06-20,603699.SH,17.25,0.001713021076284349
2024-06-20,605358.SH,25.33,0.0015986840007826686
2024-06-20,603758.SH,7.64,0.0015899629797786474
2024-06-20,605288.SH,32.33,0.001534019596874714
2024-06-20,300289.SZ,3.91,0.0015334498602896929
2024-06-21,920950.BJ,11.58,0.005050727631896734
2024-06-21,605303.SH,7.09,0.002343486063182354
2024-06-21,002471.SZ,1.96,0.002103834878653288
2024-06-21,002578.SZ,2.67,0.0020301449112594128
2024-06-21,002393.SZ,16.45,0.0018208104884251952
2024-06-21,605020.SH,19.84,0.001769889728166163
2024-06-21,300289.SZ,3.96,0.001625214354135096
2024-06-21,603758.SH,7.72,0.001603193930350244
2024-06-21,605358.SH,24.59,0.0015833887737244368
2024-06-21,603699.SH,17.0,0.001579947303980589
2024-06-24,920950.BJ,11.35,0.003395352978259325
2024-06-24,002471.SZ,1.88,0.0025841565802693367
2024-06-24,002393.SZ,15.79,0.0022479190956801176
2024-06-24,002578.SZ,2.55,0.002186061814427376
2024-06-24,605020.SH,18.89,0.0018167878733947873
2024-06-24,300289.SZ,3.73,0.0017458813963457942
2024-06-24,605288.SH,30.0,0.0017156091053038836
2024-06-24,600010.SH,1.38,0.0017103347927331924
2024-06-24,603758.SH,7.34,0.0016415318241342902
2024-06-24,000856.SZ,5.77,0.0015806297305971384
2024-06-25,002393.SZ,15.9,0.0034288987517356873
2024-06-25,300155.SZ,3.38,0.0028353985399007797
2024-06-25,920950.BJ,11.4,0.002833580132573843
2024-06-25,002578.SZ,2.6,0.002725856378674507
2024-06-25,002471.SZ,1.9,0.0024281200021505356
2024-06-25,600010.SH,1.38,0.002023726934567094
2024-06-25,605020.SH,19.49,0.0017860401421785355
2024-06-25,605288.SH,30.28,0.0017724032513797283
2024-06-25,300289.SZ,3.81,0.0017245626077055931
2024-06-25,688525.SH,57.5,0.0015755514614284039
2024-06-26,002393.SZ,16.14,0.004385699518024921
2024-06-26,300155.SZ,3.49,0.002883025910705328
2024-06-26,002578.SZ,2.67,0.0026564388535916805
2024-06-26,920950.BJ,11.56,0.001966970507055521
2024-06-26,003003.SZ,8.07,0.00185783498454839
2024-06-26,600010.SH,1.41,0.001793398056179285
2024-06-26,605288.SH,31.39,0.0017712677363306284
2024-06-26,301312.SZ,36.13,0.0016781504964455962
2024-06-26,300289.SZ,3.97,0.0015885077882558107
2024-06-26,605020.SH,19.59,0.0015417058020830154
2024-06-27,002393.SZ,15.79,0.0037335525266826153
2024-06-27,300155.SZ,3.53,0.0025339587591588497
2024-06-27,003008.SZ,16.01,0.0021699550561606884
2024-06-27,301312.SZ,37.49,0.0019868100062012672
2024-06-27,002578.SZ,2.61,0.0018276303308084607
2024-06-27,605288.SH,30.66,0.0016299282433465123
2024-06-27,688525.SH,61.5,0.001508512650616467
2024-06-27,002788.SZ,7.9,0.0015030053909868002
2024-06-27,603927.SH,18.22,0.0015012887306511402
2024-06-27,605338.SH,13.54,0.0014934001956135035
2024-06-28,003008.SZ,16.27,0.0032315338030457497
2024-06-28,002393.SZ,15.81,0.003101958427578211
2024-06-28,605338.SH,13.25,0.0021376884542405605
2024-06-28,300155.SZ,3.49,0.0021361568942666054
2024-06-28,301312.SZ,38.46,0.001980982255190611
2024-06-28,688633.SH,18.75,0.0017544451402500272
2024-06-28,002578.SZ,2.63,0.0017427762504667044
2024-06-28,603927.SH,18.09,0.001516875228844583
2024-06-28,300989.SZ,12.23,0.001490987022407353
2024-06-28,603160.SH,68.75,0.0014692171243950725
2024-07-01,003008.SZ,16.44,0.003825053572654724
2024-07-01,605338.SH,13.78,0.0027679228223860264
2024-07-01,002393.SZ,16.0,0.002321604173630476
2024-07-01,688633.SH,18.9,0.0023205731995403767
2024-07-01,301312.SZ,37.2,0.0019778618589043617
2024-07-01,300155.SZ,3.63,0.0016761661972850561
2024-07-01,603927.SH,18.14,0.0015034194802865386
2024-07-01,300989.SZ,12.49,0.0014950362965464592
2024-07-01,300193.SZ,7.38,0.0014924692222848535
2024-07-01,301115.SZ,13.91,0.001484729815274477
2024-07-02,003008.SZ,16.82,0.0045592947863042355
2024-07-02,688633.SH,18.82,0.00314675597473979
2024-07-02,605338.SH,13.75,0.002864769659936428
2024-07-02,301115.SZ,13.78,0.0015989169478416443
2024-07-02,600360.SH,2.76,0.001507278298959136
2024-07-02,300989.SZ,12.14,0.0014870137674733996
2024-07-02,600610.SH,4.05,0.0014768966939300299
2024-07-02,301312.SZ,36.45,0.0014753859722986817
2024-07-02,603927.SH,18.23,0.0014595775865018368
2024-07-02,688776.SH,54.22,0.0014526110608130693
2024-07-03,003008.SZ,16.55,0.005395884159952402
2024-07-03,688633.SH,19.8,0.003698354586958885
2024-07-03,605338.SH,13.91,0.003056724090129137
2024-07-03,600360.SH,2.9,0.0018242491642013192
2024-07-03,301115.SZ,13.7,0.0017253385158255696
2024-07-03,300712.SZ,21.4,0.0015682473313063383
2024-07-03,002637.SZ,8.64,0.0015040222788229585
2024-07-03,600610.SH,4.07,0.0014792871661484241
2024-07-03,688776.SH,52.96,0.0014571422943845391
2024-07-03,300989.SZ,11.8,0.001456493977457285
2024-07-04,003008.SZ,15.84,0.005138217005878687
2024-07-04,688633.SH,19.14,0.004126749001443386
2024-07-04,605338.SH,13.56,0.002380780875682831
2024-07-04,600131.SH,16.0,0.0021308159921318293
2024-07-04,600360.SH,2.82,0.0019754748791456223
2024-07-04,301115.SZ,13.02,0.0018122224137187004
2024-07-04,300712.SZ,20.77,0.0016030281549319625
2024-07-04,002393.SZ,15.42,0.0015492190141230822
2024-07-04,002637.SZ,8.42,0.0015337360091507435
2024-07-04,600481.SH,4.48,0.001527361455373466
2024-07-05,688633.SH,19.23,0.004470011219382286
2024-07-05,003008.SZ,16.18,0.00437384657561779
2024-07-05,688363.SH,59.18,0.002510122023522854
2024-07-05,605338.SH,13.62,0.0021707937121391296
2024-07-05,688609.SH,8.12,0.001986111979931593
2024-07-05,600360.SH,2.94,0.0019619292579591274
2024-07-05,301115.SZ,12.94,0.001767758745700121
2024-07-05,300338.SZ,1.63,0.0016915657324716449
2024-07-05,600481.SH,4.47,0.0016452305717393756
2024-07-05,002471.SZ,2.02,0.0016282268334180117
2024-07-08,688633.SH,18.91,0.004562135320156813
2024-07-08,003008.SZ,16.53,0.0036742552183568478
2024-07-08,688092.SH,18.75,0.0022236639633774757
2024-07-08,600360.SH,2.87,0.002149578183889389
2024-07-08,688609.SH,7.9,0.0019816006533801556
2024-07-08,300193.SZ,6.95,0.001943399547599256
2024-07-08,002471.SZ,1.98,0.0019049585098400712
2024-07-08,301115.SZ,12.48,0.0017938115634024143
2024-07-08,600481.SH,4.3,0.0017465795390307903
2024-07-08,688363.SH,58.5,0.00174323667306453
2024-07-09,688092.SH,19.38,0.003302565310150385
2024-07-09,003008.SZ,16.74,0.003217622172087431
2024-07-09,688633.SH,20.4,0.002802003640681505
2024-07-09,300193.SZ,7.13,0.002470186445862055
2024-07-09,300820.SZ,35.47,0.002319168299436569
2024-07-09,688609.SH,8.17,0.002313324250280857
2024-07-09,600360.SH,3.01,0.0020657163113355637
2024-07-09,605358.SH,23.51,0.0020127524621784687
2024-07-09,600481.SH,4.26,0.0018078043358400464
2024-07-09,301115.SZ,12.52,0.0017370888963341713
2024-07-10,688092.SH,19.08,0.003615123685449362
2024-07-10,605358.SH,23.0,0.003058715257793665
2024-07-10,003008.SZ,16.78,0.0030022701248526573
2024-07-10,300193.SZ,7.11,0.002517346292734146
2024-07-10,600336.SH,4.13,0.001970825716853142
2024-07-10,605338.SH,13.68,0.001802524784579873
2024-07-10,600360.SH,3.16,0.0017850248841568828
2024-07-10,600481.SH,4.01,0.001780227874405682
2024-07-10,300623.SZ,17.5,0.0017221765592694283
2024-07-10,301115.SZ,13.27,0.0016248432220891118
2024-07-11,688092.SH,19.73,0.004193516448140144
2024-07-11,605358.SH,23.53,0.0029544560238718987
2024-07-11,300193.SZ,7.37,0.002713753841817379
2024-07-11,300623.SZ,17.92,0.00237410981208086
2024-07-11,003008.SZ,17.01,0.002362841973081231
2024-07-11,688592.SH,39.32,0.0020929472520947456
2024-07-11,300737.SZ,4.11,0.0018466395558789372
2024-07-11,605338.SH,13.93,0.001783686806447804
2024-07-11,600481.SH,4.18,0.0015926446067169309
2024-07-11,000429.SZ,10.9,0.0015632123686373234
2024-07-12,688092.SH,19.52,0.0038585783913731575
2024-07-12,605358.SH,23.97,0.002886776812374592
2024-07-12,300623.SZ,18.08,0.002353070303797722
2024-07-12,688592.SH,39.76,0.0022405250929296017
2024-07-12,605338.SH,13.9,0.0016274735098704696
2024-07-12,002367.SZ,5.67,0.0015973171684890985
2024-07-12,000429.SZ,11.02,0.0015588960377499461
2024-07-12,300124.SZ,49.0,0.0015062051825225353
2024-07-12,300737.SZ,4.19,0.0014686507638543844
2024-07-12,600011.SH,8.7,0.0014583071460947394
2024-07-15,605358.SH,24.26,0.002439273986965418
2024-07-15,688092.SH,18.85,0.002266469644382596
2024-07-15,688592.SH,39.8,0.0018153558485209942
2024-07-15,600721.SH,5.8,0.0017013970063999295
2024-07-15,600011.SH,8.82,0.0016349717043340206
2024-07-15,002367.SZ,5.57,0.0016140475636348128
2024-07-15,300623.SZ,18.53,0.001573930843733251
2024-07-15,000429.SZ,10.44,0.0015437038382515311
2024-07-15,300124.SZ,48.45,0.0015381642151623964
2024-07-15,601398.SH,6.2,0.001533993287011981
2024-07-16,688609.SH,8.08,0.0017801709473133087
2024-07-16,002367.SZ,5.5,0.0016576501075178385
2024-07-16,600131.SH,15.56,0.001650141435675323
2024-07-16,605358.SH,24.28,0.0016351587837561965
2024-07-16,601398.SH,5.89,0.0015989368548616767
2024-07-16,600011.SH,8.8,0.0015958281001076102
2024-07-16,300124.SZ,49.49,0.0015363468555733562
2024-07-16,600721.SH,5.85,0.001491165836341679
2024-07-16,603829.SH,11.9,0.001479226048104465
2024-07-16,301115.SZ,12.48,0.001465706853196025
2024-07-17,600131.SH,15.06,0.002539045177400112
2024-07-17,688609.SH,7.84,0.002321935025975108
2024-07-17,002367.SZ,5.48,0.001660049892961979
2024-07-17,301115.SZ,12.52,0.0016439419705420732
2024-07-17,688776.SH,45.35,0.001556027214974165
2024-07-17,600011.SH,8.59,0.001555063296109438
2024-07-17,601398.SH,5.91,0.0015478086424991488
2024-07-17,300124.SZ,48.92,0.0015042000450193882
2024-07-17,000050.SZ,7.49,0.0014749150723218918
2024-07-17,688418.SH,14.82,0.0014634151011705399
2024-07-18,600131.SH,15.53,0.003246051725000143
2024-07-18,688609.SH,7.75,0.0028894273564219475
2024-07-18,002222.SZ,21.94,0.0020613011438399553
2024-07-18,601005.SH,1.05,0.002018681727349758
2024-07-18,688776.SH,45.05,0.0016430487157776952
2024-07-18,002367.SZ,5.48,0.0015533415134996176
2024-07-18,301115.SZ,12.38,0.0015383110148832202
2024-07-18,688418.SH,14.56,0.001529463566839695
2024-07-18,688351.SH,22.22,0.0015198891051113605
2024-07-18,003003.SZ,7.5,0.001515221782028675
2024-07-19,688609.SH,7.99,0.0030167060904204845
2024-07-19,600131.SH,15.32,0.002664923667907715
2024-07-19,002222.SZ,22.39,0.002552331890910864
2024-07-19,601005.SH,1.05,0.0017029802547767758
2024-07-19,688776.SH,46.97,0.001643520430661738
2024-07-19,601801.SH,6.04,0.001624380936846137
2024-07-19,300922.SZ,12.74,0.0016203505219891667
2024-07-19,688351.SH,22.85,0.0015954041155055165
2024-07-19,688418.SH,14.85,0.0014944893773645163
2024-07-19,688092.SH,18.48,0.001477306243032217
2024-07-22,688609.SH,8.24,0.002971440088003874
2024-07-22,002222.SZ,22.92,0.0027876761741936207
2024-07-22,300922.SZ,12.89,0.0020201136358082294
2024-07-22,601801.SH,5.95,0.0018128061201423407
2024-07-22,605288.SH,29.96,0.0018081053858622909
2024-07-22,688607.SH,11.39,0.0017659069271758199
2024-07-22,300155.SZ,3.25,0.0017376350006088614
2024-07-22,600131.SH,15.6,0.0017246975330635905
2024-07-22,605303.SH,6.3,0.001648103236220777
2024-07-22,688776.SH,47.56,0.0016029708785936236
2024-07-23,002222.SZ,21.99,0.0023402771912515163
2024-07-23,688609.SH,7.94,0.002070798771455884
2024-07-23,601801.SH,5.82,0.0019034185679629445
2024-07-23,301459.SZ,34.2,0.0018330625025555491
2024-07-23,600060.SH,20.08,0.001647310913540423
2024-07-23,605288.SH,29.57,0.0015915940748527646
2024-07-23,300034.SZ,14.74,0.0015655317110940814
2024-07-23,688776.SH,45.52,0.001550248241983354
2024-07-23,000011.SZ,7.32,0.0014688470400869846
2024-07-23,603601.SH,2.6,0.0014638861175626516
2024-07-24,301459.SZ,34.12,0.002668444998562336
2024-07-24,601801.SH,5.79,0.002283124253153801
2024-07-24,002222.SZ,22.25,0.0019149350700899959
2024-07-24,301115.SZ,12.11,0.0018345690332353115
2024-07-24,002788.SZ,7.24,0.0017417360795661807
2024-07-24,688701.SH,4.59,0.0017380097415298223
2024-07-24,600060.SH,19.85,0.0016851768596097827
2024-07-24,002068.SZ,6.24,0.0016605324344709516
2024-07-24,688607.SH,10.77,0.0016279361443594098
2024-07-24,300207.SZ,17.1,0.0015602867351844907
2024-07-25,301459.SZ,34.5,0.0028937170282006264
2024-07-25,301115.SZ,12.17,0.0028313612565398216
2024-07-25,002068.SZ,6.27,0.002697824500501156
2024-07-25,002788.SZ,7.22,0.002237919718027115
2024-07-25,300712.SZ,20.65,0.002213000785559416
2024-07-25,000011.SZ,7.25,0.002211436163634062
2024-07-25,601801.SH,5.87,0.0020014322362840176
2024-07-25,688607.SH,10.84,0.001989440992474556
2024-07-25,002222.SZ,22.03,0.001844895421527326
2024-07-25,000990.SZ,6.96,0.0017952175112441182
2024-07-26,301115.SZ,12.22,0.0032401862554252148
2024-07-26,002068.SZ,6.4,0.0027819573879241943
2024-07-26,301459.SZ,35.13,0.002543069887906313
2024-07-26,300712.SZ,20.73,0.00243923207744956
2024-07-26,002788.SZ,7.36,0.002408988308161497
2024-07-26,688607.SH,11.01,0.0023724171333014965
2024-07-26,300800.SZ,9.8,0.002104333136230707
2024-07-26,000011.SZ,7.32,0.002055548597127199
2024-07-26,688609.SH,7.88,0.0019567087292671204
2024-07-26,605288.SH,30.18,0.0019207051955163479
2024-07-29,301115.SZ,12.28,0.0036550071090459824
2024-07-29,300737.SZ,4.13,0.0024105580523610115
2024-07-29,002788.SZ,7.25,0.002335519064217806
2024-07-29,300800.SZ,9.82,0.002301206812262535
2024-07-29,605288.SH,30.42,0.0021151576656848192
2024-07-29,001211.SZ,14.86,0.0020719284657388926
2024-07-29,300712.SZ,20.42,0.002041651401668787
2024-07-29,603829.SH,11.79,0.0019880535546690226
2024-07-29,688609.SH,7.9,0.001980791799724102
2024-07-29,301459.SZ,34.69,0.0019512292928993702
2024-07-30,301115.SZ,12.34,0.0032380330376327038
2024-07-30,002788.SZ,7.26,0.0024388558231294155
2024-07-30,603829.SH,11.75,0.002321777865290642
2024-07-30,300737.SZ,4.21,0.0021874308586120605
2024-07-30,920779.BJ,20.6,0.0019881417974829674
2024-07-30,688609.SH,8.08,0.001877182861790061
2024-07-30,001211.SZ,14.96,0.0018527533393353224
2024-07-30,300800.SZ,9.87,0.001810019020922482
2024-07-30,605288.SH,30.88,0.0017706819344311953
2024-07-30,300155.SZ,3.37,0.001738610677421093
2024-07-31,301115.SZ,12.59,0.0029791267588734627
2024-07-31,002788.SZ,7.45,0.002558829728513956
2024-07-31,603829.SH,12.08,0.0022936833556741476
2024-07-31,003003.SZ,7.88,0.0020432688761502504
2024-07-31,001211.SZ,15.47,0.0018405047012493014
2024-07-31,920779.BJ,20.85,0.0016115115722641349
2024-07-31,002281.SZ,33.9,0.0015426117461174726
2024-07-31,600060.SH,17.77,0.001495144795626402
2024-07-31,300155.SZ,3.44,0.001485999790020287
2024-07-31,300737.SZ,4.37,0.001440161606296897
2024-08-01,002788.SZ,7.5,0.0030951383523643017
2024-08-01,301115.SZ,12.55,0.0023713563568890095
2024-08-01,603829.SH,12.05,0.001993419136852026
2024-08-01,003003.SZ,7.87,0.0016119977226480842
2024-08-01,920779.BJ,20.84,0.0015443244483321905
2024-08-01,600011.SH,7.74,0.0014918451197445393
2024-08-01,002281.SZ,33.49,0.0014751276466995478
2024-08-01,600060.SH,17.43,0.0014263970078900456
2024-08-01,002248.SZ,6.68,0.0014087946619838476
2024-08-01,300207.SZ,16.84,0.001351499930024147
2024-08-02,002788.SZ,7.53,0.0032273204997181892
2024-08-02,301115.SZ,12.45,0.002051795134320855
2024-08-02,600011.SH,7.54,0.0017154798842966557
2024-08-02,000429.SZ,11.27,0.0015521134482696652
2024-08-02,301023.SZ,31.92,0.0014784225495532155
2024-08-02,600060.SH,17.0,0.001421684050001204
2024-08-02,002281.SZ,32.01,0.0014202273450791836
2024-08-02,920982.BJ,168.27,0.0014113376382738352
2024-08-02,002248.SZ,6.22,0.0014021707465872169
2024-08-02,300207.SZ,16.54,0.0013103445526212454
2024-08-05,002788.SZ,7.51,0.00326973432675004
2024-08-05,600011.SH,7.37,0.0020722257904708385
2024-08-05,000429.SZ,11.1,0.001689273864030838
2024-08-05,301115.SZ,12.16,0.0016724593006074429
2024-08-05,002281.SZ,29.54,0.0014981046551838517
2024-08-05,301023.SZ,30.29,0.0014515232760459185
2024-08-05,600336.SH,4.77,0.0013781599700450897
2024-08-05,600060.SH,16.83,0.001377197215333581
2024-08-05,300712.SZ,19.66,0.0013096006587147713
2024-08-05,300207.SZ,15.9,0.0012768175220116973
2024-08-06,002788.SZ,7.69,0.0030986028723418713
2024-08-06,600011.SH,7.52,0.0025815805420279503
2024-08-06,000429.SZ,10.53,0.0017801087815314531
2024-08-06,301115.SZ,12.43,0.0016117336926981807
2024-08-06,002281.SZ,30.19,0.0014416741905733943
2024-08-06,688592.SH,36.19,0.0013948176056146622
2024-08-06,688609.SH,7.78,0.0013162026880308986
2024-08-06,600420.SH,12.48,0.0012965635396540165
2024-08-06,301023.SZ,30.91,0.001281063654460013
2024-08-06,300207.SZ,16.09,0.0012751615140587091
2024-08-07,600011.SH,7.54,0.0025850748643279076
2024-08-07,002788.SZ,7.66,0.0024943221360445023
2024-08-07,301115.SZ,12.45,0.0020785839296877384
2024-08-07,000429.SZ,10.37,0.001764316693879664
2024-08-07,688592.SH,37.65,0.0015410190680995584
2024-08-07,688609.SH,7.83,0.0014447218272835016
2024-08-07,601005.SH,1.06,0.0014214740367606282
2024-08-07,600336.SH,5.08,0.0014162567676976323
2024-08-07,002281.SZ,30.39,0.0013531050644814968
2024-08-07,688525.SH,48.66,0.0013479369226843119
2024-08-08,002788.SZ,7.76,0.0018423284636810422
2024-08-08,600011.SH,7.43,0.001806591753847897
2024-08-08,301115.SZ,12.47,0.0016318458365276456
2024-08-08,688592.SH,35.98,0.0015633857110515237
2024-08-08,603829.SH,11.58,0.0015430677449330688
2024-08-08,000429.SZ,10.56,0.0015046553453430533
2024-08-08,600336.SH,4.93,0.0014925813302397728
2024-08-08,002046.SZ,10.84,0.001486232504248619
2024-08-08,002471.SZ,2.15,0.0014749466208741069
2024-08-08,688609.SH,7.76,0.0014616590924561024
2024-08-09,688592.SH,35.61,0.0014457053039222956
2024-08-09,002046.SZ,10.61,0.0014356599422171712
2024-08-09,600420.SH,12.38,0.0014331561978906393
2024-08-09,002471.SZ,2.16,0.0014311127597466111
2024-08-09,600336.SH,4.93,0.0014277058653533459
2024-08-09,688363.SH,62.72,0.0013944755773991346
2024-08-09,600011.SH,7.39,0.001393424579873681
2024-08-09,688609.SH,7.66,0.0013910614652559161
2024-08-09,603829.SH,11.71,0.0013768641510978341
2024-08-09,601005.SH,1.08,0.0013522976078093052
2024-08-12,000429.SZ,10.53,0.0018476891564205289
2024-08-12,605358.SH,21.11,0.0015044772299006581
2024-08-12,600420.SH,12.44,0.0014616637490689754
2024-08-12,688363.SH,63.13,0.0014300794573500752
2024-08-12,688592.SH,34.57,0.0014229884836822748
2024-08-12,688100.SH,38.68,0.0013894513249397278
2024-08-12,601398.SH,5.99,0.0013849417446181178
2024-08-12,002471.SZ,2.09,0.00137168332003057
2024-08-12,002046.SZ,10.49,0.0013703410513699055
2024-08-12,300820.SZ,39.93,0.0013561719097197056
2024-08-13,601398.SH,6.0,0.002261142246425152
2024-08-13,000429.SZ,10.72,0.0019872733391821384
2024-08-13,600420.SH,12.41,0.0014767710817977786
2024-08-13,605358.SH,21.05,0.0014757983153685927
2024-08-13,688100.SH,38.7,0.0014252614928409457
2024-08-13,688363.SH,62.98,0.0014201928861439228
2024-08-13,300820.SZ,39.57,0.0013760351575911045
2024-08-13,600721.SH,6.68,0.001366909360513091
2024-08-13,600060.SH,17.69,0.0013633999042212963
2024-08-13,688592.SH,34.22,0.001349012367427349
2024-08-14,601398.SH,6.02,0.0027273190207779408
2024-08-14,000429.SZ,10.92,0.0023029460571706295
2024-08-14,600420.SH,12.33,0.0015701806405559182
2024-08-14,600721.SH,6.89,0.0015527656069025397
2024-08-14,600011.SH,7.39,0.0015496264677494764
2024-08-14,688100.SH,37.85,0.0014280204195529222
2024-08-14,605358.SH,20.47,0.0013938711490482092
2024-08-14,688592.SH,34.0,0.0013598896330222487
2024-08-14,688363.SH,61.82,0.001348547637462616
2024-08-14,600060.SH,17.26,0.0013473149156197906
2024-08-15,601398.SH,6.05,0.002805637661367655
2024-08-15,000429.SZ,11.12,0.0018449828494340181
2024-08-15,600721.SH,6.8,0.0017083253478631377
2024-08-15,600011.SH,7.49,0.001624325872398913
2024-08-15,600420.SH,12.24,0.0015368207823485136
2024-08-15,002281.SZ,29.68,0.001404088456183672
2024-08-15,688592.SH,33.66,0.001375475199893117
2024-08-15,600060.SH,16.89,0.0013589105801656842
2024-08-15,300374.SZ,13.41,0.0013379966840147972
2024-08-15,600021.SH,9.0,0.0013273026561364532
2024-08-16,601398.SH,6.14,0.002622452564537525
2024-08-16,600721.SH,6.93,0.001735543366521597
2024-08-16,600420.SH,12.3,0.001470943447202444
2024-08-16,300338.SZ,1.98,0.0014051632024347782
2024-08-16,688363.SH,60.98,0.0013842203188687563
2024-08-16,600060.SH,17.11,0.001362673006951809
2024-08-16,000422.SZ,11.21,0.0013502107467502356
2024-08-16,300374.SZ,13.14,0.0013423049822449684
2024-08-16,002068.SZ,6.0,0.0013205648865550756
2024-08-16,688592.SH,32.57,0.0013074369635432959
2024-08-19,000422.SZ,11.43,0.0018873355584219098
2024-08-19,601398.SH,6.27,0.001835412927903235
2024-08-19,600721.SH,6.31,0.0017535460647195578
2024-08-19,300338.SZ,1.98,0.001443051965907216
2024-08-19,600420.SH,12.29,0.0014427402056753635
2024-08-19,002248.SZ,6.37,0.001429891213774681
2024-08-19,688363.SH,58.38,0.0014065480791032314
2024-08-19,600060.SH,17.25,0.001391443656757474
2024-08-19,002068.SZ,5.95,0.0013583303662016988
2024-08-19,300374.SZ,13.26,0.001357878791168332
2024-08-20,600721.SH,6.18,0.0017477794317528605
2024-08-20,000422.SZ,11.18,0.0015751796308904886
2024-08-20,688363.SH,55.76,0.0014589838683605194
2024-08-20,002248.SZ,6.42,0.0014344016090035439
2024-08-20,300338.SZ,1.97,0.001416070619598031
2024-08-20,600060.SH,16.85,0.0013934992020949721
2024-08-20,300374.SZ,13.58,0.0013930713757872581
2024-08-20,300989.SZ,11.76,0.001383139519020915
2024-08-20,600420.SH,12.11,0.001338550471700728
2024-08-20,002068.SZ,5.81,0.001328594982624054
2024-08-21,688592.SH,30.27,0.0018883876036852598
2024-08-21,688363.SH,54.5,0.0017323294887319207
2024-08-21,600721.SH,6.23,0.0014693362172693014
2024-08-21,300374.SZ,13.07,0.0014564099255949259
2024-08-21,600060.SH,17.07,0.0014320274349302053
2024-08-21,002248.SZ,6.55,0.0014310246333479881
2024-08-21,300338.SZ,2.04,0.001429655123502016
2024-08-21,300989.SZ,11.96,0.001410607248544693
2024-08-21,000710.SZ,7.13,0.0013510269345715642
2024-08-21,301023.SZ,31.7,0.0013393887784332037
2024-08-22,688592.SH,30.3,0.00256606237962842
2024-08-22,688363.SH,53.41,0.001948305987752974
2024-08-22,300034.SZ,13.74,0.0018460474675521255
2024-08-22,301023.SZ,31.93,0.0017759520560503006
2024-08-22,002248.SZ,6.27,0.001528854132629931
2024-08-22,300374.SZ,12.44,0.0014336835592985153
2024-08-22,600060.SH,16.79,0.0014304816722869873
2024-08-22,600011.SH,7.21,0.001427037874236703
2024-08-22,688100.SH,35.51,0.001417334657162428
2024-08-22,300338.SZ,2.02,0.0014091567136347294
2024-08-23,688592.SH,29.96,0.0026931283064186573
2024-08-23,300034.SZ,13.8,0.0022006146609783173
2024-08-23,688363.SH,52.86,0.0020312927663326263
2024-08-23,301023.SZ,33.21,0.0018484097672626376
2024-08-23,600021.SH,8.48,0.0015593532007187605
2024-08-23,920779.BJ,19.44,0.0015268292045220733
2024-08-23,600060.SH,16.83,0.001448561903089285
2024-08-23,600011.SH,7.12,0.001424787100404501
2024-08-23,688100.SH,35.77,0.0013993029715493321
2024-08-23,300374.SZ,12.68,0.001362742856144905
2024-08-26,688592.SH,30.45,0.0029185698367655277
2024-08-26,600021.SH,8.51,0.0027066650800406933
2024-08-26,300034.SZ,13.73,0.002108332933858037
2024-08-26,688363.SH,49.07,0.0020633074454963207
2024-08-26,301023.SZ,33.49,0.0017919656820595264
2024-08-26,000990.SZ,6.51,0.0017478681402280927
2024-08-26,600011.SH,7.0,0.0016769178910180926
2024-08-26,920779.BJ,18.29,0.001578030874952674
2024-08-26,300124.SZ,40.53,0.0015704006655141711
2024-08-26,002281.SZ,27.85,0.0014008001890033484
2024-08-27,600021.SH,8.4,0.0031098690815269947
2024-08-27,688592.SH,30.2,0.002655192743986845
2024-08-27,600011.SH,6.96,0.0020873891189694405
2024-08-27,300034.SZ,13.45,0.0020564794540405273
2024-08-27,300124.SZ,41.7,0.0017911065369844437
2024-08-27,688363.SH,48.56,0.0017881584353744984
2024-08-27,000990.SZ,6.44,0.001786331064067781
2024-08-27,002709.SZ,13.58,0.0015818197280168533
2024-08-27,600060.SH,14.55,0.0014724296052008867
2024-08-27,601398.SH,6.53,0.00145027507096529
2024-08-28,600021.SH,8.42,0.003128589130938053
2024-08-28,600011.SH,7.04,0.002817554399371147
2024-08-28,300034.SZ,13.53,0.0024430241901427507
2024-08-28,688592.SH,30.07,0.00235151220113039
2024-08-28,300124.SZ,42.75,0.002223515883088112
2024-08-28,000990.SZ,6.45,0.002170188818126917
2024-08-28,688100.SH,33.97,0.0019332310184836388
2024-08-28,000856.SZ,5.77,0.0018965539056807756
2024-08-28,002709.SZ,13.65,0.00175179832149297
2024-08-28,002281.SZ,28.12,0.0017489996971562505
2024-08-29,600021.SH,8.48,0.0027203219942748547
2024-08-29,688100.SH,34.69,0.0023606042377650738
2024-08-29,300034.SZ,13.79,0.0022879759781062603
2024-08-29,000856.SZ,5.84,0.00218699942342937
2024-08-29,002281.SZ,28.25,0.0021199523471295834
2024-08-29,688592.SH,30.47,0.0020698276348412037
2024-08-29,600011.SH,6.94,0.0019332553492859006
2024-08-29,688525.SH,43.39,0.001832492183893919
2024-08-29,300124.SZ,43.87,0.001732911798171699
2024-08-29,603601.SH,2.66,0.0016640659887343645
2024-08-30,000856.SZ,5.97,0.0024416125379502773
2024-08-30,300712.SZ,19.01,0.00237213633954525
2024-08-30,688100.SH,35.24,0.002268783748149872
2024-08-30,688525.SH,45.2,0.0022352319210767746
2024-08-30,002281.SZ,29.13,0.0022322251461446285
2024-08-30,600021.SH,8.56,0.002172914333641529
2024-08-30,300034.SZ,13.84,0.00215584272518754
2024-08-30,688592.SH,30.83,0.0020285816863179207
2024-08-30,603601.SH,2.71,0.0018934087129309773
2024-08-30,000990.SZ,6.6,0.0015886285109445453
2024-09-02,300712.SZ,18.71,0.002571296412497759
2024-09-02,000856.SZ,5.9,0.002183103933930397
2024-09-02,603601.SH,2.7,0.0019773757085204124
2024-09-02,688592.SH,29.56,0.0019242949783802032
2024-09-02,688525.SH,43.08,0.0018114537233486772
2024-09-02,300034.SZ,13.27,0.001752933138050139
2024-09-02,600021.SH,8.56,0.0017393968300893903
2024-09-02,600131.SH,16.29,0.0016926020616665483
2024-09-02,301312.SZ,41.65,0.0016569466097280383
2024-09-02,601398.SH,5.94,0.0015501773450523615
2024-09-03,300712.SZ,19.21,0.0024731364101171494
2024-09-03,600131.SH,16.8,0.0021548140794038773
2024-09-03,603601.SH,2.7,0.0017503023846074939
2024-09-03,688525.SH,43.93,0.0016450297553092241
2024-09-03,301312.SZ,42.62,0.001613390981219709
2024-09-03,601398.SH,5.76,0.0016096943290904164
2024-09-03,000429.SZ,11.3,0.0015874176751822233
2024-09-03,688592.SH,29.86,0.0014996182871982455
2024-09-03,301023.SZ,35.21,0.0014709536917507648
2024-09-03,920982.BJ,176.99,0.0014586520846933126
2024-09-04,300712.SZ,19.05,0.001837247866205871
2024-09-04,301312.SZ,40.49,0.0016693462384864688
2024-09-04,601398.SH,5.71,0.001612753258086741
2024-09-04,301023.SZ,34.52,0.0015632484573870897
2024-09-04,300034.SZ,13.5,0.0015409921761602163
2024-09-04,600336.SH,4.61,0.0015035653486847878
2024-09-04,600352.SH,9.23,0.001499163219705224
2024-09-04,600420.SH,10.77,0.0014449295122176409
2024-09-04,688592.SH,29.54,0.0013804018963128328
2024-09-04,600011.SH,6.76,0.0013645540457218885
2024-09-05,300712.SZ,19.23,0.0017930774483829737
2024-09-05,301312.SZ,40.23,0.0016311482759192586
2024-09-05,301023.SZ,34.28,0.0015520231099799275
2024-09-05,601398.SH,5.63,0.0015284549444913864
2024-09-05,600352.SH,9.21,0.0015001653227955103
2024-09-05,600420.SH,10.79,0.0014623278984799981
2024-09-05,600010.SH,1.42,0.001456576632335782
2024-09-05,300034.SZ,13.69,0.0014426371781155467
2024-09-05,002628.SZ,2.21,0.0014255766291171312
2024-09-05,600011.SH,6.76,0.0014177924022078514
2024-09-06,600010.SH,1.41,0.001555107650347054
2024-09-06,301312.SZ,38.06,0.0015246380353346467
2024-09-06,600352.SH,9.16,0.0015197256579995155
2024-09-06,301023.SZ,33.95,0.0014871656894683838
2024-09-06,002628.SZ,2.15,0.001469796639867127
2024-09-06,600011.SH,6.67,0.0014572731452062726
2024-09-06,603228.SH,25.17,0.00145633053034544
2024-09-06,600420.SH,10.44,0.001441523665562272
2024-09-06,002281.SZ,26.36,0.0014361112844198942
2024-09-06,603699.SH,18.84,0.0014317544410005212
2024-09-09,600010.SH,1.4,0.0016536706825718284
2024-09-09,603228.SH,24.23,0.001566374092362821
2024-09-09,600011.SH,6.6,0.0014949659816920757
2024-09-09,600352.SH,9.13,0.0014813593588769436
2024-09-09,603699.SH,18.76,0.0014761139173060656
2024-09-09,300840.SZ,8.49,0.001473932177759707
2024-09-09,920950.BJ,10.08,0.0014349652919918299
2024-09-09,002281.SZ,26.65,0.001434682635590434
2024-09-09,301115.SZ,12.62,0.0014345685485750437
2024-09-09,688592.SH,28.55,0.001414149533957243
2024-09-10,600010.SH,1.39,0.0017153833759948611
2024-09-10,603228.SH,24.33,0.001582191907800734
2024-09-10,600011.SH,6.59,0.0015500783920288086
2024-09-10,002281.SZ,27.18,0.0014794192975386977
2024-09-10,688592.SH,29.28,0.0014706443762406707
2024-09-10,000429.SZ,11.8,0.0014702199259772897
2024-09-10,603829.SH,13.6,0.0014594573294743896
2024-09-10,920982.BJ,161.98,0.001452655647881329
2024-09-10,603699.SH,18.81,0.0014359797351062298
2024-09-10,920950.BJ,10.19,0.0014249065425246954
2024-09-11,600010.SH,1.38,0.0017543226713314652
2024-09-11,600011.SH,6.38,0.0016436554724350572
2024-09-11,300338.SZ,2.41,0.0015628400724381208
2024-09-11,000429.SZ,11.41,0.00155524886213243
2024-09-11,603228.SH,23.81,0.0015494292601943016
2024-09-11,603829.SH,13.39,0.0015320072416216135
2024-09-11,688363.SH,47.38,0.0015042343875393271
2024-09-11,600021.SH,7.94,0.0015013605589047074
2024-09-11,301120.SZ,7.86,0.0014998752158135176
2024-09-11,600420.SH,10.24,0.0014808783307671547
2024-09-12,300289.SZ,4.21,0.0017047978471964598
2024-09-12,688363.SH,46.88,0.001612176769413054
2024-09-12,600011.SH,6.4,0.0015872704098001122
2024-09-12,600010.SH,1.38,0.0015853008953854442
2024-09-12,600420.SH,10.1,0.001561173819936812
2024-09-12,603829.SH,13.11,0.0015523600159212947
2024-09-12,301120.SZ,7.99,0.0015415066154673696
2024-09-12,603228.SH,24.63,0.0015240935608744621
2024-09-12,002637.SZ,7.99,0.0015151024563238025
2024-09-12,300338.SZ,2.37,0.0014975344529375434
2024-09-13,000011.SZ,7.81,0.0017388908891007304
2024-09-13,300289.SZ,4.27,0.0017107728635892272
2024-09-13,301120.SZ,7.61,0.0015573531854897738
2024-09-13,001211.SZ,14.26,0.001554240589030087
2024-09-13,600420.SH,10.08,0.0015518951695412397
2024-09-13,002637.SZ,7.86,0.0015251352451741695
2024-09-13,000710.SZ,7.01,0.0015167177189141512
2024-09-13,603228.SH,25.48,0.001502524595707655
2024-09-13,688363.SH,46.55,0.0014935284852981567
2024-09-13,600011.SH,6.42,0.0014899009838700294
2024-09-18,000011.SZ,7.8,0.0017888357397168875
2024-09-18,301120.SZ,7.53,0.0014918319648131728
2024-09-18,000429.SZ,11.12,0.0014809368876740336
2024-09-18,300338.SZ,2.26,0.0014600297436118126
2024-09-18,603228.SH,24.53,0.0014529251493513584
2024-09-18,688351.SH,17.68,0.0014315659645944834
2024-09-18,301105.SZ,22.43,0.0014175708638504148
2024-09-18,001211.SZ,13.91,0.0014084246940910816
2024-09-18,600420.SH,10.03,0.0013964747777208686
2024-09-18,603829.SH,13.01,0.0013883771607652307
2024-09-19,000011.SZ,7.97,0.0015264302492141724
2024-09-19,000429.SZ,10.93,0.0015096648130565882
2024-09-19,300338.SZ,2.33,0.0014491964830085635
2024-09-19,603228.SH,23.77,0.0014007601421326399
2024-09-19,688351.SH,17.5,0.001364860450848937
2024-09-19,301120.SZ,7.7,0.0013505767565220594
2024-09-19,603829.SH,13.12,0.0013456433080136776
2024-09-19,301105.SZ,22.99,0.0013337682466953993
2024-09-19,301023.SZ,33.65,0.0012886327458545566
2024-09-19,603699.SH,18.17,0.0012613596627488732
2024-09-20,000429.SZ,10.91,0.0014268243685364723
2024-09-20,300338.SZ,2.36,0.0014093422796577215
2024-09-20,300155.SZ,3.71,0.0013943746453151107
2024-09-20,688351.SH,16.8,0.0013050714042037725
2024-09-20,603699.SH,18.1,0.0012433207593858242
2024-09-20,603228.SH,22.99,0.0012414264492690563
2024-09-20,603829.SH,13.15,0.0012406245805323124
2024-09-20,301120.SZ,7.62,0.001208089292049408
2024-09-20,301105.SZ,22.54,0.0011965364683419466
2024-09-20,301023.SZ,33.29,0.0011865831911563873
2024-09-23,300155.SZ,3.72,0.0015875260578468442
2024-09-23,600360.SH,3.27,0.001325385645031929
2024-09-23,000429.SZ,10.76,0.0013171196915209293
2024-09-23,300338.SZ,2.42,0.0012862160801887512
2024-09-23,688351.SH,16.45,0.0011888551525771618
2024-09-23,002628.SZ,2.14,0.0011860996019095182
2024-09-23,603699.SH,18.2,0.0011240942403674126
2024-09-23,603829.SH,12.99,0.0011187526397407055
2024-09-23,301023.SZ,32.68,0.0011170835932716727
2024-09-23,603228.SH,22.86,0.0011046461295336485
2024-09-24,300155.SZ,3.8,0.0016437139129266143
2024-09-24,600360.SH,3.28,0.0015375164803117514
2024-09-24,300338.SZ,2.47,0.0011735924053937197
2024-09-24,301115.SZ,12.47,0.0011660972377285361
2024-09-24,000429.SZ,11.02,0.0011005813721567392
2024-09-24,603829.SH,13.21,0.00104736618231982
2024-09-24,688351.SH,17.43,0.001041073352098465
2024-09-24,301023.SZ,33.67,0.0010126313427463174
2024-09-24,301312.SZ,36.48,0.0010019782930612564
2024-09-24,603699.SH,18.8,0.000978019554167986
2024-09-25,301115.SZ,12.57,0.0016415086574852467
2024-09-25,600360.SH,3.3,0.0014941929839551449
2024-09-25,300155.SZ,3.9,0.0011316828895360231
2024-09-25,300338.SZ,2.41,0.0011213563848286867
2024-09-25,600352.SH,9.32,0.0010313221719115973
2024-09-25,603829.SH,13.11,0.0010235775262117386
2024-09-25,688351.SH,17.0,0.0009824594017118216
2024-09-25,301023.SZ,33.7,0.0009587316308170557
2024-09-25,000429.SZ,11.02,0.0009573269635438919
2024-09-25,603228.SH,24.32,0.0009562130435369909
2024-09-26,301115.SZ,12.9,0.002056586556136608
2024-09-26,600360.SH,3.37,0.0012571520637720823
2024-09-26,300338.SZ,2.31,0.001191195915453136
2024-09-26,002485.SZ,2.9,0.000992926419712603
2024-09-26,603829.SH,13.42,0.0009847888723015785
2024-09-26,000429.SZ,11.01,0.0009643404628150165
2024-09-26,603228.SH,24.97,0.0009163396898657084
2024-09-26,301023.SZ,35.37,0.0009108742233365774
2024-09-26,605338.SH,14.81,0.0008844166295602918
2024-09-26,300155.SZ,4.25,0.0008819382055662572
2024-09-27,301115.SZ,13.55,0.002462980803102255
2024-09-27,300338.SZ,2.29,0.0012738900259137154
2024-09-27,002485.SZ,2.9,0.0010411825496703386
2024-09-27,000429.SZ,10.76,0.001021333271637559
2024-09-27,600336.SH,6.21,0.0009985181968659163
2024-09-27,603829.SH,13.86,0.0009694788022898138
2024-09-27,605338.SH,15.21,0.0009258942445740104
2024-09-27,000609.SZ,2.0,0.0009144435171037912
2024-09-27,301023.SZ,36.87,0.0009033658425323665
2024-09-27,603228.SH,26.42,0.0008797532063908875
2024-09-30,300338.SZ,2.5,0.0013596564531326294
2024-09-30,002485.SZ,3.03,0.0011270047398284078
2024-09-30,600721.SH,7.76,0.0010736985132098198
2024-09-30,600336.SH,6.71,0.0010503637604415417
2024-09-30,000429.SZ,11.38,0.0009794228244572878
2024-09-30,000011.SZ,9.82,0.000976851675659418
2024-09-30,605338.SH,16.27,0.0009478038991801441
2024-09-30,603228.SH,28.85,0.000946381944231689
2024-09-30,000609.SZ,2.08,0.0009401820134371519
2024-09-30,600060.SH,22.38,0.0009106736397370696
2024-10-08,301115.SZ,16.44,0.0028847684152424335
2024-10-08,600721.SH,7.89,0.0013964937534183264
2024-10-08,002485.SZ,2.98,0.0011688151862472296
2024-10-08,000011.SZ,9.69,0.0011567662004381418
2024-10-08,605338.SH,16.75,0.0011402466334402561
2024-10-08,000609.SZ,2.05,0.0011384948156774044
2024-10-08,600336.SH,6.92,0.001117335632443428
2024-10-08,000429.SZ,11.13,0.001114417682401836
2024-10-08,603758.SH,8.09,0.0011002222308889031
2024-10-08,603228.SH,30.92,0.0010850710095837712
2024-10-09,605338.SH,15.49,0.001535680377855897
2024-10-09,000856.SZ,6.9,0.0014325829688459635
2024-10-09,000990.SZ,8.11,0.0013861935585737228
2024-10-09,000050.SZ,8.17,0.0013785844203084707
2024-10-09,000609.SZ,1.95,0.0013645479921251535
2024-10-09,605020.SH,18.54,0.0013605017447844148
2024-10-09,600131.SH,18.0,0.0013573325704783201
2024-10-09,601801.SH,6.96,0.0013350981753319502
2024-10-09,600352.SH,10.28,0.001333520165644586
2024-10-09,000429.SZ,10.48,0.0013333713868632913
2024-10-10,301115.SZ,14.77,0.002939388155937195
2024-10-10,605338.SH,15.64,0.001613175612874329
2024-10-10,600721.SH,6.96,0.0015520136803388596
2024-10-10,000990.SZ,8.11,0.0015087268548086286
2024-10-10,000856.SZ,7.05,0.0015038588317111135
2024-10-10,002367.SZ,6.31,0.0014788602711632848
2024-10-10,605020.SH,18.61,0.0014722119085490704
2024-10-10,600131.SH,18.87,0.0014703627675771713
2024-10-10,300338.SZ,2.34,0.0014632882084697485
2024-10-10,000966.SZ,4.67,0.0014627460623160005
2024-10-11,301115.SZ,14.27,0.0022625341080129147
2024-10-11,605338.SH,15.32,0.0016782782040536404
2024-10-11,000856.SZ,6.81,0.0016532076988369226
2024-10-11,002367.SZ,6.16,0.0016335335094481707
2024-10-11,000966.SZ,4.53,0.0016259881667792797
2024-10-11,601801.SH,6.84,0.001621177769266069
2024-10-11,600721.SH,6.66,0.0016208947636187077
2024-10-11,600131.SH,18.64,0.0015794382197782397
2024-10-11,601886.SH,5.37,0.00156294961925596
2024-10-11,000990.SZ,7.84,0.0015536252176389098
2024-10-14,002367.SZ,6.19,0.001714726211503148
2024-10-14,000966.SZ,4.59,0.0016859853640198708
2024-10-14,000856.SZ,6.97,0.001681672758422792
2024-10-14,605338.SH,15.48,0.0016528284177184105
2024-10-14,600721.SH,6.8,0.001622902462258935
2024-10-14,000050.SZ,7.75,0.0016068631084635854
2024-10-14,000025.SZ,15.87,0.0016019970644265413
2024-10-14,601886.SH,5.53,0.0016010801773518324
2024-10-14,600131.SH,18.16,0.0016005205688998103
2024-10-14,000990.SZ,7.88,0.001597045105881989
2024-10-15,002367.SZ,6.08,0.0017694549169391394
2024-10-15,601886.SH,5.38,0.001655179774388671
2024-10-15,000856.SZ,6.85,0.0016546512488275766
2024-10-15,002578.SZ,2.8,0.0016541446093469858
2024-10-15,605338.SH,15.22,0.001653944724239409
2024-10-15,002788.SZ,8.52,0.0016515201423317194
2024-10-15,000025.SZ,15.53,0.001646794960834086
2024-10-15,000990.SZ,7.73,0.0016391943208873272
2024-10-15,000966.SZ,4.45,0.0016336708795279264
2024-10-15,600352.SH,10.01,0.0016094706952571869
2024-10-16,002367.SZ,6.21,0.0016611028695479035
2024-10-16,600352.SH,9.93,0.0016556578921154141
2024-10-16,002788.SZ,8.4,0.0015852391952648759
2024-10-16,601886.SH,5.44,0.0015622468199580908
2024-10-16,002578.SZ,2.82,0.0015622421633452177
2024-10-16,601398.SH,6.36,0.001557390671223402
2024-10-16,000990.SZ,7.71,0.0015557706356048584
2024-10-16,000966.SZ,4.52,0.0015513778198510408
2024-10-16,605338.SH,15.21,0.001539006712846458
2024-10-16,000856.SZ,6.95,0.0015347261214628816
2024-10-17,601398.SH,6.29,0.0016337782144546509
2024-10-17,600352.SH,9.78,0.0016212009359151125
2024-10-17,301115.SZ,14.64,0.0016019587637856603
2024-10-17,002367.SZ,6.02,0.001593983732163906
2024-10-17,300155.SZ,4.71,0.0015827836468815804
2024-10-17,600010.SH,1.58,0.0015382440760731697
2024-10-17,000011.SZ,8.9,0.0015085049672052264
2024-10-17,601005.SH,1.39,0.0015023757005110383
2024-10-17,002471.SZ,2.3,0.001499176723882556
2024-10-17,000966.SZ,4.46,0.0014844199176877737
2024-10-18,002449.SZ,7.89,0.0018007392063736916
2024-10-18,688776.SH,54.0,0.001772840041667223
2024-10-18,600352.SH,9.89,0.001654725056141615
2024-10-18,601398.SH,6.32,0.0016530349384993315
2024-10-18,300820.SZ,47.94,0.0016364693874493241
2024-10-18,601005.SH,1.35,0.001612416235730052
2024-10-18,300989.SZ,13.69,0.0015994916902855039
2024-10-18,301115.SZ,14.9,0.0015934571856632829
2024-10-18,600010.SH,1.63,0.0015457854606211185
2024-10-18,002367.SZ,6.11,0.001539732562378049
2024-10-21,688351.SH,19.29,0.002038091653957963
2024-10-21,002449.SZ,8.05,0.001939129433594644
2024-10-21,688607.SH,13.6,0.0018634373554959893
2024-10-21,002709.SZ,16.69,0.0017897664802148938
2024-10-21,688776.SH,56.74,0.0016923034563660622
2024-10-21,600352.SH,9.78,0.0016668738098815084
2024-10-21,300989.SZ,14.37,0.0016399681335315108
2024-10-21,601398.SH,6.16,0.0016101655783131719
2024-10-21,301115.SZ,14.9,0.0016083942027762532
2024-10-21,300737.SZ,5.65,0.0015759500674903393
2024-10-22,688351.SH,20.34,0.0025576651096343994
2024-10-22,688607.SH,13.4,0.0018328242003917694
2024-10-22,000050.SZ,7.88,0.001824400620535016
2024-10-22,002709.SZ,17.11,0.0016947990516200662
2024-10-22,301115.SZ,14.93,0.001659985282458365
2024-10-22,300989.SZ,14.0,0.0016557264607399702
2024-10-22,688100.SH,42.19,0.0016380605520680547
2024-10-22,600010.SH,1.62,0.0016342164017260075
2024-10-22,300124.SZ,56.93,0.0016249186592176557
2024-10-22,603927.SH,22.51,0.0016168844886124134
2024-10-23,688351.SH,20.38,0.002848699688911438
2024-10-23,300989.SZ,13.98,0.0016701135318726301
2024-10-23,301115.SZ,14.85,0.0016472379211336374
2024-10-23,603927.SH,22.19,0.0016154457116499543
2024-10-23,688100.SH,42.18,0.0016126279952004552
2024-10-23,000429.SZ,11.08,0.0016048051184043288
2024-10-23,688633.SH,23.48,0.0015779612585902214
2024-10-23,000050.SZ,7.96,0.0015700400108471513
2024-10-23,688609.SH,12.82,0.0015605090884491801
2024-10-23,300124.SZ,56.43,0.0015425451565533876
2024-10-24,688351.SH,20.79,0.0022068112157285213
2024-10-24,688100.SH,40.98,0.0016435844590887427
2024-10-24,300922.SZ,16.22,0.001627272111363709
2024-10-24,920982.BJ,230.2,0.0016010601539164782
2024-10-24,300989.SZ,13.57,0.0015922192251309752
2024-10-24,301115.SZ,14.66,0.0015629857080057263
2024-10-24,688609.SH,12.63,0.0015611741691827774
2024-10-24,300124.SZ,56.68,0.0015218195039778948
2024-10-24,603927.SH,22.0,0.0015211493009701371
2024-10-24,300737.SZ,5.56,0.0015185625525191426
2024-10-25,300922.SZ,16.16,0.001643435680307448
2024-10-25,688100.SH,42.23,0.001633036881685257
2024-10-25,300989.SZ,14.24,0.0015604132786393166
2024-10-25,301312.SZ,47.37,0.0015553353587165475
2024-10-25,920982.BJ,235.04,0.0015258947387337685
2024-10-25,603829.SH,14.49,0.0015038412529975176
2024-10-25,688609.SH,12.66,0.0015037995763123035
2024-10-25,688525.SH,67.3,0.0014833707828074694
2024-10-25,300124.SZ,58.0,0.0014831451699137688
2024-10-25,300034.SZ,17.97,0.0014814495807513595
2024-10-28,603787.SH,11.24,0.0016230129403993487
2024-10-28,300989.SZ,14.2,0.0016203072154894471
2024-10-28,301312.SZ,48.93,0.0015832798089832067
2024-10-28,603160.SH,87.3,0.0015689200954511762
2024-10-28,920718.BJ,15.38,0.0015635766321793199
2024-10-28,300922.SZ,16.39,0.001557620125822723
2024-10-28,688100.SH,41.93,0.0015301620587706566
2024-10-28,688525.SH,65.27,0.0014985178131610155
2024-10-28,300698.SZ,45.31,0.0014912077458575368
2024-10-28,300820.SZ,49.68,0.0014794858871027827
2024-10-29,603787.SH,10.9,0.0016096221515908837
2024-10-29,300989.SZ,13.28,0.001605723868124187
2024-10-29,301115.SZ,14.39,0.0015581181505694985
2024-10-29,300698.SZ,43.76,0.001526741310954094
2024-10-29,301312.SZ,47.41,0.0015190646518021822
2024-10-29,600336.SH,10.81,0.00151100754737854
2024-10-29,300623.SZ,44.01,0.0014997947728261352
2024-10-29,603160.SH,88.61,0.0014796927571296692
2024-10-29,300820.SZ,48.54,0.0014757136814296246
2024-10-29,920982.BJ,225.56,0.0014691689284518361
2024-10-30,301312.SZ,49.58,0.0015830466290935874
2024-10-30,300193.SZ,9.42,0.0015591834671795368
2024-10-30,603787.SH,10.63,0.0015378224197775126
2024-10-30,603699.SH,23.02,0.001518762786872685
2024-10-30,301120.SZ,9.57,0.001503914361819625
2024-10-30,300989.SZ,13.2,0.0014997441321611404
2024-10-30,603160.SH,91.28,0.0014906952856108546
2024-10-30,300623.SZ,41.02,0.0014899581437930465
2024-10-30,688092.SH,22.49,0.0014877512585371733
2024-10-30,600721.SH,7.47,0.0014713224954903126
2024-10-31,688092.SH,21.55,0.0022027059458196163
2024-10-31,603699.SH,22.15,0.0019802148453891277
2024-10-31,603787.SH,10.55,0.0019554649479687214
2024-10-31,301312.SZ,48.85,0.0016591019229963422
2024-10-31,600336.SH,9.27,0.001641909941099584
2024-10-31,300623.SZ,44.69,0.0016231342451646924
2024-10-31,300193.SZ,9.43,0.0015962395118549466
2024-10-31,300840.SZ,12.01,0.0015726119745522738
2024-10-31,301120.SZ,9.69,0.0015467158518731594
2024-10-31,688609.SH,13.24,0.0015396048547700047
2024-11-01,688092.SH,20.02,0.0025922073982656
2024-11-01,603699.SH,22.58,0.002154118847101927
2024-11-01,603787.SH,10.14,0.002131055109202862
2024-11-01,605020.SH,17.28,0.002088493201881647
2024-11-01,002046.SZ,11.04,0.0019194866763427854
2024-11-01,300193.SZ,9.06,0.0018884367309510708
2024-11-01,601886.SH,5.45,0.0017214417457580566
2024-11-01,300840.SZ,11.01,0.001683505135588348
2024-11-01,301312.SZ,44.41,0.0016428733943030238
2024-11-01,600021.SH,9.58,0.0015415220987051725
2024-11-04,603787.SH,10.48,0.002966944593936205
2024-11-04,688092.SH,20.46,0.002792691346257925
2024-11-04,002046.SZ,11.32,0.0027234074659645557
2024-11-04,605020.SH,17.68,0.0026957006193697453
2024-11-04,603699.SH,23.84,0.00265301251783967
2024-11-04,601886.SH,5.5,0.002281402237713337
2024-11-04,300193.SZ,9.33,0.002142287790775299
2024-11-04,002393.SZ,17.1,0.0021102624014019966
2024-11-04,600021.SH,9.81,0.0020176111720502377
2024-11-04,605288.SH,33.3,0.001973564736545086
2024-11-05,603787.SH,10.54,0.0034781661815941334
2024-11-05,605020.SH,18.25,0.0030240537598729134
2024-11-05,002046.SZ,11.95,0.0029595792293548584
2024-11-05,603699.SH,23.79,0.002826690673828125
2024-11-05,688092.SH,21.24,0.002795180771499872
2024-11-05,003008.SZ,18.4,0.0025833253748714924
2024-11-05,605288.SH,35.21,0.0023936228826642036
2024-11-05,600010.SH,2.01,0.0023665009066462517
2024-11-05,601886.SH,5.64,0.002211236394941807
2024-11-05,002393.SZ,17.29,0.0021892935037612915
2024-11-06,603787.SH,10.52,0.003418584819883108
2024-11-06,003008.SZ,18.3,0.0031744749285280704
2024-11-06,605020.SH,18.38,0.0031650797463953495
2024-11-06,002046.SZ,12.01,0.0030688955448567867
2024-11-06,688092.SH,21.58,0.002994874492287636
2024-11-06,600010.SH,2.16,0.0025790678337216377
2024-11-06,605288.SH,35.22,0.0024698940105736256
2024-11-06,002788.SZ,8.62,0.0024079913273453712
2024-11-06,003003.SZ,9.38,0.0023340261541306973
2024-11-06,301115.SZ,14.64,0.0023221024312078953
2024-11-07,688092.SH,22.0,0.0031976490281522274
2024-11-07,301115.SZ,15.02,0.0026016216725111008
2024-11-07,003008.SZ,18.63,0.002599076833575964
2024-11-07,605020.SH,18.48,0.0025987811386585236
2024-11-07,000011.SZ,10.47,0.0025799288414418697
2024-11-07,002367.SZ,6.76,0.002450478496029973
2024-11-07,600010.SH,2.13,0.0023814658634364605
2024-11-07,002046.SZ,12.0,0.002328131813555956
2024-11-07,600420.SH,12.73,0.002233233768492937
2024-11-07,603787.SH,10.91,0.002119670156389475
2024-11-08,605303.SH,8.72,0.002419427502900362
2024-11-08,000710.SZ,10.1,0.0021176591981202364
2024-11-08,688701.SH,6.77,0.002104697283357382
2024-11-08,300289.SZ,5.29,0.002078118734061718
2024-11-08,000011.SZ,10.0,0.002056038472801447
2024-11-08,601012.SH,19.23,0.0020066797733306885
2024-11-08,000422.SZ,14.01,0.0019653504714369774
2024-11-08,003003.SZ,9.55,0.0019150552107021213
2024-11-08,603787.SH,10.85,0.0018231531139463186
2024-11-08,300207.SZ,23.6,0.0018229623092338443
2024-11-11,601012.SH,20.02,0.002220141002908349
2024-11-11,688100.SH,42.29,0.0019525953102856874
2024-11-11,605303.SH,8.71,0.0019458146998658776
2024-11-11,601005.SH,1.71,0.0017831342993304133
2024-11-11,003003.SZ,9.67,0.001731221447698772
2024-11-11,002628.SZ,5.86,0.00168043770827353
2024-11-11,920718.BJ,16.89,0.001669756486080587
2024-11-11,920950.BJ,22.51,0.0016282449942082167
2024-11-11,002471.SZ,2.84,0.0015870925271883607
2024-11-11,688701.SH,7.02,0.0015849743504077196
2024-11-12,601005.SH,1.65,0.0017651861999183893
2024-11-12,600010.SH,2.07,0.0016733537195250392
2024-11-12,688100.SH,40.65,0.0016713545192033052
2024-11-12,002628.SZ,5.8,0.0016469465335831046
2024-11-12,002222.SZ,35.83,0.0016395259881392121
2024-11-12,920718.BJ,16.67,0.0016159932129085064
2024-11-12,002578.SZ,3.31,0.0015768143348395824
2024-11-12,002248.SZ,9.65,0.0015568484086543322
2024-11-12,002471.SZ,2.75,0.0015487093478441238
2024-11-12,603601.SH,3.64,0.0015178883913904428
2024-11-13,603601.SH,3.6,0.0017479120288044214
2024-11-13,002578.SZ,3.29,0.00174177426379174
2024-11-13,600010.SH,2.07,0.0017136213136836886
2024-11-13,300124.SZ,61.78,0.0017001732485368848
2024-11-13,603927.SH,25.4,0.001686449977569282
2024-11-13,605020.SH,18.84,0.0016806538915261626
2024-11-13,002222.SZ,35.1,0.0016608535079285502
2024-11-13,688525.SH,68.02,0.001659452565945685
2024-11-13,601005.SH,1.62,0.0016336687840521336
2024-11-13,920982.BJ,242.0,0.0016005138168111444
2024-11-14,002578.SZ,3.2,0.0018216691678389907
2024-11-14,603601.SH,3.47,0.0018141402397304773
2024-11-14,600010.SH,1.96,0.001741719082929194
2024-11-14,605020.SH,18.08,0.001733456621877849
2024-11-14,300124.SZ,59.7,0.0017199424328282475
2024-11-14,688525.SH,64.47,0.0017002959502860904
2024-11-14,600131.SH,23.39,0.0016836319118738174
2024-11-14,603927.SH,24.72,0.0016767773777246475
2024-11-14,920982.BJ,237.32,0.001663028378970921
2024-11-14,002222.SZ,33.99,0.0016547725535929203
2024-11-15,603601.SH,3.42,0.001836571958847344
2024-11-15,002578.SZ,3.12,0.0018057395936921239
2024-11-15,600131.SH,22.72,0.0017440771916881204
2024-11-15,002788.SZ,8.77,0.0017241091700270772
2024-11-15,605020.SH,17.75,0.001714912592433393
2024-11-15,002222.SZ,32.21,0.0016807614592835307
2024-11-15,688525.SH,60.98,0.0016698248218744993
2024-11-15,600420.SH,12.28,0.0016581029631197453
2024-11-15,002637.SZ,9.5,0.0016573870088905096
2024-11-15,600021.SH,9.8,0.001654240651987493
2024-11-18,300922.SZ,14.84,0.00210177106782794
2024-11-18,603601.SH,3.37,0.0018908450147137046
2024-11-18,601005.SH,1.62,0.0018377801170572639
2024-11-18,688607.SH,14.4,0.001785560860298574
2024-11-18,002578.SZ,3.1,0.0017830230062827468
2024-11-18,002788.SZ,8.66,0.0017425159458070993
2024-11-18,600021.SH,9.87,0.0017363887745887041
2024-11-18,600131.SH,21.78,0.0017250982346013188
2024-11-18,002222.SZ,31.18,0.0017169943312183022
2024-11-18,605358.SH,25.9,0.0016918149776756763
2024-11-19,300922.SZ,15.33,0.002593559678643942
2024-11-19,688607.SH,14.85,0.001905670971609652
2024-11-19,605358.SH,27.29,0.0018002116121351719
2024-11-19,603601.SH,3.46,0.0017948814202100039
2024-11-19,600021.SH,9.94,0.0017637715209275484
2024-11-19,600131.SH,21.83,0.001744010834954679
2024-11-19,002788.SZ,8.67,0.0017406914848834276
2024-11-19,600420.SH,12.43,0.001711638760752976
2024-11-19,002578.SZ,3.19,0.0017054638592526317
2024-11-19,688633.SH,26.22,0.001697627711109817
2024-11-20,600481.SH,6.15,0.0025971196591854095
2024-11-20,300922.SZ,15.65,0.0020629866048693657
2024-11-20,688607.SH,15.34,0.001966425683349371
2024-11-20,603601.SH,3.55,0.0017752904677763581
2024-11-20,605358.SH,27.14,0.0017599075799807906
2024-11-20,301105.SZ,31.48,0.0017575939418748021
2024-11-20,600021.SH,9.88,0.0017211678205057979
2024-11-20,600420.SH,12.7,0.0017190470825880766
2024-11-20,300207.SZ,24.15,0.0016991052543744445
2024-11-20,688633.SH,26.99,0.0016884496435523033
2024-11-21,688607.SH,15.51,0.0019166163401678205
2024-11-21,600420.SH,12.68,0.0017717949813231826
2024-11-21,301105.SZ,31.15,0.0017589785857126117
2024-11-21,603601.SH,3.6,0.0017222726019099355
2024-11-21,688633.SH,26.83,0.0017027882859110832
2024-11-21,605358.SH,26.93,0.0016675599617883563
2024-11-21,600021.SH,9.9,0.0016263154102489352
2024-11-21,002068.SZ,8.48,0.001615996123291552
2024-11-21,300712.SZ,28.0,0.0016145484987646341
2024-11-21,300207.SZ,23.77,0.0015896864933893085
2024-11-22,600481.SH,6.22,0.003038134891539812
2024-11-22,300712.SZ,26.5,0.001700665568932891
2024-11-22,301105.SZ,29.69,0.0016756384866312146
2024-11-22,688633.SH,26.08,0.0016729283379390836
2024-11-22,688607.SH,14.6,0.0016405819915235043
2024-11-22,002068.SZ,7.92,0.0016083671944215894
2024-11-22,600420.SH,12.1,0.0015838260296732187
2024-11-22,600021.SH,9.48,0.0015418308321386576
2024-11-22,920718.BJ,17.36,0.0015160627663135529
2024-11-22,000990.SZ,8.46,0.0015034566167742014
2024-11-25,600481.SH,6.24,0.0030419393442571163
2024-11-25,001211.SZ,18.94,0.00189974345266819
2024-11-25,688455.SH,11.76,0.0017976289382204413
2024-11-25,300712.SZ,26.66,0.0016923967050388455
2024-11-25,688633.SH,25.38,0.0016561825759708881
2024-11-25,920718.BJ,16.8,0.00155626330524683
2024-11-25,300800.SZ,11.14,0.0015469641657546163
2024-11-25,300374.SZ,20.43,0.0015350441681221128
2024-11-25,000990.SZ,8.4,0.0015346116852015257
2024-11-25,688776.SH,61.75,0.0015288767172023654
2024-11-26,001211.SZ,19.48,0.0022702650167047977
2024-11-26,600481.SH,6.21,0.0020306408405303955
2024-11-26,300800.SZ,10.93,0.0018894419772550464
2024-11-26,300374.SZ,19.61,0.00161138700786978
2024-11-26,688633.SH,25.15,0.0015901055885478854
2024-11-26,688776.SH,59.37,0.0015473021194338799
2024-11-26,300712.SZ,25.78,0.001535078976303339
2024-11-26,301120.SZ,9.91,0.0015248216222971678
2024-11-26,002709.SZ,23.73,0.001496781362220645
2024-11-26,603711.SH,13.79,0.0014545107260346413
2024-11-27,300800.SZ,11.05,0.0023136045783758163
2024-11-27,001211.SZ,20.9,0.002301572822034359
2024-11-27,600481.SH,6.2,0.001588819082826376
2024-11-27,603711.SH,14.26,0.001573489629663527
2024-11-27,920779.BJ,45.85,0.0015424066223204136
2024-11-27,002709.SZ,25.01,0.0015218016924336553
2024-11-27,605303.SH,8.58,0.0014941315166652203
2024-11-27,300374.SZ,19.92,0.0014689912786707282
2024-11-27,688633.SH,25.68,0.00143283954821527
2024-11-27,000025.SZ,17.52,0.0013779903529211879
2024-11-28,300800.SZ,11.31,0.0026703588664531708
2024-11-28,605303.SH,8.76,0.002359513659030199
2024-11-28,001211.SZ,20.96,0.002263374160975218
2024-11-28,600610.SH,5.18,0.0021907570771872997
2024-11-28,300922.SZ,15.5,0.0020002792589366436
2024-11-28,600336.SH,7.22,0.0017955676885321736
2024-11-28,000025.SZ,19.04,0.0017379106720909476
2024-11-28,002709.SZ,24.35,0.001718159532174468
2024-11-28,920718.BJ,17.57,0.0016998056089505553
2024-11-28,688701.SH,6.5,0.0016658831154927611
2024-11-29,600610.SH,5.24,0.003258488606661558
2024-11-29,605303.SH,8.88,0.0031893434934318066
2024-11-29,300800.SZ,11.4,0.00298546114936471
2024-11-29,000856.SZ,8.32,0.002429845742881298
2024-11-29,600336.SH,7.32,0.0024237059988081455
2024-11-29,002628.SZ,5.15,0.002408240456134081
2024-11-29,002248.SZ,9.14,0.0023286710493266582
2024-11-29,300922.SZ,15.61,0.0023174616508185863
2024-11-29,300712.SZ,26.35,0.0021831130143254995
2024-11-29,001211.SZ,21.1,0.0021437346003949642
2024-12-02,600610.SH,5.54,0.0038314638659358025
2024-12-02,002628.SZ,5.27,0.0032987515442073345
2024-12-02,300623.SZ,36.03,0.0027976217679679394
2024-12-02,002248.SZ,9.29,0.0027542347088456154
2024-12-02,300712.SZ,26.6,0.002296546008437872
2024-12-02,605303.SH,9.1,0.00229393457993865
2024-12-02,300800.SZ,11.51,0.0021792014595121145
2024-12-02,603758.SH,9.1,0.002134548267349601
2024-12-02,300922.SZ,16.09,0.00213454756885767
2024-12-02,000856.SZ,8.51,0.0020751398988068104
2024-12-03,600610.SH,5.6,0.003463276196271181
2024-12-03,002628.SZ,5.63,0.002948550507426262
2024-12-03,600336.SH,8.31,0.002742443233728409
2024-12-03,300623.SZ,35.6,0.0025984584353864193
2024-12-03,002248.SZ,9.39,0.002464817836880684
2024-12-03,605288.SH,35.5,0.002228825120255351
2024-12-03,603758.SH,9.07,0.002149218926206231
2024-12-03,300922.SZ,16.13,0.002005390590056777
2024-12-03,300712.SZ,28.45,0.0017774406587705016
2024-12-03,688418.SH,31.33,0.0016892915591597557
2024-12-04,603758.SH,9.26,0.002488760044798255
2024-12-04,002628.SZ,5.2,0.0022716177627444267
2024-12-04,600610.SH,5.39,0.0022406084463000298
2024-12-04,301023.SZ,50.96,0.002083477098494768
2024-12-04,002248.SZ,9.65,0.0018353668274357915
2024-12-04,300623.SZ,36.9,0.00180282152723521
2024-12-04,605288.SH,35.19,0.0017116476083174348
2024-12-04,300338.SZ,4.57,0.0016763444291427732
2024-12-04,688418.SH,31.79,0.0016301230061799288
2024-12-04,002637.SZ,10.92,0.001580011798068881
2024-12-05,603758.SH,9.26,0.002886031288653612
2024-12-05,600481.SH,7.11,0.0022845568601042032
2024-12-05,301023.SZ,51.45,0.0022214960772544146
2024-12-05,605288.SH,35.8,0.0018094336846843362
2024-12-05,001211.SZ,20.54,0.001598505419678986
2024-12-05,300338.SZ,4.64,0.0015524155460298061
2024-12-05,002637.SZ,10.88,0.0015427714679390192
2024-12-05,601005.SH,1.61,0.0015291206073015928
2024-12-05,002449.SZ,8.88,0.0014880249509587884
2024-12-05,600010.SH,1.97,0.0014554341323673725
2024-12-06,600481.SH,6.88,0.0027928384952247143
2024-12-06,301023.SZ,52.49,0.002499361988157034
2024-12-06,603758.SH,9.14,0.0023563045542687178
2024-12-06,001211.SZ,20.16,0.0016075446037575603
2024-12-06,300338.SZ,4.88,0.0015567645896226168
2024-12-06,688418.SH,37.49,0.0015360461547970772
2024-12-06,601005.SH,1.68,0.0015290873125195503
2024-12-06,688592.SH,40.53,0.0015133125707507133
2024-12-06,688351.SH,23.1,0.0014935833169147372
2024-12-06,605288.SH,35.76,0.001490666763857007
2024-12-09,600481.SH,6.88,0.002563736867159605
2024-12-09,301023.SZ,55.61,0.0019509302219375968
2024-12-09,300338.SZ,5.18,0.0018844151636585593
2024-12-09,688351.SH,22.62,0.0016425776993855834
2024-12-09,688592.SH,42.2,0.0015739500522613525
2024-12-09,001211.SZ,20.18,0.0015685050748288631
2024-12-09,603758.SH,9.14,0.0014605469768866897
2024-12-09,603699.SH,23.31,0.0014602961018681526
2024-12-09,300698.SZ,38.8,0.0014577482361346483
2024-12-09,300820.SZ,62.5,0.0013885812368243933
2024-12-10,688351.SH,22.8,0.001674904371611774
2024-12-10,300338.SZ,5.07,0.0015819442924112082
2024-12-10,301023.SZ,55.99,0.001501342747360468
2024-12-10,688418.SH,33.77,0.0014962760033085942
2024-12-10,001211.SZ,19.98,0.0014928047312423587
2024-12-10,603699.SH,22.72,0.0014806605177000165
2024-12-10,002046.SZ,15.24,0.0014699663734063506
2024-12-10,600481.SH,6.68,0.0014697553124278784
2024-12-10,300698.SZ,38.76,0.0013605462154373527
2024-12-10,300124.SZ,62.79,0.0013222499983385205
2024-12-11,688351.SH,23.06,0.0016559413634240627
2024-12-11,603699.SH,21.92,0.0015717260539531708
2024-12-11,600481.SH,6.65,0.0015484696486964822
2024-12-11,002046.SZ,15.83,0.001491765957325697
2024-12-11,300989.SZ,15.79,0.0014615753898397088
2024-12-11,300193.SZ,10.04,0.001460907282307744
2024-12-11,300124.SZ,61.57,0.001453633769415319
2024-12-11,600131.SH,21.22,0.001420984510332346
2024-12-11,300155.SZ,6.1,0.0014110802439972758
2024-12-11,688418.SH,33.08,0.0014091471675783396
2024-12-12,688351.SH,22.47,0.0016533031594008207
2024-12-12,688525.SH,60.21,0.0016444537322968245
2024-12-12,002046.SZ,15.58,0.0015936116687953472
2024-12-12,603699.SH,21.52,0.0015293104806914926
2024-12-12,600481.SH,6.66,0.0014967669267207384
2024-12-12,600131.SH,21.54,0.001490838243626058
2024-12-12,300193.SZ,9.95,0.0014851936139166355
2024-12-12,920950.BJ,20.67,0.0014685923233628273
2024-12-12,002367.SZ,7.81,0.0014644465409219265
2024-12-12,300989.SZ,16.11,0.0014586708275601268
2024-12-13,688525.SH,62.31,0.0016949301352724433
2024-12-13,002367.SZ,7.63,0.001590161002241075
2024-12-13,002046.SZ,15.27,0.0015673874877393246
2024-12-13,300840.SZ,26.0,0.0015668409178033471
2024-12-13,688351.SH,20.89,0.001564118778333068
2024-12-13,300155.SZ,6.06,0.0015461122384294868
2024-12-13,600131.SH,20.6,0.0015045638429000974
2024-12-13,300989.SZ,16.04,0.0014778977492824197
2024-12-13,300193.SZ,9.64,0.0014667075593024492
2024-12-13,920950.BJ,20.41,0.0014647862408310175
2024-12-16,688525.SH,61.5,0.0017451682360842824
2024-12-16,002367.SZ,7.49,0.0015861493302509189
2024-12-16,002471.SZ,3.13,0.0014999632257968187
2024-12-16,300989.SZ,15.68,0.0014813500456511974
2024-12-16,300155.SZ,5.88,0.0014661108143627644
2024-12-16,300193.SZ,9.57,0.0014642111491411924
2024-12-16,600131.SH,20.13,0.001447285758331418
2024-12-16,920950.BJ,20.16,0.0014335899613797665
2024-12-16,002485.SZ,3.55,0.001420717453584075
2024-12-16,002046.SZ,14.49,0.0013973952736705542
2024-12-17,300840.SZ,22.25,0.0016191593604162335
2024-12-17,688100.SH,36.4,0.0016022879863157868
2024-12-17,002367.SZ,7.13,0.0015236836625263095
2024-12-17,002471.SZ,2.97,0.001492656534537673
2024-12-17,002485.SZ,3.37,0.0014916749205440283
2024-12-17,300989.SZ,15.15,0.001468344358727336
2024-12-17,300193.SZ,9.14,0.0014641282614320517
2024-12-17,920950.BJ,19.04,0.0014563449658453465
2024-12-17,605338.SH,18.78,0.0014347094111144543
2024-12-17,600010.SH,1.95,0.0014307277742773294
2024-12-18,688100.SH,36.27,0.0019632065668702126
2024-12-18,300840.SZ,21.75,0.0016147816786542535
2024-12-18,002367.SZ,7.11,0.0015846961177885532
2024-12-18,002471.SZ,2.95,0.001560944365337491
2024-12-18,002485.SZ,3.37,0.0015298592625185847
2024-12-18,603787.SH,11.47,0.0014787993859499693
2024-12-18,000710.SZ,10.5,0.0014449257869273424
2024-12-18,688592.SH,39.93,0.0014311408158391714
2024-12-18,605338.SH,18.58,0.0014246946666389704
2024-12-18,300989.SZ,15.46,0.0014064413262531161
2024-12-19,688100.SH,36.91,0.001607279758900404
2024-12-19,300840.SZ,22.34,0.0015514374244958162
2024-12-19,002471.SZ,2.93,0.0015349439345300198
2024-12-19,603787.SH,11.48,0.0015152657870203257
2024-12-19,002367.SZ,7.16,0.0015023599844425917
2024-12-19,002485.SZ,3.39,0.001485374290496111
2024-12-19,605303.SH,8.66,0.0014441071543842554
2024-12-19,000710.SZ,10.18,0.0014367372496053576
2024-12-19,688592.SH,39.41,0.0014366997638717294
2024-12-19,003003.SZ,10.03,0.0014294282300397754
2024-12-20,003003.SZ,10.23,0.0015174438012763858
2024-12-20,605303.SH,8.93,0.001501278718933463
2024-12-20,000856.SZ,8.12,0.0014981484273448586
2024-12-20,603787.SH,11.66,0.001453372067771852
2024-12-20,002471.SZ,2.97,0.0014462991384789348
2024-12-20,002367.SZ,7.22,0.0014387302799150348
2024-12-20,300840.SZ,22.87,0.0014269198291003704
2024-12-20,688701.SH,6.25,0.0014166022883728147
2024-12-20,688592.SH,41.04,0.0014115282101556659
2024-12-20,000710.SZ,10.15,0.0014015058986842632
2024-12-23,003003.SZ,9.33,0.0015757931396365166
2024-12-23,002068.SZ,10.08,0.001496345503255725
2024-12-23,688701.SH,5.7,0.0014533139765262604
2024-12-23,002471.SZ,2.73,0.0014254332054406404
2024-12-23,002578.SZ,3.15,0.0013959856005385518
2024-12-23,300800.SZ,11.03,0.001394534483551979
2024-12-23,300840.SZ,20.83,0.0013495080638676882
2024-12-23,688592.SH,39.15,0.0013440415496006608
2024-12-23,603787.SH,10.96,0.0013408736558631063
2024-12-23,002367.SZ,6.91,0.001330499886535108
2024-12-24,003003.SZ,9.32,0.0015093307010829449
2024-12-24,002578.SZ,3.12,0.0013952613808214664
2024-12-24,000856.SZ,7.35,0.0013784540351480246
2024-12-24,605303.SH,7.8,0.0013650598702952266
2024-12-24,688701.SH,5.6,0.0013621905818581581
2024-12-24,000710.SZ,9.12,0.0013508553383871913
2024-12-24,300712.SZ,25.29,0.0013234922662377357
2024-12-24,300800.SZ,11.08,0.0013196768704801798
2024-12-24,601398.SH,6.78,0.0013020439073443413
2024-12-24,603787.SH,11.06,0.001289604464545846
2024-12-25,002578.SZ,3.0,0.0014219628646969795
2024-12-25,601398.SH,6.94,0.001397690735757351
2024-12-25,003003.SZ,8.95,0.001391790108755231
2024-12-25,000710.SZ,8.84,0.0013578941579908133
2024-12-25,000856.SZ,7.09,0.0013482712674885988
2024-12-25,600021.SH,9.32,0.0013359563890844584
2024-12-25,000429.SZ,13.63,0.0013349351938813925
2024-12-25,300800.SZ,10.71,0.0013197180815041065
2024-12-25,605303.SH,7.54,0.0013093006564304233
2024-12-25,603787.SH,10.69,0.0012805280275642872
2024-12-26,002578.SZ,3.02,0.0015018121339380741
2024-12-26,601398.SH,6.93,0.0014387363335117698
2024-12-26,600021.SH,9.24,0.0013641969999298453
2024-12-26,600352.SH,10.49,0.0013621666003018618
2024-12-26,000429.SZ,13.53,0.0013561011292040348
2024-12-26,000710.SZ,8.86,0.0013237231178209186
2024-12-26,603787.SH,10.77,0.0013046611566096544
2024-12-26,688525.SH,70.28,0.0012975179124623537
2024-12-26,002281.SZ,59.45,0.001290979445911944
2024-12-26,000856.SZ,7.22,0.0012805124279111624
2024-12-27,002578.SZ,3.15,0.0015939463628455997
2024-12-27,002281.SZ,56.0,0.0014292935375124216
2024-12-27,601398.SH,6.92,0.0013908058172091842
2024-12-27,600721.SH,6.99,0.0013822122709825635
2024-12-27,600352.SH,10.58,0.0013593090698122978
2024-12-27,000429.SZ,14.0,0.0013449667021632195
2024-12-27,603787.SH,10.91,0.0013250040356069803
2024-12-27,688525.SH,66.04,0.0013079928467050195
2024-12-27,301105.SZ,31.09,0.001305560115724802
2024-12-27,605020.SH,20.95,0.0012961728498339653
2024-12-30,600721.SH,6.88,0.0015082082245498896
2024-12-30,002578.SZ,3.05,0.0014919452369213104
2024-12-30,002281.SZ,55.49,0.00141817145049572
2024-12-30,605020.SH,20.5,0.0014073675265535712
2024-12-30,601398.SH,6.95,0.0013737402623519301
2024-12-30,688701.SH,5.51,0.0013572609750553966
2024-12-30,603787.SH,10.65,0.0013568720314651728
2024-12-30,688525.SH,64.88,0.001356190419755876
2024-12-30,301105.SZ,29.9,0.0013324583414942026
2024-12-30,000429.SZ,13.98,0.0013118530623614788
2024-12-31,600721.SH,6.59,0.001568057108670473
2024-12-31,688525.SH,61.97,0.0013977470807731152
2024-12-31,603787.SH,10.42,0.001396866049617529
2024-12-31,605020.SH,20.33,0.0013943342491984367
2024-12-31,601398.SH,6.92,0.0013780519366264343
2024-12-31,002788.SZ,8.21,0.0013534144964069128
2024-12-31,300623.SZ,34.16,0.0013262782013043761
2024-12-31,002578.SZ,2.99,0.001324716955423355
2024-12-31,002281.SZ,52.17,0.001320154289714992
2024-12-31,688701.SH,5.35,0.0013004499487578869
2025-01-02,603787.SH,10.21,0.0014436421915888786
2025-01-02,600721.SH,6.5,0.001429375959560275
2025-01-02,603829.SH,13.27,0.001396404579281807
2025-01-02,688701.SH,5.28,0.0013918959302827716
2025-01-02,688525.SH,59.52,0.0013817771105095744
2025-01-02,601398.SH,6.8,0.0013721184805035591
2025-01-02,300989.SZ,15.33,0.0013622288824990392
2025-01-02,002788.SZ,8.12,0.0013440153561532497
2025-01-02,300623.SZ,32.08,0.0013347184285521507
2025-01-02,605020.SH,19.19,0.0013318774290382862
2025-01-03,603787.SH,9.75,0.0015085397753864527
2025-01-03,688701.SH,4.98,0.0014910403406247497
2025-01-03,002788.SZ,7.94,0.0014693045523017645
2025-01-03,605288.SH,32.3,0.0014487425796687603
2025-01-03,603829.SH,13.02,0.001439155894331634
2025-01-03,300989.SZ,14.74,0.0014347240794450045
2025-01-03,300698.SZ,32.44,0.0014080583350732923
2025-01-03,605303.SH,7.15,0.00138297479134053
2025-01-03,688092.SH,19.28,0.0013827369548380375
2025-01-03,300922.SZ,12.95,0.0013803079491481185
2025-01-06,688363.SH,50.28,0.0015462462324649096
2025-01-06,300698.SZ,32.1,0.0014085634611546993
2025-01-06,603829.SH,12.73,0.0013948682462796569
2025-01-06,300922.SZ,12.97,0.0013832933036610484
2025-01-06,688609.SH,9.34,0.0013666222803294659
2025-01-06,603787.SH,9.85,0.0013651587069034576
2025-01-06,688092.SH,19.05,0.0013614665949717164
2025-01-06,688701.SH,4.95,0.001361169619485736
2025-01-06,600021.SH,8.89,0.001345052383840084
2025-01-06,002046.SZ,12.09,0.0013397668953984976
2025-01-07,688609.SH,9.64,0.001301624346524477
2025-01-07,600420.SH,11.5,0.0012950359378010035
2025-01-07,600610.SH,4.07,0.001280724536627531
2025-01-07,600021.SH,8.81,0.0012515573762357235
2025-01-07,002046.SZ,12.45,0.001238834229297936
2025-01-07,000966.SZ,4.52,0.0012155210133641958
2025-01-07,603829.SH,13.13,0.00120529904961586
2025-01-07,601886.SH,5.28,0.0011994208907708526
2025-01-07,300698.SZ,33.51,0.0011950971093028784
2025-01-07,300289.SZ,4.8,0.0011826021363958716
2025-01-08,300989.SZ,16.45,0.0014029224403202534
2025-01-08,002046.SZ,12.26,0.0012572894338518381
2025-01-08,301120.SZ,9.58,0.0012236188631504774
2025-01-08,600610.SH,4.07,0.0011983583681285381
2025-01-08,300338.SZ,4.13,0.0011820727959275246
2025-01-08,688351.SH,17.66,0.0011741335038095713
2025-01-08,002068.SZ,11.63,0.00115196593105793
2025-01-08,000966.SZ,4.49,0.0011381413787603378
2025-01-08,000609.SZ,2.45,0.001122457324527204
2025-01-08,300155.SZ,4.53,0.0011207365896552801
2025-01-09,300338.SZ,4.14,0.0020101675763726234
2025-01-09,920982.BJ,215.69,0.001225971500389278
2025-01-09,301120.SZ,9.49,0.0011968758190050721
2025-01-09,300989.SZ,16.42,0.0011963469441980124
2025-01-09,920718.BJ,14.09,0.0011862447718158364
2025-01-09,688363.SH,50.24,0.0011799978092312813
2025-01-09,000609.SZ,2.44,0.0011763048823922873
2025-01-09,688418.SH,29.2,0.001172759453766048
2025-01-09,920950.BJ,17.06,0.0011662628967314959
2025-01-09,300840.SZ,19.72,0.0011591380462050438
2025-01-10,300338.SZ,4.12,0.0015673581510782242
2025-01-10,920950.BJ,16.26,0.0013921979116275907
2025-01-10,920982.BJ,220.82,0.001341019757091999
2025-01-10,920718.BJ,13.19,0.0013204810675233603
2025-01-10,688418.SH,28.59,0.0012847508769482374
2025-01-10,000609.SZ,2.48,0.0012488492066040635
2025-01-10,300840.SZ,19.33,0.001244406565092504
2025-01-10,605338.SH,16.18,0.001229753252118826
2025-01-10,920779.BJ,32.7,0.0012203698279336095
2025-01-10,688455.SH,11.2,0.0012001630384474993
