date,code,close,prediction
2024-01-23,000005.SZ,1.05,
2024-01-23,000011.SZ,8.84,
2024-01-23,000050.SZ,8.7,
2024-01-23,000422.SZ,9.11,
2024-01-23,000429.SZ,8.79,
2024-01-23,000609.SZ,5.45,
2024-01-23,000710.SZ,9.66,
2024-01-23,000856.SZ,7.51,
2024-01-23,000990.SZ,7.25,
2024-01-23,001211.SZ,20.99,
2024-01-23,002046.SZ,9.28,
2024-01-23,002068.SZ,9.27,
2024-01-23,002222.SZ,24.58,
2024-01-23,002248.SZ,6.93,
2024-01-23,002281.SZ,25.32,
2024-01-24,000005.SZ,1.04,
2024-01-24,000011.SZ,9.41,
2024-01-24,000025.SZ,17.43,
2024-01-24,000050.SZ,8.95,
2024-01-24,000422.SZ,9.16,
2024-01-24,000429.SZ,8.9,
2024-01-24,000609.SZ,5.84,
2024-01-24,000710.SZ,9.72,
2024-01-24,000856.SZ,7.81,
2024-01-24,000966.SZ,4.23,
2024-01-24,000990.SZ,7.5,
2024-01-24,001211.SZ,21.03,
2024-01-24,002046.SZ,9.59,
2024-01-24,002068.SZ,9.31,
2024-01-24,002222.SZ,24.68,
2024-01-25,000005.SZ,1.04,
2024-01-25,000011.SZ,9.66,
2024-01-25,000025.SZ,18.19,
2024-01-25,000050.SZ,9.28,
2024-01-25,000422.SZ,9.32,
2024-01-25,000429.SZ,8.83,
2024-01-25,000609.SZ,6.1,
2024-01-25,000710.SZ,10.07,
2024-01-25,000856.SZ,8.28,
2024-01-25,000966.SZ,4.45,
2024-01-25,000990.SZ,7.83,
2024-01-25,001211.SZ,22.2,
2024-01-25,002046.SZ,10.36,
2024-01-25,002068.SZ,9.45,
2024-01-25,002222.SZ,25.81,
2024-01-26,000005.SZ,1.06,
2024-01-26,000011.SZ,9.93,
2024-01-26,000025.SZ,17.49,
2024-01-26,000050.SZ,9.17,
2024-01-26,000422.SZ,9.25,
2024-01-26,000429.SZ,9.07,
2024-01-26,000609.SZ,6.19,
2024-01-26,000710.SZ,10.0,
2024-01-26,000856.SZ,8.52,
2024-01-26,000966.SZ,4.57,
2024-01-26,000990.SZ,7.92,
2024-01-26,001211.SZ,22.7,
2024-01-26,002046.SZ,10.29,
2024-01-26,002068.SZ,9.19,
2024-01-26,002222.SZ,25.46,
2024-01-29,000005.SZ,1.01,
2024-01-29,000011.SZ,9.53,
2024-01-29,000025.SZ,18.04,
2024-01-29,000050.SZ,8.99,
2024-01-29,000422.SZ,9.04,
2024-01-29,000429.SZ,9.11,
2024-01-29,000609.SZ,5.95,
2024-01-29,000710.SZ,9.61,
2024-01-29,000856.SZ,8.23,
2024-01-29,000966.SZ,4.47,
2024-01-29,000990.SZ,7.96,
2024-01-29,001211.SZ,21.62,
2024-01-29,002046.SZ,9.98,
2024-01-29,002068.SZ,8.91,
2024-01-29,002222.SZ,24.41,
2024-01-30,000005.SZ,0.99,
2024-01-30,000011.SZ,9.23,
2024-01-30,000025.SZ,16.8,
2024-01-30,000050.SZ,8.68,
2024-01-30,000422.SZ,8.89,
2024-01-30,000429.SZ,9.1,
2024-01-30,000609.SZ,5.72,
2024-01-30,000710.SZ,9.34,
2024-01-30,000856.SZ,7.95,
2024-01-30,000966.SZ,4.45,
2024-01-30,000990.SZ,7.61,
2024-01-30,001211.SZ,20.52,
2024-01-30,002046.SZ,9.89,
2024-01-30,002068.SZ,8.46,
2024-01-30,002222.SZ,23.91,
2024-01-31,000005.SZ,0.94,
2024-01-31,000011.SZ,8.6,
2024-01-31,000025.SZ,17.0,
2024-01-31,000050.SZ,8.32,
2024-01-31,000422.SZ,8.37,
2024-01-31,000429.SZ,9.14,
2024-01-31,000609.SZ,5.22,
2024-01-31,000856.SZ,7.76,
2024-01-31,000966.SZ,4.35,
2024-01-31,000990.SZ,7.31,
2024-01-31,002046.SZ,9.4,
2024-01-31,002068.SZ,7.76,
2024-01-31,002222.SZ,22.5,
2024-01-31,002248.SZ,6.02,
2024-01-31,002281.SZ,21.72,
2024-02-01,000005.SZ,0.89,
2024-02-01,000011.SZ,8.34,
2024-02-01,000050.SZ,8.2,
2024-02-01,000422.SZ,8.17,
2024-02-01,000429.SZ,9.15,
2024-02-01,000609.SZ,5.07,
2024-02-01,000710.SZ,8.19,
2024-02-01,000856.SZ,7.41,
2024-02-01,000966.SZ,4.2,
2024-02-01,000990.SZ,7.1,
2024-02-01,001211.SZ,17.63,
2024-02-01,002046.SZ,9.36,
2024-02-01,002068.SZ,7.59,
2024-02-01,002222.SZ,22.8,
2024-02-01,002248.SZ,5.99,
2024-02-02,000005.SZ,0.85,
2024-02-02,000011.SZ,8.35,
2024-02-02,000025.SZ,14.21,
2024-02-02,000050.SZ,7.84,
2024-02-02,000422.SZ,7.81,
2024-02-02,000429.SZ,9.35,
2024-02-02,000609.SZ,4.88,
2024-02-02,000710.SZ,7.78,
2024-02-02,000856.SZ,6.88,
2024-02-02,000966.SZ,4.05,
2024-02-02,000990.SZ,6.72,
2024-02-02,001211.SZ,16.21,
2024-02-02,002046.SZ,8.68,
2024-02-02,002068.SZ,7.16,
2024-02-02,002222.SZ,21.84,
2024-02-05,000005.SZ,0.81,
2024-02-05,000011.SZ,7.74,
2024-02-05,000050.SZ,7.59,
2024-02-05,000422.SZ,7.45,
2024-02-05,000429.SZ,9.75,
2024-02-05,000966.SZ,3.71,
2024-02-05,000990.SZ,6.14,
2024-02-05,002281.SZ,20.24,
2024-02-05,002367.SZ,5.73,
2024-02-05,002393.SZ,18.68,
2024-02-05,002471.SZ,2.32,
2024-02-05,002485.SZ,3.03,
2024-02-05,002709.SZ,16.63,
2024-02-05,002788.SZ,6.45,
2024-02-05,300034.SZ,12.82,
2024-02-06,000005.SZ,0.77,
2024-02-06,000011.SZ,7.89,
2024-02-06,000050.SZ,7.96,
2024-02-06,000422.SZ,7.9,
2024-02-06,000429.SZ,9.56,
2024-02-06,000609.SZ,4.0,
2024-02-06,000710.SZ,6.65,
2024-02-06,000856.SZ,6.0,
2024-02-06,000966.SZ,4.07,
2024-02-06,000990.SZ,6.56,
2024-02-06,001211.SZ,13.3,
2024-02-06,002046.SZ,8.13,
2024-02-06,002068.SZ,6.79,
2024-02-06,002222.SZ,20.45,
2024-02-06,002248.SZ,5.07,
2024-02-07,000005.SZ,0.73,
2024-02-07,000011.SZ,7.81,
2024-02-07,000025.SZ,14.39,
2024-02-07,000422.SZ,8.32,
2024-02-07,000429.SZ,9.56,
2024-02-07,000856.SZ,5.53,
2024-02-07,000966.SZ,4.14,
2024-02-07,000990.SZ,6.77,
2024-02-07,001211.SZ,12.36,
2024-02-07,002046.SZ,8.2,
2024-02-07,002068.SZ,7.08,
2024-02-07,002222.SZ,21.69,
2024-02-07,002248.SZ,4.89,
2024-02-07,002281.SZ,22.97,
2024-02-07,002367.SZ,6.01,
2024-02-08,000005.SZ,0.69,
2024-02-08,000011.SZ,8.2,
2024-02-08,000025.SZ,14.6,
2024-02-08,000050.SZ,9.18,
2024-02-08,000422.SZ,8.55,
2024-02-08,000429.SZ,9.5,
2024-02-08,000609.SZ,3.73,
2024-02-08,000710.SZ,6.32,
2024-02-08,000856.SZ,6.05,
2024-02-08,000966.SZ,4.28,
2024-02-08,000990.SZ,7.21,
2024-02-08,001211.SZ,13.15,
2024-02-08,002046.SZ,8.98,
2024-02-08,002222.SZ,22.38,
2024-02-08,002248.SZ,5.33,
2024-02-19,000005.SZ,0.66,
2024-02-19,000011.SZ,8.27,
2024-02-19,000025.SZ,15.14,
2024-02-19,000050.SZ,8.8,
2024-02-19,000422.SZ,8.71,
2024-02-19,000429.SZ,9.7,
2024-02-19,000609.SZ,3.88,
2024-02-19,000856.SZ,6.27,
2024-02-19,000966.SZ,4.29,
2024-02-19,000990.SZ,7.14,
2024-02-19,001211.SZ,13.79,
2024-02-19,002046.SZ,9.12,
2024-02-19,002068.SZ,7.64,
2024-02-19,002222.SZ,23.5,
2024-02-19,002248.SZ,5.52,
2024-02-20,000005.SZ,0.69,
2024-02-20,000011.SZ,8.29,
2024-02-20,000025.SZ,14.83,
2024-02-20,000050.SZ,8.83,
2024-02-20,000422.SZ,8.75,
2024-02-20,000429.SZ,9.91,
2024-02-20,000710.SZ,7.09,
2024-02-20,000856.SZ,6.36,
2024-02-20,000966.SZ,4.25,
2024-02-20,000990.SZ,7.12,
2024-02-20,001211.SZ,14.36,
2024-02-20,002046.SZ,9.04,
2024-02-20,002068.SZ,7.69,
2024-02-20,002222.SZ,23.47,
2024-02-20,002248.SZ,5.65,
2024-02-21,000005.SZ,0.72,
2024-02-21,000011.SZ,8.43,
2024-02-21,000025.SZ,14.88,
2024-02-21,000050.SZ,8.88,
2024-02-21,000422.SZ,8.74,
2024-02-21,000429.SZ,9.89,
2024-02-21,000609.SZ,4.57,
2024-02-21,000710.SZ,7.23,
2024-02-21,000856.SZ,6.54,
2024-02-21,000966.SZ,4.28,
2024-02-21,000990.SZ,7.18,
2024-02-21,001211.SZ,15.07,
2024-02-21,002046.SZ,9.19,
2024-02-21,002068.SZ,8.07,
2024-02-21,002222.SZ,23.51,
2024-02-22,000005.SZ,0.76,
2024-02-22,000011.SZ,8.45,
2024-02-22,000025.SZ,14.99,
2024-02-22,000050.SZ,8.91,
2024-02-22,000422.SZ,8.82,
2024-02-22,000429.SZ,10.02,
2024-02-22,000609.SZ,4.62,
2024-02-22,000710.SZ,7.56,
2024-02-22,000856.SZ,6.8,
2024-02-22,000966.SZ,4.33,
2024-02-22,000990.SZ,7.28,
2024-02-22,001211.SZ,15.53,
2024-02-22,002046.SZ,9.35,
2024-02-22,002068.SZ,8.55,
2024-02-22,002222.SZ,24.69,
2024-02-23,000005.SZ,0.8,
2024-02-23,000011.SZ,8.51,
2024-02-23,000025.SZ,15.18,
2024-02-23,000050.SZ,8.92,
2024-02-23,000422.SZ,8.84,
2024-02-23,000429.SZ,9.88,
2024-02-23,000609.SZ,4.72,
2024-02-23,000710.SZ,7.96,
2024-02-23,000856.SZ,7.06,
2024-02-23,000966.SZ,4.34,
2024-02-23,000990.SZ,7.37,
2024-02-23,001211.SZ,16.12,
2024-02-23,002046.SZ,9.7,
2024-02-23,002068.SZ,9.17,
2024-02-23,002222.SZ,25.0,
2024-02-26,000005.SZ,0.84,
2024-02-26,000011.SZ,8.39,
2024-02-26,000025.SZ,15.29,
2024-02-26,000050.SZ,8.96,
2024-02-26,000422.SZ,8.8,
2024-02-26,000429.SZ,9.49,
2024-02-26,000609.SZ,4.81,
2024-02-26,000710.SZ,8.19,
2024-02-26,000856.SZ,7.29,
2024-02-26,000966.SZ,4.31,
2024-02-26,000990.SZ,7.33,
2024-02-26,001211.SZ,16.72,
2024-02-26,002046.SZ,10.13,
2024-02-26,002068.SZ,9.05,
2024-02-26,002222.SZ,25.45,
2024-02-27,000005.SZ,0.88,
2024-02-27,000011.SZ,8.53,
2024-02-27,000025.SZ,15.8,
2024-02-27,000050.SZ,9.17,
2024-02-27,000422.SZ,8.94,
2024-02-27,000429.SZ,9.52,
2024-02-27,000609.SZ,5.08,
2024-02-27,000710.SZ,8.54,
2024-02-27,000856.SZ,7.46,
2024-02-27,000966.SZ,4.34,
2024-02-27,000990.SZ,7.42,
2024-02-27,001211.SZ,17.11,
2024-02-27,002046.SZ,10.4,
2024-02-27,002068.SZ,9.14,
2024-02-27,002222.SZ,26.43,
2024-02-28,603927.SH,26.96,0.036371033638715744
2024-02-28,600021.SH,8.25,0.034711919724941254
2024-02-28,600131.SH,15.82,0.034158289432525635
2024-02-28,603160.SH,59.96,0.031191227957606316
2024-02-28,688100.SH,29.46,0.031191227957606316
2024-02-28,300124.SZ,61.5,0.03119082562625408
2024-02-28,605358.SH,22.69,0.02964899130165577
2024-02-28,002393.SZ,22.56,0.02876780554652214
2024-02-28,000990.SZ,7.22,0.028018753975629807
2024-02-28,600420.SH,8.91,0.028018753975629807
2024-02-28,000011.SZ,8.2,0.028018753975629807
2024-02-28,601012.SH,20.62,0.025661321356892586
2024-02-28,300207.SZ,13.75,0.022613245993852615
2024-02-28,002485.SZ,2.93,0.022370604798197746
2024-02-28,688351.SH,24.57,0.016754405573010445
2024-02-29,605358.SH,23.68,0.04061557352542877
2024-02-29,002709.SZ,20.64,0.040615543723106384
2024-02-29,688776.SH,72.48,0.03770044818520546
2024-02-29,300034.SZ,16.47,0.033969201147556305
2024-02-29,002393.SZ,22.9,0.033020250499248505
2024-02-29,300840.SZ,15.56,0.033020250499248505
2024-02-29,600131.SH,16.55,0.033020250499248505
2024-02-29,300124.SZ,63.21,0.031191227957606316
2024-02-29,688363.SH,63.93,0.03118782676756382
2024-02-29,603160.SH,63.3,0.029719103127717972
2024-02-29,002222.SZ,27.15,0.029648762196302414
2024-02-29,000011.SZ,8.35,0.028018753975629807
2024-02-29,600420.SH,9.12,0.028018753975629807
2024-02-29,600060.SH,25.9,0.02462751790881157
2024-02-29,603699.SH,16.4,0.02417805604636669
2024-03-01,002222.SZ,27.71,0.04068797081708908
2024-03-01,605358.SH,24.44,0.04061555862426758
2024-03-01,603927.SH,31.25,0.03935622796416283
2024-03-01,300820.SZ,48.09,0.0377001129090786
2024-03-01,002709.SZ,20.62,0.03395821526646614
2024-03-01,300840.SZ,15.25,0.033020250499248505
2024-03-01,688363.SH,63.51,0.031272418797016144
2024-03-01,688100.SH,32.89,0.031191283836960793
2024-03-01,300124.SZ,63.85,0.031191283836960793
2024-03-01,688776.SH,75.79,0.031042473390698433
2024-03-01,603160.SH,64.62,0.02971911057829857
2024-03-01,000050.SZ,9.34,0.028018753975629807
2024-03-01,600420.SH,9.08,0.028018753975629807
2024-03-01,002068.SZ,9.25,0.028018753975629807
2024-03-01,600021.SH,8.36,0.028018753975629807
2024-03-04,600131.SH,17.76,0.044635795056819916
2024-03-04,002222.SZ,28.53,0.04068797081708908
2024-03-04,605358.SH,24.13,0.04061555117368698
2024-03-04,603927.SH,30.8,0.03972936049103737
2024-03-04,688100.SH,34.54,0.03940290957689285
2024-03-04,688776.SH,80.21,0.03770050033926964
2024-03-04,300820.SZ,50.67,0.036469634622335434
2024-03-04,300124.SZ,64.85,0.03119129128754139
2024-03-04,688363.SH,63.38,0.031191227957606316
2024-03-04,603160.SH,64.98,0.029719116166234016
2024-03-04,603829.SH,11.86,0.028018753975629807
2024-03-04,600021.SH,8.43,0.028018753975629807
2024-03-04,920779.BJ,29.0,0.028018753975629807
2024-03-04,000050.SZ,9.3,0.028018753975629807
2024-03-04,600420.SH,9.15,0.028018753975629807
2024-03-05,002222.SZ,28.01,0.04068797081708908
2024-03-05,688100.SH,33.6,0.03957979381084442
2024-03-05,603927.SH,29.75,0.0382390096783638
2024-03-05,688776.SH,79.63,0.03770049288868904
2024-03-05,300820.SZ,49.4,0.03754232078790665
2024-03-05,600610.SH,5.59,0.034711919724941254
2024-03-05,000050.SZ,9.25,0.034711919724941254
2024-03-05,600060.SH,25.5,0.03431730344891548
2024-03-05,600131.SH,17.7,0.033020250499248505
2024-03-05,301312.SZ,67.56,0.0313132144510746
2024-03-05,300124.SZ,66.75,0.03119128756225109
2024-03-05,920982.BJ,217.39,0.030548589304089546
2024-03-05,603160.SH,65.1,0.02971911057829857
2024-03-05,000011.SZ,8.19,0.028018753975629807
2024-03-05,600021.SH,8.44,0.028018753975629807
2024-03-06,688100.SH,34.65,0.038213539868593216
2024-03-06,688525.SH,46.4,0.03799724206328392
2024-03-06,603160.SH,64.05,0.037700552493333817
2024-03-06,003003.SZ,8.55,0.034711919724941254
2024-03-06,600610.SH,5.65,0.034711919724941254
2024-03-06,000011.SZ,8.18,0.034711383283138275
2024-03-06,000609.SZ,4.74,0.03471091017127037
2024-03-06,600131.SH,18.68,0.034158289432525635
2024-03-06,688418.SH,17.39,0.033020250499248505
2024-03-06,301312.SZ,69.35,0.0313132144510746
2024-03-06,300124.SZ,66.5,0.03119128756225109
2024-03-06,688363.SH,61.79,0.031191283836960793
2024-03-06,002222.SZ,28.07,0.031089982017874718
2024-03-06,920982.BJ,227.0,0.030662009492516518
2024-03-06,688776.SH,81.45,0.02971911057829857
2024-03-07,000050.SZ,8.89,0.034711919724941254
2024-03-07,000990.SZ,7.24,0.034711915999650955
2024-03-07,600131.SH,18.7,0.033020250499248505
2024-03-07,688418.SH,16.8,0.033020250499248505
2024-03-07,301312.SZ,66.61,0.0313132144510746
2024-03-07,300124.SZ,66.87,0.03119128756225109
2024-03-07,002281.SZ,35.42,0.029919281601905823
2024-03-07,603160.SH,62.65,0.02971911057829857
2024-03-07,688776.SH,79.79,0.02971911057829857
2024-03-07,688525.SH,43.4,0.029508860781788826
2024-03-07,600420.SH,8.9,0.028018753975629807
2024-03-07,603699.SH,16.72,0.028018753975629807
2024-03-07,000609.SZ,4.61,0.028017375618219376
2024-03-07,002046.SZ,10.38,0.02800857089459896
2024-03-07,300820.SZ,48.29,0.02762228064239025
2024-03-08,600360.SH,6.37,0.03471178188920021
2024-03-08,000609.SZ,4.56,0.03471091017127037
2024-03-08,000025.SZ,15.46,0.033020250499248505
2024-03-08,600131.SH,18.72,0.033020250499248505
2024-03-08,688418.SH,17.27,0.033020250499248505
2024-03-08,920982.BJ,243.27,0.031378451734781265
2024-03-08,300124.SZ,66.95,0.03119128756225109
2024-03-08,002222.SZ,28.13,0.03118782676756382
2024-03-08,688776.SH,78.11,0.02971911057829857
2024-03-08,603927.SH,29.12,0.029695946723222733
2024-03-08,688525.SH,47.0,0.02969089150428772
2024-03-08,920950.BJ,18.6,0.02834148518741131
2024-03-08,000990.SZ,7.23,0.028018753975629807
2024-03-08,000050.SZ,9.09,0.028018753975629807
2024-03-08,600420.SH,8.89,0.028018753975629807
2024-03-11,301023.SZ,33.35,0.047117866575717926
2024-03-11,688525.SH,50.8,0.039592187851667404
2024-03-11,000609.SZ,4.7,0.03471091017127037
2024-03-11,600060.SH,24.98,0.03431730344891548
2024-03-11,600131.SH,19.76,0.034158289432525635
2024-03-11,002222.SZ,28.49,0.03389692306518555
2024-03-11,605358.SH,23.73,0.0337371900677681
2024-03-11,920982.BJ,251.79,0.031272970139980316
2024-03-11,688776.SH,80.6,0.02971911057829857
2024-03-11,300820.SZ,52.25,0.029715299606323242
2024-03-11,000990.SZ,7.27,0.028018753975629807
2024-03-11,002449.SZ,7.17,0.028018750250339508
2024-03-11,002046.SZ,10.34,0.028017375618219376
2024-03-11,603160.SH,64.52,0.027657968923449516
2024-03-11,688100.SH,36.33,0.02765314280986786
2024-03-12,601012.SH,22.32,0.04061555117368698
2024-03-12,300820.SZ,52.94,0.03935344144701958
2024-03-12,002281.SZ,40.66,0.03799724206328392
2024-03-12,688525.SH,49.73,0.03799724206328392
2024-03-12,000609.SZ,4.94,0.03471178188920021
2024-03-12,301023.SZ,34.07,0.03451294079422951
2024-03-12,600060.SH,24.59,0.03431730344891548
2024-03-12,002222.SZ,28.32,0.03425811976194382
2024-03-12,605358.SH,23.93,0.03410150110721588
2024-03-12,600131.SH,18.96,0.033020250499248505
2024-03-12,603160.SH,64.02,0.03119128756225109
2024-03-12,300124.SZ,65.7,0.03119128756225109
2024-03-12,688363.SH,63.78,0.03119082562625408
2024-03-12,688776.SH,79.97,0.02971911057829857
2024-03-12,603927.SH,29.06,0.02969089150428772
2024-03-13,688525.SH,50.3,0.03754232078790665
2024-03-13,301023.SZ,32.58,0.03453745320439339
2024-03-13,002222.SZ,28.52,0.03430682420730591
2024-03-13,600131.SH,19.33,0.033020250499248505
2024-03-13,600060.SH,24.74,0.033020250499248505
2024-03-13,688418.SH,19.5,0.033020250499248505
2024-03-13,301312.SZ,71.56,0.0313132144510746
2024-03-13,603160.SH,64.41,0.03119128756225109
2024-03-13,688100.SH,35.46,0.031191227957606316
2024-03-13,688363.SH,63.12,0.03119082562625408
2024-03-13,605358.SH,24.13,0.030999260023236275
2024-03-13,920982.BJ,236.21,0.030548589304089546
2024-03-13,002281.SZ,39.34,0.029919281601905823
2024-03-13,300820.SZ,53.97,0.029719039797782898
2024-03-13,603927.SH,29.54,0.02969089150428772
2024-03-14,688418.SH,19.6,0.04463579133152962
2024-03-14,002281.SZ,40.42,0.03799724206328392
2024-03-14,600021.SH,8.59,0.034711919724941254
2024-03-14,301023.SZ,32.08,0.03454076498746872
2024-03-14,600131.SH,19.38,0.033020250499248505
2024-03-14,000025.SZ,15.85,0.033020250499248505
2024-03-14,301312.SZ,70.14,0.03198482096195221
2024-03-14,603160.SH,63.3,0.03119128756225109
2024-03-14,688100.SH,35.26,0.031191283836960793
2024-03-14,002222.SZ,28.23,0.03119082562625408
2024-03-14,605358.SH,23.6,0.030999260023236275
2024-03-14,920982.BJ,235.56,0.030548589304089546
2024-03-14,688776.SH,62.4,0.02971911057829857
2024-03-14,300820.SZ,53.32,0.029719103127717972
2024-03-14,603927.SH,28.81,0.029715299606323242
2024-03-15,002709.SZ,21.92,0.04061557352542877
2024-03-15,300712.SZ,24.91,0.03653623163700104
2024-03-15,002281.SZ,39.91,0.036469634622335434
2024-03-15,600021.SH,8.65,0.034711919724941254
2024-03-15,003003.SZ,8.91,0.034711919724941254
2024-03-15,002222.SZ,29.0,0.0338994562625885
2024-03-15,688418.SH,19.96,0.033020250499248505
2024-03-15,688100.SH,36.67,0.03119129128754139
2024-03-15,300124.SZ,63.98,0.03119128756225109
2024-03-15,603160.SH,63.16,0.03119128756225109
2024-03-15,920982.BJ,237.7,0.03119128756225109
2024-03-15,301312.SZ,71.47,0.03119128756225109
2024-03-15,605358.SH,23.87,0.030999260023236275
2024-03-15,688776.SH,63.82,0.02991929091513157
2024-03-15,603927.SH,29.17,0.029715299606323242
2024-03-18,688776.SH,65.46,0.03754232078790665
2024-03-18,002281.SZ,40.32,0.036469634622335434
2024-03-18,003003.SZ,9.25,0.034711919724941254
2024-03-18,603758.SH,10.7,0.034711919724941254
2024-03-18,600021.SH,8.73,0.034711919724941254
2024-03-18,000856.SZ,7.67,0.034711919724941254
2024-03-18,300737.SZ,5.17,0.034704431891441345
2024-03-18,002222.SZ,30.05,0.034260936081409454
2024-03-18,688418.SH,20.52,0.034158289432525635
2024-03-18,605358.SH,24.35,0.0337371900677681
2024-03-18,301459.SZ,42.52,0.03310554102063179
2024-03-18,600131.SH,19.5,0.033020250499248505
2024-03-18,301312.SZ,75.38,0.0313132144510746
2024-03-18,300124.SZ,64.34,0.03119128756225109
2024-03-18,603160.SH,65.32,0.03119128756225109
2024-03-19,002281.SZ,39.63,0.041014380753040314
2024-03-19,000011.SZ,8.32,0.038185007870197296
2024-03-19,601398.SH,5.15,0.03471190109848976
2024-03-19,600060.SH,23.94,0.03429613262414932
2024-03-19,688418.SH,21.95,0.03429613262414932
2024-03-19,300712.SZ,26.1,0.033513814210891724
2024-03-19,300623.SZ,15.64,0.03302181139588356
2024-03-19,600131.SH,19.05,0.033020250499248505
2024-03-19,301312.SZ,72.62,0.031378451734781265
2024-03-19,002222.SZ,29.68,0.031313199549913406
2024-03-19,300124.SZ,62.94,0.03119129128754139
2024-03-19,603160.SH,64.51,0.03119128756225109
2024-03-19,688100.SH,36.88,0.03119128756225109
2024-03-19,605358.SH,24.12,0.030999260023236275
2024-03-19,300820.SZ,52.7,0.02971911057829857
2024-03-20,600360.SH,6.61,0.034711919724941254
2024-03-20,603758.SH,10.67,0.034711919724941254
2024-03-20,301459.SZ,45.59,0.03437354415655136
2024-03-20,002222.SZ,29.86,0.03389983996748924
2024-03-20,688418.SH,21.59,0.033020250499248505
2024-03-20,301312.SZ,72.97,0.0313132144510746
2024-03-20,688100.SH,36.49,0.03119128756225109
2024-03-20,603160.SH,64.1,0.03119128756225109
2024-03-20,300124.SZ,62.89,0.031191283836960793
2024-03-20,605358.SH,24.22,0.030999260023236275
2024-03-20,300820.SZ,52.97,0.029719116166234016
2024-03-20,688525.SH,54.5,0.029719103127717972
2024-03-20,688776.SH,68.78,0.029715299606323242
2024-03-20,002281.SZ,39.17,0.02969089150428772
2024-03-20,002709.SZ,22.41,0.029117124155163765
2024-03-21,688418.SH,22.59,0.042016949504613876
2024-03-21,600021.SH,8.59,0.038185007870197296
2024-03-21,603787.SH,11.3,0.034711919724941254
2024-03-21,603758.SH,10.71,0.034711919724941254
2024-03-21,000609.SZ,5.38,0.034711919724941254
2024-03-21,301459.SZ,46.99,0.03437354415655136
2024-03-21,300207.SZ,14.49,0.033969201147556305
2024-03-21,605358.SH,23.99,0.0337371900677681
2024-03-21,300840.SZ,16.4,0.033020250499248505
2024-03-21,603711.SH,16.4,0.033020246773958206
2024-03-21,603160.SH,63.15,0.03119129128754139
2024-03-21,300820.SZ,54.01,0.029719116166234016
2024-03-21,688525.SH,57.59,0.02971911057829857
2024-03-21,688776.SH,69.7,0.02971859835088253
2024-03-21,002281.SZ,38.3,0.029715299606323242
2024-03-22,688525.SH,56.8,0.03770049288868904
2024-03-22,688418.SH,22.0,0.0337371900677681
2024-03-22,600131.SH,19.9,0.033020250499248505
2024-03-22,920982.BJ,220.7,0.03119128756225109
2024-03-22,688100.SH,34.99,0.03119128756225109
2024-03-22,603160.SH,62.37,0.031191283836960793
2024-03-22,300124.SZ,61.39,0.03119082562625408
2024-03-22,605358.SH,23.48,0.030999260023236275
2024-03-22,300820.SZ,54.75,0.029719116166234016
2024-03-22,002281.SZ,38.24,0.02971859835088253
2024-03-22,688776.SH,67.6,0.02971859835088253
2024-03-22,603927.SH,28.99,0.029715299606323242
2024-03-22,600360.SH,6.54,0.028018753975629807
2024-03-22,601398.SH,5.25,0.028018753975629807
2024-03-22,605303.SH,8.82,0.028018753975629807
2024-03-25,688418.SH,20.73,0.0342397503554821
2024-03-25,688363.SH,57.25,0.034158285707235336
2024-03-25,688100.SH,34.61,0.03119128756225109
2024-03-25,603160.SH,60.68,0.031191227957606316
2024-03-25,300124.SZ,60.7,0.03118782676756382
2024-03-25,300820.SZ,54.84,0.029719116166234016
2024-03-25,688525.SH,52.49,0.02971911057829857
2024-03-25,002281.SZ,37.45,0.029719039797782898
2024-03-25,688776.SH,64.17,0.02971859835088253
2024-03-25,603927.SH,27.96,0.029715299606323242
2024-03-25,605358.SH,22.48,0.029648762196302414
2024-03-25,000011.SZ,8.2,0.02876932919025421
2024-03-25,002709.SZ,20.02,0.028161661699414253
2024-03-25,600481.SH,7.72,0.028018757700920105
2024-03-25,000856.SZ,7.64,0.028018753975629807
2024-03-26,000856.SZ,7.81,0.034711919724941254
2024-03-26,002222.SZ,27.78,0.03431710600852966
2024-03-26,688418.SH,20.45,0.03430682420730591
2024-03-26,600721.SH,6.29,0.034299105405807495
2024-03-26,600131.SH,19.06,0.033020250499248505
2024-03-26,002393.SZ,24.59,0.03271140158176422
2024-03-26,603160.SH,60.02,0.03119082562625408
2024-03-26,300820.SZ,53.0,0.029719116166234016
2024-03-26,688525.SH,52.65,0.02971911057829857
2024-03-26,002281.SZ,35.49,0.029719039797782898
2024-03-26,603927.SH,27.43,0.029715299606323242
2024-03-26,600420.SH,8.81,0.028018753975629807
2024-03-26,000990.SZ,7.1,0.028018753975629807
2024-03-26,000050.SZ,8.35,0.028018753975629807
2024-03-26,605303.SH,8.71,0.028018753975629807
2024-03-27,000856.SZ,7.78,0.034711919724941254
2024-03-27,603787.SH,10.18,0.034711919724941254
2024-03-27,002222.SZ,26.51,0.03431688994169235
2024-03-27,300820.SZ,50.16,0.029719116166234016
2024-03-27,688525.SH,48.6,0.02971911057829857
2024-03-27,002281.SZ,35.94,0.029719103127717972
2024-03-27,688776.SH,60.0,0.02971859835088253
2024-03-27,002709.SZ,21.76,0.028098374605178833
2024-03-27,003003.SZ,9.0,0.028018753975629807
2024-03-27,000050.SZ,8.04,0.028018753975629807
2024-03-27,000990.SZ,7.01,0.028018753975629807
2024-03-27,600481.SH,7.51,0.028018753975629807
2024-03-27,600420.SH,8.75,0.028018753975629807
2024-03-27,300737.SZ,4.56,0.028018753975629807
2024-03-27,605303.SH,8.42,0.028018753975629807
2024-03-28,002709.SZ,21.78,0.03821798041462898
2024-03-28,603787.SH,10.44,0.034711919724941254
2024-03-28,600481.SH,7.54,0.034711919724941254
2024-03-28,688418.SH,19.72,0.03431430459022522
2024-03-28,301023.SZ,32.5,0.032111119478940964
2024-03-28,688100.SH,34.7,0.03119129128754139
2024-03-28,603160.SH,58.15,0.031165650114417076
2024-03-28,300820.SZ,51.39,0.029719116166234016
2024-03-28,002281.SZ,38.52,0.02971911057829857
2024-03-28,688525.SH,50.88,0.02971911057829857
2024-03-28,600021.SH,8.48,0.02876932919025421
2024-03-28,000050.SZ,8.21,0.028018753975629807
2024-03-28,000856.SZ,7.94,0.028018753975629807
2024-03-28,600420.SH,8.91,0.028018753975629807
2024-03-28,605303.SH,8.72,0.028018753975629807
2024-03-29,002281.SZ,38.52,0.04131021723151207
2024-03-29,002709.SZ,22.23,0.040615733712911606
2024-03-29,600360.SH,6.31,0.034711919724941254
2024-03-29,600420.SH,8.94,0.034711919724941254
2024-03-29,688418.SH,20.27,0.03431442379951477
2024-03-29,688100.SH,34.6,0.03389983996748924
2024-03-29,603160.SH,58.62,0.031165650114417076
2024-03-29,300124.SZ,61.22,0.030999260023236275
2024-03-29,688525.SH,53.15,0.02971911057829857
2024-03-29,688776.SH,60.11,0.02971859835088253
2024-03-29,600481.SH,7.5,0.028018753975629807
2024-03-29,000011.SZ,8.24,0.028018753975629807
2024-03-29,000990.SZ,7.17,0.028018753975629807
2024-03-29,000050.SZ,8.26,0.028018753975629807
2024-03-29,000856.SZ,8.14,0.028018753975629807
2024-04-01,002709.SZ,23.2,0.04061557352542877
2024-04-01,000011.SZ,8.38,0.034711919724941254
2024-04-01,000990.SZ,7.38,0.034711919724941254
2024-04-01,000050.SZ,8.82,0.034711919724941254
2024-04-01,600360.SH,6.44,0.034711919724941254
2024-04-01,000609.SZ,5.13,0.034711915999650955
2024-04-01,688418.SH,20.0,0.034314438700675964
2024-04-01,300124.SZ,61.47,0.031165650114417076
2024-04-01,002281.SZ,40.72,0.02971911057829857
2024-04-01,688525.SH,53.67,0.02971911057829857
2024-04-01,301120.SZ,10.04,0.028018753975629807
2024-04-01,000856.SZ,8.14,0.028018753975629807
2024-04-01,605303.SH,9.14,0.028018753975629807
2024-04-01,600420.SH,8.91,0.028018753975629807
2024-04-01,600721.SH,6.33,0.02794337086379528
2024-04-02,688351.SH,24.52,0.045386236160993576
2024-04-02,002709.SZ,24.45,0.04061555862426758
2024-04-02,600360.SH,6.39,0.034711919724941254
2024-04-02,002222.SZ,28.27,0.03429613262414932
2024-04-02,600060.SH,23.1,0.03429613262414932
2024-04-02,002393.SZ,24.93,0.034217990934848785
2024-04-02,688100.SH,34.02,0.03119082562625408
2024-04-02,603160.SH,60.2,0.031165650114417076
2024-04-02,300124.SZ,61.1,0.030999260023236275
2024-04-02,688525.SH,52.49,0.02971911057829857
2024-04-02,002281.SZ,38.2,0.02971911057829857
2024-04-02,688776.SH,65.0,0.02971859835088253
2024-04-02,603829.SH,13.45,0.02876780554652214
2024-04-02,002046.SZ,10.34,0.028018757700920105
2024-04-02,000856.SZ,8.15,0.028018753975629807
2024-04-03,688351.SH,24.06,0.045386236160993576
2024-04-03,603699.SH,17.73,0.038304999470710754
2024-04-03,000856.SZ,8.23,0.034711919724941254
2024-04-03,002393.SZ,25.21,0.034317247569561005
2024-04-03,600060.SH,23.48,0.034158289432525635
2024-04-03,688100.SH,33.75,0.03118782676756382
2024-04-03,002281.SZ,36.38,0.02971911057829857
2024-04-03,688525.SH,54.06,0.02971911057829857
2024-04-03,688776.SH,62.89,0.02971859835088253
2024-04-03,003003.SZ,9.62,0.0287790447473526
2024-04-03,301120.SZ,10.0,0.028018753975629807
2024-04-03,600011.SH,9.44,0.028018753975629807
2024-04-03,002788.SZ,8.33,0.028018753975629807
2024-04-03,000011.SZ,8.48,0.028018753975629807
2024-04-03,000429.SZ,9.99,0.028018753975629807
2024-04-08,300989.SZ,18.11,0.039606720209121704
2024-04-08,605020.SH,29.78,0.03881211206316948
2024-04-08,002393.SZ,24.87,0.034317247569561005
2024-04-08,688351.SH,23.9,0.03200070932507515
2024-04-08,300820.SZ,47.45,0.03119082562625408
2024-04-08,688525.SH,50.65,0.02971911057829857
2024-04-08,000609.SZ,4.88,0.028018757700920105
2024-04-08,000856.SZ,7.9,0.028018753975629807
2024-04-08,000011.SZ,8.28,0.028018753975629807
2024-04-08,600021.SH,9.22,0.028018753975629807
2024-04-08,301120.SZ,9.66,0.028018753975629807
2024-04-08,601801.SH,7.58,0.028018753975629807
2024-04-08,000429.SZ,10.03,0.028018753975629807
2024-04-08,002788.SZ,8.09,0.028018753975629807
2024-04-08,603787.SH,11.11,0.028018753975629807
2024-04-09,002367.SZ,7.13,0.034711919724941254
2024-04-09,000856.SZ,8.08,0.034711919724941254
2024-04-09,600721.SH,6.14,0.03471190109848976
2024-04-09,002393.SZ,25.12,0.034317295998334885
2024-04-09,688351.SH,24.27,0.03201610594987869
2024-04-09,300124.SZ,58.28,0.03118782676756382
2024-04-09,920982.BJ,205.1,0.031165650114417076
2024-04-09,688525.SH,48.75,0.029719116166234016
2024-04-09,300989.SZ,17.91,0.0288658756762743
2024-04-09,000990.SZ,7.5,0.028018753975629807
2024-04-09,600481.SH,7.55,0.028018753975629807
2024-04-09,600360.SH,6.25,0.028018753975629807
2024-04-09,603787.SH,11.39,0.028018753975629807
2024-04-09,000011.SZ,8.38,0.028018753975629807
2024-04-09,000429.SZ,9.91,0.028018753975629807
2024-04-10,000011.SZ,8.34,0.034711919724941254
2024-04-10,000856.SZ,8.0,0.034711919724941254
2024-04-10,002367.SZ,7.03,0.034711919724941254
2024-04-10,600360.SH,6.08,0.034711919724941254
2024-04-10,601801.SH,7.27,0.034711919724941254
2024-04-10,603758.SH,10.34,0.034711919724941254
2024-04-10,002449.SZ,7.07,0.03471091017127037
2024-04-10,300712.SZ,25.53,0.034314464777708054
2024-04-10,603711.SH,15.96,0.03302028030157089
2024-04-10,688525.SH,44.3,0.02971911057829857
2024-04-10,688351.SH,23.89,0.029687121510505676
2024-04-10,300623.SZ,14.4,0.02968059852719307
2024-04-10,002709.SZ,24.94,0.029648762196302414
2024-04-10,300193.SZ,7.65,0.028018753975629807
2024-04-10,002788.SZ,8.09,0.028018753975629807
2024-04-11,301115.SZ,16.72,0.04319964721798897
2024-04-11,920950.BJ,17.68,0.03660820052027702
2024-04-11,920718.BJ,10.7,0.03660820052027702
2024-04-11,603758.SH,10.42,0.034711919724941254
2024-04-11,600721.SH,5.92,0.034711915999650955
2024-04-11,300712.SZ,24.48,0.03429615870118141
2024-04-11,300989.SZ,17.14,0.03320736810564995
2024-04-11,688525.SH,44.1,0.029719103127717972
2024-04-11,688351.SH,23.53,0.029687121510505676
2024-04-11,002709.SZ,25.55,0.028723720461130142
2024-04-11,600360.SH,6.07,0.028018753975629807
2024-04-11,002367.SZ,7.07,0.028018753975629807
2024-04-11,002068.SZ,9.42,0.028018753975629807
2024-04-11,000990.SZ,7.36,0.028018753975629807
2024-04-11,000856.SZ,8.48,0.028018753975629807
2024-04-12,600360.SH,6.02,0.038186922669410706
2024-04-12,003008.SZ,22.23,0.036608219146728516
2024-04-12,605288.SH,36.78,0.036608219146728516
2024-04-12,600721.SH,5.78,0.034711919724941254
2024-04-12,000011.SZ,8.16,0.034711919724941254
2024-04-12,000609.SZ,4.69,0.034711915999650955
2024-04-12,002393.SZ,24.81,0.034317295998334885
2024-04-12,300712.SZ,24.1,0.034158315509557724
2024-04-12,300989.SZ,16.54,0.033045731484889984
2024-04-12,600060.SH,25.81,0.033020250499248505
2024-04-12,603711.SH,15.96,0.033020246773958206
2024-04-12,688100.SH,36.22,0.03302009776234627
2024-04-12,688351.SH,24.07,0.032633718103170395
2024-04-12,002709.SZ,24.16,0.028723720461130142
2024-04-12,002068.SZ,9.19,0.028018753975629807
2024-04-15,603228.SH,19.49,0.03881211206316948
2024-04-15,688455.SH,9.02,0.038185007870197296
2024-04-15,920718.BJ,10.9,0.03660903871059418
2024-04-15,002637.SZ,8.52,0.034711919724941254
2024-04-15,002068.SZ,8.87,0.034711919724941254
2024-04-15,600060.SH,26.59,0.034158289432525635
2024-04-15,300989.SZ,15.51,0.03302370011806488
2024-04-15,301115.SZ,15.39,0.03193634748458862
2024-04-15,002709.SZ,24.25,0.030999260023236275
2024-04-15,002281.SZ,35.41,0.029719103127717972
2024-04-15,000990.SZ,7.09,0.028018753975629807
2024-04-15,002046.SZ,9.91,0.028018753975629807
2024-04-15,300193.SZ,7.81,0.028018753975629807
2024-04-15,002788.SZ,8.02,0.028018753975629807
2024-04-15,600011.SH,10.14,0.028018753975629807
2024-04-16,301115.SZ,14.3,0.0372559018433094
2024-04-16,920718.BJ,10.62,0.036653585731983185
2024-04-16,002393.SZ,23.49,0.034317295998334885
2024-04-16,600060.SH,26.66,0.03429613262414932
2024-04-16,688418.SH,15.38,0.034158289432525635
2024-04-16,002709.SZ,22.42,0.0337371900677681
2024-04-16,300712.SZ,21.62,0.03302028030157089
2024-04-16,603927.SH,27.65,0.033020250499248505
2024-04-16,688100.SH,35.9,0.03302024304866791
2024-04-16,601801.SH,7.79,0.028018753975629807
2024-04-16,600420.SH,9.85,0.028018753975629807
2024-04-16,603228.SH,18.7,0.028018753975629807
2024-04-16,002068.SZ,8.11,0.028018753975629807
2024-04-16,002046.SZ,9.16,0.028018753975629807
2024-04-16,000429.SZ,10.37,0.028018753975629807
2024-04-17,300623.SZ,15.73,0.04580552875995636
2024-04-17,605288.SH,33.4,0.04195591062307358
2024-04-17,002248.SZ,6.28,0.041199684143066406
2024-04-17,301115.SZ,15.27,0.0372559018433094
2024-04-17,001211.SZ,15.45,0.036608219146728516
2024-04-17,000609.SZ,3.86,0.034711915999650955
2024-04-17,002393.SZ,24.4,0.034317295998334885
2024-04-17,300124.SZ,61.79,0.03431727737188339
2024-04-17,600060.SH,27.14,0.034314438700675964
2024-04-17,603160.SH,58.15,0.03429613262414932
2024-04-17,603927.SH,28.76,0.034158289432525635
2024-04-17,688100.SH,36.19,0.034158285707235336
2024-04-17,002709.SZ,22.99,0.03410150110721588
2024-04-17,688351.SH,22.03,0.03302181139588356
2024-04-17,300712.SZ,23.55,0.03302028030157089
2024-04-18,003008.SZ,20.28,0.053590476512908936
2024-04-18,300623.SZ,15.25,0.05141937732696533
2024-04-18,605288.SH,34.32,0.04760527238249779
2024-04-18,000025.SZ,14.92,0.04334395378828049
2024-04-18,920950.BJ,17.59,0.03881211206316948
2024-04-18,688607.SH,11.86,0.038304999470710754
2024-04-18,001211.SZ,15.7,0.03660903871059418
2024-04-18,600060.SH,27.19,0.03431691229343414
2024-04-18,603927.SH,28.48,0.03429613262414932
2024-04-18,688100.SH,36.41,0.03429613262414932
2024-04-18,688351.SH,22.37,0.034158315509557724
2024-04-18,002709.SZ,22.48,0.034150611609220505
2024-04-18,300989.SZ,16.62,0.03302071616053581
2024-04-18,600721.SH,5.2,0.03288613259792328
2024-04-18,603160.SH,58.15,0.03118782676756382
2024-04-19,003008.SZ,20.01,0.04744642600417137
2024-04-19,300623.SZ,15.55,0.04484228789806366
2024-04-19,000025.SZ,14.85,0.04359133914113045
2024-04-19,603711.SH,16.98,0.04319964721798897
2024-04-19,300374.SZ,17.24,0.0421077124774456
2024-04-19,605288.SH,33.65,0.03803882747888565
2024-04-19,001211.SZ,15.45,0.036653585731983185
2024-04-19,301105.SZ,22.61,0.03660903871059418
2024-04-19,600481.SH,7.18,0.034711919724941254
2024-04-19,605303.SH,7.15,0.034711919724941254
2024-04-19,688455.SH,8.52,0.034711919724941254
2024-04-19,002281.SZ,34.87,0.03431341424584389
2024-04-19,688351.SH,21.76,0.03429613262414932
2024-04-19,002709.SZ,21.33,0.03415725380182266
2024-04-19,603699.SH,18.14,0.03364383056759834
2024-04-22,000025.SZ,14.34,0.04362443462014198
2024-04-22,300374.SZ,16.77,0.0421077124774456
2024-04-22,001211.SZ,15.12,0.03881211206316948
2024-04-22,002068.SZ,8.41,0.034711919724941254
2024-04-22,603787.SH,10.43,0.034711919724941254
2024-04-22,000011.SZ,8.07,0.03471190109848976
2024-04-22,002393.SZ,24.39,0.034314438700675964
2024-04-22,002709.SZ,20.43,0.03415815532207489
2024-04-22,603699.SH,17.95,0.03310554102063179
2024-04-22,603711.SH,17.51,0.033020246773958206
2024-04-22,600721.SH,5.05,0.032083798199892044
2024-04-22,688455.SH,8.43,0.028018753975629807
2024-04-22,601801.SH,7.15,0.028018753975629807
2024-04-22,600481.SH,7.21,0.028018753975629807
2024-04-22,000429.SZ,10.59,0.028018753975629807
2024-04-23,000710.SZ,7.35,0.034711919724941254
2024-04-23,002248.SZ,5.9,0.034711919724941254
2024-04-23,002068.SZ,8.46,0.034711919724941254
2024-04-23,003003.SZ,8.21,0.034711919724941254
2024-04-23,600481.SH,6.96,0.034711919724941254
2024-04-23,603787.SH,10.54,0.034711919724941254
2024-04-23,688455.SH,8.74,0.034711919724941254
2024-04-23,600721.SH,5.21,0.034711919724941254
2024-04-23,688351.SH,25.1,0.034314438700675964
2024-04-23,688100.SH,35.7,0.034314438700675964
2024-04-23,002393.SZ,24.33,0.03429613262414932
2024-04-23,003008.SZ,19.87,0.03310542553663254
2024-04-23,603699.SH,17.63,0.033031806349754333
2024-04-23,301459.SZ,39.06,0.033020246773958206
2024-04-23,603711.SH,18.3,0.03271140158176422
2024-04-24,301105.SZ,24.64,0.03881211206316948
2024-04-24,300374.SZ,16.81,0.0372559018433094
2024-04-24,002449.SZ,6.69,0.034711919724941254
2024-04-24,600360.SH,5.88,0.034711919724941254
2024-04-24,601801.SH,6.96,0.034711919724941254
2024-04-24,002248.SZ,6.08,0.034711919724941254
2024-04-24,002367.SZ,7.3,0.03471190109848976
2024-04-24,600336.SH,4.7,0.034704431891441345
2024-04-24,600060.SH,27.07,0.034317247569561005
2024-04-24,688363.SH,58.18,0.03362715616822243
2024-04-24,003008.SZ,20.6,0.033021699637174606
2024-04-24,688351.SH,24.82,0.033020250499248505
2024-04-24,603711.SH,18.22,0.03271140158176422
2024-04-24,000856.SZ,7.04,0.03009413741528988
2024-04-24,003003.SZ,8.44,0.028018753975629807
2024-04-25,688092.SH,35.82,0.04049394279718399
2024-04-25,300989.SZ,21.62,0.039402905851602554
2024-04-25,301105.SZ,25.34,0.0372559018433094
2024-04-25,002449.SZ,6.71,0.034711919724941254
2024-04-25,002248.SZ,6.21,0.034711919724941254
2024-04-25,000856.SZ,7.09,0.034711919724941254
2024-04-25,003003.SZ,8.62,0.034711919724941254
2024-04-25,600336.SH,4.66,0.034704431891441345
2024-04-25,300374.SZ,16.24,0.03364383056759834
2024-04-25,603711.SH,17.77,0.033020250499248505
2024-04-25,601801.SH,6.85,0.028018753975629807
2024-04-25,600481.SH,7.04,0.028018753975629807
2024-04-25,000050.SZ,7.68,0.028018753975629807
2024-04-25,600360.SH,5.9,0.028018753975629807
2024-04-25,688607.SH,13.18,0.028018753975629807
2024-04-26,300989.SZ,20.08,0.039402905851602554
2024-04-26,601801.SH,7.05,0.038185007870197296
2024-04-26,600336.SH,4.74,0.03817787021398544
2024-04-26,600481.SH,6.46,0.034711919724941254
2024-04-26,002449.SZ,6.87,0.034711919724941254
2024-04-26,600021.SH,9.04,0.03471091017127037
2024-04-26,301105.SZ,25.02,0.03310554102063179
2024-04-26,002393.SZ,24.93,0.033020250499248505
2024-04-26,300374.SZ,16.0,0.032001983374357224
2024-04-26,603160.SH,60.29,0.03119128756225109
2024-04-26,688525.SH,51.53,0.031165650114417076
2024-04-26,688092.SH,36.29,0.030999260023236275
2024-04-26,300922.SZ,14.29,0.029117081314325333
2024-04-26,301120.SZ,8.63,0.02876780554652214
2024-04-26,003003.SZ,8.66,0.028018753975629807
2024-04-29,603699.SH,18.58,0.0421077124774456
2024-04-29,600131.SH,17.42,0.03649879992008209
2024-04-29,600060.SH,27.1,0.034317247569561005
2024-04-29,603927.SH,29.23,0.03431691229343414
2024-04-29,688100.SH,35.0,0.03431691229343414
2024-04-29,688351.SH,25.5,0.03429608419537544
2024-04-29,688363.SH,60.51,0.03419112786650658
2024-04-29,688092.SH,36.61,0.03387819230556488
2024-04-29,301105.SZ,26.59,0.03302181139588356
2024-04-29,002393.SZ,25.35,0.033020250499248505
2024-04-29,603711.SH,17.59,0.033020250499248505
2024-04-29,605020.SH,24.87,0.033020250499248505
2024-04-29,688776.SH,66.38,0.033020250499248505
2024-04-29,688633.SH,26.24,0.033020250499248505
2024-04-29,002281.SZ,37.7,0.033020250499248505
2024-04-30,688100.SH,34.79,0.034317247569561005
2024-04-30,603927.SH,28.88,0.034317247569561005
2024-04-30,688351.SH,25.52,0.034314434975385666
2024-04-30,300698.SZ,30.5,0.03429613262414932
2024-04-30,688092.SH,35.45,0.03425811976194382
2024-04-30,301105.SZ,26.4,0.034158315509557724
2024-04-30,000025.SZ,15.1,0.034158315509557724
2024-04-30,002709.SZ,21.0,0.034158289432525635
2024-04-30,688776.SH,66.41,0.034158289432525635
2024-04-30,688525.SH,52.14,0.03389692306518555
2024-04-30,002281.SZ,37.63,0.033020250499248505
2024-04-30,603228.SH,23.5,0.033020250499248505
2024-04-30,605020.SH,24.3,0.033020250499248505
2024-04-30,688633.SH,25.98,0.033020250499248505
2024-04-30,300712.SZ,24.04,0.033020250499248505
2024-05-06,300623.SZ,16.99,0.03688422590494156
2024-05-06,600060.SH,28.57,0.034317295998334885
2024-05-06,301105.SZ,27.5,0.03429613262414932
2024-05-06,688633.SH,28.0,0.034158289432525635
2024-05-06,001211.SZ,17.91,0.033020250499248505
2024-05-06,601012.SH,18.51,0.033020250499248505
2024-05-06,003008.SZ,22.46,0.03302013501524925
2024-05-06,300989.SZ,19.86,0.032574985176324844
2024-05-06,688363.SH,63.7,0.03198430687189102
2024-05-06,688092.SH,35.62,0.031312666833400726
2024-05-06,300034.SZ,17.96,0.029661167412996292
2024-05-06,002248.SZ,6.63,0.028018753975629807
2024-05-06,002449.SZ,7.35,0.028018753975629807
2024-05-06,002068.SZ,9.63,0.028018753975629807
2024-05-06,000429.SZ,10.39,0.028018753975629807
2024-05-07,600060.SH,27.64,0.03431729972362518
2024-05-07,603927.SH,28.68,0.034317295998334885
2024-05-07,688351.SH,27.51,0.03431691229343414
2024-05-07,301105.SZ,27.78,0.034314438700675964
2024-05-07,300698.SZ,36.18,0.034158289432525635
2024-05-07,605020.SH,26.7,0.034158289432525635
2024-05-07,002709.SZ,22.19,0.034158289432525635
2024-05-07,003008.SZ,22.25,0.034158267080783844
2024-05-07,002393.SZ,26.36,0.033020250499248505
2024-05-07,601012.SH,18.77,0.033020250499248505
2024-05-07,603699.SH,19.16,0.033020250499248505
2024-05-07,600131.SH,18.3,0.03271140158176422
2024-05-07,300124.SZ,63.77,0.03198475390672684
2024-05-07,688363.SH,63.9,0.031378377228975296
2024-05-07,603160.SH,62.3,0.0313132144510746
2024-05-08,002248.SZ,6.51,0.034711919724941254
2024-05-08,000856.SZ,7.2,0.034711919724941254
2024-05-08,300207.SZ,15.05,0.034711919724941254
2024-05-08,003003.SZ,9.44,0.034711919724941254
2024-05-08,002449.SZ,7.23,0.034711919724941254
2024-05-08,605303.SH,8.11,0.034711919724941254
2024-05-08,688607.SH,13.87,0.034711919724941254
2024-05-08,603758.SH,9.29,0.034711919724941254
2024-05-08,920718.BJ,10.23,0.034299105405807495
2024-05-08,002393.SZ,26.4,0.033020250499248505
2024-05-08,688418.SH,19.78,0.033020250499248505
2024-05-08,601012.SH,18.51,0.033020250499248505
2024-05-08,300034.SZ,17.74,0.03296048566699028
2024-05-08,600131.SH,19.01,0.03271140158176422
2024-05-08,688363.SH,63.13,0.03137843683362007
2024-05-09,600131.SH,19.5,0.0421077124774456
2024-05-09,000429.SZ,10.29,0.034711919724941254
2024-05-09,003003.SZ,9.54,0.034711919724941254
2024-05-09,002449.SZ,7.35,0.034711919724941254
2024-05-09,002248.SZ,6.59,0.034711919724941254
2024-05-09,000050.SZ,8.15,0.034711919724941254
2024-05-09,603758.SH,9.36,0.034711919724941254
2024-05-09,605303.SH,8.24,0.034711919724941254
2024-05-09,600336.SH,5.1,0.034711919724941254
2024-05-09,920718.BJ,10.33,0.03465653955936432
2024-05-09,688351.SH,26.22,0.034317243844270706
2024-05-09,688418.SH,19.32,0.033020250499248505
2024-05-09,002393.SZ,26.8,0.033020250499248505
2024-05-09,300034.SZ,18.79,0.03301216661930084
2024-05-09,600360.SH,5.05,0.030673114582896233
2024-05-10,300034.SZ,18.55,0.04210687801241875
2024-05-10,603758.SH,9.12,0.038185007870197296
2024-05-10,300207.SZ,15.23,0.036568935960531235
2024-05-10,000050.SZ,8.03,0.034711919724941254
2024-05-10,002248.SZ,6.49,0.034711919724941254
2024-05-10,003003.SZ,9.34,0.034711919724941254
2024-05-10,605303.SH,8.1,0.034711919724941254
2024-05-10,601801.SH,7.38,0.034711919724941254
2024-05-10,000429.SZ,10.31,0.034711919724941254
2024-05-10,600336.SH,5.13,0.034711915999650955
2024-05-10,920718.BJ,10.39,0.034704431891441345
2024-05-10,688525.SH,51.04,0.03431727737188339
2024-05-10,688092.SH,34.74,0.03431621193885803
2024-05-10,301105.SZ,27.27,0.034314438700675964
2024-05-10,002393.SZ,26.29,0.033020250499248505
2024-05-13,002248.SZ,6.22,0.038185007870197296
2024-05-13,000429.SZ,10.41,0.034711919724941254
2024-05-13,003003.SZ,9.15,0.034711919724941254
2024-05-13,605303.SH,7.85,0.034711919724941254
2024-05-13,601801.SH,7.26,0.034711919724941254
2024-05-13,688351.SH,25.36,0.034317295998334885
2024-05-13,688633.SH,26.0,0.034207336604595184
2024-05-13,301459.SZ,39.79,0.034158289432525635
2024-05-13,920779.BJ,25.06,0.034024517983198166
2024-05-13,688418.SH,17.62,0.033020250499248505
2024-05-13,601012.SH,18.92,0.033020250499248505
2024-05-13,300034.SZ,18.29,0.03193620592355728
2024-05-13,603228.SH,25.22,0.030999260023236275
2024-05-13,300698.SZ,31.75,0.030999260023236275
2024-05-13,600131.SH,18.61,0.0288658756762743
2024-05-14,300712.SZ,26.88,0.04068446904420853
2024-05-14,601801.SH,7.36,0.034711919724941254
2024-05-14,600481.SH,6.22,0.03471190109848976
2024-05-14,600352.SH,9.17,0.03471178188920021
2024-05-14,688351.SH,25.98,0.034317295998334885
2024-05-14,600060.SH,28.39,0.034314438700675964
2024-05-14,688100.SH,36.2,0.034314438700675964
2024-05-14,605288.SH,35.33,0.034260936081409454
2024-05-14,688633.SH,26.07,0.03421660512685776
2024-05-14,601012.SH,18.83,0.033020250499248505
2024-05-14,300034.SZ,17.81,0.033020228147506714
2024-05-14,000856.SZ,7.18,0.03288613259792328
2024-05-14,603699.SH,20.55,0.03271140158176422
2024-05-14,600131.SH,18.49,0.03151796758174896
2024-05-14,603228.SH,24.79,0.031165650114417076
2024-05-15,000609.SZ,2.23,0.054701339453458786
2024-05-15,603711.SH,18.15,0.04262367635965347
2024-05-15,300712.SZ,25.44,0.03957925736904144
2024-05-15,002248.SZ,6.26,0.03610526770353317
2024-05-15,002449.SZ,7.18,0.034711919724941254
2024-05-15,000710.SZ,8.86,0.034711919724941254
2024-05-15,688100.SH,34.74,0.03431691229343414
2024-05-15,003008.SZ,22.25,0.034158267080783844
2024-05-15,600131.SH,18.76,0.03410150110721588
2024-05-15,603228.SH,25.92,0.03389692306518555
2024-05-15,301312.SZ,50.26,0.033020250499248505
2024-05-15,603699.SH,20.57,0.03271140158176422
2024-05-15,600420.SH,12.2,0.028018757700920105
2024-05-15,000050.SZ,7.76,0.028018753975629807
2024-05-15,002788.SZ,9.06,0.028018753975629807
2024-05-16,603711.SH,17.65,0.042873967438936234
2024-05-16,603228.SH,26.2,0.039427775889635086
2024-05-16,002788.SZ,9.0,0.034711919724941254
2024-05-16,002637.SZ,9.56,0.034711919724941254
2024-05-16,000710.SZ,8.91,0.034711919724941254
2024-05-16,002449.SZ,7.26,0.034711919724941254
2024-05-16,600420.SH,12.24,0.034711919724941254
2024-05-16,600352.SH,9.19,0.03471190109848976
2024-05-16,600481.SH,6.09,0.03471190109848976
2024-05-16,601398.SH,5.41,0.034299105405807495
2024-05-16,301459.SZ,44.3,0.03429613262414932
2024-05-16,688418.SH,17.69,0.033020250499248505
2024-05-16,300034.SZ,17.08,0.03302024304866791
2024-05-16,603699.SH,20.29,0.032997965812683105
2024-05-16,300712.SZ,26.34,0.0288658756762743
2024-05-17,603228.SH,26.26,0.039402905851602554
2024-05-17,000710.SZ,8.91,0.034711919724941254
2024-05-17,002637.SZ,9.61,0.034711919724941254
2024-05-17,600131.SH,17.82,0.03415725380182266
2024-05-17,002281.SZ,35.31,0.033020250499248505
2024-05-17,603699.SH,20.52,0.033020250499248505
2024-05-17,002046.SZ,11.16,0.03149406611919403
2024-05-17,301459.SZ,44.0,0.031165650114417076
2024-05-17,300712.SZ,26.0,0.030425017699599266
2024-05-17,002788.SZ,8.97,0.028018753975629807
2024-05-17,600420.SH,11.7,0.028018753975629807
2024-05-17,003003.SZ,9.7,0.028018753975629807
2024-05-17,002068.SZ,9.48,0.028018753975629807
2024-05-17,000050.SZ,7.92,0.028018753975629807
2024-05-17,002449.SZ,7.46,0.028018753975629807
2024-05-20,000710.SZ,9.02,0.038185007870197296
2024-05-20,002637.SZ,9.51,0.034711919724941254
2024-05-20,600021.SH,9.61,0.034711919724941254
2024-05-20,300193.SZ,8.48,0.034299105405807495
2024-05-20,688363.SH,62.93,0.034218039363622665
2024-05-20,600131.SH,18.04,0.03415815532207489
2024-05-20,300989.SZ,20.41,0.033020250499248505
2024-05-20,603699.SH,20.97,0.033020250499248505
2024-05-20,603228.SH,26.03,0.030999260023236275
2024-05-20,600352.SH,9.39,0.028018757700920105
2024-05-20,600360.SH,3.52,0.028018753975629807
2024-05-20,003003.SZ,9.61,0.028018753975629807
2024-05-20,002788.SZ,9.02,0.028018753975629807
2024-05-20,000050.SZ,7.85,0.028018753975629807
2024-05-20,002068.SZ,9.55,0.028018753975629807
2024-05-21,300989.SZ,19.08,0.04068797081708908
2024-05-21,603787.SH,12.13,0.03465653955936432
2024-05-21,688776.SH,66.8,0.034317295998334885
2024-05-21,688100.SH,37.6,0.03431691229343414
2024-05-21,688363.SH,61.39,0.03421805053949356
2024-05-21,002281.SZ,36.82,0.034158289432525635
2024-05-21,603699.SH,20.78,0.033020250499248505
2024-05-21,300034.SZ,17.36,0.033020250499248505
2024-05-21,003008.SZ,22.36,0.03302009776234627
2024-05-21,000856.SZ,7.2,0.03288613259792328
2024-05-21,300698.SZ,34.44,0.030544234439730644
2024-05-21,002248.SZ,6.21,0.02937432751059532
2024-05-21,603758.SH,8.61,0.02876783162355423
2024-05-21,600352.SH,9.28,0.028018757700920105
2024-05-21,003003.SZ,9.56,0.028018753975629807
2024-05-22,688455.SH,8.91,0.034711919724941254
2024-05-22,600011.SH,8.91,0.034711919724941254
2024-05-22,600481.SH,6.42,0.03471190109848976
2024-05-22,688100.SH,37.29,0.034317247569561005
2024-05-22,301312.SZ,55.2,0.03429613262414932
2024-05-22,003008.SZ,22.31,0.03302009776234627
2024-05-22,002248.SZ,6.28,0.03288613259792328
2024-05-22,300989.SZ,19.5,0.032574985176324844
2024-05-22,600721.SH,6.04,0.03149406611919403
2024-05-22,603228.SH,26.1,0.031165650114417076
2024-05-22,920950.BJ,12.62,0.02876780554652214
2024-05-22,003003.SZ,9.47,0.028018753975629807
2024-05-22,002788.SZ,8.91,0.028018753975629807
2024-05-22,000050.SZ,7.87,0.028018753975629807
2024-05-22,600021.SH,9.6,0.028018753975629807
2024-05-23,600360.SH,3.13,0.05470575392246246
2024-05-23,601012.SH,18.93,0.04319964721798897
2024-05-23,601801.SH,7.23,0.038185007870197296
2024-05-23,600336.SH,5.05,0.034711919724941254
2024-05-23,300193.SZ,8.38,0.03471091017127037
2024-05-23,600610.SH,5.1,0.03471091017127037
2024-05-23,688633.SH,25.29,0.03431691229343414
2024-05-23,688351.SH,23.79,0.034314438700675964
2024-05-23,301312.SZ,54.7,0.034314438700675964
2024-05-23,600721.SH,5.81,0.034299105405807495
2024-05-23,600060.SH,27.2,0.03429613262414932
2024-05-23,300712.SZ,25.3,0.03352195769548416
2024-05-23,002393.SZ,25.55,0.033020250499248505
2024-05-23,003008.SZ,21.65,0.03302009776234627
2024-05-23,300989.SZ,19.28,0.032960280776023865
2024-05-24,300922.SZ,15.48,0.03537819907069206
2024-05-24,688633.SH,25.3,0.03431691229343414
2024-05-24,920779.BJ,23.9,0.034192103892564774
2024-05-24,600131.SH,17.5,0.034158289432525635
2024-05-24,002393.SZ,25.59,0.033020250499248505
2024-05-24,000856.SZ,6.91,0.03288613259792328
2024-05-24,601012.SH,18.76,0.03271140158176422
2024-05-24,301459.SZ,44.44,0.03137843683362007
2024-05-24,688363.SH,59.68,0.031051432713866234
2024-05-24,300989.SZ,17.75,0.029648762196302414
2024-05-24,003003.SZ,9.15,0.028018753975629807
2024-05-24,002788.SZ,8.78,0.028018753975629807
2024-05-24,002068.SZ,9.12,0.028018753975629807
2024-05-24,000050.SZ,7.49,0.028018753975629807
2024-05-24,601801.SH,7.25,0.028018753975629807
2024-05-27,300922.SZ,15.3,0.038304999470710754
2024-05-27,601801.SH,7.45,0.034711919724941254
2024-05-27,000990.SZ,8.16,0.034704431891441345
2024-05-27,002367.SZ,6.67,0.034704431891441345
2024-05-27,600721.SH,5.88,0.034704431891441345
2024-05-27,688351.SH,24.05,0.03429613262414932
2024-05-27,920779.BJ,23.35,0.03421454876661301
2024-05-27,600131.SH,18.4,0.034158289432525635
2024-05-27,301459.SZ,45.77,0.03313211724162102
2024-05-27,601012.SH,18.53,0.033020250499248505
2024-05-27,300989.SZ,17.15,0.032574985176324844
2024-05-27,002788.SZ,8.88,0.028018753975629807
2024-05-27,000050.SZ,7.61,0.028018753975629807
2024-05-27,688455.SH,8.81,0.028018753975629807
2024-05-27,300193.SZ,8.4,0.028018727898597717
2024-05-28,600131.SH,18.22,0.04319964721798897
2024-05-28,688455.SH,8.78,0.034711919724941254
2024-05-28,002367.SZ,6.65,0.034704431891441345
2024-05-28,688100.SH,38.2,0.03431691229343414
2024-05-28,300698.SZ,34.7,0.03431430459022522
2024-05-28,301459.SZ,42.2,0.03347046300768852
2024-05-28,688351.SH,24.2,0.033020250499248505
2024-05-28,002222.SZ,25.29,0.033020250499248505
2024-05-28,300034.SZ,16.34,0.033020250499248505
2024-05-28,003003.SZ,9.1,0.028018753975629807
2024-05-28,688609.SH,10.41,0.028018753975629807
2024-05-28,600352.SH,9.02,0.028018753975629807
2024-05-28,600610.SH,4.87,0.028018750250339508
2024-05-28,600721.SH,5.88,0.028017375618219376
2024-05-28,000990.SZ,8.02,0.028017375618219376
2024-05-29,688609.SH,10.3,0.034711919724941254
2024-05-29,600610.SH,4.88,0.034711915999650955
2024-05-29,002367.SZ,6.62,0.03471091017127037
2024-05-29,300712.SZ,26.31,0.03352337330579758
2024-05-29,301459.SZ,42.8,0.03351627290248871
2024-05-29,688351.SH,23.57,0.033020250499248505
2024-05-29,605358.SH,21.07,0.033020250499248505
2024-05-29,600131.SH,18.64,0.033020250499248505
2024-05-29,603699.SH,20.24,0.033020250499248505
2024-05-29,600352.SH,8.99,0.028018753975629807
2024-05-29,600011.SH,9.17,0.028018753975629807
2024-05-29,002788.SZ,8.69,0.028018753975629807
2024-05-29,688455.SH,8.75,0.028018753975629807
2024-05-29,002068.SZ,9.17,0.028018753975629807
2024-05-29,000050.SZ,7.49,0.028018753975629807
2024-05-30,300623.SZ,18.33,0.04319964721798897
2024-05-30,300840.SZ,11.73,0.038185007870197296
2024-05-30,600721.SH,5.75,0.038184989243745804
2024-05-30,600610.SH,4.85,0.034711919724941254
2024-05-30,688455.SH,8.78,0.034711919724941254
2024-05-30,688609.SH,10.17,0.034711919724941254
2024-05-30,300712.SZ,25.98,0.034317247569561005
2024-05-30,301312.SZ,40.04,0.03429613262414932
2024-05-30,600131.SH,18.4,0.033020250499248505
2024-05-30,601012.SH,18.9,0.03271140158176422
2024-05-30,300922.SZ,15.19,0.028018753975629807
2024-05-30,600011.SH,8.91,0.028018753975629807
2024-05-30,000050.SZ,7.52,0.028018753975629807
2024-05-30,003003.SZ,9.04,0.028018753975629807
2024-05-30,601886.SH,5.79,0.028018567711114883
2024-05-31,301115.SZ,15.39,0.0369393564760685
2024-05-31,301312.SZ,42.35,0.03511848300695419
2024-05-31,688609.SH,10.66,0.034711919724941254
2024-05-31,688455.SH,8.65,0.034711919724941254
2024-05-31,000050.SZ,7.51,0.034711919724941254
2024-05-31,300820.SZ,45.07,0.034317247569561005
2024-05-31,688633.SH,26.98,0.03429613262414932
2024-05-31,603160.SH,61.79,0.034158289432525635
2024-05-31,605358.SH,21.31,0.034158289432525635
2024-05-31,603699.SH,19.83,0.033020250499248505
2024-05-31,688592.SH,40.8,0.03300685063004494
2024-05-31,600352.SH,8.84,0.028018753975629807
2024-05-31,300922.SZ,15.41,0.028018753975629807
2024-05-31,600011.SH,8.96,0.028018753975629807
2024-05-31,600610.SH,4.85,0.028018753975629807
2024-06-03,301115.SZ,15.45,0.042610276490449905
2024-06-03,300207.SZ,15.62,0.038304999470710754
2024-06-03,002046.SZ,11.27,0.038304999470710754
2024-06-03,600610.SH,4.69,0.038185007870197296
2024-06-03,601886.SH,5.69,0.034711919724941254
2024-06-03,600336.SH,4.71,0.03471091017127037
2024-06-03,000011.SZ,8.05,0.03471091017127037
2024-06-03,301120.SZ,9.44,0.03471091017127037
2024-06-03,688100.SH,37.98,0.034317247569561005
2024-06-03,300698.SZ,35.86,0.034192103892564774
2024-06-03,688633.SH,27.76,0.034158285707235336
2024-06-03,688592.SH,38.73,0.034156765788793564
2024-06-03,600131.SH,17.79,0.033020250499248505
2024-06-03,688418.SH,19.23,0.033020250499248505
2024-06-03,301023.SZ,31.66,0.03115852363407612
2024-06-04,301115.SZ,15.47,0.0372559018433094
2024-06-04,300820.SZ,44.32,0.034317247569561005
2024-06-04,688100.SH,38.8,0.034317247569561005
2024-06-04,300623.SZ,17.88,0.03431669995188713
2024-06-04,603228.SH,25.7,0.03429613262414932
2024-06-04,300698.SZ,35.94,0.03429613262414932
2024-06-04,688592.SH,37.22,0.03429592773318291
2024-06-04,301105.SZ,24.96,0.033020250499248505
2024-06-04,603699.SH,20.17,0.033020250499248505
2024-06-04,688351.SH,23.52,0.033020250499248505
2024-06-04,688418.SH,18.27,0.033020250499248505
2024-06-04,603160.SH,62.93,0.03118782676756382
2024-06-04,301023.SZ,30.27,0.030630098655819893
2024-06-04,002471.SZ,2.38,0.03033563308417797
2024-06-04,300124.SZ,55.48,0.029648762196302414
2024-06-05,300623.SZ,17.62,0.03688422590494156
2024-06-05,688592.SH,37.32,0.03431442007422447
2024-06-05,301105.SZ,24.95,0.034158289432525635
2024-06-05,301023.SZ,28.9,0.03312826529145241
2024-06-05,688418.SH,18.02,0.033020250499248505
2024-06-05,688351.SH,23.11,0.033020250499248505
2024-06-05,600721.SH,5.45,0.03288613259792328
2024-06-05,301312.SZ,35.04,0.03177645429968834
2024-06-05,688525.SH,55.11,0.031165650114417076
2024-06-05,300124.SZ,55.43,0.030999260023236275
2024-06-05,300193.SZ,7.88,0.028018753975629807
2024-06-05,003003.SZ,8.19,0.028018753975629807
2024-06-05,002068.SZ,8.85,0.028018753975629807
2024-06-05,000856.SZ,6.23,0.028018753975629807
2024-06-05,002248.SZ,5.49,0.028018753975629807
2024-06-06,000011.SZ,7.89,0.034711919724941254
2024-06-06,000422.SZ,12.72,0.034711919724941254
2024-06-06,300800.SZ,9.3,0.034711919724941254
2024-06-06,603758.SH,7.79,0.034711919724941254
2024-06-06,600481.SH,5.47,0.03471190109848976
2024-06-06,002637.SZ,8.87,0.03465653955936432
2024-06-06,603160.SH,64.83,0.03426060453057289
2024-06-06,301105.SZ,23.28,0.034158289432525635
2024-06-06,688525.SH,54.48,0.03389692306518555
2024-06-06,301312.SZ,35.7,0.033797889947891235
2024-06-06,688633.SH,26.22,0.0337371900677681
2024-06-06,301115.SZ,14.73,0.03364383056759834
2024-06-06,600131.SH,19.08,0.033020250499248505
2024-06-06,688351.SH,22.5,0.033020250499248505
2024-06-06,002046.SZ,10.66,0.028018753975629807
2024-06-07,601801.SH,6.96,0.034711919724941254
2024-06-07,002637.SZ,9.05,0.034704431891441345
2024-06-07,300698.SZ,33.03,0.034314438700675964
2024-06-07,688633.SH,17.56,0.0342397503554821
2024-06-07,301312.SZ,34.66,0.03416130691766739
2024-06-07,603228.SH,25.1,0.034158289432525635
2024-06-07,301105.SZ,24.79,0.034158289432525635
2024-06-07,002222.SZ,25.02,0.033020250499248505
2024-06-07,600060.SH,28.5,0.033020250499248505
2024-06-07,600131.SH,18.86,0.033020250499248505
2024-06-07,688418.SH,16.7,0.033020250499248505
2024-06-07,688351.SH,22.49,0.033020250499248505
2024-06-07,605358.SH,22.68,0.033020250499248505
2024-06-07,920779.BJ,22.36,0.032712727785110474
2024-06-07,603160.SH,63.9,0.03203089162707329
2024-06-11,601801.SH,6.92,0.034711919724941254
2024-06-11,002637.SZ,8.96,0.03471091017127037
2024-06-11,688633.SH,17.88,0.03428850695490837
2024-06-11,002222.SZ,25.95,0.034158289432525635
2024-06-11,600131.SH,19.06,0.033020250499248505
2024-06-11,603160.SH,65.01,0.031191283836960793
2024-06-11,000990.SZ,7.63,0.028018753975629807
2024-06-11,000710.SZ,7.49,0.028018753975629807
2024-06-11,600352.SH,8.66,0.028018753975629807
2024-06-11,600011.SH,9.22,0.028018753975629807
2024-06-11,300800.SZ,9.77,0.028018753975629807
2024-06-11,600721.SH,5.3,0.028018753975629807
2024-06-11,002046.SZ,11.06,0.028018753975629807
2024-06-11,002068.SZ,8.65,0.028018753975629807
2024-06-11,000429.SZ,10.31,0.028018753975629807
2024-06-12,300623.SZ,18.64,0.03942897170782089
2024-06-12,300800.SZ,9.99,0.034711919724941254
2024-06-12,000856.SZ,6.32,0.034711919724941254
2024-06-12,600336.SH,4.71,0.034711919724941254
2024-06-12,601801.SH,7.21,0.034711919724941254
2024-06-12,603758.SH,8.05,0.034711919724941254
2024-06-12,600481.SH,5.37,0.03471178188920021
2024-06-12,300820.SZ,43.59,0.03431729972362518
2024-06-12,002222.SZ,26.1,0.03429613262414932
2024-06-12,301105.SZ,25.0,0.034158289432525635
2024-06-12,688351.SH,22.81,0.033020250499248505
2024-06-12,603160.SH,64.45,0.03119129128754139
2024-06-12,688525.SH,58.4,0.031191283836960793
2024-06-12,300193.SZ,8.02,0.028018753975629807
2024-06-12,600011.SH,9.34,0.028018753975629807
2024-06-13,300800.SZ,10.05,0.038185007870197296
2024-06-13,002788.SZ,8.0,0.034711919724941254
2024-06-13,002068.SZ,8.52,0.034711919724941254
2024-06-13,003003.SZ,8.24,0.034711919724941254
2024-06-13,000856.SZ,6.19,0.034711919724941254
2024-06-13,600352.SH,8.5,0.034711919724941254
2024-06-13,600481.SH,5.31,0.03471178188920021
2024-06-13,605303.SH,7.03,0.03471091017127037
2024-06-13,300124.SZ,54.25,0.03431710600852966
2024-06-13,002222.SZ,25.84,0.034314438700675964
2024-06-13,301312.SZ,38.29,0.03421786054968834
2024-06-13,688525.SH,57.3,0.03389985114336014
2024-06-13,600131.SH,19.8,0.033020250499248505
2024-06-13,688351.SH,23.22,0.033020250499248505
2024-06-13,000710.SZ,7.81,0.03288613259792328
2024-06-14,003008.SZ,18.68,0.04266016185283661
2024-06-14,000710.SZ,7.79,0.038185007870197296
2024-06-14,603758.SH,7.89,0.038185007870197296
2024-06-14,300800.SZ,10.02,0.038092225790023804
2024-06-14,003003.SZ,8.14,0.034711919724941254
2024-06-14,002068.SZ,8.21,0.034711919724941254
2024-06-14,002248.SZ,5.43,0.034711919724941254
2024-06-14,000856.SZ,6.2,0.034711919724941254
2024-06-14,605303.SH,7.13,0.03471178188920021
2024-06-14,300124.SZ,55.26,0.03431727737188339
2024-06-14,600131.SH,19.49,0.033020250499248505
2024-06-14,600060.SH,27.28,0.033020250499248505
2024-06-14,688351.SH,23.39,0.033020250499248505
2024-06-14,300623.SZ,17.9,0.032960306853055954
2024-06-14,301312.SZ,37.0,0.031313199549913406
2024-06-17,688633.SH,20.01,0.041926126927137375
2024-06-17,605358.SH,25.09,0.03634153679013252
2024-06-17,000856.SZ,6.11,0.034711919724941254
2024-06-17,002248.SZ,5.38,0.034711919724941254
2024-06-17,600721.SH,5.23,0.034711919724941254
2024-06-17,605303.SH,6.94,0.03471190109848976
2024-06-17,688351.SH,23.63,0.034158289432525635
2024-06-17,300820.SZ,44.3,0.03389984369277954
2024-06-17,002281.SZ,34.68,0.03302028030157089
2024-06-17,300623.SZ,18.59,0.03301214054226875
2024-06-17,300124.SZ,55.77,0.03203095123171806
2024-06-17,603160.SH,69.75,0.03198482096195221
2024-06-17,688525.SH,56.8,0.03198482096195221
2024-06-17,688592.SH,39.04,0.03177645429968834
2024-06-17,603228.SH,26.88,0.029648762196302414
2024-06-18,300207.SZ,15.78,0.038304999470710754
2024-06-18,002637.SZ,9.04,0.038185007870197296
2024-06-18,600721.SH,5.23,0.038185007870197296
2024-06-18,300193.SZ,7.59,0.034711919724941254
2024-06-18,002248.SZ,5.57,0.034711919724941254
2024-06-18,600610.SH,4.43,0.034711919724941254
2024-06-18,000856.SZ,6.27,0.034711919724941254
2024-06-18,002222.SZ,26.75,0.034317295998334885
2024-06-18,688100.SH,39.82,0.034314438700675964
2024-06-18,002578.SZ,2.74,0.034299105405807495
2024-06-18,688351.SH,23.85,0.034158289432525635
2024-06-18,300124.SZ,55.66,0.03389985114336014
2024-06-18,688633.SH,20.62,0.03302024304866791
2024-06-18,300623.SZ,18.65,0.03301915153861046
2024-06-18,002709.SZ,20.04,0.03271140158176422
2024-06-19,300193.SZ,7.52,0.038185007870197296
2024-06-19,605338.SH,14.2,0.0372559018433094
2024-06-19,002367.SZ,5.94,0.034711919724941254
2024-06-19,600721.SH,5.25,0.034711919724941254
2024-06-19,600481.SH,5.13,0.034711919724941254
2024-06-19,300840.SZ,10.37,0.034711919724941254
2024-06-19,002222.SZ,26.52,0.034317295998334885
2024-06-19,301312.SZ,37.86,0.034210849553346634
2024-06-19,002281.SZ,35.12,0.034158315509557724
2024-06-19,301459.SZ,42.62,0.034158289432525635
2024-06-19,688633.SH,20.76,0.03407994657754898
2024-06-19,301023.SZ,31.01,0.03352343291044235
2024-06-19,688351.SH,23.4,0.033020250499248505
2024-06-19,300623.SZ,18.4,0.03302009776234627
2024-06-19,002709.SZ,19.56,0.03271140158176422
2024-06-20,920718.BJ,10.8,0.03830498829483986
2024-06-20,002367.SZ,5.82,0.038185007870197296
2024-06-20,605358.SH,25.33,0.03632530942559242
2024-06-20,002788.SZ,7.86,0.034711919724941254
2024-06-20,000429.SZ,10.51,0.034711919724941254
2024-06-20,600610.SH,4.17,0.034711919724941254
2024-06-20,300840.SZ,10.09,0.034711919724941254
2024-06-20,002248.SZ,5.3,0.034711919724941254
2024-06-20,300193.SZ,7.36,0.034711919724941254
2024-06-20,600011.SH,9.12,0.034711919724941254
2024-06-20,600336.SH,4.47,0.034711919724941254
2024-06-20,002222.SZ,25.99,0.03431729972362518
2024-06-20,300737.SZ,4.48,0.034299105405807495
2024-06-20,688633.SH,20.21,0.03407994657754898
2024-06-20,603228.SH,26.0,0.03387819230556488
2024-06-21,600131.SH,18.06,0.04463580250740051
2024-06-21,300623.SZ,18.42,0.042107708752155304
2024-06-21,605358.SH,24.59,0.03939953073859215
2024-06-21,003003.SZ,7.99,0.034711919724941254
2024-06-21,002367.SZ,5.83,0.034711919724941254
2024-06-21,605338.SH,13.79,0.034711919724941254
2024-06-21,600011.SH,9.07,0.034711919724941254
2024-06-21,000429.SZ,10.46,0.034711919724941254
2024-06-21,002222.SZ,25.98,0.03431730344891548
2024-06-21,688525.SH,63.3,0.03198482096195221
2024-06-21,688592.SH,42.86,0.031378377228975296
2024-06-21,300124.SZ,51.72,0.03119128756225109
2024-06-21,300698.SZ,38.05,0.031191227957606316
2024-06-21,600336.SH,4.42,0.028018757700920105
2024-06-21,002449.SZ,7.14,0.028018753975629807
2024-06-24,600721.SH,5.42,0.04939477890729904
2024-06-24,002367.SZ,5.67,0.036105237901210785
2024-06-24,002068.SZ,7.56,0.034711919724941254
2024-06-24,002248.SZ,5.04,0.034711919724941254
2024-06-24,603758.SH,7.34,0.034711919724941254
2024-06-24,000966.SZ,4.41,0.034711919724941254
2024-06-24,600336.SH,4.28,0.034711915999650955
2024-06-24,002578.SZ,2.55,0.03471178188920021
2024-06-24,300820.SZ,39.07,0.03431728109717369
2024-06-24,002281.SZ,36.77,0.03429613262414932
2024-06-24,688633.SH,18.57,0.03407994657754898
2024-06-24,300623.SZ,17.73,0.03302024304866791
2024-06-24,688525.SH,60.26,0.0313132144510746
2024-06-24,603160.SH,69.09,0.0313132144510746
2024-06-24,605358.SH,23.64,0.030999260023236275
2024-06-25,301105.SZ,25.2,0.04068797081708908
2024-06-25,002222.SZ,23.63,0.03431730344891548
2024-06-25,300623.SZ,17.08,0.033020250499248505
2024-06-25,600131.SH,17.24,0.033020250499248505
2024-06-25,688351.SH,21.9,0.033020250499248505
2024-06-25,002281.SZ,37.44,0.032027699053287506
2024-06-25,688525.SH,57.5,0.0313132144510746
2024-06-25,603160.SH,67.66,0.0313132144510746
2024-06-25,605358.SH,22.48,0.031165650114417076
2024-06-25,600336.SH,4.31,0.028018757700920105
2024-06-25,000966.SZ,4.38,0.028018757700920105
2024-06-25,000856.SZ,5.9,0.028018753975629807
2024-06-25,000990.SZ,7.35,0.028018753975629807
2024-06-25,000429.SZ,10.35,0.028018753975629807
2024-06-25,002367.SZ,5.72,0.028018753975629807
2024-06-26,301105.SZ,25.8,0.039606720209121704
2024-06-26,000966.SZ,4.41,0.034711919724941254
2024-06-26,601801.SH,6.95,0.034711919724941254
2024-06-26,605303.SH,6.85,0.034711919724941254
2024-06-26,002222.SZ,25.14,0.03431730344891548
2024-06-26,002281.SZ,37.58,0.0338994562625885
2024-06-26,300623.SZ,17.46,0.033020250499248505
2024-06-26,603699.SH,17.73,0.033020250499248505
2024-06-26,002485.SZ,2.79,0.03149406611919403
2024-06-26,000609.SZ,1.97,0.03149406611919403
2024-06-26,603160.SH,68.55,0.0313132144510746
2024-06-26,301312.SZ,36.13,0.03119128756225109
2024-06-26,300698.SZ,35.69,0.031191283836960793
2024-06-26,605358.SH,23.1,0.03118782676756382
2024-06-26,688592.SH,40.54,0.030500518158078194
2024-06-27,603228.SH,29.16,0.039606720209121704
2024-06-27,002367.SZ,5.74,0.038185007870197296
2024-06-27,003008.SZ,16.01,0.03808564692735672
2024-06-27,688609.SH,8.78,0.034711919724941254
2024-06-27,002637.SZ,8.46,0.034711919724941254
2024-06-27,600336.SH,4.28,0.034711915999650955
2024-06-27,002222.SZ,24.35,0.03431730344891548
2024-06-27,002485.SZ,2.93,0.034299105405807495
2024-06-27,002281.SZ,36.89,0.034260936081409454
2024-06-27,301312.SZ,37.49,0.03389984369277954
2024-06-27,603699.SH,17.1,0.033020250499248505
2024-06-27,688351.SH,22.61,0.033020250499248505
2024-06-27,600131.SH,16.64,0.033020250499248505
2024-06-27,688525.SH,61.5,0.0313132144510746
2024-06-27,301105.SZ,25.42,0.0288658756762743
2024-06-28,002248.SZ,5.99,0.04357565566897392
2024-06-28,603228.SH,31.8,0.039606720209121704
2024-06-28,002367.SZ,5.77,0.038185007870197296
2024-06-28,003003.SZ,7.97,0.034711919724941254
2024-06-28,000966.SZ,4.41,0.034711919724941254
2024-06-28,002578.SZ,2.63,0.034711919724941254
2024-06-28,920718.BJ,9.54,0.034711919724941254
2024-06-28,000856.SZ,6.08,0.034711919724941254
2024-06-28,603699.SH,17.12,0.033020250499248505
2024-06-28,600060.SH,24.74,0.03271140158176422
2024-06-28,003008.SZ,16.27,0.03174079209566116
2024-06-28,301312.SZ,38.46,0.0313132144510746
2024-06-28,301105.SZ,24.99,0.030999260023236275
2024-06-28,688592.SH,41.18,0.03053213842213154
2024-06-28,600336.SH,4.28,0.028018757700920105
2024-07-01,603228.SH,29.99,0.039600275456905365
2024-07-01,002367.SZ,5.87,0.038185007870197296
2024-07-01,003003.SZ,8.0,0.034711919724941254
2024-07-01,603758.SH,7.69,0.034711919724941254
2024-07-01,000856.SZ,6.14,0.034711919724941254
2024-07-01,920718.BJ,9.39,0.034711919724941254
2024-07-01,002578.SZ,2.68,0.034711915999650955
2024-07-01,002222.SZ,22.67,0.03431730344891548
2024-07-01,002281.SZ,38.39,0.03431626409292221
2024-07-01,605358.SH,22.56,0.03430682420730591
2024-07-01,600131.SH,16.61,0.033020250499248505
2024-07-01,600060.SH,25.11,0.03271140158176422
2024-07-01,003008.SZ,16.44,0.032060056924819946
2024-07-01,301312.SZ,37.2,0.03198482096195221
2024-07-01,688525.SH,66.46,0.0313132144510746
2024-07-02,300207.SZ,14.15,0.038304999470710754
2024-07-02,002637.SZ,8.67,0.038185007870197296
2024-07-02,920718.BJ,9.21,0.038185007870197296
2024-07-02,603228.SH,29.22,0.03634153679013252
2024-07-02,002281.SZ,37.01,0.03431716188788414
2024-07-02,301105.SZ,24.88,0.03389692306518555
2024-07-02,600131.SH,16.1,0.033020250499248505
2024-07-02,688351.SH,19.76,0.033020250499248505
2024-07-02,688592.SH,38.17,0.03299519419670105
2024-07-02,301312.SZ,36.45,0.03119128756225109
2024-07-02,688525.SH,62.15,0.03119128756225109
2024-07-02,688100.SH,35.05,0.031089982017874718
2024-07-02,002393.SZ,16.06,0.02876780554652214
2024-07-02,002578.SZ,2.74,0.028018753975629807
2024-07-02,002367.SZ,5.85,0.028018753975629807
2024-07-03,688351.SH,19.51,0.04463580250740051
2024-07-03,688455.SH,8.02,0.038184989243745804
2024-07-03,002367.SZ,5.77,0.03610526770353317
2024-07-03,300800.SZ,9.94,0.034711919724941254
2024-07-03,600352.SH,8.59,0.034711919724941254
2024-07-03,600336.SH,4.33,0.034711919724941254
2024-07-03,002485.SZ,3.02,0.034704431891441345
2024-07-03,300124.SZ,50.78,0.03431730344891548
2024-07-03,600060.SH,24.0,0.034192103892564774
2024-07-03,600131.SH,15.66,0.033020250499248505
2024-07-03,688525.SH,64.25,0.03119128756225109
2024-07-03,603228.SH,30.39,0.030999260023236275
2024-07-03,920950.BJ,11.23,0.028915248811244965
2024-07-03,300193.SZ,7.26,0.028018753975629807
2024-07-03,000710.SZ,7.45,0.028018753975629807
2024-07-04,603829.SH,12.7,0.04037749767303467
2024-07-04,603228.SH,31.19,0.039427775889635086
2024-07-04,600336.SH,4.19,0.034711919724941254
2024-07-04,600352.SH,8.61,0.034711919724941254
2024-07-04,000856.SZ,5.93,0.034711919724941254
2024-07-04,601801.SH,6.65,0.034711919724941254
2024-07-04,000966.SZ,4.44,0.034711919724941254
2024-07-04,300820.SZ,36.08,0.034314438700675964
2024-07-04,605358.SH,22.62,0.03431442379951477
2024-07-04,003003.SZ,7.75,0.028018753975629807
2024-07-04,300800.SZ,9.64,0.028018753975629807
2024-07-04,300193.SZ,7.09,0.028018753975629807
2024-07-04,000050.SZ,6.95,0.028018753975629807
2024-07-04,000990.SZ,7.6,0.028018753975629807
2024-07-04,002449.SZ,6.79,0.028018753975629807
2024-07-05,603228.SH,30.01,0.039427775889635086
2024-07-05,688776.SH,49.05,0.034158289432525635
2024-07-05,688363.SH,59.18,0.033020250499248505
2024-07-05,605303.SH,6.64,0.03288613259792328
2024-07-05,605020.SH,17.86,0.02876780554652214
2024-07-05,603829.SH,13.03,0.02851613238453865
2024-07-05,003003.SZ,7.85,0.028018753975629807
2024-07-05,300193.SZ,7.15,0.028018753975629807
2024-07-05,603758.SH,7.42,0.028018753975629807
2024-07-05,601801.SH,6.7,0.028018753975629807
2024-07-05,600352.SH,8.66,0.028018753975629807
2024-07-05,300840.SZ,8.79,0.028018753975629807
2024-07-05,000856.SZ,6.0,0.028018753975629807
2024-07-05,002367.SZ,5.76,0.028018753975629807
2024-07-05,002449.SZ,6.87,0.028018753975629807
2024-07-08,000011.SZ,7.44,0.03610526770353317
2024-07-08,000856.SZ,5.78,0.034711919724941254
2024-07-08,000966.SZ,4.34,0.034711919724941254
2024-07-08,300193.SZ,6.95,0.034711919724941254
2024-07-08,601801.SH,6.5,0.034711919724941254
2024-07-08,603758.SH,7.17,0.034711919724941254
2024-07-08,688776.SH,48.28,0.034158289432525635
2024-07-08,605303.SH,6.39,0.03288613259792328
2024-07-08,603228.SH,29.39,0.03030969575047493
2024-07-08,688455.SH,7.69,0.028018757700920105
2024-07-08,003003.SZ,7.6,0.028018753975629807
2024-07-08,300840.SZ,8.35,0.028018753975629807
2024-07-08,600011.SH,9.72,0.028018753975629807
2024-07-08,002788.SZ,7.48,0.028018753975629807
2024-07-08,000990.SZ,7.53,0.028018753975629807
2024-07-09,688351.SH,20.56,0.04068797081708908
2024-07-09,003003.SZ,7.7,0.034711919724941254
2024-07-09,300193.SZ,7.13,0.034711919724941254
2024-07-09,000710.SZ,7.13,0.034711919724941254
2024-07-09,300698.SZ,34.8,0.034317295998334885
2024-07-09,920779.BJ,18.85,0.03301981836557388
2024-07-09,605303.SH,6.3,0.03288613259792328
2024-07-09,920982.BJ,161.29,0.03198475390672684
2024-07-09,603228.SH,31.24,0.031165650114417076
2024-07-09,688455.SH,7.87,0.028018757700920105
2024-07-09,002449.SZ,7.0,0.028018753975629807
2024-07-09,002788.SZ,7.56,0.028018753975629807
2024-07-09,000429.SZ,11.35,0.028018753975629807
2024-07-09,002367.SZ,5.64,0.028018753975629807
2024-07-09,000990.SZ,7.71,0.028018753975629807
2024-07-10,688633.SH,20.68,0.04463580250740051
2024-07-10,002788.SZ,7.44,0.034711919724941254
2024-07-10,603160.SH,68.0,0.03431730344891548
2024-07-10,002281.SZ,38.03,0.03431730344891548
2024-07-10,300698.SZ,35.51,0.034317247569561005
2024-07-10,002222.SZ,22.06,0.03431691229343414
2024-07-10,605358.SH,23.0,0.034314438700675964
2024-07-10,688776.SH,46.5,0.03429613262414932
2024-07-10,300623.SZ,17.5,0.033020250499248505
2024-07-10,920779.BJ,18.97,0.03301941230893135
2024-07-10,688351.SH,21.05,0.032574985176324844
2024-07-10,920982.BJ,161.54,0.03198475390672684
2024-07-10,688525.SH,65.93,0.03119128756225109
2024-07-10,603228.SH,32.71,0.028743136674165726
2024-07-10,688455.SH,7.88,0.028018757700920105
2024-07-11,603228.SH,31.99,0.039402905851602554
2024-07-11,301312.SZ,39.8,0.03940199688076973
2024-07-11,601012.SH,14.22,0.038304999470710754
2024-07-11,300193.SZ,7.37,0.038185007870197296
2024-07-11,600352.SH,8.8,0.034711919724941254
2024-07-11,920950.BJ,10.98,0.034711919724941254
2024-07-11,300737.SZ,4.11,0.034711915999650955
2024-07-11,002788.SZ,7.7,0.03470325469970703
2024-07-11,688592.SH,39.32,0.03431729972362518
2024-07-11,300698.SZ,36.4,0.034317247569561005
2024-07-11,605358.SH,23.53,0.034314438700675964
2024-07-11,600060.SH,22.45,0.03429613262414932
2024-07-11,920779.BJ,19.32,0.03415713459253311
2024-07-11,688351.SH,21.76,0.03410150110721588
2024-07-11,300623.SZ,17.92,0.033020250499248505
2024-07-12,603228.SH,31.4,0.03939953073859215
2024-07-12,301312.SZ,39.34,0.03889301419258118
2024-07-12,601012.SH,14.18,0.038304999470710754
2024-07-12,300698.SZ,36.06,0.034317247569561005
2024-07-12,002222.SZ,22.2,0.03429613262414932
2024-07-12,688351.SH,22.41,0.03428851068019867
2024-07-12,600060.SH,22.64,0.03421454876661301
2024-07-12,920779.BJ,19.37,0.033020250499248505
2024-07-12,688633.SH,20.9,0.033020250499248505
2024-07-12,920982.BJ,168.29,0.031313199549913406
2024-07-12,301023.SZ,36.5,0.029589209705591202
2024-07-12,300922.SZ,12.91,0.02876780554652214
2024-07-12,002046.SZ,9.77,0.02876780554652214
2024-07-12,688607.SH,11.8,0.028767772018909454
2024-07-12,002367.SZ,5.67,0.028018753975629807
2024-07-15,603699.SH,18.42,0.04319964721798897
2024-07-15,600352.SH,8.76,0.034711919724941254
2024-07-15,002637.SZ,8.47,0.034711919724941254
2024-07-15,920950.BJ,11.17,0.034711919724941254
2024-07-15,002788.SZ,7.7,0.034641411155462265
2024-07-15,300698.SZ,36.29,0.034317247569561005
2024-07-15,688351.SH,21.78,0.03431341424584389
2024-07-15,300820.SZ,36.11,0.034158289432525635
2024-07-15,920982.BJ,170.02,0.03198481351137161
2024-07-15,300124.SZ,48.45,0.03119082562625408
2024-07-15,301312.SZ,38.73,0.031165650114417076
2024-07-15,603228.SH,30.85,0.030999260023236275
2024-07-15,300193.SZ,7.13,0.028018753975629807
2024-07-15,000710.SZ,7.42,0.028018753975629807
2024-07-15,000429.SZ,10.44,0.028018753975629807
2024-07-16,600021.SH,9.75,0.038185007870197296
2024-07-16,301120.SZ,9.16,0.03817787021398544
2024-07-16,300840.SZ,8.6,0.034711919724941254
2024-07-16,605303.SH,6.19,0.034711919724941254
2024-07-16,601012.SH,14.07,0.034711919724941254
2024-07-16,600336.SH,4.19,0.034711919724941254
2024-07-16,002637.SZ,8.36,0.034711919724941254
2024-07-16,301115.SZ,12.48,0.034711919724941254
2024-07-16,000422.SZ,12.85,0.034711919724941254
2024-07-16,688701.SH,4.6,0.03465653955936432
2024-07-16,300698.SZ,34.85,0.034317247569561005
2024-07-16,688351.SH,21.57,0.03431430459022522
2024-07-16,002485.SZ,2.94,0.034299105405807495
2024-07-16,603699.SH,18.23,0.033020250499248505
2024-07-16,605358.SH,24.28,0.033020250499248505
2024-07-17,000990.SZ,7.24,0.034711919724941254
2024-07-17,000422.SZ,12.83,0.034711919724941254
2024-07-17,300193.SZ,6.93,0.034711919724941254
2024-07-17,002637.SZ,8.37,0.034711919724941254
2024-07-17,000966.SZ,4.3,0.034711919724941254
2024-07-17,000710.SZ,7.37,0.034711919724941254
2024-07-17,605303.SH,6.16,0.034711919724941254
2024-07-17,300840.SZ,8.47,0.034711919724941254
2024-07-17,603758.SH,7.01,0.034711915999650955
2024-07-17,688701.SH,4.57,0.034704431891441345
2024-07-17,002281.SZ,35.89,0.03431729972362518
2024-07-17,300698.SZ,33.29,0.034317247569561005
2024-07-17,688525.SH,58.7,0.03431716188788414
2024-07-17,002485.SZ,3.05,0.034290656447410583
2024-07-17,603699.SH,17.95,0.033020250499248505
2024-07-18,000990.SZ,7.23,0.034711919724941254
2024-07-18,000050.SZ,7.23,0.034711919724941254
2024-07-18,002637.SZ,8.37,0.034711919724941254
2024-07-18,003003.SZ,7.5,0.034711919724941254
2024-07-18,000856.SZ,5.59,0.034711919724941254
2024-07-18,000710.SZ,7.42,0.034711919724941254
2024-07-18,605303.SH,6.16,0.034711919724941254
2024-07-18,301115.SZ,12.38,0.034711919724941254
2024-07-18,603758.SH,6.94,0.034711915999650955
2024-07-18,688701.SH,4.54,0.03471091017127037
2024-07-18,603829.SH,11.9,0.034704431891441345
2024-07-18,002281.SZ,34.68,0.034317295998334885
2024-07-18,600060.SH,21.28,0.034314438700675964
2024-07-18,688351.SH,22.22,0.034314438700675964
2024-07-18,301312.SZ,35.5,0.03430929780006409
2024-07-19,000990.SZ,7.19,0.034711919724941254
2024-07-19,688351.SH,22.85,0.03431444615125656
2024-07-19,300124.SZ,51.13,0.03431341424584389
2024-07-19,603699.SH,18.53,0.033020250499248505
2024-07-19,301023.SZ,31.86,0.0312430951744318
2024-07-19,603228.SH,27.6,0.03119082562625408
2024-07-19,688418.SH,14.85,0.02876780554652214
2024-07-19,688607.SH,11.29,0.02876780554652214
2024-07-19,300034.SZ,15.7,0.02876780554652214
2024-07-19,603758.SH,6.98,0.028018757700920105
2024-07-19,300193.SZ,6.94,0.028018753975629807
2024-07-19,600352.SH,8.69,0.028018753975629807
2024-07-19,002788.SZ,7.53,0.028018753975629807
2024-07-19,000710.SZ,7.37,0.028018753975629807
2024-07-19,000429.SZ,10.29,0.028018753975629807
2024-07-22,000990.SZ,7.16,0.034711919724941254
2024-07-22,605303.SH,6.3,0.034711919724941254
2024-07-22,601801.SH,5.95,0.034711919724941254
2024-07-22,688455.SH,8.39,0.034711919724941254
2024-07-22,688351.SH,22.92,0.034314438700675964
2024-07-22,300820.SZ,39.92,0.03429613262414932
2024-07-22,603699.SH,18.79,0.033020250499248505
2024-07-22,300623.SZ,18.95,0.033020250499248505
2024-07-22,301105.SZ,23.84,0.033020250499248505
2024-07-22,920779.BJ,20.08,0.03229052200913429
2024-07-22,301023.SZ,32.18,0.030544234439730644
2024-07-22,603758.SH,6.92,0.028018757700920105
2024-07-22,300193.SZ,6.94,0.028018753975629807
2024-07-22,000856.SZ,5.75,0.028018753975629807
2024-07-22,000966.SZ,4.28,0.028018753975629807
2024-07-23,300193.SZ,6.79,0.034711919724941254
2024-07-23,605303.SH,6.26,0.034711919724941254
2024-07-23,688455.SH,8.56,0.034711919724941254
2024-07-23,301312.SZ,35.4,0.03431688994169235
2024-07-23,920779.BJ,19.8,0.03410150110721588
2024-07-23,300623.SZ,18.2,0.033020250499248505
2024-07-23,603699.SH,17.93,0.033020250499248505
2024-07-23,688633.SH,19.66,0.033020250499248505
2024-07-23,300820.SZ,38.16,0.032027699053287506
2024-07-23,920982.BJ,172.54,0.030662009492516518
2024-07-23,000422.SZ,11.29,0.02876932919025421
2024-07-23,002788.SZ,7.34,0.028018753975629807
2024-07-23,003003.SZ,7.48,0.028018753975629807
2024-07-23,000966.SZ,4.18,0.028018753975629807
2024-07-23,000429.SZ,10.1,0.028018753975629807
2024-07-24,300820.SZ,36.67,0.0338994562625885
2024-07-24,300623.SZ,17.92,0.033020250499248505
2024-07-24,688633.SH,19.19,0.033020250499248505
2024-07-24,301023.SZ,30.69,0.03119082562625408
2024-07-24,920982.BJ,163.81,0.030662009492516518
2024-07-24,300193.SZ,6.71,0.029859114438295364
2024-07-24,600352.SH,8.56,0.028018753975629807
2024-07-24,002788.SZ,7.24,0.028018753975629807
2024-07-24,000990.SZ,6.9,0.028018753975629807
2024-07-24,605303.SH,6.12,0.028018753975629807
2024-07-24,601801.SH,5.79,0.028018753975629807
2024-07-24,300840.SZ,8.04,0.028018753975629807
2024-07-24,600420.SH,11.97,0.028018753975629807
2024-07-24,000429.SZ,10.22,0.028018753975629807
2024-07-24,000050.SZ,6.69,0.028018753975629807
2024-07-25,300207.SZ,16.98,0.03747483715415001
2024-07-25,300124.SZ,45.7,0.03429613262414932
2024-07-25,301023.SZ,31.5,0.03389979526400566
2024-07-25,600060.SH,18.82,0.033020250499248505
2024-07-25,603699.SH,17.1,0.033020250499248505
2024-07-25,002222.SZ,22.03,0.033020250499248505
2024-07-25,920982.BJ,160.55,0.030662009492516518
2024-07-25,003003.SZ,7.36,0.028018753975629807
2024-07-25,002788.SZ,7.22,0.028018753975629807
2024-07-25,300193.SZ,6.77,0.028018753975629807
2024-07-25,000429.SZ,10.42,0.028018753975629807
2024-07-25,300840.SZ,8.23,0.028018753975629807
2024-07-25,600011.SH,8.29,0.028018753975629807
2024-07-25,600352.SH,8.65,0.028018753975629807
2024-07-25,600420.SH,11.68,0.028018753975629807
2024-07-26,600060.SH,19.51,0.04319964721798897
2024-07-26,688455.SH,8.41,0.038185007870197296
2024-07-26,000710.SZ,7.06,0.034711919724941254
2024-07-26,600011.SH,8.27,0.034711919724941254
2024-07-26,000990.SZ,6.96,0.034711919724941254
2024-07-26,688776.SH,48.2,0.03431691229343414
2024-07-26,603228.SH,25.36,0.0343167781829834
2024-07-26,300124.SZ,46.34,0.034314438700675964
2024-07-26,301023.SZ,31.79,0.03426097705960274
2024-07-26,603699.SH,17.47,0.033020250499248505
2024-07-26,300207.SZ,17.1,0.03266143798828125
2024-07-26,605288.SH,30.18,0.031665850430727005
2024-07-26,603758.SH,7.19,0.028018757700920105
2024-07-26,003003.SZ,7.53,0.028018753975629807
2024-07-26,002637.SZ,8.4,0.028018753975629807
2024-07-29,000710.SZ,7.12,0.034711919724941254
2024-07-29,003003.SZ,7.5,0.034711919724941254
2024-07-29,600011.SH,8.35,0.034711919724941254
2024-07-29,688455.SH,8.35,0.034711915999650955
2024-07-29,688776.SH,46.95,0.03431691229343414
2024-07-29,301023.SZ,31.41,0.03430967777967453
2024-07-29,600060.SH,18.28,0.03271140158176422
2024-07-29,600021.SH,9.57,0.03112630732357502
2024-07-29,002788.SZ,7.25,0.028018753975629807
2024-07-29,300193.SZ,6.95,0.028018753975629807
2024-07-29,600420.SH,11.6,0.028018753975629807
2024-07-29,300840.SZ,8.25,0.028018753975629807
2024-07-29,600352.SH,8.73,0.028018753975629807
2024-07-29,000990.SZ,6.88,0.028018753975629807
2024-07-29,002637.SZ,8.33,0.028018753975629807
2024-07-30,600336.SH,4.98,0.04939477518200874
2024-07-30,600060.SH,17.66,0.04319964721798897
2024-07-30,002637.SZ,8.33,0.038185007870197296
2024-07-30,300193.SZ,6.99,0.034711919724941254
2024-07-30,000710.SZ,7.3,0.034711919724941254
2024-07-30,601801.SH,6.04,0.034711919724941254
2024-07-30,300840.SZ,8.28,0.034711919724941254
2024-07-30,002449.SZ,6.64,0.034711919724941254
2024-07-30,000990.SZ,6.86,0.034711919724941254
2024-07-30,688455.SH,8.42,0.034711915999650955
2024-07-30,300737.SZ,4.21,0.03471091017127037
2024-07-30,300124.SZ,44.81,0.034317247569561005
2024-07-30,920779.BJ,20.6,0.03431443125009537
2024-07-30,605288.SH,30.88,0.032604970037937164
2024-07-30,002485.SZ,2.98,0.030576879158616066
2024-07-31,002637.SZ,8.52,0.038185007870197296
2024-07-31,688701.SH,4.94,0.038185007870197296
2024-07-31,688455.SH,8.54,0.03519654646515846
2024-07-31,002788.SZ,7.45,0.034711919724941254
2024-07-31,000050.SZ,7.14,0.034711919724941254
2024-07-31,000990.SZ,7.15,0.034711919724941254
2024-07-31,601801.SH,6.29,0.034711919724941254
2024-07-31,920718.BJ,9.18,0.03465653955936432
2024-07-31,300840.SZ,8.77,0.03452601656317711
2024-07-31,301312.SZ,38.12,0.034317247569561005
2024-07-31,920779.BJ,20.85,0.03431443125009537
2024-07-31,688592.SH,39.99,0.03429613262414932
2024-07-31,600060.SH,17.77,0.033020250499248505
2024-07-31,300623.SZ,18.56,0.033020250499248505
2024-07-31,605288.SH,31.48,0.03007352352142334
2024-08-01,600060.SH,17.43,0.04319964721798897
2024-08-01,605288.SH,31.46,0.038363128900527954
2024-08-01,000025.SZ,14.13,0.038304999470710754
2024-08-01,301312.SZ,37.66,0.034317247569561005
2024-08-01,603228.SH,26.06,0.03431691229343414
2024-08-01,920950.BJ,11.43,0.03415868803858757
2024-08-01,688592.SH,39.85,0.034158483147621155
2024-08-01,688351.SH,21.75,0.034158289432525635
2024-08-01,002222.SZ,22.96,0.034158289432525635
2024-08-01,300623.SZ,18.7,0.033020250499248505
2024-08-01,603699.SH,18.15,0.033020250499248505
2024-08-01,920779.BJ,20.84,0.03271140158176422
2024-08-01,920982.BJ,168.28,0.0313132144510746
2024-08-01,688776.SH,49.64,0.031191227957606316
2024-08-01,688363.SH,61.39,0.03118867613375187
2024-08-02,002393.SZ,16.4,0.04319964721798897
2024-08-02,920718.BJ,8.9,0.03471091017127037
2024-08-02,300820.SZ,41.8,0.034317247569561005
2024-08-02,605288.SH,31.18,0.034301258623600006
2024-08-02,688592.SH,38.2,0.03429615497589111
2024-08-02,688418.SH,15.86,0.033020250499248505
2024-08-02,300623.SZ,18.05,0.033020250499248505
2024-08-02,603699.SH,17.6,0.033020250499248505
2024-08-02,688100.SH,39.15,0.033020250499248505
2024-08-02,688351.SH,22.03,0.033020250499248505
2024-08-02,688092.SH,19.53,0.033020250499248505
2024-08-02,605358.SH,23.65,0.033020250499248505
2024-08-02,301023.SZ,31.92,0.03066200576722622
2024-08-02,301120.SZ,8.94,0.02876780554652214
2024-08-02,688455.SH,8.28,0.028018757700920105
2024-08-05,002393.SZ,15.93,0.0421077124774456
2024-08-05,000990.SZ,6.87,0.034711919724941254
2024-08-05,603758.SH,7.01,0.034711915999650955
2024-08-05,920718.BJ,9.17,0.03471178188920021
2024-08-05,688363.SH,63.16,0.03426069766283035
2024-08-05,002222.SZ,21.38,0.034158289432525635
2024-08-05,920779.BJ,20.62,0.0340234749019146
2024-08-05,301023.SZ,30.29,0.03389985114336014
2024-08-05,300623.SZ,17.16,0.033020250499248505
2024-08-05,300840.SZ,8.47,0.028018753975629807
2024-08-05,600352.SH,8.73,0.028018753975629807
2024-08-05,000050.SZ,6.66,0.028018753975629807
2024-08-05,002068.SZ,6.42,0.028018753975629807
2024-08-05,000429.SZ,11.1,0.028018753975629807
2024-08-05,003003.SZ,7.6,0.028018753975629807
2024-08-06,605288.SH,31.44,0.034394145011901855
2024-08-06,688776.SH,46.38,0.03430968523025513
2024-08-06,688592.SH,36.19,0.03429615870118141
2024-08-06,920779.BJ,20.58,0.03417058289051056
2024-08-06,002222.SZ,21.66,0.034158289432525635
2024-08-06,300623.SZ,17.2,0.033020250499248505
2024-08-06,688092.SH,18.85,0.033020250499248505
2024-08-06,002281.SZ,30.19,0.033020250499248505
2024-08-06,002393.SZ,16.41,0.03193634748458862
2024-08-06,300820.SZ,41.55,0.031089982017874718
2024-08-06,002628.SZ,2.08,0.03033563308417797
2024-08-06,300800.SZ,9.75,0.028018757700920105
2024-08-06,688455.SH,8.19,0.028018757700920105
2024-08-06,000990.SZ,6.98,0.028018753975629807
2024-08-06,300193.SZ,7.18,0.028018753975629807
2024-08-07,002393.SZ,16.3,0.0372559018433094
2024-08-07,300922.SZ,13.56,0.0372559018433094
2024-08-07,300193.SZ,7.14,0.034711919724941254
2024-08-07,000990.SZ,6.96,0.034711919724941254
2024-08-07,600352.SH,8.76,0.034711919724941254
2024-08-07,000025.SZ,14.0,0.034711919724941254
2024-08-07,603758.SH,7.12,0.034711919724941254
2024-08-07,688609.SH,7.83,0.034711919724941254
2024-08-07,688455.SH,8.23,0.034711915999650955
2024-08-07,920779.BJ,20.6,0.03271140158176422
2024-08-07,920982.BJ,170.0,0.0313132107257843
2024-08-07,688363.SH,64.66,0.031313154846429825
2024-08-07,300820.SZ,40.75,0.031283240765333176
2024-08-07,002068.SZ,6.5,0.028018753975629807
2024-08-07,688701.SH,4.8,0.028018753975629807
2024-08-08,688418.SH,15.25,0.04463580250740051
2024-08-08,002393.SZ,16.65,0.04362960159778595
2024-08-08,300922.SZ,13.2,0.04291260242462158
2024-08-08,688455.SH,8.16,0.0347120463848114
2024-08-08,000025.SZ,14.05,0.034711919724941254
2024-08-08,600352.SH,8.87,0.034711919724941254
2024-08-08,000990.SZ,7.03,0.034711919724941254
2024-08-08,300193.SZ,7.19,0.034711919724941254
2024-08-08,688701.SH,4.8,0.034711919724941254
2024-08-08,603758.SH,7.06,0.034711919724941254
2024-08-08,688609.SH,7.76,0.034711919724941254
2024-08-08,605288.SH,31.31,0.034317318350076675
2024-08-08,688776.SH,46.1,0.03431716561317444
2024-08-08,002222.SZ,22.04,0.034158289432525635
2024-08-08,603699.SH,17.63,0.033020250499248505
2024-08-09,300374.SZ,15.32,0.038304999470710754
2024-08-09,603758.SH,7.0,0.038185007870197296
2024-08-09,600011.SH,7.39,0.034711919724941254
2024-08-09,605303.SH,6.64,0.034711919724941254
2024-08-09,688701.SH,4.75,0.034711919724941254
2024-08-09,002449.SZ,6.68,0.03471190109848976
2024-08-09,688776.SH,45.07,0.03431728109717369
2024-08-09,002222.SZ,21.78,0.034158289432525635
2024-08-09,920779.BJ,20.33,0.033020250499248505
2024-08-09,002393.SZ,16.41,0.032414913177490234
2024-08-09,605288.SH,31.15,0.0296487919986248
2024-08-09,000990.SZ,6.98,0.028018753975629807
2024-08-09,002068.SZ,6.43,0.028018753975629807
2024-08-09,000429.SZ,10.41,0.028018753975629807
2024-08-09,300193.SZ,7.13,0.028018753975629807
2024-08-12,300374.SZ,14.43,0.04463580250740051
2024-08-12,300193.SZ,7.09,0.034711919724941254
2024-08-12,600352.SH,8.78,0.034711919724941254
2024-08-12,300922.SZ,12.88,0.034711919724941254
2024-08-12,920718.BJ,8.86,0.034711919724941254
2024-08-12,688609.SH,7.41,0.034711919724941254
2024-08-12,000429.SZ,10.53,0.034711919724941254
2024-08-12,002367.SZ,5.67,0.03465653955936432
2024-08-12,688363.SH,63.13,0.03421085327863693
2024-08-12,605288.SH,31.39,0.0337371900677681
2024-08-12,002393.SZ,16.92,0.03310554102063179
2024-08-12,300712.SZ,19.38,0.033020250499248505
2024-08-12,002485.SZ,2.8,0.03149406611919403
2024-08-12,920982.BJ,175.77,0.031191283836960793
2024-08-12,003003.SZ,7.79,0.028018753975629807
2024-08-13,002393.SZ,16.8,0.04211629182100296
2024-08-13,003003.SZ,7.86,0.034711919724941254
2024-08-13,002637.SZ,8.65,0.034711919724941254
2024-08-13,600011.SH,7.36,0.034711919724941254
2024-08-13,300698.SZ,34.98,0.03392285853624344
2024-08-13,000050.SZ,6.84,0.028018753975629807
2024-08-13,002068.SZ,6.28,0.028018753975629807
2024-08-13,300989.SZ,12.29,0.028018753975629807
2024-08-13,600352.SH,8.86,0.028018753975629807
2024-08-13,688609.SH,7.57,0.028018753975629807
2024-08-13,920718.BJ,8.87,0.028018753975629807
2024-08-13,605303.SH,6.71,0.028018753975629807
2024-08-13,002367.SZ,5.66,0.02800857089459896
2024-08-13,000025.SZ,13.81,0.023628661409020424
2024-08-13,600060.SH,17.69,0.023542175069451332
2024-08-14,688418.SH,15.12,0.038185007870197296
2024-08-14,002637.SZ,8.64,0.034711919724941254
2024-08-14,300698.SZ,34.82,0.034158289432525635
2024-08-14,301105.SZ,25.26,0.033020250499248505
2024-08-14,920779.BJ,20.1,0.033020198345184326
2024-08-14,002449.SZ,6.77,0.028018757700920105
2024-08-14,300374.SZ,14.05,0.028018753975629807
2024-08-14,003003.SZ,7.85,0.028018753975629807
2024-08-14,300193.SZ,7.09,0.028018753975629807
2024-08-14,605303.SH,6.76,0.028018753975629807
2024-08-14,000050.SZ,6.81,0.028018753975629807
2024-08-14,600352.SH,8.66,0.028018753975629807
2024-08-14,002367.SZ,5.63,0.028017375618219376
2024-08-14,000429.SZ,10.92,0.02417805604636669
2024-08-14,300922.SZ,12.78,0.023628661409020424
2024-08-15,605288.SH,33.38,0.040687963366508484
2024-08-15,300374.SZ,13.41,0.034711919724941254
2024-08-15,000050.SZ,6.94,0.034711919724941254
2024-08-15,300840.SZ,8.54,0.034711919724941254
2024-08-15,002367.SZ,5.59,0.03471178188920021
2024-08-15,688100.SH,38.16,0.03431691229343414
2024-08-15,301312.SZ,40.3,0.03429613262414932
2024-08-15,301023.SZ,31.57,0.03415793925523758
2024-08-15,603758.SH,7.05,0.03288613259792328
2024-08-15,002788.SZ,7.69,0.028018757700920105
2024-08-15,300193.SZ,7.2,0.028018753975629807
2024-08-15,600352.SH,8.66,0.028018753975629807
2024-08-15,000990.SZ,6.9,0.028018753975629807
2024-08-15,002637.SZ,8.55,0.028018753975629807
2024-08-15,600011.SH,7.49,0.028018753975629807
2024-08-16,605288.SH,32.5,0.03960670530796051
2024-08-16,301105.SZ,25.27,0.034158289432525635
2024-08-16,920779.BJ,19.92,0.033020250499248505
2024-08-16,688633.SH,19.67,0.033020246773958206
2024-08-16,002788.SZ,7.61,0.028018757700920105
2024-08-16,300989.SZ,12.36,0.028018753975629807
2024-08-16,603758.SH,6.98,0.028018753975629807
2024-08-16,300193.SZ,7.24,0.028018753975629807
2024-08-16,003003.SZ,7.84,0.028018753975629807
2024-08-16,000990.SZ,6.8,0.028018753975629807
2024-08-16,002637.SZ,8.61,0.028018753975629807
2024-08-16,600352.SH,8.6,0.028018753975629807
2024-08-16,601398.SH,6.14,0.028018727898597717
2024-08-16,300374.SZ,13.14,0.02417805604636669
2024-08-16,688418.SH,16.24,0.023628661409020424
2024-08-19,301459.SZ,34.5,0.04538705572485924
2024-08-19,300820.SZ,39.46,0.03421454876661301
2024-08-19,605288.SH,33.26,0.030425017699599266
2024-08-19,603160.SH,65.53,0.029648762196302414
2024-08-19,600021.SH,8.87,0.02876780554652214
2024-08-19,000990.SZ,6.78,0.028018753975629807
2024-08-19,003003.SZ,7.83,0.028018753975629807
2024-08-19,300193.SZ,7.19,0.028018753975629807
2024-08-19,000429.SZ,11.15,0.028018753975629807
2024-08-19,000050.SZ,6.93,0.028018753975629807
2024-08-19,300840.SZ,8.15,0.028018753975629807
2024-08-19,300989.SZ,12.42,0.028018753975629807
2024-08-19,600352.SH,8.66,0.028018753975629807
2024-08-19,688418.SH,16.16,0.023553863167762756
2024-08-19,688455.SH,8.02,0.023542361333966255
2024-08-20,300989.SZ,11.76,0.034711919724941254
2024-08-20,600352.SH,8.55,0.034711919724941254
2024-08-20,688100.SH,37.17,0.034317295998334885
2024-08-20,688592.SH,30.72,0.03431691229343414
2024-08-20,688363.SH,55.76,0.0313132144510746
2024-08-20,603160.SH,64.7,0.030999260023236275
2024-08-20,301459.SZ,34.65,0.029687121510505676
2024-08-20,605288.SH,30.49,0.0288658756762743
2024-08-20,301312.SZ,39.9,0.028743136674165726
2024-08-20,300840.SZ,8.02,0.028018753975629807
2024-08-20,605303.SH,6.3,0.028018753975629807
2024-08-20,300193.SZ,7.07,0.028018753975629807
2024-08-20,000050.SZ,6.81,0.028018753975629807
2024-08-20,002637.SZ,8.5,0.028018753975629807
2024-08-20,000429.SZ,11.13,0.028018753975629807
2024-08-21,688100.SH,35.92,0.03431729972362518
2024-08-21,605288.SH,29.31,0.03385741263628006
2024-08-21,300712.SZ,18.75,0.033020250499248505
2024-08-21,688351.SH,21.58,0.033020250499248505
2024-08-21,688363.SH,54.5,0.0313132144510746
2024-08-21,301312.SZ,42.93,0.031051432713866234
2024-08-21,301459.SZ,34.15,0.02854037471115589
2024-08-21,002367.SZ,5.39,0.028018757700920105
2024-08-21,002637.SZ,8.36,0.028018753975629807
2024-08-21,688455.SH,7.95,0.028018753975629807
2024-08-21,600352.SH,8.5,0.028018753975629807
2024-08-21,300989.SZ,11.96,0.028018753975629807
2024-08-21,300193.SZ,7.11,0.028018753975629807
2024-08-21,000990.SZ,6.53,0.028018753975629807
2024-08-21,003003.SZ,7.59,0.028018753975629807
2024-08-22,300193.SZ,7.08,0.034711919724941254
2024-08-22,002367.SZ,5.27,0.034711919724941254
2024-08-22,003003.SZ,7.51,0.034711919724941254
2024-08-22,605303.SH,6.13,0.034711919724941254
2024-08-22,600352.SH,8.47,0.034711919724941254
2024-08-22,300800.SZ,9.75,0.034711919724941254
2024-08-22,688100.SH,35.51,0.03431730344891548
2024-08-22,688776.SH,39.22,0.034317295998334885
2024-08-22,301105.SZ,24.2,0.03429613262414932
2024-08-22,688363.SH,53.41,0.03389984369277954
2024-08-22,301312.SZ,41.05,0.030516410246491432
2024-08-22,605288.SH,29.0,0.03030969575047493
2024-08-22,000990.SZ,6.44,0.028018753975629807
2024-08-22,002637.SZ,8.2,0.028018753975629807
2024-08-22,000429.SZ,11.44,0.028018753975629807
2024-08-23,002637.SZ,8.23,0.034711919724941254
2024-08-23,603758.SH,6.52,0.034711919724941254
2024-08-23,300840.SZ,8.63,0.034711919724941254
2024-08-23,605303.SH,5.97,0.034711919724941254
2024-08-23,301105.SZ,23.8,0.034314438700675964
2024-08-23,300124.SZ,39.9,0.03429613262414932
2024-08-23,301312.SZ,43.68,0.031268928200006485
2024-08-23,301459.SZ,32.41,0.030077742412686348
2024-08-23,600131.SH,17.19,0.02876780554652214
2024-08-23,003003.SZ,7.51,0.028018753975629807
2024-08-23,000050.SZ,6.75,0.028018753975629807
2024-08-23,600011.SH,7.12,0.028018753975629807
2024-08-23,300193.SZ,6.93,0.028018753975629807
2024-08-23,000429.SZ,11.47,0.028018753975629807
2024-08-23,000990.SZ,6.44,0.028018753975629807
2024-08-26,301312.SZ,45.28,0.03919642046093941
2024-08-26,002637.SZ,8.18,0.034711919724941254
2024-08-26,600011.SH,7.0,0.034711919724941254
2024-08-26,600721.SH,5.9,0.03465653955936432
2024-08-26,600352.SH,8.99,0.03288613259792328
2024-08-26,920982.BJ,171.94,0.03198482096195221
2024-08-26,301459.SZ,32.88,0.03142509236931801
2024-08-26,000429.SZ,11.26,0.028018753975629807
2024-08-26,688455.SH,7.97,0.028018753975629807
2024-08-26,603758.SH,6.57,0.028018753975629807
2024-08-26,002367.SZ,5.29,0.028018753975629807
2024-08-26,000990.SZ,6.51,0.028018753975629807
2024-08-26,002248.SZ,6.22,0.02800857089459896
2024-08-26,002393.SZ,15.28,0.023542145267128944
2024-08-26,001211.SZ,14.59,0.023542145267128944
2024-08-27,920779.BJ,17.64,0.043197013437747955
2024-08-27,300193.SZ,6.9,0.034711919724941254
2024-08-27,002248.SZ,6.04,0.03471091017127037
2024-08-27,600721.SH,6.05,0.034704431891441345
2024-08-27,688100.SH,34.18,0.03431730344891548
2024-08-27,301105.SZ,24.4,0.034314438700675964
2024-08-27,300712.SZ,18.37,0.033020250499248505
2024-08-27,301459.SZ,32.32,0.03142509236931801
2024-08-27,688363.SH,48.56,0.03119128756225109
2024-08-27,301023.SZ,34.8,0.031089982017874718
2024-08-27,301312.SZ,41.21,0.031036464497447014
2024-08-27,002367.SZ,5.22,0.028018753975629807
2024-08-27,603758.SH,6.47,0.028018753975629807
2024-08-27,000990.SZ,6.44,0.028018753975629807
2024-08-27,688455.SH,7.89,0.028018753975629807
2024-08-28,000429.SZ,11.38,0.034711919724941254
2024-08-28,000990.SZ,6.45,0.034711919724941254
2024-08-28,300800.SZ,9.16,0.034711919724941254
2024-08-28,688701.SH,4.4,0.03471178188920021
2024-08-28,002248.SZ,5.85,0.03471178188920021
2024-08-28,688100.SH,33.97,0.03431730344891548
2024-08-28,300124.SZ,42.75,0.034314438700675964
2024-08-28,300712.SZ,18.24,0.033020250499248505
2024-08-28,920779.BJ,17.69,0.033020250499248505
2024-08-28,301312.SZ,39.21,0.030500518158078194
2024-08-28,603711.SH,10.74,0.02876780554652214
2024-08-28,600011.SH,7.04,0.028018753975629807
2024-08-28,300193.SZ,6.98,0.028018753975629807
2024-08-28,000025.SZ,13.57,0.028018753975629807
2024-08-28,603758.SH,6.48,0.028018753975629807
2024-08-29,000025.SZ,13.81,0.034711919724941254
2024-08-29,300193.SZ,7.24,0.034711919724941254
2024-08-29,000429.SZ,11.26,0.034711919724941254
2024-08-29,300800.SZ,9.27,0.034711919724941254
2024-08-29,000710.SZ,7.08,0.03465653955936432
2024-08-29,301105.SZ,24.52,0.03431691229343414
2024-08-29,300124.SZ,43.87,0.03431691229343414
2024-08-29,000011.SZ,7.35,0.034299105405807495
2024-08-29,920779.BJ,17.67,0.033018358051776886
2024-08-29,301023.SZ,35.28,0.0288658756762743
2024-08-29,603711.SH,10.88,0.02876780554652214
2024-08-29,920950.BJ,10.51,0.028767801821231842
2024-08-29,603758.SH,6.46,0.028018753975629807
2024-08-29,605303.SH,6.16,0.028018753975629807
2024-08-29,000990.SZ,6.52,0.028018753975629807
2024-08-30,000011.SZ,7.61,0.03465653955936432
2024-08-30,688100.SH,35.24,0.03431730344891548
2024-08-30,300124.SZ,43.3,0.034317247569561005
2024-08-30,301105.SZ,24.75,0.03431699797511101
2024-08-30,301459.SZ,34.33,0.034297551959753036
2024-08-30,688776.SH,39.85,0.034158289432525635
2024-08-30,688351.SH,21.65,0.033020250499248505
2024-08-30,300712.SZ,19.01,0.033020250499248505
2024-08-30,920779.BJ,18.09,0.033020250499248505
2024-08-30,301023.SZ,35.31,0.03115852363407612
2024-08-30,301312.SZ,43.4,0.03053213842213154
2024-08-30,000025.SZ,13.95,0.028018753975629807
2024-08-30,002637.SZ,8.29,0.028018753975629807
2024-08-30,000429.SZ,11.04,0.028018753975629807
2024-08-30,000990.SZ,6.6,0.028018753975629807
2024-09-02,605020.SH,14.85,0.04463580250740051
2024-09-02,300207.SZ,16.34,0.04319964721798897
2024-09-02,300623.SZ,18.13,0.04319964721798897
2024-09-02,688092.SH,18.18,0.04319964721798897
2024-09-02,002393.SZ,15.03,0.03649879992008209
2024-09-02,300124.SZ,42.04,0.034317295998334885
2024-09-02,301105.SZ,24.26,0.0343172587454319
2024-09-02,301459.SZ,33.8,0.034314464777708054
2024-09-02,688776.SH,38.57,0.03429613262414932
2024-09-02,688592.SH,29.56,0.034158289432525635
2024-09-02,300820.SZ,38.04,0.034158289432525635
2024-09-02,605288.SH,29.7,0.034158285707235336
2024-09-02,688351.SH,20.0,0.033020250499248505
2024-09-02,920779.BJ,17.73,0.03302023932337761
2024-09-02,301023.SZ,34.87,0.03134880214929581
2024-09-03,605020.SH,15.43,0.04463580250740051
2024-09-03,688351.SH,19.93,0.04319964721798897
2024-09-03,002222.SZ,22.28,0.0404939204454422
2024-09-03,920718.BJ,8.8,0.034711919724941254
2024-09-03,002637.SZ,8.31,0.034711919724941254
2024-09-03,301105.SZ,24.27,0.03431729972362518
2024-09-03,301312.SZ,42.62,0.03389983996748924
2024-09-03,605288.SH,30.68,0.03337463364005089
2024-09-03,002281.SZ,27.76,0.033020250499248505
2024-09-03,603228.SH,25.86,0.033020250499248505
2024-09-03,300623.SZ,18.37,0.03271140158176422
2024-09-03,688633.SH,18.04,0.03271140158176422
2024-09-03,688092.SH,18.3,0.03271140158176422
2024-09-03,002248.SZ,6.05,0.028018757700920105
2024-09-03,600721.SH,5.85,0.028018757700920105
2024-09-04,301120.SZ,8.01,0.038185007870197296
2024-09-04,605338.SH,13.45,0.0372559018433094
2024-09-04,002248.SZ,5.99,0.034711919724941254
2024-09-04,600021.SH,8.55,0.034711919724941254
2024-09-04,600721.SH,5.82,0.034711919724941254
2024-09-04,002637.SZ,8.24,0.034711919724941254
2024-09-04,920718.BJ,8.69,0.034711919724941254
2024-09-04,605288.SH,30.4,0.03429613262414932
2024-09-04,688633.SH,17.91,0.034024517983198166
2024-09-04,002222.SZ,22.15,0.0337371900677681
2024-09-04,300623.SZ,18.38,0.033020250499248505
2024-09-04,688092.SH,18.18,0.033020250499248505
2024-09-04,688351.SH,19.97,0.03271140158176422
2024-09-04,000990.SZ,6.45,0.028018753975629807
2024-09-04,000429.SZ,11.46,0.028018753975629807
2024-09-05,605338.SH,13.57,0.04291260242462158
2024-09-05,000422.SZ,12.1,0.0372559018433094
2024-09-05,002637.SZ,8.17,0.034711919724941254
2024-09-05,600021.SH,8.49,0.034711919724941254
2024-09-05,600011.SH,6.76,0.034711919724941254
2024-09-05,920718.BJ,8.74,0.034711919724941254
2024-09-05,600721.SH,5.93,0.034711919724941254
2024-09-05,002248.SZ,6.03,0.034711919724941254
2024-09-05,301120.SZ,7.99,0.034711919724941254
2024-09-05,000990.SZ,6.47,0.03471081331372261
2024-09-05,601801.SH,6.75,0.034299105405807495
2024-09-05,688633.SH,18.14,0.034192103892564774
2024-09-05,920779.BJ,17.83,0.03302023932337761
2024-09-05,688351.SH,19.99,0.03271140158176422
2024-09-05,603228.SH,26.63,0.03271140158176422
2024-09-06,605338.SH,13.35,0.04362960159778595
2024-09-06,000422.SZ,12.43,0.04312572255730629
2024-09-06,603829.SH,13.02,0.04291260242462158
2024-09-06,920950.BJ,10.15,0.03818373754620552
2024-09-06,600021.SH,8.4,0.034711919724941254
2024-09-06,688607.SH,10.26,0.034711919724941254
2024-09-06,603758.SH,6.63,0.034711919724941254
2024-09-06,000990.SZ,6.35,0.034711919724941254
2024-09-06,600336.SH,4.52,0.034299105405807495
2024-09-06,688633.SH,17.87,0.03421454876661301
2024-09-06,600721.SH,5.76,0.03288613259792328
2024-09-06,603228.SH,25.17,0.03271140158176422
2024-09-06,000710.SZ,6.96,0.028018757700920105
2024-09-06,000025.SZ,13.8,0.028018753975629807
2024-09-06,002637.SZ,8.12,0.028018753975629807
2024-09-09,603829.SH,13.27,0.04291260242462158
2024-09-09,600021.SH,8.23,0.038185007870197296
2024-09-09,603758.SH,6.63,0.034711919724941254
2024-09-09,605020.SH,14.76,0.0347103513777256
2024-09-09,688609.SH,7.73,0.034704431891441345
2024-09-09,600336.SH,4.47,0.03465653955936432
2024-09-09,002222.SZ,21.45,0.03429510071873665
2024-09-09,688092.SH,17.71,0.033020250499248505
2024-09-09,300820.SZ,35.86,0.033020250499248505
2024-09-09,688776.SH,38.08,0.030630098655819893
2024-09-09,603711.SH,10.7,0.028018753975629807
2024-09-09,600721.SH,5.93,0.028018753975629807
2024-09-09,688607.SH,10.27,0.028018753975629807
2024-09-09,000990.SZ,6.35,0.028018753975629807
2024-09-09,600352.SH,9.13,0.028018750250339508
2024-09-10,300374.SZ,13.16,0.038304999470710754
2024-09-10,605338.SH,13.34,0.034731339663267136
2024-09-10,603758.SH,6.68,0.034711919724941254
2024-09-10,688609.SH,7.99,0.03471091017127037
2024-09-10,600336.SH,4.51,0.034704431891441345
2024-09-10,002222.SZ,21.79,0.03429599106311798
2024-09-10,301115.SZ,12.62,0.03429415449500084
2024-09-10,688351.SH,18.65,0.034158289432525635
2024-09-10,688092.SH,17.88,0.033020250499248505
2024-09-10,002637.SZ,8.17,0.03288613259792328
2024-09-10,300840.SZ,8.47,0.03149406611919403
2024-09-10,920982.BJ,161.98,0.0313132107257843
2024-09-10,000011.SZ,7.51,0.030093984678387642
2024-09-10,002367.SZ,5.44,0.028018757700920105
2024-09-10,603829.SH,13.6,0.028018753975629807
2024-09-11,688351.SH,18.98,0.0421077124774456
2024-09-11,301115.SZ,12.47,0.034987758845090866
2024-09-11,000011.SZ,7.44,0.03471190109848976
2024-09-11,300124.SZ,43.35,0.034317295998334885
2024-09-11,300840.SZ,8.39,0.034299105405807495
2024-09-11,002222.SZ,21.85,0.03429611027240753
2024-09-11,688633.SH,18.12,0.03421454876661301
2024-09-11,300820.SZ,36.33,0.033020250499248505
2024-09-11,688525.SH,43.5,0.029868602752685547
2024-09-11,002637.SZ,8.02,0.028018753975629807
2024-09-11,000990.SZ,6.29,0.028018753975629807
2024-09-11,600021.SH,7.94,0.028018753975629807
2024-09-11,600721.SH,5.77,0.028018753975629807
2024-09-11,688607.SH,10.45,0.028018753975629807
2024-09-11,603758.SH,6.69,0.028018753975629807
2024-09-12,000011.SZ,7.58,0.034711919724941254
2024-09-12,000990.SZ,6.34,0.034711919724941254
2024-09-12,603758.SH,6.67,0.034711919724941254
2024-09-12,605303.SH,6.08,0.034711919724941254
2024-09-12,600721.SH,5.76,0.034711919724941254
2024-09-12,688701.SH,4.24,0.034711915999650955
2024-09-12,003003.SZ,7.38,0.03471178188920021
2024-09-12,301115.SZ,12.3,0.034704431891441345
2024-09-12,300840.SZ,8.17,0.03465653955936432
2024-09-12,301023.SZ,36.84,0.03162248060107231
2024-09-12,688525.SH,42.28,0.029687121510505676
2024-09-12,002367.SZ,5.34,0.028018757700920105
2024-09-12,688607.SH,10.42,0.028018753975629807
2024-09-12,600021.SH,8.08,0.028018753975629807
2024-09-12,600352.SH,9.1,0.028018750250339508
2024-09-13,301023.SZ,34.74,0.03919642046093941
2024-09-13,600721.SH,5.73,0.034711919724941254
2024-09-13,000422.SZ,11.57,0.034711919724941254
2024-09-13,003003.SZ,7.24,0.03471190109848976
2024-09-13,002788.SZ,7.03,0.03471091017127037
2024-09-13,603228.SH,25.48,0.03421454876661301
2024-09-13,920779.BJ,17.3,0.03302023932337761
2024-09-13,688525.SH,41.42,0.02968059852719307
2024-09-13,002367.SZ,5.28,0.028018757700920105
2024-09-13,603758.SH,6.51,0.028018753975629807
2024-09-13,000990.SZ,6.25,0.028018753975629807
2024-09-13,600021.SH,8.01,0.028018753975629807
2024-09-13,600352.SH,9.01,0.028018750250339508
2024-09-13,688609.SH,7.58,0.028018727898597717
2024-09-13,301115.SZ,12.14,0.028017375618219376
2024-09-18,600021.SH,8.09,0.034711919724941254
2024-09-18,603787.SH,9.69,0.03465653955936432
2024-09-18,603228.SH,24.53,0.034217581152915955
2024-09-18,688092.SH,16.94,0.033020250499248505
2024-09-18,920779.BJ,17.07,0.03302023932337761
2024-09-18,300698.SZ,30.4,0.03299994021654129
2024-09-18,688351.SH,17.68,0.03193634748458862
2024-09-18,920982.BJ,152.23,0.031191283836960793
2024-09-18,301023.SZ,33.9,0.03030969575047493
2024-09-18,688525.SH,41.13,0.02968047559261322
2024-09-18,300034.SZ,13.0,0.02876780554652214
2024-09-18,002367.SZ,5.26,0.028018757700920105
2024-09-18,000429.SZ,11.12,0.028018753975629807
2024-09-18,002637.SZ,7.75,0.028018753975629807
2024-09-18,688607.SH,10.04,0.028018753975629807
2024-09-19,002222.SZ,21.91,0.04319964721798897
2024-09-19,000710.SZ,7.14,0.034711919724941254
2024-09-19,002637.SZ,7.93,0.034711919724941254
2024-09-19,002709.SZ,13.38,0.034711919724941254
2024-09-19,600021.SH,8.19,0.034711919724941254
2024-09-19,600011.SH,6.54,0.034711919724941254
2024-09-19,301120.SZ,7.7,0.034711919724941254
2024-09-19,301459.SZ,32.07,0.034314438700675964
2024-09-19,688092.SH,17.27,0.033020250499248505
2024-09-19,688525.SH,41.75,0.02968047559261322
2024-09-19,603711.SH,10.67,0.0287790447473526
2024-09-19,600352.SH,8.98,0.028018757700920105
2024-09-19,002367.SZ,5.43,0.028018757700920105
2024-09-19,688609.SH,8.05,0.028018757700920105
2024-09-19,000990.SZ,6.41,0.028018753975629807
2024-09-20,603711.SH,10.54,0.03830663114786148
2024-09-20,301120.SZ,7.62,0.034711919724941254
2024-09-20,688455.SH,8.06,0.03465653955936432
2024-09-20,301105.SZ,22.54,0.034301064908504486
2024-09-20,603228.SH,22.99,0.034217990934848785
2024-09-20,688092.SH,17.1,0.033020250499248505
2024-09-20,688351.SH,16.8,0.033020250499248505
2024-09-20,300623.SZ,17.05,0.03271140158176422
2024-09-20,002222.SZ,21.97,0.03271140158176422
2024-09-20,688525.SH,40.8,0.02968047559261322
2024-09-20,603829.SH,13.15,0.028018753975629807
2024-09-20,002709.SZ,12.96,0.028018753975629807
2024-09-20,603758.SH,6.64,0.028018753975629807
2024-09-20,000429.SZ,10.91,0.028018753975629807
2024-09-20,688607.SH,10.14,0.028018753975629807
2024-09-23,000710.SZ,7.13,0.034711919724941254
2024-09-23,002449.SZ,6.67,0.034711919724941254
2024-09-23,301120.SZ,7.55,0.034711919724941254
2024-09-23,920718.BJ,8.33,0.034711919724941254
2024-09-23,688455.SH,8.1,0.034704431891441345
2024-09-23,301023.SZ,32.68,0.03428565338253975
2024-09-23,603228.SH,22.86,0.034218043088912964
2024-09-23,688351.SH,16.45,0.033020250499248505
2024-09-23,002222.SZ,22.1,0.033020250499248505
2024-09-23,688525.SH,40.4,0.02968047559261322
2024-09-23,002788.SZ,7.14,0.028018757700920105
2024-09-23,600352.SH,8.89,0.028018753975629807
2024-09-23,002248.SZ,5.93,0.028018753975629807
2024-09-23,000990.SZ,6.4,0.028018753975629807
2024-09-23,003003.SZ,7.38,0.028018753975629807
2024-09-24,603927.SH,16.94,0.04319964721798897
2024-09-24,001211.SZ,14.73,0.038304999470710754
2024-09-24,000990.SZ,6.69,0.034711919724941254
2024-09-24,920718.BJ,8.49,0.034711919724941254
2024-09-24,003003.SZ,7.58,0.034711919724941254
2024-09-24,002449.SZ,6.81,0.034711915999650955
2024-09-24,688455.SH,8.32,0.03471091017127037
2024-09-24,002281.SZ,28.0,0.034158289432525635
2024-09-24,688351.SH,17.43,0.033020250499248505
2024-09-24,002222.SZ,22.71,0.033020250499248505
2024-09-24,688525.SH,43.76,0.02968047559261322
2024-09-24,300800.SZ,8.93,0.02876799739897251
2024-09-24,600352.SH,9.15,0.028018753975629807
2024-09-24,600021.SH,8.63,0.028018753975629807
2024-09-24,000710.SZ,7.32,0.028018753975629807
2024-09-25,688525.SH,44.2,0.045386217534542084
2024-09-25,000025.SZ,14.25,0.038304999470710754
2024-09-25,688776.SH,39.2,0.03431684523820877
2024-09-25,301459.SZ,33.16,0.03429613262414932
2024-09-25,603228.SH,24.32,0.03421805053949356
2024-09-25,688592.SH,30.45,0.034158289432525635
2024-09-25,603160.SH,57.78,0.034158289432525635
2024-09-25,300820.SZ,36.88,0.033020250499248505
2024-09-25,688100.SH,35.08,0.033020250499248505
2024-09-25,605358.SH,19.57,0.033020250499248505
2024-09-25,688363.SH,49.08,0.033020250499248505
2024-09-25,002281.SZ,28.13,0.033020250499248505
2024-09-25,300124.SZ,48.01,0.031981032341718674
2024-09-25,002222.SZ,22.68,0.029589209705591202
2024-09-25,002449.SZ,6.83,0.028018753975629807
2024-09-26,688525.SH,47.2,0.04607301205396652
2024-09-26,300207.SZ,16.89,0.03830500692129135
2024-09-26,300034.SZ,14.17,0.038304999470710754
2024-09-26,002393.SZ,15.72,0.038304999470710754
2024-09-26,301459.SZ,34.23,0.03429613262414932
2024-09-26,688592.SH,31.1,0.03429613262414932
2024-09-26,603228.SH,24.97,0.03421805426478386
2024-09-26,002281.SZ,29.16,0.034158289432525635
2024-09-26,688363.SH,53.72,0.034158289432525635
2024-09-26,300820.SZ,37.85,0.034158289432525635
2024-09-26,603160.SH,60.2,0.034158289432525635
2024-09-26,688776.SH,40.99,0.03352336212992668
2024-09-26,300698.SZ,32.92,0.03302183374762535
2024-09-26,600131.SH,17.8,0.033020250499248505
2024-09-26,605358.SH,20.54,0.033020250499248505
2024-09-27,688525.SH,50.5,0.04285517334938049
2024-09-27,300034.SZ,15.03,0.038304999470710754
2024-09-27,002281.SZ,30.77,0.035101380199193954
2024-09-27,603228.SH,26.42,0.03431730344891548
2024-09-27,301023.SZ,36.87,0.034314438700675964
2024-09-27,301459.SZ,36.27,0.034314438700675964
2024-09-27,688592.SH,33.06,0.034314438700675964
2024-09-27,300820.SZ,40.63,0.03429613262414932
2024-09-27,300698.SZ,34.69,0.034158315509557724
2024-09-27,002222.SZ,24.42,0.0337371900677681
2024-09-27,600131.SH,18.35,0.033020250499248505
2024-09-27,300712.SZ,21.34,0.033020250499248505
2024-09-27,605358.SH,21.99,0.033020250499248505
2024-09-27,300124.SZ,54.3,0.03198430687189102
2024-09-27,688100.SH,37.8,0.031165650114417076
2024-09-30,002393.SZ,17.68,0.04463580250740051
2024-09-30,003008.SZ,18.83,0.04463580250740051
2024-09-30,002222.SZ,26.79,0.042016949504613876
2024-09-30,600131.SH,19.7,0.033020250499248505
2024-09-30,600060.SH,22.38,0.033020250499248505
2024-09-30,002281.SZ,33.61,0.029648762196302414
2024-09-30,603829.SH,14.94,0.023542175069451332
2024-09-30,605020.SH,18.87,0.023542145267128944
2024-09-30,603228.SH,28.85,0.019827885553240776
2024-09-30,001211.SZ,17.09,0.019091691821813583
2024-09-30,002046.SZ,11.45,0.011757533997297287
2024-09-30,002248.SZ,7.08,0.011757533997297287
2024-09-30,600021.SH,9.67,0.011740617454051971
2024-09-30,002449.SZ,7.94,0.011740610003471375
2024-09-30,600352.SH,10.52,0.011740610003471375
2024-10-08,600060.SH,22.01,0.042016949504613876
2024-10-08,603228.SH,30.92,0.03431730344891548
2024-10-08,688633.SH,23.8,0.033020250499248505
2024-10-08,600420.SH,14.14,0.028018753975629807
2024-10-08,603787.SH,11.95,0.028018753975629807
2024-10-08,688607.SH,14.27,0.028018753975629807
2024-10-08,688092.SH,24.94,0.023542145267128944
2024-10-08,600131.SH,19.74,0.022436773404479027
2024-10-08,601012.SH,19.28,0.020269105210900307
2024-10-08,300374.SZ,18.42,0.019091691821813583
2024-10-08,003008.SZ,19.9,0.01780114881694317
2024-10-08,605020.SH,20.15,0.01726166531443596
2024-10-08,605288.SH,37.51,0.01536631677299738
2024-10-08,000422.SZ,14.85,0.015010581351816654
2024-10-08,603829.SH,16.06,0.01203124225139618
2024-10-09,688525.SH,72.41,0.04592661187052727
2024-10-09,600060.SH,20.39,0.04068797081708908
2024-10-09,603699.SH,21.99,0.04068797081708908
2024-10-09,002222.SZ,28.01,0.04068797081708908
2024-10-09,605358.SH,27.13,0.033020250499248505
2024-10-09,300698.SZ,44.2,0.029589209705591202
2024-10-09,605288.SH,34.36,0.022458868101239204
2024-10-09,603829.SH,14.65,0.020314861088991165
2024-10-09,603160.SH,83.6,0.01927858777344227
2024-10-09,688100.SH,46.06,0.019238963723182678
2024-10-09,003008.SZ,18.24,0.01726166531443596
2024-10-09,605020.SH,18.54,0.017186252400279045
2024-10-09,603927.SH,23.12,0.01717245578765869
2024-10-09,002046.SZ,11.45,0.01650979556143284
2024-10-09,600420.SH,13.62,0.015238462947309017
2024-10-10,688351.SH,20.12,0.04319964721798897
2024-10-10,603228.SH,27.6,0.04068797081708908
2024-10-10,688592.SH,41.37,0.03431691229343414
2024-10-10,688776.SH,51.29,0.03352343291044235
2024-10-10,301105.SZ,27.95,0.033020250499248505
2024-10-10,300820.SZ,46.25,0.031981032341718674
2024-10-10,688363.SH,64.98,0.03195679932832718
2024-10-10,920982.BJ,219.6,0.03119128756225109
2024-10-10,301023.SZ,42.58,0.030661428347229958
2024-10-10,600060.SH,20.29,0.029589209705591202
2024-10-10,605288.SH,34.46,0.028743136674165726
2024-10-10,300207.SZ,22.31,0.02559279277920723
2024-10-10,688525.SH,66.38,0.02458455227315426
2024-10-10,688633.SH,22.14,0.02395687624812126
2024-10-10,300124.SZ,63.02,0.023937303572893143
2024-10-11,688633.SH,22.6,0.045897942036390305
2024-10-11,688418.SH,18.81,0.04319964721798897
2024-10-11,688092.SH,20.81,0.04068797081708908
2024-10-11,603699.SH,20.95,0.039606720209121704
2024-10-11,002222.SZ,25.99,0.039606720209121704
2024-10-11,688525.SH,61.01,0.03483038395643234
2024-10-11,605020.SH,17.48,0.03431669995188713
2024-10-11,003008.SZ,17.8,0.03431669995188713
2024-10-11,603228.SH,26.45,0.03362715616822243
2024-10-11,688776.SH,47.93,0.031984809786081314
2024-10-11,300820.SZ,43.18,0.03198430687189102
2024-10-11,301023.SZ,39.84,0.03066193126142025
2024-10-11,002281.SZ,30.6,0.030425017699599266
2024-10-11,605288.SH,33.06,0.03030969575047493
2024-10-11,603829.SH,15.29,0.028018753975629807
2024-10-14,688525.SH,65.47,0.042617976665496826
2024-10-14,688418.SH,19.48,0.0421077124774456
2024-10-14,300207.SZ,21.52,0.039606720209121704
2024-10-14,605020.SH,17.67,0.03431669995188713
2024-10-14,300820.SZ,45.72,0.03198475390672684
2024-10-14,688592.SH,40.2,0.03177645429968834
2024-10-14,920982.BJ,220.5,0.031378451734781265
2024-10-14,605288.SH,33.63,0.0312430951744318
2024-10-14,688776.SH,49.25,0.031191283836960793
2024-10-14,002281.SZ,33.13,0.031165650114417076
2024-10-14,688363.SH,61.31,0.031051432713866234
2024-10-14,300124.SZ,58.91,0.031036464497447014
2024-10-14,688100.SH,43.34,0.030425017699599266
2024-10-14,301105.SZ,28.08,0.029589209705591202
2024-10-14,688092.SH,21.48,0.029589209705591202
2024-10-15,605338.SH,15.22,0.03618530184030533
2024-10-15,002393.SZ,16.87,0.03431669995188713
2024-10-15,688092.SH,21.47,0.03431669995188713
2024-10-15,603228.SH,26.72,0.03428851068019867
2024-10-15,688525.SH,63.4,0.034121543169021606
2024-10-15,300820.SZ,45.46,0.03198481351137161
2024-10-15,688592.SH,40.19,0.03195679932832718
2024-10-15,920982.BJ,224.0,0.03127296641469002
2024-10-15,688363.SH,58.66,0.0312283206731081
2024-10-15,300124.SZ,57.06,0.03122630901634693
2024-10-15,688776.SH,48.11,0.031191280111670494
2024-10-15,603699.SH,21.61,0.031165650114417076
2024-10-15,603160.SH,84.16,0.03115852363407612
2024-10-15,301105.SZ,27.86,0.031089982017874718
2024-10-15,002222.SZ,25.79,0.029648762196302414
2024-10-16,300207.SZ,21.19,0.039606720209121704
2024-10-16,605338.SH,15.21,0.03688422590494156
2024-10-16,688455.SH,9.44,0.03618530184030533
2024-10-16,001211.SZ,16.49,0.03431669995188713
2024-10-16,601012.SH,15.93,0.03431669995188713
2024-10-16,605020.SH,17.11,0.0335850864648819
2024-10-16,300820.SZ,47.38,0.03198482096195221
2024-10-16,688592.SH,39.98,0.031981032341718674
2024-10-16,688525.SH,61.8,0.03143494576215744
2024-10-16,301105.SZ,28.0,0.031283240765333176
2024-10-16,688363.SH,57.44,0.031254176050424576
2024-10-16,688776.SH,48.97,0.031191283836960793
2024-10-16,920982.BJ,224.97,0.030548585578799248
2024-10-16,300124.SZ,55.66,0.030526218935847282
2024-10-16,002281.SZ,31.47,0.030425017699599266
2024-10-17,688633.SH,23.51,0.039427775889635086
2024-10-17,000025.SZ,15.63,0.03688422590494156
2024-10-17,688351.SH,18.24,0.03517704829573631
2024-10-17,002046.SZ,11.11,0.03465653955936432
2024-10-17,600131.SH,17.87,0.03431669995188713
2024-10-17,688607.SH,12.33,0.034299105405807495
2024-10-17,002222.SZ,25.96,0.0337371900677681
2024-10-17,002393.SZ,16.75,0.0335850864648819
2024-10-17,601012.SH,15.61,0.03320736810564995
2024-10-17,600060.SH,18.65,0.03302065283060074
2024-10-17,301459.SZ,38.7,0.03132501244544983
2024-10-17,301023.SZ,44.32,0.0313132144510746
2024-10-17,301105.SZ,28.17,0.03130916506052017
2024-10-17,688776.SH,50.78,0.03119129128754139
2024-10-17,603160.SH,83.1,0.031036464497447014
2024-10-18,605288.SH,34.21,0.03940240293741226
2024-10-18,000429.SZ,10.88,0.034704431891441345
2024-10-18,600131.SH,18.19,0.03431724011898041
2024-10-18,688351.SH,18.73,0.03431724011898041
2024-10-18,300034.SZ,17.4,0.03431669995188713
2024-10-18,603699.SH,22.18,0.03430682420730591
2024-10-18,300207.SZ,22.41,0.03387819230556488
2024-10-18,605358.SH,25.33,0.03387819230556488
2024-10-18,002393.SZ,17.07,0.03309745341539383
2024-10-18,601012.SH,16.45,0.033045731484889984
2024-10-18,605020.SH,17.15,0.03303070738911629
2024-10-18,600060.SH,19.02,0.03302078694105148
2024-10-18,301023.SZ,45.0,0.03203095123171806
2024-10-18,688592.SH,41.38,0.03131313621997833
2024-10-18,301105.SZ,28.58,0.031312666833400726
2024-10-21,688351.SH,19.29,0.04322323575615883
2024-10-21,300124.SZ,58.0,0.04111836478114128
2024-10-21,688092.SH,23.0,0.03961566090583801
2024-10-21,300207.SZ,22.72,0.039606720209121704
2024-10-21,301105.SZ,28.78,0.03960670530796051
2024-10-21,002222.SZ,28.78,0.039427775889635086
2024-10-21,688633.SH,24.04,0.039427775889635086
2024-10-21,300712.SZ,24.38,0.039427775889635086
2024-10-21,605288.SH,34.1,0.03939902409911156
2024-10-21,688100.SH,42.73,0.03919642046093941
2024-10-21,000025.SZ,16.52,0.038385991007089615
2024-10-21,605358.SH,26.3,0.037832021713256836
2024-10-21,603699.SH,21.83,0.03431588038802147
2024-10-21,003008.SZ,18.61,0.03429741412401199
2024-10-21,002281.SZ,37.1,0.0342397503554821
2024-10-22,688351.SH,20.34,0.040697772055864334
2024-10-22,688100.SH,42.19,0.0401955172419548
2024-10-22,300207.SZ,22.93,0.039606720209121704
2024-10-22,688092.SH,23.02,0.03942897170782089
2024-10-22,688633.SH,23.32,0.039427775889635086
2024-10-22,600131.SH,19.15,0.03941170871257782
2024-10-22,300712.SZ,24.48,0.039402905851602554
2024-10-22,002222.SZ,28.12,0.039402905851602554
2024-10-22,605358.SH,26.44,0.03919642046093941
2024-10-22,603699.SH,22.7,0.0343167781829834
2024-10-22,003008.SZ,18.36,0.03429630398750305
2024-10-22,002281.SZ,37.95,0.03385679051280022
2024-10-22,002393.SZ,17.48,0.03302166238427162
2024-10-22,605338.SH,15.63,0.03302166238427162
2024-10-22,301312.SZ,48.15,0.03185102716088295
2024-10-23,688092.SH,22.67,0.03942793607711792
2024-10-23,300712.SZ,25.02,0.039402905851602554
2024-10-23,002222.SZ,27.79,0.039402905851602554
2024-10-23,002281.SZ,37.31,0.03940283879637718
2024-10-23,603699.SH,22.5,0.03431688994169235
2024-10-23,603228.SH,27.71,0.03389979526400566
2024-10-23,605288.SH,33.94,0.03387819230556488
2024-10-23,605338.SH,15.69,0.033020440489053726
2024-10-23,002393.SZ,17.37,0.033020440489053726
2024-10-23,600060.SH,19.44,0.033020250499248505
2024-10-23,600131.SH,18.76,0.032576560974121094
2024-10-23,301023.SZ,47.1,0.03203095123171806
2024-10-23,688363.SH,60.42,0.03125594183802605
2024-10-23,301459.SZ,39.72,0.031034117564558983
2024-10-23,301105.SZ,29.18,0.030630098655819893
2024-10-24,688351.SH,20.79,0.03960688039660454
2024-10-24,300712.SZ,24.57,0.03939953073859215
2024-10-24,688418.SH,21.56,0.03939907252788544
2024-10-24,002281.SZ,37.05,0.03939902409911156
2024-10-24,603228.SH,27.62,0.03426097705960274
2024-10-24,002393.SZ,17.49,0.033020276576280594
2024-10-24,605338.SH,15.57,0.033020276576280594
2024-10-24,600060.SH,18.78,0.03271140158176422
2024-10-24,301312.SZ,46.6,0.03130916506052017
2024-10-24,688363.SH,59.7,0.03125594183802605
2024-10-24,920982.BJ,230.2,0.03125590831041336
2024-10-24,688100.SH,40.98,0.031252171844244
2024-10-24,603160.SH,89.36,0.03122599981725216
2024-10-24,301023.SZ,45.96,0.03119128756225109
2024-10-24,301459.SZ,39.4,0.031165650114417076
2024-10-25,000050.SZ,8.19,0.03471190109848976
2024-10-25,688455.SH,9.99,0.03471190109848976
2024-10-25,600420.SH,12.31,0.03471091017127037
2024-10-25,601398.SH,6.12,0.03465653955936432
2024-10-25,600021.SH,9.3,0.03465653955936432
2024-10-25,603699.SH,23.23,0.034316908568143845
2024-10-25,300034.SZ,17.97,0.03431669995188713
2024-10-25,688776.SH,62.91,0.03127296641469002
2024-10-25,920982.BJ,235.04,0.03125590831041336
2024-10-25,688592.SH,39.33,0.0312283206731081
2024-10-25,301105.SZ,29.86,0.03119082562625408
2024-10-25,605358.SH,26.91,0.031165650114417076
2024-10-25,002281.SZ,36.76,0.031034430488944054
2024-10-25,300712.SZ,25.86,0.030999260023236275
2024-10-25,300207.SZ,23.4,0.030999260023236275
2024-10-28,300820.SZ,49.68,0.041121721267700195
2024-10-28,301105.SZ,30.4,0.039606720209121704
2024-10-28,300207.SZ,23.26,0.039427775889635086
2024-10-28,300712.SZ,25.35,0.039399076253175735
2024-10-28,300034.SZ,17.87,0.03764563053846359
2024-10-28,603699.SH,24.75,0.03431691229343414
2024-10-28,300374.SZ,19.52,0.03431669995188713
2024-10-28,300922.SZ,16.39,0.03431669995188713
2024-10-28,605288.SH,34.89,0.03431588038802147
2024-10-28,688092.SH,23.4,0.0342397578060627
2024-10-28,688633.SH,23.54,0.03410150110721588
2024-10-28,002393.SZ,17.98,0.033020246773958206
2024-10-28,603927.SH,21.92,0.032574985176324844
2024-10-28,688100.SH,41.93,0.031258724629879
2024-10-28,688363.SH,61.18,0.03125594183802605
2024-10-29,603228.SH,25.72,0.039606720209121704
2024-10-29,300712.SZ,24.7,0.039399076253175735
2024-10-29,300374.SZ,18.57,0.03517704829573631
2024-10-29,605288.SH,34.19,0.03431710600852966
2024-10-29,688092.SH,22.88,0.03430682420730591
2024-10-29,688633.SH,23.21,0.034150611609220505
2024-10-29,605358.SH,26.07,0.0338994562625885
2024-10-29,300034.SZ,17.24,0.0335850864648819
2024-10-29,002393.SZ,17.58,0.033020250499248505
2024-10-29,603927.SH,21.64,0.032960280776023865
2024-10-29,600060.SH,19.83,0.03271140158176422
2024-10-29,301023.SZ,46.3,0.03203095123171806
2024-10-29,688592.SH,40.77,0.03125767409801483
2024-10-29,688363.SH,59.2,0.03125594183802605
2024-10-29,300698.SZ,43.76,0.03125536069273949
2024-10-30,688592.SH,39.7,0.04050959274172783
2024-10-30,603699.SH,23.02,0.039606720209121704
2024-10-30,301459.SZ,40.76,0.039398495107889175
2024-10-30,605288.SH,33.92,0.03431727737188339
2024-10-30,688092.SH,22.49,0.03431341424584389
2024-10-30,688418.SH,21.72,0.03387819230556488
2024-10-30,603228.SH,25.8,0.0337371900677681
2024-10-30,688351.SH,20.1,0.0337371900677681
2024-10-30,002393.SZ,17.19,0.033020250499248505
2024-10-30,603927.SH,21.94,0.033012136816978455
2024-10-30,300034.SZ,16.92,0.031861811876297
2024-10-30,300374.SZ,18.72,0.03161009028553963
2024-10-30,688776.SH,56.8,0.031258221715688705
2024-10-30,688100.SH,40.18,0.031256213784217834
2024-10-30,603160.SH,91.28,0.03125589340925217
2024-10-31,301459.SZ,41.83,0.04039326682686806
2024-10-31,002709.SZ,18.92,0.03688422590494156
2024-10-31,300989.SZ,13.21,0.034711919724941254
2024-10-31,688092.SH,21.55,0.03431430459022522
2024-10-31,603228.SH,25.85,0.0342397503554821
2024-10-31,688418.SH,22.85,0.0342397503554821
2024-10-31,688351.SH,19.83,0.03410150110721588
2024-10-31,605358.SH,26.59,0.03389979526400566
2024-10-31,688633.SH,23.14,0.0337371900677681
2024-10-31,300034.SZ,17.18,0.03303070738911629
2024-10-31,600060.SH,22.33,0.033020250499248505
2024-10-31,603927.SH,22.28,0.03301915153861046
2024-10-31,301105.SZ,29.8,0.03196675702929497
2024-10-31,301312.SZ,48.85,0.0313132144510746
2024-10-31,688363.SH,59.88,0.03125594183802605
2024-11-01,600060.SH,21.93,0.04068797081708908
2024-11-01,300698.SZ,47.2,0.0405355840921402
2024-11-01,002709.SZ,18.35,0.04008667543530464
2024-11-01,688092.SH,20.02,0.039427775889635086
2024-11-01,688418.SH,23.62,0.039399076253175735
2024-11-01,300989.SZ,12.3,0.034711919724941254
2024-11-01,603228.SH,25.5,0.03428851068019867
2024-11-01,688633.SH,23.03,0.0342397503554821
2024-11-01,300374.SZ,21.05,0.03411216288805008
2024-11-01,603699.SH,22.58,0.03410150110721588
2024-11-01,688100.SH,38.42,0.03389984369277954
2024-11-01,301312.SZ,44.41,0.03382432833313942
2024-11-01,300207.SZ,21.7,0.0337371900677681
2024-11-01,605288.SH,32.62,0.03352344036102295
2024-11-01,300034.SZ,16.56,0.03302166238427162
2024-11-04,688092.SH,20.46,0.039427775889635086
2024-11-04,300374.SZ,20.46,0.03940410166978836
2024-11-04,688418.SH,24.99,0.039399076253175735
2024-11-04,600011.SH,7.21,0.034711919724941254
2024-11-04,605288.SH,33.3,0.03431730344891548
2024-11-04,603699.SH,23.84,0.03428851068019867
2024-11-04,688633.SH,23.49,0.03428851068019867
2024-11-04,688100.SH,39.35,0.03426098823547363
2024-11-04,688351.SH,20.5,0.03415725380182266
2024-11-04,300207.SZ,22.23,0.03410150110721588
2024-11-04,605358.SH,25.8,0.03389983996748924
2024-11-04,603927.SH,21.67,0.032574985176324844
2024-11-04,301105.SZ,30.3,0.03131313621997833
2024-11-04,300698.SZ,48.15,0.03125594183802605
2024-11-04,688592.SH,38.61,0.03119128756225109
2024-11-05,300124.SZ,60.8,0.040962737053632736
2024-11-05,300698.SZ,47.86,0.04053569585084915
2024-11-05,688418.SH,26.07,0.039399076253175735
2024-11-05,600011.SH,7.27,0.034711915999650955
2024-11-05,688609.SH,12.64,0.03471190109848976
2024-11-05,000011.SZ,9.81,0.03471091017127037
2024-11-05,600721.SH,7.41,0.03471091017127037
2024-11-05,688351.SH,20.99,0.03415815532207489
2024-11-05,600060.SH,21.85,0.0337371900677681
2024-11-05,301105.SZ,30.7,0.031191283836960793
2024-11-05,603699.SH,23.79,0.03118782676756382
2024-11-05,688776.SH,66.27,0.030530577525496483
2024-11-05,002281.SZ,45.73,0.030291395261883736
2024-11-05,300374.SZ,21.97,0.02964899130165577
2024-11-05,688092.SH,21.24,0.029648762196302414
2024-11-06,300034.SZ,18.0,0.0421077124774456
2024-11-06,600131.SH,23.86,0.042016949504613876
2024-11-06,300124.SZ,59.9,0.03956814482808113
2024-11-06,605288.SH,35.22,0.039427775889635086
2024-11-06,000025.SZ,18.41,0.03674473240971565
2024-11-06,001211.SZ,18.35,0.03674473240971565
2024-11-06,002222.SZ,32.86,0.034670598804950714
2024-11-06,605358.SH,27.0,0.03430967777967453
2024-11-06,600060.SH,21.15,0.0342397503554821
2024-11-06,603228.SH,26.15,0.034214526414871216
2024-11-06,688351.SH,20.97,0.03415827453136444
2024-11-06,300207.SZ,23.4,0.03415725380182266
2024-11-06,603699.SH,23.88,0.03389692306518555
2024-11-06,601012.SH,19.21,0.03296184539794922
2024-11-06,002709.SZ,20.68,0.03258669376373291
2024-11-07,300034.SZ,18.05,0.0421077124774456
2024-11-07,300207.SZ,23.77,0.04068797081708908
2024-11-07,605288.SH,35.98,0.039402905851602554
2024-11-07,001211.SZ,18.68,0.03431669995188713
2024-11-07,603228.SH,26.53,0.034314438700675964
2024-11-07,600060.SH,21.3,0.03428851068019867
2024-11-07,688351.SH,21.57,0.034158285707235336
2024-11-07,301105.SZ,31.3,0.03389985114336014
2024-11-07,688100.SH,41.35,0.03389984369277954
2024-11-07,000025.SZ,18.45,0.03368804231286049
2024-11-07,601012.SH,19.18,0.03301234915852547
2024-11-07,688363.SH,65.62,0.031258221715688705
2024-11-07,603160.SH,94.39,0.03125590831041336
2024-11-07,002281.SZ,45.29,0.031251899898052216
2024-11-07,300623.SZ,42.07,0.03122599609196186
2024-11-08,605338.SH,17.29,0.04319964721798897
2024-11-08,603927.SH,25.67,0.039606720209121704
2024-11-08,002709.SZ,22.01,0.03942793607711792
2024-11-08,605288.SH,35.22,0.039402905851602554
2024-11-08,603228.SH,26.86,0.03431444615125656
2024-11-08,600060.SH,21.8,0.03429510071873665
2024-11-08,688351.SH,21.38,0.034158285707235336
2024-11-08,001211.SZ,18.47,0.03320736810564995
2024-11-08,601012.SH,19.23,0.03301917761564255
2024-11-08,300207.SZ,23.6,0.032574985176324844
2024-11-08,920982.BJ,238.99,0.03125590831041336
2024-11-08,605358.SH,28.42,0.03119128756225109
2024-11-08,603160.SH,93.0,0.03119128756225109
2024-11-08,688592.SH,42.1,0.03119128756225109
2024-11-08,300698.SZ,44.5,0.031191272661089897
2024-11-11,688633.SH,28.42,0.042016949504613876
2024-11-11,301023.SZ,57.83,0.03972882777452469
2024-11-11,300034.SZ,18.93,0.039606720209121704
2024-11-11,603699.SH,23.77,0.039606720209121704
2024-11-11,603927.SH,27.21,0.039606720209121704
2024-11-11,688418.SH,35.4,0.03939953073859215
2024-11-11,300922.SZ,16.98,0.038304999470710754
2024-11-11,603228.SH,28.1,0.03431691229343414
2024-11-11,600060.SH,21.33,0.03429599106311798
2024-11-11,688351.SH,21.8,0.034158289432525635
2024-11-11,001211.SZ,19.18,0.033045731484889984
2024-11-11,601012.SH,20.02,0.033020105212926865
2024-11-11,688525.SH,71.0,0.0313132144510746
2024-11-11,605358.SH,29.85,0.0313132144510746
2024-11-11,688592.SH,44.71,0.03127296641469002
2024-11-12,688633.SH,27.68,0.04068797081708908
2024-11-12,688092.SH,23.43,0.04068797081708908
2024-11-12,688592.SH,43.22,0.040561504662036896
2024-11-12,300820.SZ,65.86,0.0405614972114563
2024-11-12,603927.SH,25.73,0.039606720209121704
2024-11-12,300712.SZ,26.26,0.039427775889635086
2024-11-12,002709.SZ,23.08,0.03940292447805405
2024-11-12,300922.SZ,16.57,0.038304999470710754
2024-11-12,002222.SZ,35.83,0.038182731717824936
2024-11-12,688418.SH,32.56,0.03632310777902603
2024-11-12,920779.BJ,34.91,0.034668032079935074
2024-11-12,301105.SZ,31.58,0.03431626409292221
2024-11-12,600060.SH,21.16,0.03429611027240753
2024-11-12,688351.SH,22.1,0.034158289432525635
2024-11-12,601012.SH,20.1,0.033020228147506714
2024-11-13,300207.SZ,24.61,0.04068797081708908
2024-11-13,688092.SH,23.67,0.04068797081708908
2024-11-13,000025.SZ,18.84,0.03940306603908539
2024-11-13,688418.SH,33.12,0.039399076253175735
2024-11-13,688633.SH,28.43,0.03839777410030365
2024-11-13,301105.SZ,32.07,0.03431716561317444
2024-11-13,600060.SH,21.98,0.034296128898859024
2024-11-13,688351.SH,21.75,0.034158289432525635
2024-11-13,603228.SH,27.72,0.03389979526400566
2024-11-13,301312.SZ,55.3,0.03203095123171806
2024-11-13,688363.SH,65.25,0.03125621750950813
2024-11-13,300698.SZ,44.65,0.03119128756225109
2024-11-13,688592.SH,43.07,0.03119128756225109
2024-11-13,688525.SH,68.02,0.03119128756225109
2024-11-13,605358.SH,29.38,0.03119128756225109
2024-11-14,300712.SZ,31.72,0.039402905851602554
2024-11-14,600060.SH,22.57,0.03429613262414932
2024-11-14,603228.SH,26.6,0.034260936081409454
2024-11-14,300374.SZ,21.69,0.034150611609220505
2024-11-14,600131.SH,23.39,0.0337371900677681
2024-11-14,000025.SZ,18.3,0.032575011253356934
2024-11-14,301312.SZ,52.06,0.03198482096195221
2024-11-14,920950.BJ,22.15,0.03161009028553963
2024-11-14,301105.SZ,30.92,0.03119128756225109
2024-11-14,002281.SZ,47.71,0.03119128756225109
2024-11-14,688363.SH,62.5,0.03119128756225109
2024-11-14,688776.SH,64.16,0.03119128756225109
2024-11-14,301459.SZ,42.19,0.031191283836960793
2024-11-14,300820.SZ,59.9,0.031034430488944054
2024-11-14,688418.SH,32.8,0.030999260023236275
2024-11-15,920950.BJ,21.6,0.04210297390818596
2024-11-15,000422.SZ,13.9,0.038952142000198364
2024-11-15,000710.SZ,9.46,0.03471178188920021
2024-11-15,000856.SZ,7.7,0.034704431891441345
2024-11-15,600336.SH,7.5,0.03465653955936432
2024-11-15,300374.SZ,21.78,0.03415725380182266
2024-11-15,301105.SZ,30.44,0.03389984369277954
2024-11-15,600060.SH,21.6,0.033020250499248505
2024-11-15,301312.SZ,50.91,0.0313132144510746
2024-11-15,002709.SZ,21.75,0.030999260023236275
2024-11-15,688418.SH,31.65,0.030500518158078194
2024-11-15,300820.SZ,57.73,0.030498361214995384
2024-11-15,688092.SH,22.55,0.029649214819073677
2024-11-15,300207.SZ,23.99,0.029648851603269577
2024-11-15,688633.SH,26.61,0.0288658756762743
2024-11-18,600336.SH,7.16,0.035034917294979095
2024-11-18,000011.SZ,9.34,0.034711919724941254
2024-11-18,300698.SZ,38.85,0.03430968523025513
2024-11-18,605358.SH,25.9,0.03430968150496483
2024-11-18,300374.SZ,23.81,0.03415815532207489
2024-11-18,600131.SH,21.78,0.034150611609220505
2024-11-18,600060.SH,20.58,0.033020250499248505
2024-11-18,688092.SH,21.6,0.03257504478096962
2024-11-18,300207.SZ,23.43,0.03257499635219574
2024-11-18,301459.SZ,40.0,0.03119129128754139
2024-11-18,688418.SH,31.32,0.03118782676756382
2024-11-18,300820.SZ,58.94,0.03118782676756382
2024-11-18,002709.SZ,21.16,0.031165650114417076
2024-11-18,920950.BJ,22.12,0.029661167412996292
2024-11-18,000050.SZ,9.47,0.02963888831436634
2024-11-19,300374.SZ,22.94,0.039606720209121704
2024-11-19,920718.BJ,16.31,0.038385991007089615
2024-11-19,920779.BJ,49.96,0.0379817858338356
2024-11-19,000011.SZ,9.33,0.034711919724941254
2024-11-19,300712.SZ,27.66,0.03466837480664253
2024-11-19,605358.SH,27.29,0.03431626036763191
2024-11-19,600131.SH,21.83,0.03415725380182266
2024-11-19,000025.SZ,18.07,0.03301915153861046
2024-11-19,688092.SH,22.33,0.03296028822660446
2024-11-19,300207.SZ,24.24,0.032960280776023865
2024-11-19,688418.SH,31.95,0.03119082562625408
2024-11-19,688633.SH,26.22,0.031165650114417076
2024-11-19,300820.SZ,59.78,0.03053213842213154
2024-11-19,920950.BJ,21.85,0.02965044043958187
2024-11-19,003003.SZ,9.53,0.028018753975629807
2024-11-20,000011.SZ,9.61,0.034711919724941254
2024-11-20,600721.SH,7.27,0.034711919724941254
2024-11-20,002709.SZ,23.07,0.0342397503554821
2024-11-20,600131.SH,21.93,0.03415815532207489
2024-11-20,300034.SZ,17.21,0.03302009776234627
2024-11-20,300207.SZ,24.15,0.033012136816978455
2024-11-20,601801.SH,7.25,0.03149406611919403
2024-11-20,301459.SZ,41.05,0.03119128756225109
2024-11-20,300820.SZ,59.43,0.031191227957606316
2024-11-20,301120.SZ,10.32,0.03009413368999958
2024-11-20,920950.BJ,22.07,0.02964899130165577
2024-11-20,300374.SZ,23.51,0.029648762196302414
2024-11-20,000429.SZ,11.77,0.028018753975629807
2024-11-20,002788.SZ,8.8,0.028018753975629807
2024-11-20,000422.SZ,14.34,0.028018753975629807
2024-11-21,002393.SZ,18.65,0.04319964721798897
2024-11-21,300712.SZ,28.0,0.03629554435610771
2024-11-21,000856.SZ,7.9,0.034711919724941254
2024-11-21,000429.SZ,11.8,0.034711919724941254
2024-11-21,301105.SZ,31.15,0.03431715443730354
2024-11-21,002709.SZ,24.4,0.03428851068019867
2024-11-21,688633.SH,26.83,0.0342397503554821
2024-11-21,300374.SZ,22.86,0.032574985176324844
2024-11-21,688418.SH,33.23,0.031191227957606316
2024-11-21,002449.SZ,8.55,0.028018757700920105
2024-11-21,600721.SH,7.23,0.028018753975629807
2024-11-21,300800.SZ,11.23,0.028018753975629807
2024-11-21,600352.SH,10.42,0.028018753975629807
2024-11-21,002788.SZ,8.81,0.028018753975629807
2024-11-21,600011.SH,7.2,0.028018753975629807
2024-11-22,002709.SZ,23.78,0.039427775889635086
2024-11-22,002248.SZ,8.68,0.035041291266679764
2024-11-22,601398.SH,6.05,0.034711919724941254
2024-11-22,600011.SH,6.99,0.034711919724941254
2024-11-22,000856.SZ,7.66,0.034711915999650955
2024-11-22,000050.SZ,8.75,0.034704431891441345
2024-11-22,601801.SH,6.94,0.03465653955936432
2024-11-22,300124.SZ,58.24,0.03431728109717369
2024-11-22,301105.SZ,29.69,0.03431723266839981
2024-11-22,688776.SH,66.5,0.03431716561317444
2024-11-22,301312.SZ,49.03,0.034217920154333115
2024-11-22,300820.SZ,56.22,0.03119129128754139
2024-11-22,301459.SZ,38.8,0.03119128756225109
2024-11-22,920779.BJ,47.55,0.029919281601905823
2024-11-22,920950.BJ,22.66,0.02964876964688301
2024-11-25,300922.SZ,15.7,0.03830502927303314
2024-11-25,920779.BJ,51.53,0.03595323488116264
2024-11-25,002248.SZ,8.91,0.03471178188920021
2024-11-25,000050.SZ,8.67,0.03471091017127037
2024-11-25,301105.SZ,30.43,0.034317247569561005
2024-11-25,688633.SH,25.38,0.03429510071873665
2024-11-25,688418.SH,33.88,0.034260936081409454
2024-11-25,301459.SZ,39.52,0.03389984369277954
2024-11-25,600060.SH,20.24,0.033020250499248505
2024-11-25,688092.SH,22.08,0.033020228147506714
2024-11-25,603927.SH,22.41,0.033020228147506714
2024-11-25,300374.SZ,20.43,0.033012136816978455
2024-11-25,688776.SH,61.75,0.03127296641469002
2024-11-25,300820.SZ,55.97,0.03119128756225109
2024-11-25,002709.SZ,24.97,0.030999260023236275
2024-11-26,000050.SZ,8.64,0.03471178188920021
2024-11-26,688418.SH,35.45,0.03430962935090065
2024-11-26,600060.SH,18.97,0.033020250499248505
2024-11-26,920950.BJ,21.5,0.032574985176324844
2024-11-26,002393.SZ,17.7,0.03255493938922882
2024-11-26,688776.SH,59.37,0.030662009492516518
2024-11-26,002709.SZ,23.73,0.029648762196302414
2024-11-26,300193.SZ,9.0,0.028018757700920105
2024-11-26,600021.SH,9.41,0.028018753975629807
2024-11-26,600011.SH,6.88,0.028018753975629807
2024-11-26,300800.SZ,10.93,0.028018753975629807
2024-11-26,600352.SH,10.1,0.028018753975629807
2024-11-26,002449.SZ,8.5,0.028018753975629807
2024-11-26,000710.SZ,9.65,0.028018753975629807
2024-11-26,003003.SZ,9.91,0.028018753975629807
2024-11-27,600060.SH,19.17,0.04463580250740051
2024-11-27,600011.SH,6.96,0.038185007870197296
2024-11-27,301120.SZ,10.07,0.034711919724941254
2024-11-27,300737.SZ,5.36,0.034711919724941254
2024-11-27,002788.SZ,8.76,0.034711919724941254
2024-11-27,300193.SZ,9.17,0.034711919724941254
2024-11-27,601801.SH,7.07,0.03471178188920021
2024-11-27,002068.SZ,7.8,0.03471091017127037
2024-11-27,301105.SZ,30.4,0.034314438700675964
2024-11-27,601886.SH,5.45,0.0342998169362545
2024-11-27,002709.SZ,25.01,0.032574985176324844
2024-11-27,688418.SH,38.19,0.031191283836960793
2024-11-27,920779.BJ,45.85,0.029919281601905823
2024-11-27,003003.SZ,9.91,0.028018753975629807
2024-11-27,600352.SH,10.25,0.028018753975629807
2024-11-28,001211.SZ,20.96,0.04319964721798897
2024-11-28,003003.SZ,10.0,0.034711919724941254
2024-11-28,301105.SZ,30.67,0.03429613262414932
2024-11-28,603699.SH,23.94,0.034158289432525635
2024-11-28,688092.SH,22.75,0.033020250499248505
2024-11-28,600060.SH,18.8,0.033020250499248505
2024-11-28,002709.SZ,24.35,0.032960280776023865
2024-11-28,920779.BJ,44.05,0.030999260023236275
2024-11-28,002248.SZ,8.95,0.028018757700920105
2024-11-28,300737.SZ,5.37,0.028018757700920105
2024-11-28,600352.SH,10.19,0.028018753975629807
2024-11-28,301120.SZ,9.99,0.028018753975629807
2024-11-28,300193.SZ,9.27,0.028018753975629807
2024-11-28,000856.SZ,7.99,0.028018753975629807
2024-11-28,002788.SZ,8.82,0.028018753975629807
2024-11-29,000025.SZ,18.55,0.04319964721798897
2024-11-29,001211.SZ,21.1,0.039606720209121704
2024-11-29,600011.SH,6.97,0.038185007870197296
2024-11-29,601398.SH,6.15,0.034711919724941254
2024-11-29,603758.SH,8.85,0.03471190109848976
2024-11-29,600131.SH,22.22,0.034158289432525635
2024-11-29,688092.SH,23.44,0.033020250499248505
2024-11-29,600060.SH,19.26,0.033020250499248505
2024-11-29,920950.BJ,22.42,0.03301915153861046
2024-11-29,600721.SH,7.19,0.03288613259792328
2024-11-29,000990.SZ,8.23,0.03149406611919403
2024-11-29,688418.SH,33.1,0.03119129128754139
2024-11-29,920779.BJ,44.03,0.031165650114417076
2024-11-29,300193.SZ,9.51,0.028018753975629807
2024-11-29,002248.SZ,9.14,0.028018753975629807
2024-12-02,001211.SZ,20.8,0.039606720209121704
2024-12-02,688418.SH,32.15,0.039606720209121704
2024-12-02,300124.SZ,62.98,0.03431691229343414
2024-12-02,301023.SZ,52.38,0.034314438700675964
2024-12-02,002222.SZ,34.55,0.03429613262414932
2024-12-02,300698.SZ,39.62,0.034158289432525635
2024-12-02,600131.SH,22.15,0.034158289432525635
2024-12-02,002393.SZ,17.99,0.0330316498875618
2024-12-02,603927.SH,24.04,0.033020250499248505
2024-12-02,688092.SH,23.5,0.033020250499248505
2024-12-02,603699.SH,23.6,0.033020250499248505
2024-12-02,920950.BJ,24.45,0.03302009776234627
2024-12-02,300820.SZ,63.0,0.03119128756225109
2024-12-02,920779.BJ,46.01,0.03118782676756382
2024-12-02,301115.SZ,15.13,0.02876780554652214
2024-12-03,605338.SH,18.41,0.04319964721798897
2024-12-03,688100.SH,36.26,0.034158289432525635
2024-12-03,002222.SZ,34.68,0.034158289432525635
2024-12-03,002393.SZ,17.91,0.03302178904414177
2024-12-03,300207.SZ,23.65,0.033020250499248505
2024-12-03,688092.SH,23.66,0.033020250499248505
2024-12-03,920950.BJ,23.96,0.033020228147506714
2024-12-03,003008.SZ,19.85,0.03229052200913429
2024-12-03,300124.SZ,62.35,0.03119082562625408
2024-12-03,920779.BJ,47.59,0.03119082562625408
2024-12-03,301023.SZ,51.45,0.03118782676756382
2024-12-03,001211.SZ,20.53,0.029648762196302414
2024-12-03,301115.SZ,15.13,0.02876780554652214
2024-12-03,300800.SZ,11.52,0.028018753975629807
2024-12-03,000011.SZ,10.0,0.028018753975629807
2024-12-04,605338.SH,18.1,0.0421077124774456
2024-12-04,300712.SZ,28.68,0.03939953073859215
2024-12-04,000710.SZ,9.5,0.034711919724941254
2024-12-04,688455.SH,11.48,0.034299105405807495
2024-12-04,688633.SH,26.99,0.03429613262414932
2024-12-04,003008.SZ,19.5,0.03410150110721588
2024-12-04,002222.SZ,34.88,0.033020250499248505
2024-12-04,920950.BJ,23.12,0.03302024304866791
2024-12-04,300820.SZ,62.79,0.031378451734781265
2024-12-04,920779.BJ,45.27,0.031191227957606316
2024-12-04,001211.SZ,19.84,0.029648762196302414
2024-12-04,002788.SZ,8.73,0.028018753975629807
2024-12-04,000011.SZ,9.92,0.028018753975629807
2024-12-04,002068.SZ,8.03,0.028018753975629807
2024-12-04,002248.SZ,9.65,0.028018753975629807
2024-12-05,300338.SZ,4.64,0.034704431891441345
2024-12-05,688455.SH,11.94,0.03465653955936432
2024-12-05,688633.SH,26.42,0.034314438700675964
2024-12-05,301105.SZ,32.12,0.033020250499248505
2024-12-05,605288.SH,35.8,0.033020250499248505
2024-12-05,605338.SH,17.6,0.03193634748458862
2024-12-05,300820.SZ,64.39,0.0313132144510746
2024-12-05,300712.SZ,28.47,0.03029358759522438
2024-12-05,002637.SZ,10.88,0.02963888831436634
2024-12-05,000050.SZ,9.22,0.028018753975629807
2024-12-05,000011.SZ,9.83,0.028018753975629807
2024-12-05,002788.SZ,8.76,0.028018753975629807
2024-12-05,003003.SZ,10.09,0.028018753975629807
2024-12-05,000710.SZ,9.67,0.028018753975629807
2024-12-05,300800.SZ,11.7,0.028018753975629807
2024-12-06,600011.SH,7.13,0.038185007870197296
2024-12-06,002788.SZ,8.88,0.034711919724941254
2024-12-06,000856.SZ,8.43,0.034711919724941254
2024-12-06,600360.SH,4.95,0.034711915999650955
2024-12-06,300338.SZ,4.88,0.03471091017127037
2024-12-06,002637.SZ,10.8,0.03465653955936432
2024-12-06,301459.SZ,39.71,0.03429613262414932
2024-12-06,688633.SH,26.06,0.03429613262414932
2024-12-06,300712.SZ,28.2,0.0337371900677681
2024-12-06,300623.SZ,39.0,0.033020250499248505
2024-12-06,605338.SH,17.7,0.033020250499248505
2024-12-06,605288.SH,35.76,0.033020250499248505
2024-12-06,001211.SZ,20.16,0.032960280776023865
2024-12-06,000050.SZ,9.27,0.028018753975629807
2024-12-06,003003.SZ,10.27,0.028018753975629807
2024-12-09,300840.SZ,26.17,0.03942793607711792
2024-12-09,301312.SZ,49.0,0.034314438700675964
2024-12-09,301459.SZ,39.86,0.034158289432525635
2024-12-09,301105.SZ,32.47,0.03302024304866791
2024-12-09,920779.BJ,43.11,0.031191283836960793
2024-12-09,000856.SZ,8.39,0.028018753975629807
2024-12-09,000429.SZ,12.06,0.028018753975629807
2024-12-09,301120.SZ,10.31,0.028018753975629807
2024-12-09,300800.SZ,11.67,0.028018753975629807
2024-12-09,600011.SH,7.19,0.028018753975629807
2024-12-09,003003.SZ,10.43,0.028018753975629807
2024-12-09,002788.SZ,8.95,0.028018753975629807
2024-12-09,600360.SH,4.89,0.028018753975629807
2024-12-09,600352.SH,10.4,0.028018753975629807
2024-12-09,600336.SH,8.15,0.028018753975629807
2024-12-10,600131.SH,22.48,0.04319964721798897
2024-12-10,301115.SZ,15.5,0.0372559018433094
2024-12-10,600336.SH,8.12,0.034711919724941254
2024-12-10,301105.SZ,32.1,0.034158289432525635
2024-12-10,003008.SZ,19.79,0.0337371900677681
2024-12-10,920950.BJ,22.82,0.033020250499248505
2024-12-10,688592.SH,42.0,0.033020250499248505
2024-12-10,688633.SH,25.75,0.033020250499248505
2024-12-10,002393.SZ,17.75,0.033020250499248505
2024-12-10,301023.SZ,55.99,0.03200688585639
2024-12-10,688418.SH,33.77,0.030999260023236275
2024-12-10,003003.SZ,10.48,0.028018753975629807
2024-12-10,002788.SZ,8.9,0.028018753975629807
2024-12-10,000011.SZ,9.79,0.028018753975629807
2024-12-10,601801.SH,7.55,0.028018753975629807
2024-12-11,600131.SH,21.22,0.04068797081708908
2024-12-11,300840.SZ,26.3,0.03821394592523575
2024-12-11,301115.SZ,15.61,0.0372559018433094
2024-12-11,603711.SH,16.77,0.035441312938928604
2024-12-11,301105.SZ,32.25,0.03429613262414932
2024-12-11,003008.SZ,19.75,0.0342397503554821
2024-12-11,301459.SZ,39.71,0.034158289432525635
2024-12-11,688100.SH,36.97,0.034158289432525635
2024-12-11,300712.SZ,28.05,0.03415725380182266
2024-12-11,605288.SH,36.41,0.033020250499248505
2024-12-11,920950.BJ,21.09,0.033020250499248505
2024-12-11,600060.SH,20.11,0.033020250499248505
2024-12-11,688633.SH,25.01,0.033020250499248505
2024-12-11,002393.SZ,17.84,0.033020250499248505
2024-12-11,001211.SZ,20.27,0.03302009776234627
2024-12-12,301115.SZ,15.74,0.04291260242462158
2024-12-12,605338.SH,20.71,0.04217098653316498
2024-12-12,605020.SH,19.97,0.04068797081708908
2024-12-12,300840.SZ,27.45,0.03632310777902603
2024-12-12,002248.SZ,9.65,0.034711919724941254
2024-12-12,600336.SH,8.36,0.034711919724941254
2024-12-12,002628.SZ,5.38,0.034711915999650955
2024-12-12,688633.SH,25.17,0.034158289432525635
2024-12-12,600060.SH,20.7,0.033020250499248505
2024-12-12,600131.SH,21.54,0.03229052200913429
2024-12-12,688592.SH,43.57,0.031283240765333176
2024-12-12,603160.SH,86.7,0.031191283836960793
2024-12-12,301312.SZ,51.76,0.03118782676756382
2024-12-12,600481.SH,6.66,0.02963888831436634
2024-12-12,600021.SH,9.58,0.028018753975629807
2024-12-13,300840.SZ,26.0,0.03632310777902603
2024-12-13,002046.SZ,15.27,0.03618530184030533
2024-12-13,600481.SH,6.25,0.03465653955936432
2024-12-13,301105.SZ,32.91,0.03429613262414932
2024-12-13,688633.SH,24.82,0.034158289432525635
2024-12-13,301115.SZ,15.34,0.03364383056759834
2024-12-13,600060.SH,20.94,0.033020250499248505
2024-12-13,301459.SZ,42.76,0.033020250499248505
2024-12-13,603699.SH,21.66,0.033020250499248505
2024-12-13,002393.SZ,17.45,0.033020250499248505
2024-12-13,605020.SH,19.45,0.032574985176324844
2024-12-13,688592.SH,43.4,0.03130916506052017
2024-12-13,688363.SH,60.66,0.030999260023236275
2024-12-13,002281.SZ,44.31,0.029648762196302414
2024-12-13,002248.SZ,9.41,0.028018753975629807
2024-12-16,688351.SH,20.48,0.04319964721798897
2024-12-16,001211.SZ,21.03,0.039402905851602554
2024-12-16,002046.SZ,14.49,0.03688422590494156
2024-12-16,003008.SZ,19.99,0.03437340632081032
2024-12-16,300124.SZ,59.9,0.03430929780006409
2024-12-16,301105.SZ,32.27,0.03429613262414932
2024-12-16,688100.SH,36.01,0.03429613262414932
2024-12-16,605288.SH,36.9,0.034158289432525635
2024-12-16,688776.SH,55.45,0.034158289432525635
2024-12-16,301115.SZ,15.46,0.03310554102063179
2024-12-16,603699.SH,21.18,0.033020250499248505
2024-12-16,600060.SH,20.2,0.033020250499248505
2024-12-16,002393.SZ,17.49,0.033020250499248505
2024-12-16,600131.SH,20.13,0.033012136816978455
2024-12-16,688592.SH,41.77,0.03198430687189102
2024-12-17,000011.SZ,9.3,0.038185007870197296
2024-12-17,002628.SZ,4.87,0.034711919724941254
2024-12-17,000422.SZ,13.5,0.034711919724941254
2024-12-17,300193.SZ,9.14,0.034711919724941254
2024-12-17,600721.SH,7.1,0.034711919724941254
2024-12-17,301120.SZ,9.71,0.034711919724941254
2024-12-17,300800.SZ,11.3,0.034711919724941254
2024-12-17,600481.SH,6.12,0.03471091017127037
2024-12-17,301105.SZ,30.38,0.034314438700675964
2024-12-17,688100.SH,36.4,0.034314438700675964
2024-12-17,003008.SZ,19.12,0.0343066044151783
2024-12-17,688525.SH,59.34,0.0337371900677681
2024-12-17,688351.SH,19.85,0.033020250499248505
2024-12-17,301459.SZ,39.68,0.03177645429968834
2024-12-17,688363.SH,56.87,0.03130916506052017
2024-12-18,000422.SZ,13.36,0.034711919724941254
2024-12-18,600721.SH,7.04,0.034711919724941254
2024-12-18,600336.SH,7.63,0.034711919724941254
2024-12-18,600481.SH,6.07,0.03471178188920021
2024-12-18,301105.SZ,30.34,0.03431691229343414
2024-12-18,688100.SH,36.27,0.03431691229343414
2024-12-18,003008.SZ,19.19,0.03429754823446274
2024-12-18,605288.SH,35.44,0.03429613262414932
2024-12-18,300712.SZ,27.93,0.03389692306518555
2024-12-18,301115.SZ,14.92,0.03302181139588356
2024-12-18,301459.SZ,41.73,0.031165650114417076
2024-12-18,001211.SZ,19.88,0.029648762196302414
2024-12-18,002628.SZ,4.9,0.028018753975629807
2024-12-18,300193.SZ,9.11,0.028018753975629807
2024-12-18,002637.SZ,9.94,0.028018753975629807
2024-12-19,001211.SZ,20.17,0.04262367635965347
2024-12-19,000422.SZ,13.25,0.034711919724941254
2024-12-19,002788.SZ,8.75,0.034711919724941254
2024-12-19,601801.SH,7.42,0.034711919724941254
2024-12-19,600336.SH,7.52,0.034711919724941254
2024-12-19,600481.SH,5.95,0.03471190109848976
2024-12-19,300737.SZ,5.36,0.03471178188920021
2024-12-19,301105.SZ,30.68,0.034317247569561005
2024-12-19,688525.SH,63.89,0.03428851068019867
2024-12-19,605020.SH,19.25,0.03418014198541641
2024-12-19,688633.SH,24.53,0.034158289432525635
2024-12-19,301459.SZ,42.6,0.03130916506052017
2024-12-19,000429.SZ,13.14,0.028018753975629807
2024-12-19,301120.SZ,9.86,0.028018753975629807
2024-12-19,600352.SH,10.46,0.028018753975629807
2024-12-20,605338.SH,18.63,0.04178320989012718
2024-12-20,688609.SH,12.37,0.038304999470710754
2024-12-20,002628.SZ,5.26,0.038185007870197296
2024-12-20,000856.SZ,8.12,0.034711919724941254
2024-12-20,600360.SH,5.06,0.034711919724941254
2024-12-20,600481.SH,5.96,0.034711919724941254
2024-12-20,605303.SH,8.93,0.034711919724941254
2024-12-20,300338.SZ,5.28,0.03471091017127037
2024-12-20,000710.SZ,10.15,0.034704431891441345
2024-12-20,301105.SZ,31.58,0.034317295998334885
2024-12-20,603787.SH,11.66,0.034299105405807495
2024-12-20,001211.SZ,21.0,0.0335850864648819
2024-12-20,603228.SH,26.22,0.033020250499248505
2024-12-20,605020.SH,19.08,0.032713498920202255
2024-12-20,300155.SZ,5.66,0.03149406611919403
2024-12-23,605338.SH,17.75,0.04025173932313919
2024-12-23,003003.SZ,9.33,0.034711919724941254
2024-12-23,600336.SH,7.7,0.034711919724941254
2024-12-23,600352.SH,10.43,0.034711919724941254
2024-12-23,002788.SZ,8.47,0.034711919724941254
2024-12-23,300737.SZ,5.21,0.03471178188920021
2024-12-23,301105.SZ,29.29,0.03431729972362518
2024-12-23,688592.SH,39.15,0.034217920154333115
2024-12-23,300623.SZ,35.6,0.034158289432525635
2024-12-23,300840.SZ,20.83,0.034150611609220505
2024-12-23,001211.SZ,21.8,0.03309745341539383
2024-12-23,603228.SH,26.18,0.033020250499248505
2024-12-23,300698.SZ,37.93,0.033020250499248505
2024-12-23,688525.SH,65.7,0.03198430687189102
2024-12-23,002281.SZ,56.61,0.03134880214929581
2024-12-24,605020.SH,19.84,0.043199699372053146
2024-12-24,605338.SH,17.91,0.034317295998334885
2024-12-24,605288.SH,34.74,0.034314438700675964
2024-12-24,003008.SZ,18.71,0.03429613262414932
2024-12-24,688592.SH,38.9,0.034218039363622665
2024-12-24,688633.SH,25.08,0.034158289432525635
2024-12-24,603228.SH,26.48,0.034158289432525635
2024-12-24,603699.SH,22.86,0.033020250499248505
2024-12-24,301115.SZ,14.55,0.033020246773958206
2024-12-24,301459.SZ,42.11,0.031313199549913406
2024-12-24,688525.SH,69.72,0.03131313621997833
2024-12-24,301105.SZ,29.56,0.03119128756225109
2024-12-24,002046.SZ,15.75,0.031028060242533684
2024-12-24,002788.SZ,8.52,0.028018753975629807
2024-12-24,601801.SH,7.24,0.028018753975629807
2024-12-25,002046.SZ,14.8,0.038304999470710754
2024-12-25,002788.SZ,8.32,0.034711919724941254
2024-12-25,600021.SH,9.32,0.034711919724941254
2024-12-25,300623.SZ,37.89,0.03429613262414932
2024-12-25,688633.SH,26.25,0.034158289432525635
2024-12-25,301105.SZ,28.98,0.03389984369277954
2024-12-25,603699.SH,22.39,0.033020250499248505
2024-12-25,605020.SH,19.04,0.03271140530705452
2024-12-25,688525.SH,68.01,0.03198481351137161
2024-12-25,002281.SZ,56.8,0.031051432713866234
2024-12-25,600420.SH,12.08,0.02876780554652214
2024-12-25,001211.SZ,21.25,0.028744369745254517
2024-12-25,000990.SZ,7.82,0.028018753975629807
2024-12-25,003003.SZ,8.95,0.028018753975629807
2024-12-25,002248.SZ,7.97,0.028018753975629807
2024-12-26,600021.SH,9.24,0.034711919724941254
2024-12-26,688609.SH,11.46,0.034711919724941254
2024-12-26,000966.SZ,4.79,0.03471091017127037
2024-12-26,001211.SZ,21.34,0.03373738378286362
2024-12-26,605020.SH,20.03,0.033020250499248505
2024-12-26,688633.SH,27.97,0.033020250499248505
2024-12-26,688525.SH,70.28,0.03198482096195221
2024-12-26,002281.SZ,59.45,0.0312430951744318
2024-12-26,002788.SZ,8.33,0.028018753975629807
2024-12-26,600721.SH,6.88,0.028018753975629807
2024-12-26,600336.SH,7.18,0.028018753975629807
2024-12-26,301120.SZ,9.26,0.028018753975629807
2024-12-26,000856.SZ,7.22,0.028018753975629807
2024-12-26,002068.SZ,10.41,0.028018753975629807
2024-12-26,002248.SZ,8.05,0.028018753975629807
2024-12-27,688633.SH,28.55,0.04068797081708908
2024-12-27,600336.SH,7.23,0.038185007870197296
2024-12-27,002248.SZ,8.15,0.038185007870197296
2024-12-27,300155.SZ,5.1,0.03818487375974655
2024-12-27,002788.SZ,8.48,0.034711919724941254
2024-12-27,600021.SH,9.37,0.034711919724941254
2024-12-27,600721.SH,6.99,0.034711919724941254
2024-12-27,000856.SZ,7.38,0.034711919724941254
2024-12-27,688609.SH,11.24,0.034711919724941254
2024-12-27,002367.SZ,7.09,0.03471190109848976
2024-12-27,300289.SZ,5.1,0.03471091017127037
2024-12-27,600610.SH,4.42,0.034704431891441345
2024-12-27,688100.SH,39.0,0.034317247569561005
2024-12-27,603228.SH,29.32,0.034314438700675964
2024-12-27,301105.SZ,31.09,0.03430968523025513
2024-12-30,300155.SZ,4.97,0.038184989243745804
2024-12-30,000856.SZ,7.15,0.034711919724941254
2024-12-30,003003.SZ,9.29,0.034711919724941254
2024-12-30,600336.SH,7.02,0.034711919724941254
2024-12-30,300289.SZ,5.05,0.03471178188920021
2024-12-30,688100.SH,38.06,0.034317295998334885
2024-12-30,301459.SZ,42.45,0.03421707823872566
2024-12-30,301312.SZ,51.6,0.0338994562625885
2024-12-30,920982.BJ,208.18,0.03201610594987869
2024-12-30,688525.SH,64.88,0.0313132144510746
2024-12-30,002281.SZ,55.49,0.03125767409801483
2024-12-30,301105.SZ,29.9,0.03119128756225109
2024-12-30,688633.SH,27.58,0.029589209705591202
2024-12-30,603758.SH,8.54,0.02876780554652214
2024-12-30,300193.SZ,9.19,0.028018753975629807
2024-12-31,301105.SZ,27.8,0.04068797081708908
2024-12-31,600721.SH,6.59,0.038185007870197296
2024-12-31,002788.SZ,8.21,0.038185007870197296
2024-12-31,600481.SH,5.5,0.038185007870197296
2024-12-31,300155.SZ,4.79,0.038185004144907
2024-12-31,002628.SZ,4.53,0.034711919724941254
2024-12-31,600360.SH,4.58,0.034711915999650955
2024-12-31,600610.SH,4.23,0.03471178188920021
2024-12-31,688100.SH,36.2,0.03431729972362518
2024-12-31,301459.SZ,40.51,0.03431716188788414
2024-12-31,688776.SH,47.33,0.034158289432525635
2024-12-31,001211.SZ,19.4,0.03415725380182266
2024-12-31,603711.SH,16.4,0.03151797130703926
2024-12-31,002281.SZ,52.17,0.030532652512192726
2024-12-31,688633.SH,27.67,0.029589209705591202
2025-01-02,600481.SH,5.24,0.034711919724941254
2025-01-02,605303.SH,7.63,0.034711919724941254
2025-01-02,600610.SH,4.16,0.03471190109848976
2025-01-02,300840.SZ,20.3,0.034158289432525635
2025-01-02,002281.SZ,50.52,0.0305327195674181
2025-01-02,605020.SH,19.19,0.029648762196302414
2025-01-02,301105.SZ,27.3,0.029589209705591202
2025-01-02,688609.SH,10.27,0.0287790447473526
2025-01-02,300193.SZ,8.73,0.028018753975629807
2025-01-02,002788.SZ,8.12,0.028018753975629807
2025-01-02,600352.SH,9.82,0.028018753975629807
2025-01-02,601801.SH,7.37,0.028018753975629807
2025-01-02,000050.SZ,8.74,0.028018753975629807
2025-01-02,300289.SZ,4.83,0.028018750250339508
2025-01-02,000966.SZ,4.59,0.028018750250339508
2025-01-03,605338.SH,16.5,0.03429613262414932
2025-01-03,605288.SH,32.3,0.03429613262414932
2025-01-03,688633.SH,25.97,0.0342397503554821
2025-01-03,001211.SZ,19.33,0.03415827453136444
2025-01-03,300155.SZ,4.4,0.03288613259792328
2025-01-03,605020.SH,18.07,0.029648762196302414
2025-01-03,603228.SH,26.31,0.0288658756762743
2025-01-03,300289.SZ,4.67,0.028018757700920105
2025-01-03,002628.SZ,4.15,0.028018753975629807
2025-01-03,300193.SZ,8.41,0.028018753975629807
2025-01-03,000990.SZ,7.37,0.028018753975629807
2025-01-03,002788.SZ,7.94,0.028018753975629807
2025-01-03,002367.SZ,6.4,0.028018753975629807
2025-01-03,000050.SZ,8.4,0.028018753975629807
2025-01-03,600721.SH,6.36,0.028018753975629807
2025-01-06,002393.SZ,19.15,0.04319964721798897
2025-01-06,603711.SH,14.36,0.039606720209121704
2025-01-06,605338.SH,16.5,0.03429613262414932
2025-01-06,605020.SH,19.2,0.0337371900677681
2025-01-06,688351.SH,18.21,0.033020250499248505
2025-01-06,300155.SZ,4.3,0.03288613259792328
2025-01-06,002628.SZ,4.17,0.028018753975629807
2025-01-06,000050.SZ,8.32,0.028018753975629807
2025-01-06,000429.SZ,13.75,0.028018753975629807
2025-01-06,300289.SZ,4.69,0.028018753975629807
2025-01-06,300193.SZ,8.41,0.028018753975629807
2025-01-06,600021.SH,8.89,0.028018753975629807
2025-01-06,600352.SH,9.78,0.028018753975629807
2025-01-06,002367.SZ,6.42,0.028018753975629807
2025-01-06,002788.SZ,8.12,0.028018753975629807
2025-01-07,603711.SH,14.54,0.03688422590494156
2025-01-07,002628.SZ,4.32,0.034711919724941254
2025-01-07,000050.SZ,8.64,0.034711919724941254
2025-01-07,688633.SH,27.43,0.03431341424584389
2025-01-07,603228.SH,28.19,0.033103641122579575
2025-01-07,300155.SZ,4.56,0.03288613259792328
2025-01-07,605020.SH,19.28,0.032654546201229095
2025-01-07,000966.SZ,4.52,0.028018757700920105
2025-01-07,600360.SH,4.37,0.028018757700920105
2025-01-07,601801.SH,7.17,0.028018753975629807
2025-01-07,600352.SH,9.6,0.028018753975629807
2025-01-07,600481.SH,5.05,0.028018753975629807
2025-01-07,300289.SZ,4.8,0.028018753975629807
2025-01-07,000429.SZ,13.57,0.028018753975629807
2025-01-07,002788.SZ,8.09,0.028018753975629807
2025-01-08,002628.SZ,4.38,0.034711919724941254
2025-01-08,002788.SZ,8.09,0.034711919724941254
2025-01-08,600360.SH,4.3,0.034711919724941254
2025-01-08,300737.SZ,4.74,0.034711919724941254
2025-01-08,300338.SZ,4.13,0.034711919724941254
2025-01-08,601801.SH,7.27,0.034711919724941254
2025-01-08,688633.SH,27.81,0.0343167781829834
2025-01-08,002281.SZ,49.69,0.03431626409292221
2025-01-08,605020.SH,19.7,0.033012136816978455
2025-01-08,300155.SZ,4.53,0.03288613259792328
2025-01-08,688776.SH,46.04,0.03200688585639
2025-01-08,603228.SH,27.48,0.0288658756762743
2025-01-08,300289.SZ,4.72,0.028018753975629807
2025-01-08,000429.SZ,13.64,0.028018753975629807
2025-01-08,000050.SZ,8.49,0.028018753975629807
2025-01-09,300155.SZ,4.6,0.038185007870197296
2025-01-09,688100.SH,33.84,0.034317295998334885
2025-01-09,688633.SH,28.04,0.034317225217819214
2025-01-09,001211.SZ,20.99,0.034158289432525635
2025-01-09,688776.SH,48.8,0.03389692306518555
2025-01-09,300840.SZ,19.72,0.033020250499248505
2025-01-09,605020.SH,19.8,0.03301915153861046
2025-01-09,300193.SZ,8.64,0.03288613259792328
2025-01-09,002393.SZ,17.71,0.029648762196302414
2025-01-09,002788.SZ,8.01,0.028018753975629807
2025-01-09,600352.SH,9.49,0.028018753975629807
2025-01-09,600610.SH,4.09,0.028018753975629807
2025-01-09,002628.SZ,4.37,0.028018753975629807
2025-01-09,002367.SZ,6.47,0.028018753975629807
2025-01-09,000429.SZ,13.56,0.028018753975629807
2025-01-10,603699.SH,23.93,0.04319964349269867
2025-01-10,300155.SZ,4.34,0.038185007870197296
2025-01-10,002788.SZ,7.84,0.038185007870197296
2025-01-10,000050.SZ,8.31,0.038185007870197296
2025-01-10,300289.SZ,4.53,0.034711919724941254
2025-01-10,600360.SH,4.27,0.034711919724941254
2025-01-10,600610.SH,3.93,0.034711919724941254
2025-01-10,300737.SZ,4.54,0.034711919724941254
2025-01-10,300338.SZ,4.12,0.034711919724941254
2025-01-10,605303.SH,7.19,0.034711919724941254
2025-01-10,000856.SZ,6.57,0.034711915999650955
2025-01-10,688701.SH,4.9,0.03465653955936432
2025-01-10,002393.SZ,16.55,0.03431669995188713
2025-01-10,605020.SH,18.96,0.03302009776234627
2025-01-10,688776.SH,46.9,0.03203051537275314
