true,pred,prob
0,0,0.34642804
0,0,0.30846286
0,0,0.2824547
0,0,0.24580894
0,0,0.3125907
0,0,0.32852072
0,0,0.35112998
0,0,0.39105776
1,0,0.41852522
1,0,0.4044312
1,0,0.43957433
1,0,0.41862547
1,0,0.47891468
1,0,0.47157872
0,0,0.4406321
0,0,0.46553296
1,0,0.41936028
1,0,0.47680935
0,0,0.38215762
0,0,0.39186436
0,0,0.44780973
0,0,0.38215104
0,0,0.27366078
0,0,0.3091181
0,0,0.2996416
0,0,0.34087634
0,0,0.35157984
0,0,0.318255
0,0,0.3389759
0,0,0.29518634
0,0,0.4181437
0,0,0.44328743
0,0,0.49984652
0,0,0.3556716
0,0,0.3339366
0,0,0.39296308
0,0,0.4214325
0,0,0.40777117
0,0,0.3846031
0,0,0.3267825
0,0,0.36541733
0,0,0.37048453
0,1,0.607391
1,0,0.46782014
1,0,0.47175246
1,0,0.43192637
1,1,0.55482256
1,1,0.53699327
1,0,0.45057252
0,1,0.54646504
1,1,0.60182256
1,0,0.4399203
1,1,0.5142601
0,1,0.5040838
1,1,0.51446605
1,1,0.5127942
1,0,0.47752288
1,0,0.48049277
1,1,0.57231486
0,0,0.49206847
0,1,0.5092974
0,0,0.39809856
1,0,0.40367925
1,0,0.35059366
1,0,0.3561545
1,0,0.3583746
1,0,0.3741782
0,0,0.36879107
0,0,0.32630718
0,0,0.32397178
0,0,0.3524042
0,0,0.38915867
0,0,0.37679785
0,0,0.27667117
0,0,0.36187825
0,0,0.30614927
1,0,0.25533268
1,0,0.4315259
1,0,0.42806342
1,0,0.424386
1,0,0.3893367
0,0,0.45073223
0,0,0.40863153
0,0,0.4435553
0,0,0.46268395
0,0,0.44988096
0,0,0.2948687
0,0,0.30142167
0,0,0.3334183
0,0,0.41102442
0,0,0.33469045
0,0,0.30693376
0,0,0.31653616
0,0,0.33191165
1,0,0.33649144
0,0,0.45044324
1,0,0.45994392
1,0,0.4705018
0,0,0.33225816
0,0,0.30067953
1,0,0.28546637
1,0,0.45088437
1,0,0.34908745
1,0,0.30833787
0,0,0.34609488
0,0,0.3469187
0,0,0.3479151
0,0,0.34590012
0,0,0.31970137
0,0,0.380067
0,0,0.37875396
1,0,0.36312446
0,0,0.32139772
1,0,0.32747912
1,0,0.30756116
0,0,0.30958685
0,0,0.32483214
0,0,0.29658478
0,0,0.30756998
0,0,0.32288462
0,0,0.3203982
0,0,0.34986797
0,0,0.341097
0,0,0.34820992
0,0,0.3872616
0,0,0.39008635
1,0,0.3974091
1,0,0.41149175
0,0,0.42908195
0,0,0.45359936
0,0,0.46437925
0,0,0.4665054
0,0,0.46001625
1,0,0.44363287
0,0,0.43181485
0,0,0.4271371
0,0,0.4331763
0,0,0.4341083
0,0,0.43935195
0,0,0.4223569
0,0,0.41046035
0,0,0.4198221
0,0,0.4627983
0,0,0.40959525
0,0,0.4212911
1,0,0.3567916
1,0,0.37306544
1,0,0.37299657
0,0,0.4221526
1,0,0.4205557
1,0,0.40350798
1,0,0.3984479
1,0,0.39772362
1,0,0.39496836
1,0,0.44544467
1,0,0.4019828
1,0,0.40603608
1,0,0.4254079
1,0,0.40295246
1,0,0.4671154
0,0,0.47498697
0,0,0.35122475
0,0,0.35290807
1,0,0.3647469
1,0,0.4552697
1,1,0.5146788
1,1,0.5146788
1,0,0.42903513
1,0,0.43904656
0,1,0.51376235
0,0,0.45578203
0,0,0.3402819
0,0,0.40018892
0,0,0.32337326
0,0,0.3397812
1,0,0.40883374
1,0,0.38419697
1,0,0.42496145
1,0,0.42639467
1,0,0.4346728
0,0,0.43259665
1,0,0.43302917
1,0,0.48416188
1,0,0.42035654
1,0,0.42035425
1,0,0.47822064
1,0,0.45493588
1,0,0.43523058
1,0,0.49397895
1,0,0.3528183
1,0,0.36881685
1,0,0.35127982
0,1,0.50277793
0,0,0.45443672
0,0,0.49143472
0,0,0.42428637
0,0,0.41297275
0,0,0.4128082
1,0,0.45747244
1,0,0.43198046
1,0,0.44263193
1,0,0.48661298
1,0,0.49068835
1,0,0.4649937
1,0,0.3958127
0,0,0.38597038
1,0,0.473609
1,0,0.45296377
0,0,0.40128118
0,0,0.40640622
1,0,0.4499101
0,0,0.44329795
0,0,0.45679265
1,0,0.44426584
0,0,0.464718
0,0,0.4091911
0,0,0.4566803
0,0,0.4935315
0,0,0.4495659
0,0,0.4556165
0,0,0.47960523
0,0,0.38382387
0,0,0.42648402
0,0,0.426034
0,0,0.42354968
1,0,0.43543476
0,0,0.43588352
0,0,0.45711476
0,0,0.4065392
0,0,0.41286322
0,1,0.5525118
0,0,0.40794122
0,0,0.3930156
0,0,0.40102327
0,0,0.4089453
0,0,0.41216898
0,0,0.4114368
1,0,0.41955158
1,0,0.41359213
1,0,0.41154423
1,0,0.4248556
1,0,0.4066213
0,0,0.41673985
0,0,0.39570728
0,0,0.38405252
0,0,0.40318006
0,0,0.40165877
0,0,0.39466387
0,0,0.38184786
0,0,0.42487887
0,0,0.39111078
0,0,0.42106777
0,0,0.4964021
0,0,0.39608324
0,0,0.38868433
0,0,0.46159253
0,0,0.48885837
0,0,0.43769264
1,1,0.6000148
1,1,0.51566803
1,1,0.51123965
0,0,0.49284753
1,1,0.5123662
0,0,0.4123764
0,0,0.42098582
0,0,0.4551115
1,0,0.47726542
0,0,0.45626414
0,1,0.5166721
0,0,0.46655715
0,0,0.4223763
0,0,0.46646178
0,1,0.5162304
0,1,0.5679374
0,1,0.6840174
0,1,0.6580454
0,1,0.54906934
0,0,0.4429485
0,1,0.5100052
0,0,0.33628592
0,0,0.38516596
1,1,0.5594691
0,1,0.521523
0,0,0.486077
0,0,0.4693249
0,1,0.5160503
1,0,0.46277308
1,1,0.5182421
1,0,0.44276342
1,0,0.42248583
1,0,0.4808311
0,0,0.45677108
1,0,0.4624805
0,0,0.4499795
0,0,0.4577715
0,0,0.44540584
1,0,0.42613235
0,0,0.44120046
1,0,0.48776639
0,1,0.50313973
0,0,0.47265333
0,0,0.44844162
0,0,0.41961935
0,0,0.42444083
0,1,0.52426016
0,0,0.47074372
0,0,0.460394
0,0,0.45169866
0,1,0.53137964
0,0,0.4535661
0,1,0.54170984
0,1,0.5032421
0,1,0.5064432
0,0,0.4925925
0,0,0.49972203
0,1,0.5295565
0,1,0.57176137
0,1,0.5237261
0,1,0.5822174
0,1,0.50442326
0,0,0.462944
1,1,0.5282964
1,0,0.48300195
1,1,0.5048499
0,1,0.50109774
0,0,0.4678732
0,0,0.48623928
0,0,0.4918084
0,0,0.48714983
0,0,0.46866718
1,0,0.4982973
1,1,0.50596386
1,1,0.5172005
1,1,0.50097704
1,0,0.4609865
1,0,0.49717268
1,0,0.47361952
0,0,0.4774131
0,0,0.4721203
0,0,0.48623928
0,0,0.48433518
0,0,0.48877382
0,0,0.49658677
1,0,0.46663293
1,0,0.46945423
1,0,0.48626634
0,1,0.5215677
1,0,0.46711677
0,1,0.5062127
0,0,0.4865283
0,0,0.48285484
0,0,0.47962183
1,0,0.4633393
1,0,0.4675947
1,1,0.50829226
1,0,0.4460114
1,0,0.45558482
1,0,0.48840678
1,0,0.48287258
1,0,0.46550247
1,0,0.46228516
0,0,0.47755298
0,0,0.4783763
0,0,0.47502795
0,0,0.4637509
0,0,0.46331495
1,1,0.51178193
1,0,0.452047
1,1,0.5203018
1,1,0.5011956
0,0,0.49569607
0,0,0.47271982
0,0,0.47848862
0,0,0.4531046
0,0,0.4789097
1,1,0.6627513
1,1,0.5249109
1,1,0.5988105
1,1,0.5153783
1,1,0.516038
1,1,0.531047
1,0,0.4712997
1,0,0.47636583
1,1,0.5178849
1,0,0.48209018
0,0,0.46102515
0,0,0.48100632
0,0,0.47922054
0,0,0.4749434
1,0,0.4797141
1,1,0.52839476
1,1,0.52338463
1,0,0.46415257
1,0,0.4539688
0,1,0.5055023
0,0,0.46702167
1,0,0.4717384
1,0,0.46156934
1,0,0.4805287
1,0,0.46577874
1,0,0.45898297
0,0,0.45180523
0,0,0.49903187
0,0,0.47745508
0,0,0.46748766
1,0,0.4656844
1,1,0.5168256
1,1,0.51440084
1,1,0.5068614
1,0,0.4568914
1,0,0.4653761
0,0,0.4883892
1,0,0.48853043
1,0,0.46516135
1,0,0.4683469
0,0,0.45049012
0,0,0.45522264
0,0,0.46075526
0,0,0.4839985
0,0,0.46759793
0,0,0.4915907
0,0,0.49344975
0,0,0.45712247
1,0,0.47923315
1,1,0.5243368
1,0,0.4823763
1,0,0.48322946
0,1,0.5379076
0,0,0.48401332
0,0,0.47469807
0,0,0.4823546
1,0,0.47499394
1,0,0.46545392
1,0,0.4674341
1,0,0.45628074
1,0,0.45963454
1,0,0.4938086
1,0,0.4803838
0,0,0.47970474
0,0,0.49142852
0,0,0.4785305
0,0,0.4798573
0,0,0.4646973
0,0,0.4605668
1,0,0.46247897
1,0,0.43506515
1,0,0.45666155
1,0,0.46176472
1,0,0.4629976
0,0,0.48463503
0,0,0.4712997
0,0,0.46531245
0,0,0.45830232
0,0,0.48114583
1,1,0.5220945
1,0,0.48002216
1,0,0.4698241
1,0,0.4600337
1,0,0.49416587
1,0,0.48204878
1,0,0.47063312
1,0,0.44615096
0,0,0.35971683
0,0,0.3516104
0,0,0.34620836
0,0,0.3966756
0,0,0.39886177
0,0,0.43383843
0,0,0.43171546
0,1,0.50919986
0,0,0.47417676
0,0,0.494679
0,0,0.472553
0,1,0.5839084
0,0,0.44461623
0,0,0.47797585
0,0,0.466396
1,1,0.50039357
1,0,0.49168533
1,0,0.45413524
1,0,0.47547126
1,0,0.45822877
1,1,0.5018474
1,0,0.47143385
0,0,0.4637265
0,0,0.47986564
0,0,0.48097992
0,0,0.4623561
0,0,0.4877625
0,0,0.48445374
0,0,0.49288368
1,0,0.46723998
1,1,0.5058515
0,1,0.5191856
1,0,0.49075553
1,0,0.485979
1,0,0.47975785
1,0,0.4707078
1,0,0.47378907
1,0,0.46657574
0,0,0.41131315
1,0,0.4446212
1,0,0.45124492
1,0,0.3906202
1,0,0.43704
1,0,0.47309062
1,0,0.44125932
1,0,0.44561395
0,0,0.43226218
1,0,0.41585472
1,0,0.40615246
0,0,0.39370123
0,0,0.4142236
0,0,0.43808025
0,0,0.4169237
0,0,0.4029187
0,0,0.4544404
0,0,0.45731622
0,0,0.46854135
1,0,0.44745877
1,0,0.47706762
0,0,0.4422923
0,0,0.4420409
0,0,0.44052836
0,0,0.4437718
0,0,0.4314974
0,0,0.43193015
1,0,0.46078062
1,0,0.4413635
1,1,0.5646302
1,1,0.53526795
0,0,0.4733804
0,0,0.45641753
0,0,0.45843065
0,0,0.44549537
0,0,0.4376969
0,0,0.4395534
0,0,0.4483426
0,0,0.49240178
0,0,0.4457698
0,0,0.46047807
0,0,0.4740568
0,0,0.4876668
0,1,0.5048952
1,1,0.5002328
1,0,0.4704612
1,0,0.47554532
1,0,0.4575681
1,0,0.46204114
0,0,0.48280036
0,0,0.48605195
0,1,0.5020969
1,0,0.49138775
0,0,0.48780376
0,0,0.47012353
0,0,0.460766
0,0,0.4733252
0,0,0.4918356
0,0,0.44869247
0,0,0.4629962
0,1,0.64468867
0,1,0.52688444
0,0,0.47388238
0,0,0.47658998
0,1,0.5232147
1,1,0.51309913
1,1,0.5552714
1,1,0.5051854
1,0,0.48162296
1,0,0.49323237
0,0,0.47358868
1,1,0.53777874
0,0,0.40357402
1,0,0.40347475
1,0,0.4064317
1,0,0.4042189
1,0,0.40626562
1,0,0.4449851
1,0,0.4170161
0,0,0.43421176
0,0,0.4612779
0,0,0.36526188
0,0,0.45231652
0,0,0.4519788
0,0,0.39587006
0,0,0.4376662
0,0,0.46523586
0,0,0.4295798
0,0,0.37805608
0,0,0.46122637
0,0,0.44988453
0,0,0.4882596
0,0,0.44220316
0,1,0.5906235
0,1,0.5783855
0,1,0.683831
0,1,0.6207187
0,1,0.5738036
0,1,0.507566
1,0,0.46550196
1,1,0.5156862
1,0,0.46472108
0,0,0.46799824
0,0,0.46044865
0,0,0.45187387
0,0,0.45446128
0,0,0.45446128
0,0,0.4589472
0,0,0.40933108
1,1,0.5264258
1,0,0.45825654
1,1,0.5546849
1,0,0.49996185
1,0,0.44883847
1,0,0.45159274
1,0,0.46727726
1,0,0.4300606
0,0,0.459244
0,0,0.44829667
0,0,0.43352473
0,0,0.47593933
0,0,0.44688943
1,0,0.42432824
1,0,0.43991217
0,0,0.47347832
0,0,0.4861924
0,0,0.43588027
0,0,0.4713807
0,0,0.45432925
0,0,0.46498477
0,0,0.48114443
1,0,0.425635
0,0,0.4746218
0,0,0.4602607
1,0,0.46275407
1,0,0.44023097
1,0,0.4446955
1,0,0.43975762
1,0,0.43928903
1,1,0.5177491
0,0,0.4761003
0,0,0.45529824
0,0,0.43900576
0,0,0.4543084
0,0,0.44835556
0,1,0.5102695
0,0,0.46557772
0,0,0.45317468
0,0,0.4516862
0,0,0.44103864
0,0,0.49124962
0,0,0.49288368
0,0,0.45036313
0,0,0.4992821
1,1,0.62290335
1,1,0.51586914
1,1,0.51003164
1,1,0.52532154
1,1,0.5016153
0,0,0.4362542
1,0,0.42348716
0,0,0.46430755
0,0,0.4393595
0,0,0.44052973
0,0,0.44492945
0,0,0.45676008
0,0,0.46452048
0,0,0.47029358
0,0,0.48973235
1,0,0.4874217
1,1,0.50626886
1,0,0.49395317
0,1,0.51912844
0,0,0.4748377
0,0,0.44364813
0,0,0.4350271
1,0,0.44779336
1,0,0.44561997
1,0,0.4464329
0,0,0.43895972
0,0,0.45194027
0,1,0.5196937
0,0,0.44251052
0,0,0.4387107
1,0,0.42041838
1,0,0.42736182
1,0,0.4550489
1,1,0.56303155
1,0,0.46132436
1,0,0.4660852
1,0,0.4673735
1,0,0.4559248
1,0,0.48272708
1,0,0.45786172
0,0,0.44468462
0,0,0.48787665
0,0,0.45980728
0,0,0.46294796
0,0,0.4235513
0,0,0.43908623
0,0,0.4758873
0,0,0.4367309
1,0,0.43661058
1,0,0.42816043
1,0,0.44492882
1,0,0.45469528
1,0,0.49227476
1,0,0.46208724
1,0,0.43302864
1,0,0.43614772
1,0,0.43614772
1,0,0.4317945
1,0,0.4847974
1,0,0.43376535
1,0,0.43505162
1,0,0.46746525
1,0,0.4660519
1,0,0.47806585
0,0,0.4392501
0,0,0.48086318
1,0,0.4458893
1,0,0.45228857
1,0,0.43147334
1,0,0.4582858
1,0,0.44427025
1,1,0.50199574
1,0,0.4508675
0,0,0.41194263
0,0,0.35179624
0,0,0.40120333
0,0,0.38164642
0,0,0.38568288
0,0,0.4244965
1,1,0.5587455
0,1,0.55459493
1,0,0.48096728
1,0,0.47056717
1,1,0.5021624
1,0,0.47970462
1,0,0.4785579
1,0,0.4941498
1,0,0.43058133
1,0,0.412039
1,0,0.48100367
1,0,0.3946326
1,0,0.49674356
1,0,0.44536877
0,0,0.45291045
0,0,0.45955035
1,0,0.45415226
0,0,0.4742291
0,0,0.4684393
0,0,0.44783428
0,0,0.46372452
0,0,0.46115586
0,0,0.4514066
1,0,0.4859655
1,0,0.48758662
1,0,0.46402302
1,0,0.44167137
1,1,0.5243082
1,0,0.49753788
1,0,0.46193543
0,0,0.4414831
0,0,0.45241293
0,0,0.45276985
0,0,0.46030107
0,0,0.44821197
0,0,0.4512503
0,0,0.49463442
0,0,0.44203207
1,1,0.5331781
0,1,0.5292555
0,0,0.45265403
1,0,0.45425835
0,0,0.45080265
0,0,0.4255989
1,0,0.45100975
0,0,0.43772513
0,0,0.45704123
1,0,0.44612205
1,0,0.44217396
1,0,0.43035337
1,0,0.44114637
1,0,0.43036273
0,0,0.41760248
0,0,0.43091288
0,0,0.41106054
0,0,0.4225237
0,0,0.41440234
0,0,0.41593555
0,0,0.42250654
0,1,0.58398896
1,1,0.52132386
1,0,0.47293645
1,0,0.49458805
1,1,0.5165716
1,0,0.46913654
1,0,0.43835837
1,0,0.4454718
1,0,0.45859537
0,0,0.38385543
0,0,0.40375984
0,0,0.4078077
0,0,0.42941585
0,0,0.41711473
0,0,0.48992845
0,0,0.4551151
1,1,0.5066767
0,0,0.4890306
0,0,0.47411278
0,0,0.48678848
0,0,0.49214128
0,0,0.48193008
0,0,0.48310342
0,0,0.4731268
0,0,0.44977993
0,1,0.50477195
0,0,0.4854267
0,0,0.4669451
0,0,0.48551333
0,0,0.4568104
0,0,0.4763548
1,0,0.4381796
1,0,0.4590949
1,0,0.473506
1,0,0.48096606
1,0,0.44641632
0,0,0.46035948
0,0,0.4376669
0,0,0.4316115
0,0,0.44404858
0,0,0.45107362
0,0,0.4445873
0,0,0.44290906
0,0,0.44177428
0,0,0.44530097
0,0,0.3950939
0,0,0.4320871
1,0,0.4012788
1,0,0.49279448
0,0,0.4164503
0,0,0.41685593
0,0,0.42644697
1,0,0.4064851
1,0,0.39144856
1,0,0.4157307
1,0,0.4081704
1,0,0.3958842
1,0,0.4161564
1,0,0.4107328
0,0,0.36097702
0,0,0.38203394
1,0,0.39856526
1,0,0.4018254
1,0,0.3846128
0,0,0.39360783
0,0,0.4073115
0,0,0.39949244
0,0,0.39179993
0,0,0.3799147
0,0,0.4084729
0,0,0.48436683
0,0,0.4564581
0,0,0.4494017
0,0,0.40716487
0,0,0.48095667
0,0,0.41080365
0,0,0.4491723
0,0,0.4347682
0,0,0.44587559
0,0,0.40507832
0,0,0.46043175
0,0,0.45597255
1,1,0.53485954
1,0,0.4943963
1,1,0.5703545
1,0,0.42835632
1,0,0.4393458
1,0,0.40915248
1,0,0.41465616
1,0,0.42528018
1,0,0.39939287
0,0,0.39983976
1,0,0.40132087
0,0,0.43325993
0,0,0.42769876
1,0,0.41344395
1,0,0.47131434
1,0,0.41076592
1,0,0.45676163
1,0,0.42354086
1,0,0.42429993
0,0,0.45122492
0,0,0.42358035
0,0,0.42055708
0,0,0.4369075
1,0,0.40691525
1,0,0.41805792
0,0,0.3795406
1,0,0.47752723
1,0,0.44425738
1,0,0.4493922
0,0,0.39226657
0,0,0.42032722
1,0,0.4059954
0,0,0.39286962
0,0,0.41097644
1,0,0.42950556
1,0,0.42110783
1,0,0.41201037
1,0,0.40051457
1,0,0.40568405
1,0,0.4053185
1,0,0.40809357
1,0,0.38314027
1,0,0.38528198
1,0,0.3906852
0,0,0.38922137
0,0,0.3881574
0,0,0.38138768
0,0,0.3960714
1,0,0.40244946
1,0,0.38894403
1,0,0.4318943
1,0,0.42346346
1,0,0.4687367
0,0,0.37827173
0,0,0.39141846
0,0,0.38855043
0,0,0.38750172
0,0,0.41872784
0,0,0.4239928
0,0,0.42314303
1,1,0.5336481
1,0,0.45286506
1,1,0.5119055
0,0,0.47151572
0,0,0.45099956
1,0,0.40717372
1,0,0.42851308
1,0,0.42629346
1,0,0.39791098
0,0,0.44276014
0,0,0.4402238
0,0,0.42076704
1,0,0.41363373
1,0,0.41907284
1,0,0.43285134
1,0,0.4465152
1,0,0.40193486
1,0,0.433524
1,0,0.41713643
0,0,0.41610762
1,0,0.40432575
1,0,0.4083039
1,0,0.40266412
1,0,0.4257723
1,0,0.40195253
0,0,0.41504586
1,0,0.4342477
1,0,0.40700305
1,0,0.39670908
1,0,0.42100716
1,0,0.42851147
0,0,0.39870736
1,0,0.41346416
1,0,0.4139183
1,0,0.41236055
1,0,0.38720387
1,0,0.41071615
0,0,0.40003774
1,0,0.38367593
0,0,0.376558
0,0,0.39617333
0,0,0.3867879
0,0,0.4092841
0,0,0.39284214
0,0,0.43808886
1,0,0.41259593
1,0,0.38749626
0,0,0.40170977
0,0,0.41865864
1,0,0.43290928
1,0,0.43557128
1,0,0.41835916
1,0,0.3814931
1,0,0.384907
0,0,0.38365093
0,0,0.39321458
0,0,0.3861354
0,0,0.39704785
0,0,0.3771378
0,0,0.39898714
0,0,0.3921061
0,0,0.40426937
0,0,0.37753156
0,0,0.38052872
1,0,0.3997436
1,0,0.37133172
1,0,0.41016686
0,0,0.41651422
0,0,0.37549815
0,0,0.40701497
0,0,0.38008744
0,0,0.3993429
1,0,0.4126685
0,0,0.4010223
0,0,0.4497279
0,0,0.38133886
1,0,0.3750062
1,0,0.37458417
1,0,0.41405195
1,0,0.40502086
1,0,0.41156992
1,0,0.4222086
1,0,0.3786373
1,0,0.41287392
1,0,0.39150742
1,0,0.4119829
0,0,0.37305078
0,0,0.3959627
1,0,0.38066155
1,0,0.3865266
0,0,0.3842898
0,0,0.39389566
0,0,0.38990426
0,0,0.38534382
0,0,0.39243698
0,0,0.37287185
0,0,0.3815331
0,0,0.4454522
0,0,0.40640843
0,0,0.41121054
1,0,0.38749626
1,0,0.44204405
1,0,0.4276139
1,0,0.44400427
1,0,0.424632
0,0,0.4543872
1,0,0.39342037
1,0,0.3843876
1,0,0.39126712
1,0,0.36725834
1,0,0.40968522
1,0,0.3633482
1,0,0.39113128
1,0,0.3947892
1,0,0.40938485
1,0,0.39637318
1,0,0.3864734
0,0,0.40087748
1,0,0.39288387
1,0,0.39622897
1,0,0.40631905
1,0,0.4073648
1,0,0.38948146
1,0,0.38958696
0,0,0.4673889
0,0,0.42448342
0,0,0.34299147
1,0,0.37988767
1,0,0.40215895
1,1,0.50030726
1,0,0.41787
1,0,0.44948494
0,0,0.37927493
0,0,0.41140336
0,0,0.40565273
0,0,0.41243485
0,0,0.4120936
0,0,0.4545012
0,0,0.4290563
0,0,0.37213767
0,0,0.43885148
0,0,0.43788713
0,0,0.38978502
0,0,0.39157617
1,0,0.41503686
0,0,0.3795152
0,0,0.405859
0,0,0.39147764
0,0,0.41536465
0,0,0.42047656
0,0,0.39825895
1,0,0.42788926
0,0,0.40744972
1,1,0.50365627
1,0,0.49837133
0,0,0.43350634
0,0,0.4173963
0,0,0.40918186
0,0,0.3904786
0,0,0.39333463
0,0,0.40994737
1,0,0.43269384
0,0,0.40590173
0,0,0.40105662
0,0,0.40666503
0,0,0.41549104
0,0,0.41688815
0,0,0.40992042
1,0,0.42091352
1,0,0.44476983
1,0,0.4479731
1,0,0.41067362
1,0,0.43581802
1,0,0.4214915
1,0,0.40938258
1,0,0.41471276
1,0,0.43656456
0,0,0.41424015
0,0,0.39098236
0,0,0.41273043
0,0,0.41545665
0,0,0.4272271
0,0,0.48436356
0,0,0.46756047
1,0,0.49380714
0,0,0.4716355
1,1,0.5245666
1,1,0.54088646
1,1,0.5148507
1,0,0.4541288
1,1,0.51658356
1,0,0.49010605
1,0,0.49254623
1,0,0.46791834
0,0,0.48154742
1,0,0.4504746
1,0,0.44883147
1,0,0.44464365
1,0,0.43001735
1,0,0.41300634
1,0,0.42851487
0,0,0.46023875
0,0,0.454893
0,0,0.43044496
0,0,0.3966752
0,0,0.39394093
0,0,0.4340397
0,0,0.4562633
0,0,0.42387953
0,0,0.46106127
0,0,0.48988566
1,1,0.5230719
0,1,0.5323673
0,0,0.46588874
0,0,0.44155413
0,0,0.4874112
0,0,0.42899457
0,0,0.4647517
0,0,0.4894158
0,0,0.49905849
0,1,0.53112024
0,1,0.5016109
1,1,0.5017075
1,0,0.4671364
1,0,0.4816948
1,1,0.51149666
1,1,0.589946
0,0,0.479562
0,1,0.5006109
0,0,0.48960122
0,1,0.51012737
0,0,0.48889455
1,0,0.47761673
1,0,0.47802907
1,0,0.47266185
1,1,0.5217711
1,0,0.48184925
1,0,0.47925743
1,1,0.5185905
1,1,0.51318467
0,0,0.4711058
0,0,0.4674187
1,0,0.48152447
0,0,0.48793638
0,0,0.4607507
0,0,0.46116236
1,0,0.4676453
0,1,0.5122853
0,0,0.4600809
0,0,0.44538078
1,0,0.4547573
0,1,0.5315962
0,0,0.47044012
1,0,0.4651042
1,0,0.4246058
1,0,0.47172412
1,0,0.42089123
1,0,0.39377192
1,0,0.42772302
1,0,0.46627504
1,0,0.43616286
1,0,0.44279268
1,0,0.4480939
0,0,0.4540448
0,0,0.4426111
0,0,0.4391397
0,0,0.42215902
0,0,0.41856137
0,0,0.44960782
0,0,0.47219497
1,0,0.43117777
1,0,0.44228148
1,0,0.43752605
0,0,0.42614743
0,0,0.46805683
0,1,0.5231814
0,0,0.4287532
0,0,0.4288537
1,1,0.68143654
1,1,0.5134599
1,1,0.5948594
1,1,0.50915504
1,0,0.4923834
1,1,0.50946254
1,0,0.4955165
1,0,0.4880989
1,0,0.47728887
1,0,0.48842195
0,0,0.47523803
0,0,0.48740384
0,0,0.48278046
0,0,0.48496813
0,1,0.51674247
1,1,0.52705944
1,0,0.48717886
1,0,0.48421094
1,1,0.50734854
1,1,0.5240178
1,0,0.49137956
1,0,0.48501703
1,0,0.4784709
1,0,0.43949556
1,0,0.45626494
1,0,0.45640844
0,0,0.48790175
0,0,0.46621695
1,0,0.47973198
1,0,0.48144516
1,0,0.47002375
1,0,0.44871056
1,0,0.45773917
1,0,0.43975678
0,0,0.44168803
0,0,0.43418753
0,0,0.4524434
0,0,0.4378064
0,0,0.41098326
1,0,0.39724424
0,0,0.43410453
0,0,0.4888474
0,0,0.47230676
0,0,0.43159997
0,0,0.43487218
0,0,0.4345639
0,0,0.44682398
0,0,0.45381948
1,0,0.465864
1,1,0.52361465
1,0,0.46058345
1,0,0.47499505
1,1,0.51304436
1,0,0.48945725
1,0,0.4939851
1,1,0.5212689
1,1,0.51034
1,0,0.46736702
1,0,0.46736702
1,0,0.47856992
1,0,0.49000585
1,0,0.48751736
1,0,0.4737228
1,0,0.45775113
1,0,0.45203614
1,0,0.46135694
1,0,0.48449323
1,0,0.41532665
0,0,0.47986266
0,0,0.44412962
0,0,0.43065995
0,0,0.43081596
0,0,0.42854503
1,0,0.4236554
0,0,0.41422802
1,0,0.4206692
1,0,0.44009304
1,0,0.4330492
0,0,0.45364407
1,0,0.44307575
1,0,0.4671075
1,0,0.4413317
0,0,0.4272509
1,0,0.46431005
1,0,0.43776125
1,0,0.45109415
0,0,0.45020753
1,0,0.43567497
0,0,0.4586576
1,0,0.4583503
1,0,0.43813166
1,0,0.43674976
1,0,0.46537614
0,0,0.41193607
0,0,0.43660024
1,0,0.4213158
1,0,0.43418136
1,0,0.44435683
1,1,0.5026955
1,0,0.44900694
0,0,0.4567646
0,0,0.38602066
0,0,0.410393
1,0,0.4206065
1,0,0.4279101
0,0,0.41817644
0,0,0.4629844
0,0,0.41596723
0,0,0.4281711
0,0,0.43109763
0,0,0.41701803
0,0,0.41581
0,0,0.42033496
0,0,0.43284488
0,0,0.45316657
1,0,0.44385138
1,0,0.49138567
1,0,0.4673364
1,1,0.50690806
1,0,0.44743386
1,0,0.43259317
1,0,0.4541836
1,0,0.45642754
1,0,0.42779884
0,0,0.45232648
0,0,0.42942682
1,0,0.44267508
1,0,0.4555698
1,0,0.44380045
1,0,0.4505819
1,0,0.43928906
0,0,0.4539709
0,0,0.4170889
0,0,0.45132247
0,0,0.4528545
0,0,0.41449755
0,0,0.43093294
1,0,0.43055284
1,0,0.4598779
1,0,0.41791886
1,0,0.44942608
1,0,0.43364322
1,0,0.44901103
1,0,0.47394684
1,0,0.4519653
1,0,0.4276377
0,0,0.41581804
0,0,0.46101993
0,0,0.4126024
0,0,0.43449125
0,0,0.43744984
0,0,0.43469146
1,0,0.44317782
1,0,0.4297243
1,1,0.5560755
1,1,0.52560985
1,0,0.49080354
1,0,0.42180032
1,0,0.43312
1,0,0.39888844
1,0,0.41533774
1,0,0.4283023
0,0,0.39553967
0,0,0.40774095
0,0,0.41411445
0,0,0.42211056
0,0,0.46481627
0,0,0.45939592
1,1,0.5206839
1,0,0.4959698
1,1,0.52547926
1,0,0.45182917
1,0,0.44382882
0,0,0.40503475
0,0,0.40126356
0,0,0.37646315
1,0,0.38489777
1,0,0.3965849
0,0,0.4589843
0,0,0.42915812
0,1,0.5104005
0,0,0.38420773
0,0,0.4029855
0,0,0.20564693
0,0,0.31396186
0,0,0.30461994
0,0,0.21692401
0,0,0.34962568
0,0,0.35846373
0,0,0.3598281
0,0,0.29554868
1,0,0.41736183
1,0,0.4791383
1,0,0.41610774
1,0,0.47565615
0,1,0.52205795
0,0,0.4253109
0,0,0.2632418
0,0,0.4161516
0,0,0.42859137
1,0,0.40400982
0,0,0.40959
1,1,0.5130222
1,1,0.52576077
1,1,0.5015657
1,0,0.46718362
1,1,0.502974
1,0,0.46960628
1,0,0.44642043
1,0,0.45492357
1,0,0.42722747
1,0,0.42601436
1,0,0.3298281
1,0,0.3396693
0,0,0.44344085
0,0,0.46035132
0,0,0.39999023
0,0,0.3372821
0,0,0.43111053
0,1,0.5107953
1,0,0.48397863
1,1,0.5084359
1,0,0.3859121
1,1,0.502022
1,0,0.41310835
1,0,0.4482375
0,0,0.40531734
1,0,0.35762367
0,0,0.36108226
0,0,0.40681645
0,0,0.44077843
0,0,0.45425642
0,0,0.47180066
1,0,0.46064526
1,0,0.4741608
1,0,0.46811524
1,0,0.45484525
1,0,0.44566008
1,0,0.44939825
1,0,0.47262803
1,0,0.41669562
1,0,0.4212777
1,0,0.40268004
1,0,0.42897436
1,0,0.44395998
1,0,0.43629956
1,0,0.42196685
1,0,0.4381228
1,0,0.38937813
1,0,0.34836337
0,0,0.4058606
0,0,0.4204065
0,0,0.39435095
0,0,0.37850872
0,0,0.3131623
1,0,0.41270968
0,0,0.41417378
1,0,0.4356881
1,0,0.47931376
1,0,0.40912527
0,0,0.4106211
0,0,0.4117628
0,0,0.44175985
1,0,0.4328523
0,0,0.4508771
1,0,0.42709458
1,0,0.4865344
1,1,0.5418826
1,0,0.4767832
1,0,0.462973
1,0,0.45375547
1,0,0.45635659
1,0,0.4524065
1,0,0.4218902
0,0,0.48284072
0,0,0.45097545
0,0,0.43464065
0,0,0.4570234
0,0,0.40875497
1,0,0.2597784
1,0,0.22062609
1,1,0.5116599
1,0,0.44687885
1,0,0.47151822
1,0,0.45391363
1,0,0.40269837
1,0,0.3646342
1,0,0.39737475
1,0,0.38472417
1,0,0.42446408
0,0,0.4432405
1,0,0.43242228
1,0,0.43983975
1,0,0.39422148
0,0,0.3938418
1,0,0.47444558
1,0,0.4140968
1,0,0.40755332
1,0,0.39611596
1,0,0.3873129
1,0,0.37541333
1,0,0.40151605
1,0,0.40809244
1,0,0.38870952
1,0,0.39503747
1,0,0.40018883
1,0,0.40286887
0,0,0.403948
0,0,0.40586427
0,0,0.40112314
0,0,0.40339288
0,0,0.41614732
1,0,0.41083384
1,0,0.39723802
1,0,0.45813543
1,0,0.41643664
1,0,0.4224786
1,0,0.36513773
1,0,0.355714
0,0,0.38333005
1,0,0.45603704
1,0,0.44467506
1,0,0.4344455
0,0,0.40101767
1,0,0.45357794
0,0,0.3924064
0,0,0.40991536
0,0,0.40074646
1,0,0.4649315
1,0,0.41768998
1,0,0.40132165
1,0,0.43688756
1,0,0.41722527
1,0,0.42294678
1,0,0.41364613
1,0,0.42380118
1,0,0.403742
1,0,0.40817276
1,0,0.41096136
1,0,0.4184374
1,0,0.3973776
1,0,0.42345235
1,0,0.416438
1,0,0.41671625
1,0,0.41254324
0,0,0.4182235
0,0,0.40396726
0,0,0.42016846
0,0,0.39601925
0,0,0.4102394
0,0,0.3877218
0,0,0.43762016
0,0,0.41877243
0,0,0.41108117
0,0,0.37483492
0,0,0.44922152
1,0,0.38275987
1,0,0.40329543
1,0,0.4249085
0,0,0.4374191
1,0,0.3986358
0,0,0.44590983
0,0,0.42186272
0,0,0.39564008
0,0,0.39759442
0,0,0.39704373
0,0,0.37884846
0,0,0.3968641
0,0,0.4142926
0,0,0.4259317
0,0,0.40509623
0,0,0.42244446
0,0,0.41759545
0,0,0.40659556
1,0,0.41867685
1,0,0.3674764
1,0,0.44415274
1,0,0.40313318
1,0,0.41424185
1,0,0.4507751
1,0,0.4277969
1,0,0.39565197
1,0,0.39229578
1,0,0.41037
0,0,0.42524847
0,0,0.4166058
0,0,0.41904405
0,0,0.38863972
0,0,0.41671303
0,0,0.3945828
0,0,0.40794852
1,0,0.42112923
1,0,0.3962807
1,0,0.44022754
1,0,0.41827455
1,0,0.40979075
1,0,0.401463
1,0,0.39435375
1,0,0.4015022
1,0,0.34371898
1,0,0.3930073
1,0,0.46988907
1,0,0.40689802
0,0,0.4346203
1,0,0.48523888
0,0,0.45199993
0,0,0.47086105
0,0,0.4399426
0,0,0.3946312
0,0,0.48581406
0,0,0.39112967
0,0,0.4999845
0,0,0.38884595
0,0,0.40311542
1,0,0.39972514
1,0,0.40702903
1,0,0.38190413
1,0,0.39342332
1,0,0.39229837
1,0,0.40417567
0,0,0.38703796
1,0,0.39085427
1,0,0.39144957
0,0,0.38413656
0,0,0.3996303
1,0,0.38725206
0,0,0.38975054
0,0,0.3958504
0,0,0.40899342
1,0,0.39904556
0,0,0.38556862
0,0,0.39708567
1,0,0.4181755
1,0,0.40546215
1,0,0.41428778
0,0,0.39785075
0,0,0.36569324
0,0,0.40065888
0,0,0.40635622
0,0,0.37204087
1,0,0.3891576
1,0,0.4232133
1,0,0.41463518
1,0,0.4017902
1,0,0.40867504
1,0,0.42139468
1,0,0.39176446
1,0,0.394167
1,0,0.4058256
1,0,0.43019146
1,0,0.4397172
0,0,0.42375618
1,0,0.43834525
0,0,0.44709378
0,0,0.43844926
0,0,0.4381674
0,0,0.40028787
0,0,0.38462695
0,0,0.44669235
0,0,0.42409295
0,0,0.43898553
0,0,0.42140925
0,0,0.41740453
0,0,0.49919674
0,1,0.5117843
1,1,0.5324042
1,0,0.47785822
1,0,0.42801657
1,0,0.4391718
1,0,0.45280367
1,0,0.44553605
1,0,0.44419193
0,0,0.44137296
0,0,0.45758948
1,0,0.4312777
1,0,0.44103003
1,0,0.43443456
1,0,0.48259622
1,0,0.44608763
1,0,0.41455686
0,0,0.38423377
0,0,0.42331034
0,0,0.41319525
0,0,0.4269679
0,0,0.39894012
0,0,0.41891983
0,0,0.4411543
0,1,0.52791935
0,0,0.4993874
0,0,0.48183382
0,1,0.5407532
0,0,0.47389802
0,1,0.574406
0,0,0.493426
0,1,0.5416498
0,1,0.5482822
0,1,0.52124286
0,0,0.48583868
1,1,0.6552173
1,1,0.63715017
1,1,0.6485631
1,1,0.5861847
1,1,0.53740287
1,1,0.6404001
1,1,0.5042749
0,1,0.59478796
0,0,0.49418533
0,1,0.5479948
0,1,0.5425722
0,1,0.50204116
0,1,0.61706567
0,0,0.49942988
1,1,0.5628273
1,1,0.534666
1,1,0.5745708
1,1,0.5661109
1,1,0.52248657
0,1,0.53646487
1,1,0.5120098
0,0,0.49569178
0,1,0.5195137
1,1,0.51567
1,1,0.5073276
0,1,0.54068196
1,1,0.5293571
1,0,0.43819138
1,0,0.44343853
1,0,0.4278588
1,0,0.46406963
1,0,0.46448585
0,0,0.49512833
0,0,0.4887081
0,1,0.50385624
0,0,0.45183823
0,0,0.48139212
1,0,0.46602902
1,0,0.48668242
1,0,0.4832595
1,0,0.4902575
1,0,0.4789594
1,0,0.4770331
1,0,0.4838568
1,0,0.45713323
0,0,0.464056
1,0,0.39469865
1,0,0.3550178
1,0,0.42094478
1,0,0.4185991
0,0,0.41826436
0,0,0.3736781
0,0,0.42815936
0,0,0.42815936
0,0,0.3617384
0,0,0.39123034
0,0,0.43755654
0,1,0.5033171
0,0,0.48377326
1,1,0.65198493
1,1,0.5775011
1,1,0.6348785
1,1,0.6041216
1,1,0.5700759
0,1,0.54593915
0,1,0.51374376
1,0,0.49007204
0,0,0.47423005
0,0,0.41436347
0,0,0.43341175
0,0,0.4495705
1,0,0.42246774
1,0,0.464308
1,0,0.47180054
1,0,0.4559712
1,1,0.52007633
1,0,0.46059638
1,0,0.45089144
0,0,0.45636865
0,0,0.30385843
1,0,0.38979304
1,0,0.4117637
1,0,0.41960764
1,0,0.40666568
1,0,0.4303208
1,0,0.43681285
1,0,0.4279089
1,0,0.42526624
1,0,0.44153488
1,0,0.43810466
1,0,0.4363141
1,0,0.38605416
1,0,0.39158425
1,0,0.41136667
0,0,0.37032014
0,0,0.42285413
0,0,0.41628826
0,0,0.4047381
0,0,0.40793908
0,0,0.42042032
0,0,0.39156455
0,0,0.43805495
0,0,0.44524556
0,0,0.4297759
0,0,0.42740434
0,0,0.43101895
1,0,0.43069917
1,0,0.47812676
1,0,0.4994206
1,0,0.46821597
1,1,0.5110707
1,0,0.43806013
1,0,0.4442951
1,0,0.47039297
1,0,0.44439143
1,0,0.42870772
0,0,0.48484883
0,0,0.3068849
0,0,0.3698523
0,0,0.41094682
0,0,0.41021243
0,0,0.4305246
0,0,0.44373077
0,0,0.35462934
0,0,0.391509
0,0,0.47492662
1,0,0.4051817
1,0,0.46622565
1,0,0.49452245
1,0,0.47854224
1,0,0.4561068
1,0,0.44332463
1,0,0.43824857
1,0,0.4491167
1,0,0.4381414
1,0,0.44980732
1,0,0.4476496
1,0,0.42260858
1,0,0.49583572
0,0,0.38065177
1,0,0.39675182
1,0,0.41002116
0,0,0.39161068
0,0,0.386516
0,0,0.41718483
0,0,0.42744035
1,0,0.441846
1,0,0.46449044
1,0,0.47444966
1,0,0.4655504
1,0,0.46244806
1,0,0.47170112
1,0,0.47043765
1,0,0.47164044
1,0,0.466326
1,0,0.47324008
1,0,0.44278538
1,0,0.46539143
1,0,0.47654417
0,0,0.45030934
0,0,0.4596817
0,0,0.49179175
0,0,0.46848395
0,0,0.4788843
0,0,0.49386534
0,0,0.4797056
0,1,0.5664677
0,0,0.1562933
1,1,0.5177083
1,0,0.48498607
1,0,0.46204373
1,0,0.47029063
0,0,0.4543637
0,0,0.44062766
0,0,0.41114217
1,0,0.43248898
1,0,0.4145859
1,0,0.44262388
1,0,0.4574863
0,0,0.457025
0,0,0.44974
0,0,0.4403699
1,0,0.45971102
1,0,0.4485908
1,0,0.44897434
1,0,0.44401267
1,0,0.4692223
1,0,0.47352436
1,0,0.475519
1,0,0.42607728
1,0,0.43029314
1,0,0.44999453
1,0,0.44654962
1,0,0.42458585
1,0,0.44862
0,0,0.4338012
0,0,0.4336149
0,0,0.45172086
0,0,0.46660408
0,0,0.43593544
0,0,0.48675218
0,0,0.4602567
0,0,0.48456338
1,1,0.53423685
1,1,0.5038818
1,1,0.501385
1,1,0.54811
1,1,0.50004005
0,0,0.4778916
0,0,0.46790716
0,0,0.46350324
0,0,0.46790716
0,0,0.45449662
0,0,0.4392858
0,0,0.43640554
0,0,0.42426884
0,1,0.50151134
0,1,0.5381032
1,1,0.51891327
1,1,0.50822484
1,1,0.5338053
1,1,0.5022962
1,0,0.47055992
1,0,0.46442235
1,0,0.4548643
1,0,0.43102887
0,0,0.4572514
0,0,0.44141257
0,0,0.4514476
0,0,0.45985502
0,0,0.43879628
0,0,0.44262576
0,0,0.21834669
0,0,0.31776455
0,0,0.33723134
0,0,0.3409052
0,0,0.28487563
0,0,0.3324076
0,0,0.34969854
1,0,0.42475435
1,0,0.4222364
1,0,0.46798554
1,0,0.46940494
1,0,0.46042734
1,0,0.46785948
1,0,0.36809433
1,0,0.41756138
0,0,0.35968608
1,0,0.3234764
1,0,0.31743923
1,0,0.28028277
1,0,0.30693498
1,0,0.2097613
0,0,0.32736674
0,0,0.27802622
0,0,0.3348039
0,0,0.31750658
0,0,0.30663562
0,0,0.33374205
0,0,0.27595052
0,0,0.26811764
0,0,0.33117875
1,0,0.29152405
1,0,0.37808922
1,0,0.36399728
1,0,0.42709118
1,0,0.38419095
1,0,0.36821818
1,0,0.23877266
0,0,0.25431842
0,0,0.28484052
1,0,0.30905956
0,0,0.31013486
0,0,0.32214317
1,0,0.29085207
1,0,0.26123157
1,0,0.31768167
1,0,0.23714232
0,0,0.31613916
0,0,0.290176
0,0,0.32858366
0,0,0.3192445
0,0,0.40804088
1,0,0.3811834
1,0,0.3718805
1,0,0.38841537
1,0,0.46579984
1,0,0.46988663
0,0,0.42518848
0,0,0.41918102
0,1,0.5027575
0,0,0.4644062
0,0,0.46996367
0,0,0.4698899
0,0,0.49467537
0,1,0.5111117
0,0,0.42457476
1,0,0.47786215
1,0,0.4406825
1,0,0.46689796
1,0,0.36649978
1,0,0.3492899
0,0,0.40464815
0,0,0.35824972
1,0,0.4090175
1,0,0.4036676
1,0,0.39535472
1,0,0.40025064
1,0,0.3929662
1,0,0.36299053
1,0,0.34229252
1,0,0.35193163
1,0,0.30116382
1,0,0.3011745
0,0,0.23315693
0,0,0.3184821
0,0,0.30852214
0,0,0.32131907
0,0,0.28654948
0,0,0.27883887
1,0,0.2825216
1,0,0.26579502
1,0,0.3230174
0,0,0.37878686
1,0,0.3705304
0,0,0.44286066
1,0,0.42987782
0,0,0.47977144
1,0,0.33689725
1,0,0.3394933
0,0,0.27534375
0,0,0.26918104
0,0,0.3288567
0,0,0.3968766
0,0,0.34283963
0,0,0.34750184
0,0,0.35054526
0,0,0.42270032
0,0,0.46419403
0,0,0.43130812
0,0,0.44340503
1,1,0.5165493
1,1,0.5222524
1,0,0.4988194
1,1,0.51672256
1,0,0.41670308
1,0,0.40323395
0,0,0.38459432
0,0,0.44196352
1,0,0.42825508
1,0,0.43609425
1,0,0.4406739
0,0,0.44962284
0,0,0.4432685
0,0,0.43469638
0,0,0.42853215
0,0,0.44100943
0,0,0.41908023
1,0,0.43190405
1,0,0.4430483
1,0,0.44704348
0,0,0.47796077
0,0,0.4466435
1,0,0.43635613
1,0,0.42194137
1,0,0.44239327
1,0,0.43587384
1,0,0.44042605
1,0,0.46805662
1,0,0.45262942
1,0,0.45458645
0,0,0.47729746
0,0,0.4628413
0,0,0.4896713
0,0,0.49716038
0,0,0.45448324
1,0,0.4657381
1,0,0.48018834
1,0,0.49739355
1,0,0.49777892
1,0,0.4640104
0,0,0.44929495
1,0,0.46469235
0,0,0.4563226
1,0,0.42964458
1,0,0.44961262
1,0,0.43564162
1,0,0.43141308
1,0,0.42526487
0,0,0.45505452
0,0,0.43819106
0,0,0.43129808
0,0,0.44417024
0,0,0.44842187
0,0,0.4156723
1,0,0.4359474
1,0,0.44641495
1,0,0.42587993
1,0,0.4469479
0,0,0.42376542
0,0,0.41746116
0,0,0.41307458
0,0,0.41411605
0,0,0.42006275
0,0,0.41872427
0,0,0.41234195
0,0,0.42344543
0,0,0.44054538
1,0,0.4283915
1,0,0.43284425
1,0,0.43222535
1,0,0.44687077
0,0,0.44687077
0,0,0.45934936
1,0,0.4490701
1,0,0.43118662
1,0,0.41941288
1,0,0.4334284
1,0,0.4282699
1,0,0.44429582
1,0,0.42212832
1,0,0.4233779
1,0,0.43931207
1,0,0.3434544
1,0,0.3256848
1,0,0.2802075
0,0,0.27253437
0,0,0.2379717
0,0,0.34229577
0,0,0.28149614
0,0,0.28929523
0,0,0.33339596
1,0,0.2787201
1,0,0.3434495
1,0,0.37338302
1,0,0.36219287
1,0,0.42198747
1,0,0.4485144
1,0,0.4887785
1,1,0.5347278
0,0,0.48433518
0,1,0.5053868
0,0,0.49985728
1,0,0.49726322
1,1,0.57310843
1,0,0.42385525
1,0,0.43165922
1,0,0.46566424
1,0,0.40001756
1,0,0.4206588
0,0,0.45357835
0,0,0.4558356
1,0,0.44836253
1,0,0.4609855
1,0,0.41312435
1,0,0.39636835
1,0,0.34688365
1,0,0.3771404
1,0,0.36084637
1,0,0.3070948
1,0,0.33903167
1,0,0.2611676
1,0,0.27971637
1,0,0.38113478
1,0,0.49911216
1,1,0.5168459
1,0,0.33099622
1,0,0.31753644
1,0,0.38587472
1,0,0.37420616
0,0,0.43973175
1,0,0.3539089
1,0,0.31712222
1,0,0.34266007
1,0,0.40413946
1,0,0.4833241
1,0,0.37078312
0,0,0.33131775
0,0,0.45619905
0,0,0.29063162
1,0,0.32773015
1,0,0.4062972
1,0,0.44562674
1,0,0.46018797
1,1,0.5368356
1,0,0.3781032
0,0,0.45455712
1,0,0.4367719
1,0,0.43341023
1,0,0.3806027
1,0,0.4108852
1,1,0.53321147
1,0,0.4540536
1,0,0.40277737
1,0,0.36264724
0,0,0.46268666
0,0,0.32152948
0,0,0.31441337
0,0,0.38110715
1,0,0.411689
1,1,0.5632854
1,1,0.545475
1,1,0.5105087
0,1,0.51246744
0,0,0.38990632
0,0,0.43391892
0,0,0.4174609
0,0,0.34319925
1,0,0.27721116
1,0,0.40557298
1,0,0.45028752
1,0,0.31003597
1,0,0.37650943
1,0,0.31206137
0,0,0.3904561
0,0,0.24063864
0,0,0.41554353
0,0,0.27683568
0,0,0.23676066
0,0,0.33717337
0,1,0.51298505
1,0,0.43967497
0,0,0.43998373
0,0,0.4374013
1,0,0.42703566
0,0,0.38347617
0,0,0.36364406
0,0,0.42327893
0,0,0.4183373
0,0,0.34973058
0,0,0.3680759
0,0,0.4039995
0,0,0.39478225
0,0,0.44917807
0,0,0.4525944
0,0,0.4177541
0,0,0.4345555
1,1,0.5302017
0,0,0.4663681
0,1,0.5024364
0,1,0.5015125
0,1,0.5415764
0,0,0.48746127
0,0,0.4950343
0,0,0.49818617
0,1,0.62434274
0,1,0.53253144
1,1,0.5165954
1,1,0.5200892
1,0,0.49085352
1,1,0.52123636
1,0,0.49834847
0,1,0.5131872
0,0,0.48608884
0,0,0.4906084
0,0,0.4865467
0,0,0.4920762
0,1,0.5016545
1,0,0.46293858
1,1,0.53281325
1,0,0.47564843
1,1,0.53281265
1,0,0.49625635
1,0,0.49225813
1,1,0.53317344
1,1,0.50863856
0,0,0.4866386
0,0,0.4917041
0,0,0.4911881
0,1,0.50724983
0,0,0.4750648
1,1,0.52207696
1,0,0.49120227
1,0,0.47296235
1,1,0.5036369
1,0,0.48170215
1,0,0.48321018
1,0,0.48126683
1,0,0.4887148
1,0,0.4698636
1,0,0.48651487
0,0,0.4635801
0,0,0.48257893
0,0,0.47638088
1,0,0.48289058
1,0,0.46320114
1,0,0.44102734
1,0,0.46461526
1,0,0.49556428
1,0,0.48268235
0,0,0.46429747
0,0,0.460957
0,0,0.459171
0,0,0.44640544
0,0,0.45510843
0,1,0.51173055
0,0,0.49404562
0,0,0.49701858
0,0,0.4711475
0,0,0.49597543
0,0,0.46174636
0,1,0.50478107
0,0,0.4549635
0,1,0.5228887
1,1,0.66037005
1,1,0.5807486
1,1,0.61775887
1,1,0.5403301
1,1,0.54344416
1,0,0.4854903
1,0,0.4760639
1,0,0.4896018
1,0,0.48871276
1,0,0.47533938
1,0,0.46728835
1,0,0.47816503
1,0,0.4747457
1,0,0.46550533
1,1,0.5119681
1,0,0.46975696
1,0,0.47548735
1,0,0.45105454
1,0,0.46356878
1,0,0.4812356
1,0,0.47805613
1,0,0.47297835
1,0,0.47561666
1,0,0.47430122
1,0,0.4732769
1,0,0.46512672
1,0,0.4849144
0,0,0.46410587
0,0,0.44887537
0,0,0.32408625
0,0,0.2344272
0,0,0.4627886
0,1,0.5084419
0,1,0.5069201
1,1,0.51309806
0,0,0.46670043
1,0,0.44387904
1,0,0.4503998
0,0,0.45386496
0,0,0.42406204
0,0,0.39905304
0,0,0.44675606
0,0,0.4413846
0,0,0.42015663
0,0,0.43429232
0,0,0.4710622
0,0,0.45407826
1,0,0.4398894
1,0,0.46362385
1,0,0.48548737
1,0,0.48176262
1,1,0.500392
1,0,0.48911342
1,0,0.4792412
1,0,0.48482865
1,0,0.4714417
1,0,0.48171556
1,0,0.4653241
1,0,0.45819157
1,0,0.48373738
1,0,0.47506282
1,0,0.48269323
0,0,0.48659703
0,0,0.4715208
0,0,0.4848503
0,0,0.45496944
1,0,0.4653993
1,0,0.47579515
1,0,0.4599599
1,0,0.44428146
1,0,0.45370695
0,1,0.52114743
0,0,0.46634945
1,0,0.47454458
0,0,0.42995566
0,0,0.46196175
0,0,0.45360178
1,0,0.49334514
0,0,0.49270546
1,1,0.51069516
1,0,0.46288124
1,0,0.4526384
1,0,0.46944177
0,0,0.45866287
0,0,0.48279026
0,0,0.48367545
0,0,0.46307197
0,0,0.48041016
0,0,0.4600432
1,1,0.50620383
1,0,0.4613255
1,0,0.46256822
1,0,0.49113226
0,0,0.42417076
0,0,0.47413537
0,0,0.44856328
0,0,0.46196175
0,0,0.47005978
0,0,0.47610006
0,0,0.48732948
0,0,0.4471485
1,0,0.47213662
1,0,0.48296925
1,1,0.5108271
1,1,0.5039791
1,0,0.4429498
1,0,0.4750956
1,0,0.43949124
1,0,0.4567861
0,0,0.4696647
0,0,0.47839245
0,0,0.46168858
0,0,0.45717266
0,0,0.42293835
0,0,0.43860206
0,0,0.48506278
1,0,0.45589036
0,0,0.49281764
0,0,0.48519117
0,0,0.46107224
1,0,0.46183652
0,0,0.47309577
1,0,0.44823268
1,0,0.46443376
1,0,0.47937992
1,0,0.46926567
1,0,0.4556269
1,0,0.43944827
1,0,0.45440662
1,0,0.46275485
1,0,0.48016238
1,0,0.48247468
1,0,0.4792412
0,0,0.47181955
1,0,0.41970325
1,0,0.47272477
1,0,0.4860922
1,0,0.45824444
1,0,0.4772223
1,0,0.46988526
1,0,0.46314207
1,0,0.47395408
1,0,0.4551773
1,0,0.47127557
1,0,0.47216335
1,0,0.47988462
0,0,0.46421006
0,0,0.4665178
0,0,0.48149848
0,0,0.4858966
0,0,0.47936064
0,0,0.46752384
0,0,0.49863675
0,0,0.4665024
1,1,0.644844
1,1,0.55338585
1,0,0.4779066
1,1,0.5289853
0,1,0.51209116
0,0,0.47858313
0,0,0.476595
0,0,0.46968883
0,0,0.4517052
0,1,0.50355566
0,0,0.4744542
0,0,0.47943786
0,0,0.47943786
0,0,0.4871545
0,1,0.53919363
1,0,0.4953594
1,0,0.47596577
1,0,0.48499906
1,0,0.48639357
1,0,0.48475978
0,0,0.49921462
0,0,0.48138908
0,0,0.4860469
0,0,0.4700325
0,0,0.4694459
0,0,0.46757996
0,0,0.4636906
0,0,0.46084648
0,0,0.4789073
1,1,0.52926487
1,0,0.39496884
1,0,0.4296137
1,0,0.451454
1,0,0.43321794
1,0,0.39386806
1,0,0.406413
1,0,0.40371826
1,0,0.40444952
0,0,0.4188613
1,0,0.40629268
0,0,0.40018108
0,0,0.41735947
0,0,0.41621843
0,0,0.405263
0,0,0.41520008
0,0,0.4561665
0,0,0.3944708
0,0,0.3895382
0,0,0.40857208
0,1,0.5005664
0,0,0.43025148
0,0,0.42518038
0,0,0.4445615
1,0,0.44952324
1,0,0.45878136
0,0,0.3980817
0,0,0.38924176
1,0,0.4376325
0,0,0.41538438
0,0,0.41982538
0,0,0.40899885
1,0,0.39457953
1,0,0.41714263
0,0,0.39372674
1,0,0.41581902
1,0,0.4219081
0,0,0.43185288
0,0,0.43126944
1,0,0.42562443
0,0,0.4188836
1,0,0.4204881
1,0,0.41769287
1,0,0.46418986
1,0,0.4253223
1,0,0.41439247
0,0,0.42166582
0,0,0.43019137
0,0,0.42258307
0,0,0.4177563
0,0,0.42465127
1,0,0.45162436
1,0,0.4096284
0,0,0.4210879
1,0,0.47605506
1,0,0.44069546
0,0,0.42155465
0,0,0.41947964
0,0,0.41943467
0,0,0.45205933
0,0,0.39636767
0,0,0.38437366
1,0,0.42560235
1,0,0.4149377
0,0,0.44946477
1,0,0.39524937
1,0,0.43580833
1,0,0.4284589
1,0,0.4184067
1,0,0.43564332
1,0,0.415082
1,0,0.4269993
1,0,0.40908208
1,0,0.42167938
0,0,0.4705287
0,0,0.39901578
0,0,0.403011
0,0,0.4182235
0,0,0.4077806
0,0,0.4028598
0,0,0.42617196
0,0,0.3977133
0,0,0.41978613
0,0,0.40729108
0,0,0.39792413
0,0,0.39275804
0,0,0.44199038
0,0,0.4283684
0,0,0.42430353
0,0,0.41901642
0,0,0.39241913
0,0,0.41080746
0,0,0.4133955
0,0,0.39786315
0,0,0.44021794
1,0,0.44039983
1,0,0.48744875
1,0,0.45404035
1,0,0.43922082
1,0,0.44650638
0,0,0.4108635
1,0,0.41496536
1,0,0.42281184
1,0,0.39923787
1,0,0.4181372
1,0,0.4178789
1,0,0.42274046
0,0,0.42274046
0,0,0.42659065
0,0,0.38702732
0,0,0.4156962
1,0,0.4073882
1,0,0.4244855
1,0,0.4626921
1,0,0.43833426
1,0,0.44691166
0,0,0.41870633
0,0,0.4123038
0,0,0.40745243
0,0,0.40006554
0,0,0.41103065
1,0,0.3906349
0,0,0.41641754
1,0,0.46011066
0,0,0.4509472
0,0,0.4120091
1,0,0.40315923
1,0,0.4069928
1,0,0.4097025
1,0,0.44984844
1,0,0.4422272
1,0,0.42982396
0,0,0.4209555
1,0,0.39731878
1,0,0.4133971
0,0,0.4340269
0,0,0.42368492
0,0,0.398285
1,0,0.42304593
1,0,0.431994
0,0,0.39435703
0,0,0.3972072
0,0,0.40305987
0,0,0.40860912
0,0,0.42914224
1,0,0.41697976
1,0,0.4207168
1,0,0.43583405
1,0,0.438285
1,0,0.38923085
1,0,0.41999245
1,0,0.42823473
1,0,0.41085842
1,0,0.39084235
1,0,0.42943546
1,0,0.39734066
1,0,0.41815886
1,0,0.4322618
0,0,0.38747287
1,0,0.41077304
1,0,0.41286972
0,0,0.41402268
1,0,0.42314216
1,0,0.42801738
1,0,0.41412675
1,0,0.41064683
1,0,0.4118384
1,0,0.40589076
1,0,0.3771289
1,0,0.41862017
0,0,0.42073536
0,0,0.40282136
0,0,0.39507756
0,0,0.451832
0,0,0.44740933
1,1,0.50370485
1,0,0.37875628
1,0,0.4206998
1,0,0.40498805
1,0,0.4233199
0,0,0.41425326
0,0,0.40367368
0,0,0.39949453
0,0,0.4139131
0,0,0.42236823
1,0,0.41371998
0,0,0.45585644
1,0,0.39921084
1,0,0.41708028
0,0,0.4100012
0,0,0.38561943
0,0,0.37772298
0,0,0.39943987
0,0,0.38753134
0,0,0.39963114
0,0,0.4173481
0,0,0.38576525
0,0,0.38967595
1,0,0.39655355
1,0,0.4250119
1,0,0.4233327
1,0,0.4405096
0,0,0.3953305
0,0,0.47790062
0,0,0.39626303
0,0,0.4122095
1,0,0.41956142
1,0,0.42375755
1,0,0.39942184
1,0,0.38834876
1,0,0.42151296
0,0,0.42545304
1,0,0.38959026
1,0,0.4230571
0,0,0.40030265
1,0,0.40919057
1,0,0.40956146
1,0,0.40304184
1,0,0.41395035
1,0,0.4146094
1,0,0.41375408
1,0,0.39964014
1,0,0.3954622
0,0,0.40512276
0,0,0.4628104
1,0,0.45600215
1,0,0.44504455
0,0,0.41980436
0,0,0.4353666
0,0,0.3978524
0,0,0.42078403
0,0,0.42280847
0,0,0.4103273
0,0,0.4261379
0,0,0.42766476
0,0,0.40086037
0,0,0.47977287
0,0,0.4256109
0,0,0.4238328
0,0,0.4399288
0,0,0.41724345
0,0,0.42199028
0,0,0.40548822
0,0,0.40648648
0,0,0.4081902
0,0,0.43226808
1,0,0.41001067
1,0,0.42782858
1,0,0.38344952
1,0,0.3913176
1,0,0.43544683
1,0,0.41890854
1,0,0.40654877
0,0,0.43768692
1,0,0.40341762
1,0,0.40276358
1,0,0.38618943
1,0,0.40591466
1,0,0.4065636
1,0,0.43685305
1,0,0.42609695
1,0,0.42040843
1,0,0.4142699
1,0,0.43305567
1,0,0.44428632
1,0,0.42627734
1,0,0.41506767
1,0,0.4067276
0,0,0.45368236
0,0,0.43488693
1,0,0.45401734
1,0,0.4002103
1,0,0.4013277
1,0,0.41001514
0,0,0.40450743
0,0,0.41330358
0,0,0.39386523
0,0,0.40809408
0,0,0.40372214
0,0,0.39048478
0,0,0.41357288
0,0,0.44127914
0,0,0.43926483
0,0,0.43379015
0,0,0.41540414
0,0,0.42445657
1,0,0.39023897
1,0,0.43181926
1,0,0.3851867
1,0,0.43351185
0,0,0.4211805
0,0,0.45353445
1,0,0.40892345
1,0,0.42848203
1,0,0.40811223
1,0,0.3886001
1,0,0.42108315
1,0,0.42073768
1,0,0.41501546
0,0,0.41187027
0,0,0.41930118
0,0,0.40648222
0,0,0.42576882
0,0,0.42157036
1,0,0.40854076
0,0,0.38868806
0,0,0.39268038
0,0,0.40344816
1,0,0.43743926
1,0,0.39288616
1,0,0.38104895
0,0,0.37446
1,0,0.40917596
0,0,0.40362516
0,0,0.41447353
0,0,0.4066809
0,0,0.3873177
0,0,0.3988581
0,0,0.4090832
1,0,0.4276398
0,0,0.44338948
1,0,0.4402429
1,0,0.41611373
0,0,0.4281697
1,0,0.38062742
1,0,0.4086543
1,0,0.38783446
1,0,0.40119964
1,0,0.39071482
0,0,0.40801743
1,0,0.40099972
1,0,0.3887929
1,0,0.3876844
1,0,0.37832007
1,0,0.37165916
1,0,0.40520397
1,0,0.41855425
1,0,0.40354005
1,0,0.40691346
0,0,0.4075442
0,0,0.4102177
0,0,0.40738508
0,0,0.40278843
1,0,0.40079045
1,0,0.38639694
1,0,0.43647042
1,0,0.4314531
1,0,0.38159776
1,0,0.38609573
1,0,0.37583908
1,0,0.40987578
1,0,0.42729303
1,0,0.37992766
1,0,0.4136688
0,0,0.40154576
1,0,0.41826877
0,0,0.43842697
0,0,0.3901983
1,0,0.39514658
1,0,0.3740238
1,0,0.38442174
1,0,0.44622922
1,0,0.37980634
1,0,0.44502002
1,0,0.39945295
1,0,0.42431876
0,0,0.41545287
1,0,0.40027654
1,0,0.3913665
0,0,0.41382214
0,0,0.409682
0,0,0.38395247
0,0,0.4015581
0,0,0.4057335
0,0,0.38601387
1,0,0.38746843
1,0,0.4224404
1,0,0.43555453
1,0,0.41109118
1,0,0.42126906
0,0,0.42864683
0,0,0.402911
0,0,0.4003599
1,0,0.4022007
0,0,0.38898358
0,0,0.39145535
1,0,0.37185022
0,0,0.38330868
0,0,0.38982648
0,0,0.36639866
0,0,0.3849699
0,0,0.4141164
1,0,0.4608716
1,0,0.421425
1,0,0.42911017
1,0,0.39094064
1,0,0.48147765
1,0,0.38396832
1,0,0.40853494
1,0,0.41061908
1,0,0.39220428
0,0,0.42363498
1,0,0.4113509
1,0,0.4012052
0,0,0.3975744
1,0,0.4308628
1,0,0.40238217
1,0,0.41910246
1,0,0.41897509
1,0,0.45300773
1,0,0.41279343
1,0,0.42030153
1,0,0.41953075
0,0,0.41480285
1,0,0.43107247
1,0,0.42452565
1,0,0.42380047
1,0,0.43515602
1,0,0.38036627
1,0,0.41226977
1,0,0.3795624
0,0,0.45736897
1,0,0.37098613
0,0,0.40081388
1,0,0.3660203
0,0,0.40533933
0,0,0.35973945
0,0,0.4309536
0,0,0.43627316
0,0,0.4438758
0,0,0.426127
0,0,0.40453655
0,0,0.40321526
0,0,0.4458824
0,0,0.41193548
0,0,0.43083486
0,0,0.4586717
1,0,0.44333026
1,0,0.4651234
1,0,0.39121997
1,0,0.41377002
1,0,0.42975178
1,0,0.40752655
0,0,0.40598908
0,0,0.42835513
0,0,0.39686698
0,0,0.44840896
0,0,0.4244158
0,0,0.44599074
0,0,0.48531705
0,0,0.4007976
0,0,0.37143543
0,0,0.38832882
0,0,0.43588582
0,0,0.4253053
0,0,0.37617582
0,0,0.37321404
0,0,0.4077591
1,0,0.4277401
1,0,0.44515026
1,0,0.40535912
1,0,0.40922475
1,0,0.41943106
1,0,0.43436575
1,0,0.42916328
1,0,0.4105992
1,0,0.41726205
1,0,0.42057887
0,0,0.43694463
1,0,0.40453786
0,0,0.4128112
0,0,0.42204088
0,0,0.4095333
0,0,0.41175446
0,0,0.4131589
1,0,0.4187063
1,0,0.43824497
0,0,0.3924425
1,0,0.4454426
1,0,0.3991272
1,0,0.42306998
1,0,0.42947584
1,0,0.41000772
1,0,0.42732254
0,0,0.37960175
0,0,0.40653014
0,0,0.4284341
0,0,0.39802706
0,0,0.4391843
0,0,0.4032959
0,0,0.41381672
0,0,0.38253424
0,0,0.4088732
0,0,0.37131494
0,0,0.36197397
0,0,0.39045888
0,0,0.40812406
0,0,0.42753395
0,0,0.40146807
0,0,0.38944048
0,0,0.39406714
0,0,0.39021072
1,0,0.36776266
1,0,0.3700411
0,0,0.4231661
1,0,0.4467681
1,0,0.40965828
1,0,0.3991446
0,0,0.41273677
1,0,0.39020172
1,0,0.41994616
1,0,0.37364513
1,0,0.419398
1,0,0.36246517
1,0,0.43188617
0,0,0.41566035
0,0,0.42466018
1,0,0.4057953
1,0,0.4400003
1,0,0.40060517
1,0,0.42576727
1,0,0.4068487
1,0,0.42971238
0,0,0.4462466
0,0,0.42916998
0,0,0.4239049
0,0,0.42150775
0,0,0.4171565
0,0,0.3683174
0,0,0.40174142
1,0,0.41506892
1,0,0.39297596
1,0,0.40109676
1,0,0.3763148
1,0,0.37305456
1,0,0.42782754
0,0,0.43017307
1,0,0.36431742
0,0,0.43904582
0,0,0.37714118
0,0,0.41585693
0,0,0.39303637
0,0,0.43126196
0,0,0.3802509
0,0,0.3623311
1,0,0.39032534
1,0,0.43111074
1,0,0.4025493
1,0,0.4048184
1,0,0.41581288
0,0,0.42779264
0,0,0.36937115
0,0,0.43762335
0,0,0.37355208
0,0,0.37775958
0,0,0.37833232
0,0,0.4249023
0,0,0.4482518
0,0,0.45640704
0,0,0.4551897
1,0,0.44032666
0,0,0.46259445
1,1,0.5176395
1,0,0.48599425
1,0,0.4960782
1,0,0.43780354
1,1,0.529874
1,0,0.4470173
1,0,0.47088525
0,0,0.45713973
0,0,0.4582907
1,0,0.45639512
1,0,0.4612211
1,0,0.43582952
1,0,0.47771683
1,0,0.4381232
0,0,0.43460855
0,0,0.42648548
0,0,0.47971526
0,0,0.46175992
0,0,0.4392061
0,0,0.4288592
0,0,0.47633937
1,1,0.5762114
0,0,0.48225623
0,0,0.49586925
0,0,0.42447996
1,1,0.5411532
0,0,0.48094848
0,1,0.5140043
0,0,0.48724848
0,0,0.47534457
0,0,0.46339998
0,1,0.525054
0,1,0.5415941
0,1,0.6180626
0,1,0.53736496
1,1,0.53558916
1,1,0.5122261
1,0,0.47621894
1,1,0.5620733
1,0,0.49086592
1,1,0.5582157
1,0,0.46551934
1,0,0.49411035
1,0,0.4829006
1,0,0.48989183
1,0,0.48454502
1,0,0.4985367
1,0,0.49127665
1,0,0.46529654
1,0,0.46459424
1,0,0.49894127
1,0,0.49552032
0,0,0.38135985
1,0,0.41853014
0,0,0.43040216
0,0,0.44756305
1,0,0.44857302
1,0,0.4879081
0,0,0.45391092
1,0,0.47114486
1,0,0.40507135
1,0,0.454356
1,0,0.46366328
0,0,0.46424848
0,0,0.4572448
0,0,0.4529372
1,0,0.46611696
1,0,0.44366112
1,0,0.47913012
1,0,0.46264002
1,0,0.489706
1,0,0.4577778
0,0,0.35515067
1,0,0.4413867
1,0,0.4177626
1,0,0.42532542
1,0,0.4478065
1,0,0.4214811
1,0,0.47020912
0,0,0.3730257
0,0,0.44169632
0,0,0.30974564
0,0,0.2886168
0,0,0.3202012
0,0,0.4254203
0,0,0.3733384
0,0,0.3982296
0,0,0.4266165
0,0,0.4517492
0,0,0.4265305
0,0,0.4503071
0,0,0.44169018
1,1,0.5466492
1,0,0.49345288
0,1,0.6299404
0,1,0.5106903
0,0,0.4795829
0,0,0.4583626
0,0,0.44444266
1,0,0.44974434
1,0,0.4656015
1,0,0.43337905
1,0,0.44148755
1,0,0.472659
1,0,0.47748002
1,0,0.46520704
1,0,0.4420644
1,1,0.50679415
0,0,0.4954145
1,0,0.46615773
0,0,0.48920783
0,0,0.45989323
0,0,0.42133665
0,0,0.47494513
1,0,0.46380165
1,1,0.50042254
1,0,0.4666616
1,0,0.46614772
0,0,0.4736366
0,0,0.4744337
0,0,0.47425124
0,0,0.4847251
0,0,0.46701804
1,0,0.483523
0,0,0.4958954
1,0,0.4604025
1,0,0.48543298
1,1,0.5080821
1,0,0.47209728
1,0,0.47617602
1,0,0.474321
0,0,0.47526345
0,0,0.4856154
0,0,0.46884498
0,0,0.4829528
0,0,0.4714209
0,0,0.43143916
0,0,0.46339378
0,0,0.47251782
0,0,0.47314888
1,0,0.4632297
1,0,0.47010458
1,0,0.48527056
1,1,0.52824867
1,1,0.5072144
1,0,0.48029754
1,0,0.48624954
1,0,0.48696607
1,0,0.49522936
1,0,0.4612969
1,0,0.4736111
1,0,0.47421053
1,0,0.4622163
1,0,0.48328233
1,0,0.4881766
0,0,0.47206327
0,0,0.48014832
0,0,0.4582588
1,0,0.46987623
1,0,0.46714038
1,0,0.46173024
1,0,0.45091277
1,0,0.45387793
0,0,0.48024645
0,0,0.4692012
0,0,0.42388555
0,0,0.4569546
0,0,0.4711767
0,0,0.4247215
0,0,0.4653447
0,0,0.46736473
1,0,0.4868823
1,0,0.4670537
1,0,0.45417663
1,0,0.49587223
1,0,0.4597788
0,0,0.46245345
0,0,0.4679861
0,0,0.46919847
0,0,0.4655774
0,0,0.4555372
1,0,0.47767472
1,0,0.43889964
1,0,0.40827638
1,0,0.45072785
1,0,0.43341023
0,0,0.46681678
0,0,0.48256406
0,0,0.46530223
0,0,0.46661222
0,0,0.46761817
0,0,0.4889591
0,0,0.45577142
0,0,0.4839627
0,0,0.47929645
1,0,0.48827606
1,0,0.47653815
1,0,0.43957216
1,0,0.44236284
1,0,0.47130358
1,0,0.45150247
0,0,0.4583784
0,0,0.48821723
0,0,0.45458713
0,0,0.4910604
0,0,0.4732914
0,0,0.48092973
0,0,0.47864315
0,0,0.47548252
1,1,0.5150256
0,1,0.540809
1,0,0.41544774
1,0,0.47256696
1,0,0.4587103
1,0,0.49499586
1,0,0.45806587
0,0,0.49357295
1,0,0.47220907
1,0,0.47449896
1,1,0.5027614
1,0,0.47390497
1,0,0.47934803
0,0,0.46628314
0,0,0.4990807
0,0,0.45978948
0,0,0.48572502
0,0,0.4903742
1,0,0.46370178
1,0,0.41659167
1,0,0.45491385
1,0,0.41235262
1,0,0.4217943
0,1,0.50822
1,0,0.45890474
0,0,0.49661276
1,0,0.49805346
1,0,0.48280892
1,0,0.43509328
0,0,0.44711706
0,0,0.45890474
0,0,0.45978948
0,0,0.4693523
0,0,0.471116
0,0,0.46344775
0,0,0.4648823
0,0,0.46299258
1,1,0.5240774
1,0,0.49495178
1,0,0.477831
0,0,0.46898285
0,0,0.4818777
0,1,0.51446265
0,0,0.49537605
0,0,0.45674103
0,0,0.45283413
0,0,0.474402
0,0,0.47695276
0,0,0.46369377
0,0,0.49649107
0,0,0.45960653
0,1,0.50103724
1,1,0.5106763
1,0,0.4876551
1,0,0.4665281
1,0,0.4684851
1,0,0.47743383
0,0,0.46073726
0,0,0.46329898
0,0,0.4709028
0,0,0.48293445
0,0,0.47695032
0,0,0.46719128
0,0,0.46743396
0,0,0.46865094
0,0,0.46467796
0,0,0.43984178
1,0,0.44376704
1,0,0.4763207
1,0,0.4653614
1,1,0.52398425
1,0,0.43608865
1,0,0.4455172
1,0,0.43836138
1,0,0.4781814
1,0,0.41367322
1,0,0.4803474
0,0,0.42340225
0,0,0.3787645
1,0,0.40985015
0,0,0.3744237
0,0,0.4207433
1,0,0.43345556
1,0,0.44249156
1,0,0.4255322
1,1,0.50824255
1,1,0.54948914
1,0,0.42006811
0,0,0.44145048
0,0,0.47595248
0,0,0.44689867
0,0,0.45023304
0,0,0.42220572
0,0,0.4548012
0,0,0.46088862
1,1,0.5860295
1,0,0.48025587
1,1,0.63013035
1,0,0.49924523
0,0,0.4864131
1,0,0.45911592
1,0,0.459335
1,0,0.4619011
0,0,0.46120086
0,0,0.4704753
0,0,0.44054243
0,0,0.39753038
0,0,0.44718516
1,1,0.5631695
1,0,0.4965297
1,0,0.48280668
1,1,0.51225406
0,1,0.5021778
0,0,0.46940815
1,0,0.46738422
0,0,0.45575598
0,0,0.47011775
0,1,0.54157513
0,1,0.52340746
0,1,0.5223199
0,0,0.20871475
1,0,0.46269876
1,1,0.5136422
0,0,0.48667812
0,1,0.5810105
0,1,0.6114467
0,0,0.46518147
0,0,0.46348378
0,0,0.49165156
0,1,0.57340103
0,0,0.4989052
0,1,0.5269803
0,1,0.5273219
0,1,0.53050977
0,0,0.47066814
0,1,0.5009487
0,1,0.50212175
0,1,0.5257708
1,1,0.54249793
0,1,0.52342254
1,1,0.52454805
0,1,0.5246179
1,1,0.5005271
1,0,0.49804726
1,1,0.5142988
0,1,0.5399234
0,0,0.47503033
0,1,0.5012141
0,1,0.5073987
0,0,0.4611792
0,0,0.46081793
0,0,0.48248658
0,1,0.52376515
0,1,0.5648056
0,1,0.513611
0,1,0.51658845
0,0,0.49660146
0,0,0.49769467
0,1,0.5043299
0,0,0.48856384
0,0,0.49660242
1,0,0.48572913
1,1,0.66340315
1,1,0.67904216
1,1,0.71698594
0,1,0.6191688
0,1,0.64734554
0,1,0.5611067
0,1,0.55062884
0,1,0.5304635
0,1,0.56691355
0,1,0.61471623
0,1,0.60532945
0,1,0.5765595
1,1,0.57973677
1,1,0.5914645
1,1,0.54119575
1,1,0.53447014
1,0,0.47766504
1,0,0.4522736
0,0,0.44816223
1,0,0.43556693
0,0,0.46742868
1,0,0.44848472
1,0,0.45762807
1,0,0.47751373
1,0,0.4549759
1,0,0.47016263
0,0,0.47799742
0,1,0.51237524
1,0,0.4889228
1,0,0.4834371
1,0,0.46741125
1,0,0.4873885
1,1,0.5567037
1,0,0.49542645
1,0,0.46054965
1,0,0.45763335
1,0,0.47327173
1,0,0.4719177
1,0,0.45304766
1,0,0.45787665
1,0,0.43984547
1,0,0.4790622
0,0,0.47179884
0,0,0.47556323
0,0,0.48125854
0,0,0.46471956
0,0,0.47801027
1,0,0.47330862
1,0,0.466556
1,0,0.48962384
1,1,0.5127118
1,1,0.5747501
0,1,0.501085
0,0,0.4655273
0,0,0.45361668
0,0,0.46173757
1,0,0.48031905
1,0,0.44831765
1,0,0.43904987
1,0,0.44534683
1,0,0.44684336
1,0,0.45573685
0,0,0.45022216
0,0,0.48713115
0,0,0.4676903
0,0,0.47573754
1,0,0.43653008
1,0,0.45969513
1,0,0.43935102
1,0,0.450344
1,0,0.4650528
1,0,0.43713877
1,0,0.45145407
1,0,0.45806688
1,1,0.51415646
1,0,0.44663456
1,0,0.48025158
1,0,0.40993118
0,0,0.3269865
1,0,0.35706496
1,0,0.43752065
0,0,0.412628
0,0,0.44120246
0,0,0.43240193
0,0,0.45397043
0,0,0.46480906
0,0,0.302831
0,0,0.47749808
0,0,0.46120486
1,1,0.5015619
1,0,0.44180095
0,1,0.50094783
0,0,0.46076468
0,0,0.4413782
0,0,0.45003402
0,0,0.43389884
0,0,0.44988114
0,0,0.45231017
0,0,0.48526257
0,1,0.5149061
0,0,0.4612092
0,0,0.47144338
1,0,0.4757886
1,0,0.49466872
1,0,0.44529057
1,0,0.45060948
1,0,0.45949203
1,0,0.44365636
0,0,0.45017186
0,0,0.4503776
0,0,0.43979254
0,0,0.4565563
0,0,0.43171352
0,0,0.45688084
0,0,0.4731253
0,0,0.49731866
0,1,0.54700595
0,1,0.5275534
0,1,0.5236675
0,0,0.49051327
0,0,0.49604258
0,0,0.48398417
0,0,0.46394357
0,1,0.50438714
0,0,0.45085275
0,0,0.45243412
1,0,0.46405587
1,0,0.41373608
1,0,0.42411947
1,0,0.4640762
1,0,0.43604404
0,0,0.4657246
0,0,0.4599863
0,0,0.45609418
0,0,0.46837127
1,0,0.4444127
1,0,0.4554066
1,0,0.4346007
1,0,0.4706911
1,1,0.5259214
0,1,0.5296155
1,0,0.46062154
0,0,0.4758827
1,0,0.46722686
1,0,0.45060197
1,0,0.45816964
1,0,0.44937322
0,0,0.45173934
0,0,0.4382856
0,0,0.4563677
0,0,0.46630684
0,0,0.433863
1,0,0.46670875
1,0,0.46641532
1,1,0.52025133
1,0,0.48459864
0,0,0.47715807
0,0,0.45758528
1,0,0.4461122
0,0,0.47524938
1,0,0.4624553
1,0,0.44060695
1,0,0.4590272
1,0,0.4502387
1,0,0.4462058
1,0,0.4376631
1,0,0.4465902
1,0,0.39182025
1,0,0.44121993
1,0,0.43191627
0,0,0.40610147
0,0,0.37558252
1,0,0.43317088
0,0,0.43176466
0,0,0.4259334
0,0,0.4917741
0,1,0.5524179
0,0,0.44417635
0,0,0.46645576
0,0,0.46857125
0,1,0.5018671
0,0,0.4315631
0,0,0.4791811
0,0,0.45615408
0,0,0.46685153
1,0,0.4776586
0,0,0.46143612
1,1,0.5265832
1,0,0.4777181
1,0,0.47846538
1,0,0.47581226
1,0,0.4831879
0,0,0.45568597
1,0,0.47451693
1,0,0.45535842
1,0,0.47396028
1,0,0.44992864
1,0,0.46099004
1,1,0.543155
1,0,0.48808298
1,0,0.48971316
1,0,0.49378768
1,0,0.49259147
1,0,0.46827725
1,0,0.48910052
1,0,0.36279473
0,0,0.44675377
0,0,0.43706045
0,0,0.44858694
0,0,0.367266
0,0,0.43697667
0,0,0.44952098
0,1,0.5890164
1,1,0.5484692
1,1,0.58526826
1,1,0.58003664
1,1,0.5495881
1,1,0.5108237
1,0,0.49925604
1,1,0.51494
1,0,0.4840118
0,1,0.50045526
0,0,0.48710424
0,0,0.4698419
0,0,0.47486377
0,0,0.44164637
1,0,0.42573822
0,0,0.48080486
0,0,0.4553619
0,0,0.4872012
0,0,0.46675113
0,0,0.45026094
1,0,0.39659116
1,1,0.51171696
1,1,0.51181626
1,1,0.5279697
0,1,0.53255975
0,0,0.45845783
0,0,0.47656265
0,0,0.4535216
0,0,0.48455766
0,0,0.4769126
0,1,0.6020366
1,1,0.6717283
1,1,0.55502653
1,1,0.5776211
0,1,0.5504085
1,1,0.5675026
0,1,0.54317135
0,1,0.5330474
1,0,0.49479908
1,1,0.5093613
1,1,0.51422065
1,1,0.56899256
1,1,0.50393784
1,1,0.529834
1,1,0.50201607
1,1,0.5597017
1,0,0.4872556
1,1,0.52684015
1,0,0.48318925
1,0,0.4881967
0,0,0.47294125
1,0,0.4628005
1,0,0.46096197
0,0,0.46241623
0,0,0.4948174
0,0,0.44115946
0,0,0.4727058
0,0,0.46679518
0,1,0.5143486
0,0,0.47232163
0,0,0.47634897
1,0,0.43904096
0,1,0.5542277
0,0,0.47738513
0,0,0.48935422
0,0,0.46635282
0,0,0.48014578
1,0,0.35754982
1,0,0.47758833
1,1,0.5669028
1,1,0.53943366
1,1,0.50952864
1,1,0.50711685
1,0,0.47254598
1,0,0.4739305
1,0,0.4201847
0,0,0.42063275
0,0,0.4351623
0,0,0.4428238
0,0,0.45945042
0,0,0.44508067
0,1,0.5980474
1,1,0.50003576
1,0,0.47151762
1,0,0.49361548
1,1,0.5490291
0,1,0.51638997
0,0,0.45995784
0,0,0.46840933
1,0,0.453935
1,0,0.44930562
1,0,0.45363444
1,0,0.4819771
0,1,0.51157886
0,0,0.4762318
0,0,0.47490168
0,0,0.4510531
1,0,0.47843054
0,0,0.46406388
1,0,0.48728958
1,1,0.5090913
1,1,0.52193123
0,0,0.4935438
0,0,0.4647718
0,0,0.49345618
0,0,0.4837242
0,0,0.45788994
0,0,0.4620734
0,0,0.4843875
0,1,0.5147889
0,0,0.49025506
0,1,0.5354655
0,1,0.5252864
1,0,0.47855884
1,1,0.5459615
1,1,0.55498654
1,1,0.5809217
1,1,0.59833324
1,1,0.5229445
1,1,0.5066819
1,0,0.48308107
1,1,0.529234
1,0,0.49942964
1,1,0.519356
0,1,0.52020913
0,1,0.50498164
1,0,0.4942792
0,0,0.49037465
0,0,0.496223
0,0,0.4614468
0,0,0.4953097
0,0,0.48613706
0,0,0.48851478
1,1,0.5360502
0,0,0.49119192
0,0,0.48833472
0,1,0.5165398
0,1,0.50012505
0,0,0.47816384
1,1,0.5305601
0,0,0.49504793
1,0,0.4874487
1,0,0.47609526
1,1,0.5006171
1,0,0.48419708
1,0,0.48387265
1,1,0.5137556
1,0,0.47670293
1,0,0.49235564
1,0,0.4996475
0,0,0.48680487
0,1,0.5033511
0,0,0.48915994
0,0,0.48915994
0,0,0.48915994
1,1,0.52495545
1,0,0.48950225
1,0,0.47763428
1,1,0.5197401
0,0,0.48736176
0,1,0.5134552
0,1,0.5078164
0,0,0.48272836
0,1,0.51053846
0,0,0.4994419
1,1,0.52342296
1,1,0.5196003
1,1,0.52680814
1,1,0.50446934
1,0,0.48019642
1,1,0.5087764
1,1,0.501333
1,0,0.4832564
0,0,0.45293626
0,0,0.31531194
0,0,0.28568375
0,0,0.41566795
0,0,0.3893758
0,0,0.40347308
0,0,0.39369068
0,0,0.44405088
1,1,0.5103955
1,1,0.5109235
1,1,0.52021307
1,0,0.49304578
1,0,0.49610174
1,0,0.48666865
0,0,0.47719854
1,0,0.4521403
1,0,0.4583032
0,0,0.45037204
1,0,0.44441205
1,0,0.46434397
1,0,0.45572814
1,0,0.45290253
1,0,0.46173796
0,0,0.46725267
0,0,0.451221
0,0,0.46821105
1,0,0.450191
1,0,0.4446808
1,0,0.464305
1,0,0.46877465
1,0,0.46877465
1,0,0.43647128
1,0,0.3141934
1,0,0.38918635
1,0,0.43411067
1,0,0.420044
0,0,0.36929718
0,0,0.40769038
0,0,0.45296326
0,0,0.358701
0,0,0.40117902
0,0,0.41025528
0,0,0.47933006
0,0,0.42591098
0,0,0.45455757
0,0,0.46724957
0,0,0.45521483
1,1,0.52314025
1,0,0.4951862
1,1,0.520619
1,0,0.47766975
0,0,0.4541583
0,0,0.46986565
0,0,0.4536784
0,0,0.43160668
0,0,0.44498992
0,0,0.45162532
0,0,0.45129254
0,0,0.42262018
0,0,0.43703103
0,0,0.46365565
0,0,0.45795125
1,0,0.47627237
1,0,0.4793224
1,0,0.49590412
1,0,0.49244502
1,0,0.47453132
1,0,0.46697906
0,0,0.45337102
1,0,0.44894096
1,0,0.4738145
0,0,0.4676341
0,0,0.47190905
0,0,0.45557523
0,0,0.45169282
0,0,0.4270411
0,0,0.43471947
0,0,0.44468722
1,1,0.50205654
0,0,0.49986854
1,1,0.5197094
1,0,0.44228446
1,1,0.5156389
1,0,0.44480124
1,0,0.4667264
1,0,0.41631454
1,0,0.41857368
1,0,0.416821
1,0,0.4310126
1,0,0.41794598
1,0,0.4239193
1,0,0.37673664
1,0,0.3888523
1,0,0.39050302
1,0,0.3902134
1,0,0.4535232
1,0,0.44320127
1,0,0.41663602
0,0,0.3465117
0,0,0.37312847
0,0,0.28237152
0,0,0.30696726
0,0,0.2411884
0,0,0.3874915
0,1,0.53943217
0,0,0.46365738
0,1,0.5157967
1,0,0.49042353
0,1,0.51401174
0,0,0.476665
0,0,0.47452873
0,1,0.51326036
1,1,0.50880456
1,1,0.5571702
1,1,0.5088511
1,0,0.48200384
1,1,0.5059698
1,0,0.4542512
1,1,0.5120603
1,0,0.47362623
1,0,0.48980704
0,0,0.4688944
0,0,0.4693044
0,0,0.4693044
0,0,0.4763619
0,0,0.44926655
1,1,0.5166489
1,0,0.48928368
1,0,0.48669112
1,0,0.48352972
1,1,0.5727268
1,0,0.46816757
1,0,0.4610564
1,0,0.46811062
1,0,0.3499378
1,0,0.45341778
1,0,0.47332498
1,0,0.3971289
1,0,0.40997642
1,0,0.30403075
1,0,0.3012214
1,0,0.4251339
0,0,0.35590464
0,0,0.48898083
0,0,0.36388212
0,0,0.44346496
0,0,0.42528754
1,0,0.4795495
1,0,0.48848334
0,0,0.40370232
1,0,0.4381749
0,0,0.44332817
0,0,0.36663803
0,0,0.34353527
0,0,0.44297308
0,0,0.444163
1,0,0.42905742
0,0,0.4523692
0,1,0.5371105
0,0,0.47528645
0,1,0.52500963
0,1,0.5064699
0,0,0.39869553
0,0,0.4397325
0,0,0.3801718
0,0,0.4189366
0,0,0.4205383
0,0,0.45915467
0,0,0.46152732
1,0,0.42378077
1,0,0.4296475
1,0,0.45273075
1,1,0.5415526
1,1,0.575976
0,0,0.4398084
0,0,0.44270897
0,0,0.44226658
0,0,0.46687967
0,0,0.42193907
0,0,0.4761221
0,0,0.451407
0,0,0.45232004
0,0,0.445347
0,0,0.45092607
0,0,0.4403137
1,0,0.46286827
1,0,0.44705957
1,0,0.45398992
1,0,0.43682712
1,0,0.4968264
1,0,0.46943027
0,0,0.47204107
0,0,0.47067696
0,0,0.47656405
1,0,0.42024973
1,0,0.42979148
1,0,0.43778333
1,0,0.46431643
0,0,0.45076686
0,0,0.43630302
0,0,0.4381454
0,0,0.41952547
1,0,0.45206624
1,0,0.42242914
0,0,0.4650165
0,0,0.4717383
0,0,0.47616854
0,0,0.4999752
1,0,0.43637502
1,0,0.4220995
1,0,0.4472351
1,0,0.44431216
0,0,0.45687222
0,0,0.44714552
0,0,0.45071995
0,0,0.41829023
0,0,0.4142682
0,0,0.45356944
0,0,0.43016773
0,0,0.4472351
1,0,0.3596985
1,0,0.4539499
1,0,0.4454196
1,0,0.48237038
1,0,0.45649666
0,0,0.43415675
0,0,0.4563125
0,0,0.44855618
1,0,0.43792155
1,0,0.4357491
1,0,0.42806402
1,0,0.44740888
1,0,0.45545098
1,0,0.45306104
0,0,0.42660314
0,0,0.43782112
0,0,0.418501
0,0,0.4196585
1,0,0.42611018
1,0,0.41528314
1,0,0.42167786
1,0,0.44944748
1,0,0.45083213
0,0,0.43545008
0,0,0.42029807
0,0,0.43020126
0,0,0.41709566
0,0,0.46617845
0,0,0.42266813
0,0,0.4089027
0,0,0.42162162
1,0,0.43822563
1,0,0.4467867
1,0,0.42321685
0,0,0.43788892
0,0,0.4236882
0,0,0.44966507
0,0,0.43153492
0,0,0.44934222
1,0,0.44135952
1,0,0.4221781
1,0,0.48448697
1,0,0.45603704
1,0,0.4349346
1,0,0.45569754
1,0,0.4087715
1,0,0.4304243
1,0,0.42276007
1,0,0.43571824
0,0,0.4187733
0,0,0.48766258
0,0,0.43338937
1,0,0.40423855
0,0,0.4223376
0,0,0.43129453
1,0,0.42328992
1,0,0.42894307
1,0,0.41563562
1,0,0.4275936
1,0,0.42611998
1,0,0.41414335
1,0,0.427031
0,0,0.4400995
0,0,0.4224279
0,0,0.41223612
0,0,0.43209198
0,0,0.44142586
0,0,0.43681917
0,0,0.4110073
1,0,0.47944224
1,0,0.43936276
1,0,0.46749797
1,0,0.46303454
1,0,0.4401393
1,0,0.44583583
1,0,0.45729187
1,0,0.46049657
1,0,0.45485294
1,0,0.44323322
1,0,0.42737234
1,0,0.41954854
1,0,0.42774603
1,0,0.43172538
1,0,0.42460686
0,0,0.42057142
0,0,0.43505478
0,0,0.32690784
0,0,0.43691048
0,0,0.41796833
1,0,0.4500246
1,0,0.4494048
1,0,0.45312217
1,0,0.4594711
1,0,0.4250798
1,0,0.43812558
1,0,0.44513646
1,0,0.4347535
1,0,0.4471702
0,0,0.4345445
1,0,0.44905856
0,0,0.42520568
0,0,0.43752947
0,0,0.42422494
1,0,0.43780756
0,0,0.45022753
0,0,0.4531046
1,0,0.45394108
1,0,0.4569578
1,0,0.45871252
1,0,0.43804294
1,0,0.43800166
1,0,0.43436915
0,0,0.45350912
1,0,0.43307272
1,0,0.44240302
0,0,0.44443917
1,0,0.43326166
1,0,0.421121
0,0,0.42226005
0,0,0.44570345
0,0,0.43892372
0,0,0.42100793
0,0,0.36123133
0,0,0.39059168
1,0,0.45681992
1,0,0.39724398
1,0,0.3785827
1,0,0.4138938
1,0,0.40172416
0,0,0.44688058
0,0,0.46606994
0,0,0.44853243
0,0,0.4253016
0,0,0.3563531
0,0,0.40105632
0,1,0.5250988
1,0,0.39082184
1,1,0.51347506
0,1,0.51405066
0,0,0.45318145
0,0,0.45683235
0,0,0.3628741
0,0,0.4053066
0,0,0.45839638
0,0,0.43339145
1,1,0.5634751
0,0,0.48012766
0,0,0.4499099
1,1,0.5292048
1,1,0.5799803
1,0,0.4682733
1,1,0.57125473
1,1,0.57718307
1,0,0.46034008
1,1,0.5086843
1,0,0.44311583
0,0,0.38440204
0,0,0.42959654
0,0,0.4847493
0,0,0.4406391
0,0,0.44832322
0,1,0.5174799
0,1,0.5428842
0,1,0.5504876
0,1,0.6597111
0,0,0.42609096
0,1,0.5046746
0,1,0.5194286
0,0,0.44875082
0,0,0.4999193
0,0,0.4931539
0,1,0.5393628
0,1,0.56432676
0,1,0.52798426
1,1,0.5728714
1,1,0.51753455
1,1,0.53736025
1,1,0.5620964
1,1,0.5354572
0,1,0.52189916
0,1,0.5549094
0,1,0.57885236
0,1,0.5315129
0,1,0.56522655
0,1,0.55413985
1,1,0.5930861
1,1,0.6033863
1,1,0.54603934
1,1,0.5876558
1,1,0.6039657
1,1,0.54213303
1,1,0.5971656
1,0,0.45312026
0,0,0.49799445
0,1,0.5289965
0,1,0.54077
0,1,0.5504124
0,0,0.4151761
1,1,0.5777248
1,0,0.48106542
1,1,0.53022623
0,1,0.517853
0,1,0.58147806
0,1,0.5245343
0,1,0.512556
0,1,0.5429404
0,1,0.5629885
1,1,0.54327893
1,0,0.49474293
1,1,0.579931
1,1,0.5450363
1,1,0.5402415
1,1,0.5739806
1,1,0.51774985
0,1,0.570093
1,1,0.5694119
0,1,0.58661526
0,1,0.5972546
0,0,0.49736488
0,1,0.50002784
0,1,0.5432407
0,1,0.55032945
0,1,0.5665847
0,1,0.5396018
0,1,0.55966765
0,1,0.5578509
0,1,0.52905345
0,1,0.55369765
0,1,0.6078737
0,1,0.57374424
0,1,0.5562915
1,1,0.5746802
1,1,0.593082
1,1,0.5718039
1,1,0.6763191
0,1,0.55571574
0,1,0.5608395
0,0,0.4616044
0,1,0.50401914
0,0,0.49016148
0,0,0.49299535
0,0,0.49559972
0,1,0.52719057
1,0,0.49965715
1,1,0.5035579
1,0,0.47602555
1,0,0.49374256
1,1,0.5213108
1,1,0.50064874
1,1,0.5651316
1,0,0.4676624
0,0,0.45073187
0,0,0.47341955
1,0,0.46879515
1,0,0.46780166
1,0,0.4862757
1,0,0.47173813
1,0,0.46646547
0,0,0.46091208
0,0,0.46255746
1,0,0.3932268
1,0,0.3954898
1,0,0.42437702
1,0,0.47653854
1,1,0.58689284
1,0,0.45694095
0,1,0.5963887
0,1,0.5086975
1,0,0.29094696
0,0,0.30779722
1,0,0.4253532
0,0,0.4355201
0,0,0.39746362
0,0,0.34299758
0,0,0.45163822
0,0,0.4340549
0,1,0.5158882
0,0,0.45252872
0,1,0.51338273
0,0,0.46541008
0,1,0.5346037
1,1,0.5144532
1,1,0.54754573
0,1,0.57684803
1,1,0.55621237
1,1,0.54601145
0,0,0.45653263
1,1,0.54008687
1,1,0.5894347
1,0,0.49232277
1,1,0.6171585
1,1,0.5600431
1,1,0.59875023
0,1,0.55735415
0,1,0.5013094
0,1,0.55710876
0,1,0.51739997
0,1,0.5841662
1,1,0.5627699
0,1,0.5329158
1,1,0.50374484
1,1,0.5174185
0,1,0.58495545
0,1,0.5760078
0,1,0.5220536
0,1,0.5843812
0,1,0.5063028
0,1,0.51032805
1,0,0.4963604
1,1,0.50927013
1,1,0.5544679
1,1,0.5895869
1,1,0.5990807
1,1,0.5284113
1,1,0.5330823
0,1,0.5730066
1,1,0.5533372
0,1,0.579909
0,0,0.46575147
0,1,0.5223402
1,1,0.57468224
1,1,0.53048474
1,1,0.5486407
1,1,0.5124759
1,0,0.49607262
0,0,0.48389676
0,0,0.48059687
1,0,0.48775995
1,1,0.57185924
1,1,0.5699603
1,1,0.54244435
1,1,0.546013
0,0,0.40262127
0,0,0.4895834
1,0,0.44819942
1,0,0.440754
1,1,0.5921644
1,1,0.52003425
1,0,0.49216858
1,0,0.49324176
1,0,0.38635337
0,1,0.50010043
1,0,0.4975185
0,1,0.5141815
1,1,0.59754026
0,0,0.44843844
1,0,0.4899747
1,0,0.48350295
1,0,0.48348355
0,1,0.5197611
1,0,0.47131872
0,0,0.41750488
0,0,0.36442775
0,0,0.402609
0,0,0.43939126
0,0,0.38564128
0,0,0.48768947
0,0,0.49696335
1,0,0.44961783
1,0,0.4881658
1,0,0.49487686
1,1,0.62230104
1,1,0.55686694
1,1,0.5748449
0,0,0.49506938
1,0,0.44968
1,0,0.4185842
1,1,0.5198902
1,0,0.43760347
1,0,0.4937304
0,0,0.36773613
0,0,0.2900535
1,0,0.39358598
1,0,0.43304056
1,0,0.37662712
1,0,0.38686562
1,1,0.59095174
0,1,0.51435167
0,1,0.5049747
0,0,0.48813832
0,1,0.51627946
0,1,0.5488443
0,1,0.5049629
0,1,0.5211582
0,1,0.56214696
1,1,0.5664397
1,1,0.6605329
1,1,0.5487216
0,1,0.5493119
0,1,0.5287809
1,1,0.5317924
0,1,0.5978298
0,1,0.5081152
0,1,0.58143145
0,1,0.5689568
0,1,0.53650033
0,1,0.5781431
0,1,0.5495211
0,1,0.5765123
0,1,0.5877164
1,1,0.50439584
1,1,0.56827176
1,1,0.5916615
1,1,0.61956245
1,1,0.522217
0,0,0.461186
0,1,0.51198936
0,0,0.49157652
0,1,0.51407146
0,1,0.55811673
0,1,0.55809605
0,1,0.56911373
0,1,0.53998154
0,1,0.5755586
0,0,0.42327183
0,0,0.42928207
1,0,0.4518905
1,0,0.44577348
1,0,0.44225672
1,0,0.46789068
0,0,0.4365508
0,0,0.44165158
1,0,0.45913556
1,0,0.41585603
1,0,0.42675114
1,0,0.425862
1,0,0.41870838
1,0,0.44711939
1,0,0.41352686
1,0,0.39289877
1,0,0.39818624
1,0,0.41683832
0,0,0.3731663
0,0,0.39398068
0,0,0.4284509
0,0,0.3968271
0,0,0.35789868
0,0,0.3779842
0,0,0.40566802
0,0,0.45386794
0,0,0.43383914
0,0,0.41066882
1,0,0.39940527
1,0,0.44228974
0,0,0.40346947
0,0,0.4262354
0,0,0.48018366
0,0,0.43120727
0,0,0.4160509
0,0,0.46125832
0,0,0.45262316
0,1,0.5256084
0,0,0.49213406
0,0,0.46882066
0,1,0.5130528
1,0,0.43661845
1,0,0.48677307
1,0,0.4324071
1,1,0.52841395
1,0,0.4411444
1,0,0.4537123
0,0,0.460193
0,0,0.44430056
0,0,0.45053312
1,0,0.44967535
1,0,0.44345737
1,0,0.4235376
1,0,0.44319725
1,0,0.44084477
0,0,0.4656323
0,0,0.44020757
0,0,0.45318058
0,0,0.41327122
0,0,0.43191049
1,0,0.44830108
1,0,0.4444818
1,0,0.45139533
1,0,0.4538949
1,0,0.495868
1,0,0.42196888
0,0,0.40434572
0,0,0.44224933
1,0,0.43567416
0,0,0.49340445
0,0,0.42192057
1,0,0.4660812
1,0,0.46505338
1,0,0.43815395
1,0,0.41139466
1,0,0.42575926
1,0,0.41868484
1,0,0.439736
1,0,0.43926534
1,0,0.41739818
1,0,0.42518303
1,0,0.41641414
1,0,0.4088174
1,0,0.4228124
1,0,0.4250355
0,0,0.4374043
0,0,0.41234836
0,0,0.43459296
1,0,0.4232925
0,0,0.41954157
0,0,0.42585602
0,0,0.495433
0,0,0.42906672
1,0,0.4419439
1,0,0.39785066
1,0,0.3915306
1,1,0.5333785
1,0,0.47024283
1,0,0.36914438
1,0,0.3250071
0,0,0.35160914
1,0,0.32560283
1,0,0.39659578
1,0,0.43366835
0,0,0.3626951
0,0,0.47699517
0,0,0.41123474
0,0,0.40753248
0,0,0.3901297
0,0,0.42285562
0,0,0.48265687
1,0,0.44420204
1,0,0.43292028
1,0,0.40613014
1,0,0.41895923
0,0,0.41548464
0,0,0.39593214
1,0,0.4249332
1,0,0.42171484
1,0,0.40986875
1,0,0.3953378
1,0,0.40702423
0,0,0.426486
0,0,0.40299284
0,0,0.39307216
0,0,0.38942185
1,0,0.39032823
1,0,0.43529683
1,0,0.4471061
1,0,0.37074122
1,0,0.37571314
1,0,0.39121825
1,0,0.40588441
1,0,0.40710023
0,0,0.39261755
0,0,0.3814785
1,0,0.39803228
1,0,0.40469623
1,0,0.3888577
1,0,0.37964314
0,0,0.3634355
0,0,0.38542208
0,0,0.37914693
0,0,0.38316154
0,0,0.38316154
1,0,0.39998367
1,0,0.43662745
1,0,0.43729722
1,0,0.42334703
1,0,0.38368353
1,0,0.41103283
0,0,0.39739186
1,0,0.39144856
1,0,0.3867225
1,0,0.3788924
1,0,0.3926902
1,0,0.40439546
1,0,0.33777195
0,0,0.3750608
0,0,0.300544
0,0,0.37652388
1,0,0.3844141
0,0,0.39037848
1,0,0.42839214
1,0,0.406939
1,0,0.3960077
0,0,0.4078181
0,0,0.39244157
0,0,0.39462003
0,0,0.37263343
0,0,0.39347202
0,0,0.40069854
0,0,0.37849426
0,0,0.37667766
1,0,0.39959052
1,0,0.39430326
1,0,0.34940246
1,0,0.39693093
1,0,0.36858198
1,0,0.38298297
0,0,0.39827597
1,0,0.37235966
0,0,0.40824187
1,0,0.39809948
1,0,0.39258745
1,0,0.41091484
1,0,0.4155909
1,0,0.39228654
1,0,0.39862913
0,0,0.40907884
1,0,0.4154755
1,0,0.40841582
1,0,0.3728335
1,0,0.40013364
1,0,0.41930038
1,0,0.41416627
0,0,0.45279515
0,0,0.43875408
0,0,0.4225121
0,0,0.38488477
1,0,0.41899285
0,0,0.4239065
0,0,0.4050971
1,0,0.4477969
0,0,0.40267748
0,0,0.4124038
0,0,0.39353117
0,0,0.3927473
1,0,0.4268333
1,0,0.37196565
1,0,0.43530083
1,0,0.4226637
1,0,0.45046705
0,0,0.40204695
1,0,0.42039067
1,0,0.4153407
1,0,0.4127159
1,0,0.40818948
1,0,0.3846391
0,0,0.43918774
0,0,0.41458675
0,0,0.4080954
0,0,0.4301501
0,0,0.44868818
0,0,0.40341166
1,0,0.46404704
1,0,0.43281245
1,0,0.42464435
1,0,0.4312609
1,0,0.4308793
1,0,0.42261434
1,0,0.43690097
1,0,0.41233167
1,0,0.4046333
1,0,0.40204892
1,0,0.40542608
0,0,0.41639712
0,0,0.4224961
0,0,0.41762975
0,0,0.41673437
0,0,0.41278225
0,0,0.42980283
0,0,0.39261842
0,0,0.45888928
0,0,0.47335958
0,0,0.43516997
0,0,0.4328579
0,0,0.4263752
0,0,0.39673215
0,0,0.43605953
1,0,0.4788661
1,0,0.4491765
0,0,0.47758138
0,0,0.45919836
0,0,0.48508227
0,0,0.44342023
0,0,0.40492827
0,0,0.3721961
0,0,0.38124475
0,0,0.38479125
0,0,0.3660246
0,0,0.3822374
0,0,0.38768414
0,0,0.39406037
0,0,0.3880175
1,0,0.38732293
1,0,0.3841077
1,0,0.38624826
1,0,0.40935183
1,0,0.4096152
1,0,0.39330128
0,0,0.42987278
0,0,0.43212944
0,0,0.42920652
0,0,0.41049558
0,0,0.417214
0,0,0.38405555
0,0,0.3824382
0,0,0.37771448
0,0,0.32674885
0,0,0.409819
0,0,0.44184238
1,1,0.55696595
1,1,0.54704964
1,0,0.4810162
1,0,0.49374563
1,0,0.49356133
1,0,0.4642528
1,0,0.44118857
1,0,0.44380403
1,0,0.46181536
1,0,0.47135967
1,0,0.4585377
1,0,0.4413162
1,0,0.45359445
1,0,0.46325403
1,0,0.4414789
1,0,0.444879
1,0,0.42041156
0,0,0.42914623
0,0,0.4196638
0,0,0.3838363
0,0,0.378903
0,0,0.38907516
0,0,0.4562443
0,1,0.50642616
0,0,0.49946365
0,1,0.5473543
0,1,0.686949
0,1,0.6015923
1,1,0.5946777
0,1,0.5454681
0,1,0.5283502
0,1,0.520105
0,1,0.50446355
0,1,0.52141297
0,1,0.66205084
1,1,0.55472773
0,1,0.6256445
1,1,0.5384737
1,1,0.5290093
1,1,0.60468096
1,0,0.4846487
0,1,0.5252762
0,0,0.48463795
0,1,0.50893664
0,1,0.5004338
0,1,0.5050576
0,1,0.56964713
1,1,0.5365216
1,1,0.59844595
1,1,0.54884744
1,1,0.59215283
1,1,0.55163324
1,1,0.5359247
0,1,0.55481505
0,1,0.5415538
1,1,0.53096086
1,1,0.5337161
1,1,0.5208277
1,1,0.5190592
1,1,0.5207348
1,0,0.4988541
1,1,0.51434845
1,0,0.49589702
1,0,0.48265913
0,1,0.5154864
0,0,0.49500906
0,1,0.51175964
0,0,0.49770555
0,0,0.47594625
1,1,0.5117119
1,1,0.50371313
1,1,0.51397264
1,0,0.49476826
1,0,0.49011934
1,0,0.49210033
0,0,0.37565896
0,0,0.44394904
1,0,0.44086832
0,0,0.45086503
0,0,0.43055993
0,0,0.45181718
0,0,0.45484528
0,0,0.45032227
0,0,0.4714844
0,1,0.62033135
0,1,0.51201516
0,1,0.5638144
0,1,0.50655633
0,1,0.5221575
0,0,0.49180272
0,0,0.49152514
0,0,0.4801735
0,1,0.54586107
1,0,0.484739
1,1,0.5125734
1,1,0.58368725
1,1,0.5177871
1,0,0.4847808
0,1,0.50409544
0,0,0.48264375
0,0,0.4631049
0,0,0.48465866
0,0,0.47725618
0,0,0.4770189
0,1,0.5213673
1,0,0.46646792
1,0,0.48361436
1,0,0.49953747
1,1,0.5394126
1,1,0.54187393
1,0,0.48763487
1,0,0.44857332
1,0,0.46670336
1,0,0.45177427
1,0,0.42288366
1,0,0.4404567
1,0,0.45501277
0,0,0.44963047
1,0,0.47317696
0,0,0.4860165
0,1,0.522466
1,0,0.47772613
1,0,0.4771839
1,0,0.4429105
1,0,0.4853039
1,1,0.5110863
1,0,0.4701246
1,0,0.48800233
1,0,0.45406246
1,0,0.48048088
0,1,0.5174414
0,0,0.4613868
0,0,0.45893797
1,0,0.45465586
1,0,0.43674362
1,0,0.4861811
1,1,0.5030201
0,0,0.46181616
0,0,0.47099525
0,0,0.4653936
0,0,0.42452168
0,0,0.4573943
1,0,0.47760037
0,1,0.5125386
0,0,0.47315812
1,1,0.50218475
1,0,0.433351
1,0,0.4519812
1,0,0.46182725
0,0,0.46931633
0,0,0.4374778
0,0,0.43662813
0,0,0.44275108
0,0,0.42544487
0,0,0.42600477
0,0,0.49654862
0,0,0.4743328
0,0,0.44215214
0,0,0.4467693
0,0,0.4479747
0,0,0.45271677
0,0,0.46478778
0,0,0.43325645
0,0,0.44396096
0,0,0.4358404
0,0,0.4639293
0,0,0.4361717
1,0,0.43168357
1,0,0.4547997
1,0,0.4971793
1,1,0.5149621
1,0,0.47795597
0,0,0.49115688
1,0,0.4693021
1,0,0.46739015
1,0,0.45151
1,0,0.45924973
1,0,0.46268508
0,0,0.4946505
0,1,0.5112295
1,0,0.48510352
1,0,0.43948764
1,0,0.42570055
1,0,0.47464874
1,0,0.4350804
0,0,0.49939153
0,0,0.46433893
0,0,0.44370046
0,0,0.45493972
0,0,0.43357983
1,0,0.4977452
0,0,0.48612803
1,0,0.49558917
0,0,0.48724887
1,0,0.47350484
0,0,0.45709524
0,1,0.5057833
0,0,0.4607809
0,1,0.54932994
0,0,0.44978252
0,0,0.48346752
0,0,0.4620283
0,0,0.45741007
0,0,0.49573374
0,1,0.5201125
0,0,0.44255328
0,0,0.47445878
0,0,0.45013502
1,0,0.45014572
1,1,0.50267935
1,0,0.47870532
1,0,0.44566658
1,0,0.49210483
0,1,0.502794
0,0,0.48547158
0,0,0.45649266
0,0,0.44810194
0,0,0.4463033
1,0,0.45451668
1,0,0.46752197
1,0,0.44721827
1,0,0.4503047
1,0,0.44376764
1,0,0.43670377
1,0,0.48798382
1,1,0.5171452
1,0,0.43666583
0,0,0.46653026
0,0,0.4545454
0,0,0.42588875
1,0,0.4496909
0,0,0.43996236
0,0,0.44021663
0,0,0.46017155
1,0,0.41842753
1,0,0.42846432
1,0,0.43698642
1,0,0.48181298
1,0,0.44087705
0,0,0.4621456
0,0,0.4257575
0,0,0.41666326
0,0,0.4201811
0,0,0.42184293
0,0,0.48571128
0,0,0.44186205
1,0,0.49905455
0,1,0.54053646
0,0,0.4992356
1,0,0.4555844
1,0,0.4393616
0,0,0.45924723
1,0,0.47544307
1,0,0.4314042
1,0,0.42834452
1,0,0.428375
1,0,0.44214204
1,0,0.44069147
0,0,0.45046
0,0,0.48517624
1,0,0.4804883
1,0,0.47826973
1,0,0.49533007
1,1,0.5021123
1,0,0.44392225
1,0,0.49119967
1,0,0.46447057
0,0,0.4945747
1,0,0.4524285
0,0,0.43539765
0,0,0.4248461
0,0,0.4187403
0,0,0.41989958
0,0,0.41097638
0,0,0.37248534
1,0,0.43248042
1,0,0.4476823
1,0,0.43386257
1,0,0.41163543
0,0,0.45232695
0,0,0.3977224
0,0,0.43618542
0,0,0.43399015
1,0,0.4676594
1,0,0.43972355
1,0,0.41304627
1,0,0.4103692
1,0,0.34896782
1,0,0.45061833
1,0,0.4484243
1,0,0.4154385
1,0,0.4266764
1,0,0.4354603
0,0,0.4114252
0,0,0.4267792
0,0,0.45889398
0,0,0.43043274
0,0,0.4190622
0,0,0.4436294
0,0,0.4521431
0,0,0.41879338
0,0,0.41268578
0,0,0.4300354
0,0,0.4166113
1,0,0.47239506
1,0,0.4055515
0,0,0.44270125
1,0,0.4329445
1,0,0.414185
1,0,0.43811733
1,0,0.42851856
0,0,0.44844094
0,0,0.45493075
0,0,0.432235
0,0,0.4312752
0,0,0.4224744
0,0,0.42176038
0,0,0.4335088
1,0,0.468688
0,0,0.46384916
0,0,0.4467694
0,0,0.46336347
0,0,0.4331746
0,0,0.44679484
0,0,0.4271237
1,0,0.4603416
1,0,0.49110502
1,0,0.44239768
0,0,0.4489165
1,0,0.4631408
1,0,0.42449528
0,0,0.44733045
0,0,0.42942166
0,0,0.40831834
0,0,0.45433494
0,0,0.42621577
0,0,0.4095726
0,0,0.4076187
0,0,0.4188498
0,0,0.39439964
0,0,0.42305762
0,0,0.41481087
0,0,0.42647913
0,0,0.42265755
0,0,0.42213714
0,0,0.41597238
0,0,0.41049948
1,0,0.43152532
1,0,0.40991277
1,0,0.45339042
1,0,0.42453033
1,0,0.45163515
1,0,0.42906654
1,0,0.43951842
1,0,0.4497346
1,0,0.4981148
1,0,0.47365463
1,0,0.4871999
1,0,0.45790306
1,0,0.47895437
1,0,0.4621456
0,0,0.4525416
0,0,0.42807063
0,0,0.45303828
0,0,0.43779385
1,0,0.422561
0,0,0.41599092
0,0,0.4117985
0,0,0.47547975
0,0,0.38840744
0,0,0.41988796
1,1,0.56771237
1,1,0.518242
1,0,0.4759965
1,0,0.4624355
1,0,0.468588
0,0,0.47112876
0,0,0.44951057
0,0,0.4162471
1,0,0.4365057
1,0,0.44737774
1,0,0.4174272
1,0,0.4211108
1,0,0.44564378
1,0,0.4594329
1,0,0.43402913
1,0,0.43803507
1,0,0.4414921
1,0,0.44606864
1,0,0.43249467
1,0,0.45018923
1,0,0.41002694
1,0,0.43142673
1,0,0.3886416
1,0,0.42351118
1,0,0.4062434
0,0,0.42883474
1,0,0.42676497
0,0,0.43197078
0,0,0.43250984
0,0,0.43044624
0,0,0.44048414
0,0,0.45166686
0,0,0.4471543
0,0,0.4226779
0,0,0.4338375
0,0,0.43134403
1,0,0.42377314
1,0,0.44306323
1,0,0.4289124
1,0,0.43851686
0,0,0.47891554
0,0,0.44346
0,0,0.4181577
0,0,0.3733879
0,0,0.40178257
0,0,0.4999659
0,0,0.4772777
0,0,0.45894176
0,0,0.45051846
1,0,0.4491283
1,0,0.4579753
1,0,0.45254317
1,0,0.4548882
1,0,0.46165088
1,0,0.4950599
0,0,0.48638973
1,0,0.47214204
1,0,0.46086967
1,0,0.4732444
1,0,0.48087177
1,0,0.44580787
1,0,0.46582437
1,0,0.42890763
0,0,0.455434
0,0,0.49490395
0,0,0.47699425
0,0,0.46979374
1,0,0.49527976
1,0,0.44650513
1,0,0.3860867
1,0,0.43230364
1,0,0.43222868
0,0,0.45733652
0,0,0.4439682
0,0,0.44078186
0,0,0.45170733
0,0,0.43406063
0,0,0.41186112
1,0,0.4141934
1,0,0.48199698
1,0,0.4416393
1,0,0.4534564
1,0,0.42687193
0,0,0.45056266
0,0,0.44540954
0,0,0.45358038
0,0,0.45712572
0,0,0.43317452
0,0,0.4246123
0,0,0.43497798
0,0,0.44816542
1,0,0.41156566
1,0,0.385219
0,0,0.44198367
0,0,0.42863166
0,0,0.42254835
0,0,0.44628146
0,0,0.45850292
0,0,0.4259884
0,0,0.4405246
0,0,0.43569246
0,0,0.4160448
1,0,0.43245855
1,0,0.45267224
1,0,0.4351386
1,0,0.4283698
1,0,0.43790546
1,0,0.4246398
1,0,0.4336904
0,0,0.43503925
0,0,0.39836726
0,0,0.39563382
0,0,0.42770922
0,0,0.42501798
1,0,0.45946747
0,0,0.4171095
0,0,0.41335696
0,0,0.4048613
1,0,0.4058059
1,0,0.39945567
1,0,0.4178745
1,0,0.43087357
1,0,0.42655334
1,0,0.44432786
1,0,0.4004816
1,0,0.43764347
1,0,0.45515585
1,0,0.43779385
1,0,0.45398432
1,0,0.434406
0,0,0.44706586
0,0,0.44310716
0,0,0.43499088
0,0,0.45429853
0,0,0.46148014
0,0,0.43232322
1,0,0.43759802
1,0,0.42789
1,0,0.43091515
1,0,0.4285454
1,0,0.42543715
1,0,0.43809244
0,0,0.44609374
0,0,0.45099884
0,0,0.45543587
0,0,0.43984002
0,0,0.4600073
0,0,0.4398868
0,0,0.4320151
0,0,0.4246123
0,0,0.41905794
0,0,0.48342493
0,0,0.42273483
0,0,0.45521528
0,0,0.4657476
1,0,0.46049973
1,0,0.3853654
1,0,0.39239874
1,0,0.3839658
0,0,0.42141733
0,0,0.44308802
0,0,0.4328546
0,0,0.46397927
0,0,0.42982766
0,0,0.40157717
0,0,0.4177171
0,0,0.4737115
0,0,0.48500508
0,1,0.5166767
0,1,0.50362325
0,0,0.49446967
1,0,0.47571877
1,1,0.5168398
1,0,0.44843316
1,0,0.44193423
1,0,0.4494447
1,0,0.460064
1,0,0.468119
0,0,0.44636694
0,0,0.44254422
0,0,0.46611837
0,0,0.45471364
0,0,0.43533674
0,0,0.31214905
0,0,0.3761685
0,0,0.38425466
0,0,0.49861896
0,1,0.5261709
0,0,0.39180592
0,0,0.41070575
0,1,0.51848376
0,1,0.563868
1,1,0.5352857
1,1,0.568164
1,0,0.43854225
1,0,0.49914572
1,0,0.47972673
0,0,0.44411322
0,0,0.47050852
0,0,0.40082526
0,0,0.42933032
0,0,0.4558845
0,0,0.45462027
0,0,0.4916831
0,0,0.44320872
0,0,0.42523038
0,0,0.41526154
0,0,0.41670406
0,0,0.4544046
0,0,0.45304027
0,0,0.43644625
0,0,0.4295704
0,0,0.4692307
0,0,0.45715174
0,0,0.4960995
0,0,0.4470708
0,1,0.5006555
0,0,0.44590834
0,0,0.48667136
0,0,0.4919442
0,1,0.5108147
0,0,0.46549997
1,0,0.4642041
0,0,0.48760226
0,0,0.44121096
1,1,0.50462306
1,0,0.43241104
0,0,0.49785548
0,0,0.48057425
0,1,0.50705886
0,1,0.5183121
0,0,0.4961839
0,1,0.504373
1,0,0.48200807
1,1,0.5551395
1,0,0.48212513
1,1,0.5547306
1,0,0.49760953
1,1,0.51875985
1,1,0.5136622
0,0,0.4733884
0,0,0.43066537
0,0,0.4280718
0,0,0.42709684
0,0,0.41940162
0,0,0.43629277
0,0,0.44106182
0,0,0.414961
0,0,0.42996484
0,0,0.417619
1,0,0.43968418
1,0,0.4192236
1,0,0.42870688
1,0,0.45017627
0,0,0.44564176
0,0,0.4252465
0,0,0.48169962
0,0,0.46902543
0,0,0.46585542
0,0,0.45944673
0,0,0.43120426
0,0,0.4160153
0,1,0.5033239
1,0,0.45197636
0,0,0.45150477
0,0,0.4552206
0,0,0.40620437
1,0,0.41551524
1,0,0.43389076
1,0,0.43330392
1,0,0.4460988
1,0,0.4809752
1,1,0.52772266
1,0,0.43999517
1,0,0.27098876
1,0,0.27925387
1,0,0.42481092
1,0,0.3157221
0,0,0.3951681
1,0,0.39419135
0,0,0.40396914
0,0,0.3721924
0,0,0.4271041
0,0,0.4878307
0,0,0.39687496
0,0,0.4316595
0,0,0.43163747
0,0,0.46173227
1,0,0.4435443
0,0,0.451627
0,1,0.5251673
0,1,0.50433034
0,0,0.46683362
0,0,0.44512033
0,0,0.45273724
1,0,0.4818093
1,0,0.49684513
1,0,0.46290648
1,1,0.50778544
1,0,0.48799893
1,0,0.4055432
1,0,0.37848532
1,0,0.4053897
0,0,0.3464221
1,0,0.44271967
1,0,0.4802165
1,0,0.3839099
0,0,0.42907366
0,0,0.43137428
0,0,0.39845765
0,0,0.37452462
0,0,0.39727825
0,0,0.47253013
0,0,0.41979614
0,0,0.40304267
1,0,0.43409047
1,0,0.40430215
1,0,0.41367453
0,0,0.4143984
0,0,0.4295335
0,0,0.45953867
0,0,0.47786158
0,0,0.41569307
0,0,0.39933237
0,0,0.4236508
0,0,0.42945474
0,0,0.45988074
0,0,0.4351385
1,0,0.44716588
1,0,0.4577526
1,0,0.4425106
1,0,0.43954062
0,0,0.48623738
0,0,0.44873658
0,0,0.45517066
1,0,0.43601897
1,0,0.4408257
1,0,0.43328002
1,0,0.45793334
1,0,0.45170635
0,0,0.45175874
0,0,0.4664729
0,0,0.46476167
0,0,0.4609005
0,0,0.45846742
1,0,0.4371983
1,0,0.4314786
1,0,0.44675958
1,0,0.44833267
0,0,0.46110854
0,0,0.44797674
0,0,0.43649226
0,0,0.4707804
0,0,0.4303841
0,0,0.43779796
0,0,0.44561833
0,0,0.42548722
0,0,0.43366727
1,0,0.43992257
1,0,0.38280672
1,0,0.42552817
0,0,0.47785756
1,0,0.44402757
0,0,0.43636766
1,0,0.42657804
1,0,0.44787297
1,0,0.45748082
1,0,0.45589954
1,0,0.47161254
1,0,0.4771399
0,0,0.45100754
1,0,0.44028282
0,0,0.44618934
0,0,0.4555553
0,0,0.4518482
0,0,0.44558224
0,0,0.4563843
0,0,0.45650387
0,0,0.44960317
0,0,0.44823578
0,0,0.4515476
0,0,0.4463612
1,0,0.4685783
1,0,0.47409138
1,0,0.48771828
1,0,0.44716597
1,0,0.45579782
1,0,0.48297492
1,0,0.45681486
0,0,0.47586322
0,0,0.45768213
0,0,0.47197393
0,0,0.45624068
0,0,0.46476847
0,0,0.45487878
0,0,0.45697263
0,0,0.46699557
0,0,0.4479595
0,0,0.46981707
1,0,0.47310737
0,0,0.47345555
0,0,0.47294626
0,0,0.47498083
0,0,0.46422362
0,0,0.4332077
0,0,0.4495893
0,0,0.44127604
0,0,0.44433126
1,0,0.47340837
1,0,0.4574449
1,0,0.49218592
1,0,0.44050762
1,0,0.42408854
1,0,0.45795494
1,0,0.44331622
1,0,0.46008605
1,0,0.45232853
1,0,0.45581374
1,0,0.45096886
1,0,0.4711011
0,0,0.4443821
0,0,0.44307697
0,0,0.41418114
1,0,0.42788473
1,0,0.40616658
1,0,0.39376214
1,0,0.4002642
1,0,0.42741355
0,0,0.47094753
0,0,0.4596209
0,0,0.41926813
1,0,0.4423342
1,0,0.4363359
1,0,0.45053706
1,0,0.4488723
1,0,0.44155383
1,0,0.4647389
0,0,0.44692886
0,0,0.4300281
0,0,0.405111
0,0,0.43523583
0,0,0.4142992
0,0,0.41005152
0,0,0.43566856
0,0,0.4018819
0,0,0.4089088
0,0,0.4226197
0,0,0.43842214
0,0,0.44486898
0,0,0.40691674
1,0,0.4512111
1,0,0.4410457
0,0,0.43963626
0,0,0.45479184
1,0,0.4334072
1,0,0.45612332
0,0,0.43229276
0,0,0.42672327
0,0,0.44189492
0,0,0.45884117
0,0,0.44178638
0,0,0.43071866
0,0,0.44600916
0,0,0.4278589
1,0,0.4633651
1,0,0.4907181
1,0,0.47124428
0,0,0.4546116
0,0,0.4553957
0,0,0.45301524
0,0,0.38504705
1,0,0.40721792
1,0,0.4123112
1,0,0.431431
1,0,0.40804875
1,0,0.4103777
1,0,0.43307808
0,0,0.4566593
1,0,0.44308698
1,0,0.43304536
0,0,0.4730668
0,0,0.46022987
0,0,0.47226876
0,0,0.46518114
0,0,0.43754676
0,0,0.45837045
0,0,0.44505876
0,0,0.4607915
0,0,0.46632898
0,0,0.43390018
1,0,0.4546226
1,0,0.45653984
0,0,0.45852837
0,0,0.44719413
0,0,0.4407144
0,0,0.4524245
0,0,0.4623479
0,0,0.46806788
0,1,0.5092941
0,0,0.49038824
0,0,0.47547054
0,0,0.4639141
0,1,0.50302744
1,0,0.4658002
1,0,0.47693974
1,1,0.50645727
0,0,0.49530253
1,0,0.47832263
0,0,0.47702584
0,0,0.49869555
0,0,0.4883942
0,0,0.47381306
1,0,0.47090936
1,0,0.47856048
1,0,0.47392258
1,0,0.4871199
1,0,0.47289506
1,0,0.47362396
1,0,0.47743863
1,0,0.47773635
1,0,0.4574893
1,0,0.47483695
0,0,0.49286136
0,0,0.4706745
0,0,0.47876385
0,0,0.4621961
1,0,0.4559496
0,0,0.45815584
0,0,0.45202395
0,0,0.4576638
0,0,0.45507902
0,0,0.45877093
0,0,0.44126582
0,0,0.46134305
0,0,0.45507902
0,0,0.46259698
1,0,0.47293538
1,0,0.46749768
1,0,0.46583223
1,0,0.4613199
1,0,0.4600427
1,0,0.47853824
1,0,0.4616715
1,0,0.47171682
1,0,0.4611289
1,0,0.47618327
1,0,0.46147898
0,0,0.45170498
0,0,0.47309908
0,0,0.45459694
0,0,0.4563428
0,0,0.45856157
1,0,0.44791386
0,0,0.4517948
1,0,0.4640877
0,0,0.4560537
0,0,0.42951578
0,0,0.44449815
1,0,0.48739478
1,0,0.4416634
1,0,0.43120262
1,0,0.43151063
1,0,0.39527008
1,0,0.42953283
1,0,0.42150006
0,0,0.4127057
1,0,0.44657472
1,0,0.44160748
1,0,0.4444428
1,0,0.4529673
1,0,0.4308895
1,0,0.4537744
0,0,0.38718972
0,0,0.35493514
0,0,0.49183547
1,0,0.43849403
0,0,0.41293567
0,0,0.34351206
1,0,0.42495272
1,0,0.39703742
0,0,0.40061495
1,0,0.41691524
1,0,0.44978833
0,0,0.3846194
0,0,0.40165168
1,0,0.37223476
1,0,0.3954674
0,0,0.3654852
0,0,0.41042116
1,0,0.44616675
0,0,0.3947776
0,0,0.46997732
0,0,0.48738566
0,0,0.46371412
0,0,0.4566125
0,0,0.46127456
0,0,0.4371512
0,0,0.40366364
0,0,0.4000525
0,0,0.41043088
0,0,0.42553154
0,0,0.40838003
0,0,0.41355667
0,0,0.44046998
0,0,0.43242842
0,0,0.44265813
1,0,0.4640089
1,0,0.4603913
1,0,0.48196164
1,0,0.47019765
1,0,0.47342286
1,0,0.45841712
1,0,0.46439633
1,0,0.4537211
1,0,0.46128145
1,0,0.47294998
1,0,0.44184372
1,0,0.460134
1,0,0.4532179
0,0,0.46070313
0,0,0.42401674
0,0,0.45363325
0,0,0.45283452
0,0,0.4454241
0,0,0.45812842
1,0,0.43264747
1,0,0.44410473
1,0,0.38360375
1,0,0.41372937
0,0,0.4564141
0,0,0.4627161
0,0,0.43956414
0,0,0.41809675
0,0,0.43107325
0,0,0.44455826
0,0,0.4519537
0,0,0.4455643
1,0,0.447566
1,0,0.46305898
1,0,0.4607744
0,0,0.47113693
0,0,0.43814945
0,0,0.43814945
0,0,0.46743724
0,0,0.44486243
0,0,0.43763
1,0,0.4573402
1,0,0.46128663
1,0,0.45394826
1,0,0.45050585
1,0,0.45025456
1,0,0.447496
0,0,0.4742874
0,0,0.46593738
0,0,0.46987537
0,0,0.43822107
0,0,0.46142036
0,0,0.4355199
0,0,0.42688954
0,0,0.43570358
0,0,0.43925038
0,0,0.46294203
0,0,0.43573618
0,0,0.43122536
0,0,0.45156327
0,0,0.44960782
1,0,0.43952644
0,0,0.45017138
0,0,0.45602286
0,0,0.4633477
0,0,0.4515517
0,0,0.46124575
0,0,0.448481
0,0,0.46741495
0,0,0.4621545
0,0,0.45518363
1,0,0.47164795
1,0,0.44962394
1,0,0.47055286
1,0,0.47100657
1,0,0.44415012
1,0,0.46374246
0,0,0.4692842
1,0,0.4281744
1,0,0.45602292
1,0,0.44530156
1,0,0.4382258
1,0,0.45584756
1,0,0.43805647
0,0,0.49567714
1,0,0.45076185
0,0,0.47784114
0,0,0.44326586
0,0,0.44336015
1,0,0.4380227
1,0,0.45817176
1,0,0.47694
1,0,0.45312133
1,0,0.43438575
1,0,0.4539288
0,0,0.458841
0,0,0.45074722
0,0,0.4590891
0,0,0.451271
0,0,0.48668388
0,0,0.4303466
0,0,0.44207278
0,0,0.44879267
0,0,0.45166034
0,0,0.47724316
0,0,0.4664954
0,0,0.48378068
0,0,0.49684983
1,0,0.3995427
1,0,0.49980608
1,0,0.46286204
1,0,0.46286204
1,0,0.4512178
1,0,0.44904125
0,0,0.43914294
0,0,0.46717837
1,0,0.49312463
1,0,0.47750428
1,0,0.48577136
1,0,0.49535927
0,1,0.5094358
1,1,0.50997907
0,1,0.5337291
0,0,0.49526346
1,0,0.4695934
1,0,0.48600703
1,1,0.5001881
1,0,0.49211276
0,1,0.54785275
0,0,0.4876507
0,0,0.4933088
0,1,0.50971067
0,1,0.5075129
0,0,0.4795856
0,0,0.48556346
0,1,0.5022895
0,0,0.44487748
0,0,0.47342953
0,1,0.55195874
0,1,0.53871334
1,1,0.5348458
1,1,0.53265387
1,1,0.5358989
1,0,0.48975047
1,1,0.5749032
1,1,0.5005551
1,0,0.4747706
0,0,0.46069282
0,0,0.43391144
0,0,0.40637463
0,0,0.40100616
0,0,0.41308573
1,0,0.46299314
1,0,0.42057642
1,0,0.47266975
1,1,0.5114079
1,1,0.53286296
1,0,0.39486378
0,0,0.33212554
1,0,0.45108032
0,0,0.40418783
0,0,0.34490237
0,0,0.44930187
0,1,0.5454951
0,0,0.4905489
0,0,0.455119
0,0,0.45407417
1,1,0.62378633
1,1,0.5176676
0,1,0.5335127
1,0,0.45038283
1,1,0.61056787
1,0,0.4232078
0,0,0.36593652
1,0,0.37196895
1,0,0.41109014
0,0,0.4410451
0,0,0.44846022
1,1,0.5777965
1,0,0.44396618
0,0,0.43101028
0,0,0.47840557
0,0,0.49646875
0,0,0.40403813
0,0,0.45075324
0,0,0.47551665
0,0,0.4617641
0,0,0.44655275
0,0,0.4628045
0,1,0.56122327
1,1,0.5087519
1,1,0.5055516
0,0,0.4885878
0,0,0.44542187
0,0,0.47666585
0,0,0.4480492
0,0,0.44207484
0,0,0.4520371
0,0,0.47231442
1,0,0.46282732
0,0,0.49404886
1,0,0.45970255
1,0,0.47228685
1,0,0.49843392
1,0,0.44776228
0,0,0.44849485
0,0,0.48001656
0,0,0.4476283
0,0,0.47673157
0,0,0.4673365
0,0,0.46085048
0,0,0.4636262
1,0,0.47601864
1,0,0.4818907
1,0,0.4844857
1,0,0.47214782
1,1,0.5091497
0,0,0.49876612
0,0,0.47672942
0,0,0.4604319
0,0,0.47204438
0,0,0.48189974
0,1,0.5017012
0,1,0.5053614
0,1,0.5216247
0,1,0.50995404
1,0,0.48711628
0,1,0.5570102
1,1,0.5277929
1,1,0.54828143
1,1,0.5497912
0,0,0.49993312
1,1,0.6161434
1,0,0.49503607
0,0,0.46652675
0,1,0.5150908
0,0,0.4527765
0,1,0.5094904
0,0,0.46343064
0,0,0.48890367
0,0,0.48570544
0,0,0.46422136
0,0,0.48430833
1,0,0.4664178
1,0,0.47380224
1,0,0.47930357
1,0,0.47546402
1,0,0.4779856
1,0,0.4846403
1,0,0.45863548
1,0,0.48737252
1,0,0.49041158
0,0,0.48411095
0,0,0.48534787
0,0,0.46888235
1,0,0.465108
0,0,0.47293347
1,0,0.47693655
1,0,0.45379767
1,0,0.48650318
1,0,0.4839606
1,0,0.46570438
1,0,0.4778507
1,0,0.47664636
1,0,0.47858837
1,0,0.492046
1,0,0.44321093
1,0,0.45101172
1,0,0.45691457
1,0,0.49073973
1,0,0.4863503
1,0,0.47801495
0,0,0.47880575
0,0,0.4700325
0,0,0.47243294
1,0,0.4988751
0,0,0.47352055
1,1,0.6288329
1,0,0.48666343
1,1,0.5219892
1,0,0.45154297
1,1,0.5318706
0,0,0.41406387
0,0,0.43323177
0,0,0.4176077
0,0,0.4630636
0,0,0.45778504
0,0,0.4342787
0,0,0.4658264
0,0,0.4580962
1,0,0.48218262
1,0,0.45660827
1,0,0.46375674
1,0,0.4947182
1,0,0.49305308
0,0,0.4713138
0,0,0.4564723
0,0,0.3680584
0,0,0.43588415
1,0,0.43803272
1,0,0.47189036
1,0,0.49970305
0,1,0.5273313
1,0,0.4545726
0,0,0.4602983
1,0,0.45790124
0,0,0.44144613
0,0,0.4525551
0,0,0.46065435
0,0,0.4686039
0,0,0.46771497
0,0,0.47009888
0,0,0.45609805
1,0,0.44053346
1,0,0.46686593
0,0,0.4481463
1,0,0.4551199
1,0,0.45295465
1,1,0.50754786
1,0,0.45281246
1,0,0.4440256
1,0,0.4624543
1,0,0.45584866
1,0,0.46231914
0,0,0.43514407
0,0,0.46187627
0,0,0.45857882
0,0,0.45396182
0,0,0.46585685
0,0,0.4466456
0,0,0.49021873
1,1,0.5327227
0,0,0.48788416
1,1,0.5184529
1,0,0.48057535
1,1,0.52422595
1,0,0.46952796
1,0,0.4874883
0,0,0.48156965
0,0,0.44340712
0,0,0.47143507
0,0,0.47279033
0,0,0.49057144
0,0,0.45989248
0,0,0.45454943
0,0,0.4784121
0,0,0.48743182
0,0,0.45832697
1,0,0.4651467
1,0,0.4898074
0,0,0.46297956
1,0,0.4866403
0,0,0.47648874
0,0,0.4893221
0,0,0.46298894
0,0,0.47052404
0,0,0.43327484
0,0,0.46495643
1,1,0.536861
0,0,0.49342176
1,0,0.46832675
1,1,0.51632535
1,1,0.547168
0,1,0.5376122
0,0,0.4633751
0,1,0.5000911
0,0,0.47132456
0,0,0.46459424
0,0,0.47946072
1,1,0.501125
1,0,0.49428087
0,1,0.5124461
1,0,0.48813376
1,0,0.4597722
1,0,0.4646132
0,0,0.46413454
1,0,0.4708213
0,1,0.50495815
1,0,0.48429057
0,0,0.4843031
0,1,0.5010022
0,0,0.47612634
0,0,0.47097415
0,0,0.48538512
0,0,0.49646157
0,0,0.49342436
1,1,0.5597653
0,1,0.50580996
0,0,0.4960101
0,1,0.502106
0,0,0.49159554
0,0,0.46263954
0,0,0.4539021
0,0,0.4599512
1,0,0.46152124
1,1,0.5087117
1,1,0.5080482
1,0,0.42215863
1,0,0.4679709
0,0,0.49059027
1,0,0.44770235
1,0,0.48473316
0,0,0.4680512
0,0,0.4014333
0,0,0.46443972
1,0,0.46923783
0,0,0.47780162
0,0,0.42382932
0,0,0.48374626
0,0,0.46925953
0,0,0.44088918
0,0,0.43926248
0,0,0.4499239
0,0,0.4499432
0,0,0.4496188
0,0,0.400974
0,0,0.43157446
1,0,0.4565042
0,0,0.4626912
1,0,0.49655786
0,0,0.47160226
0,0,0.47123063
0,0,0.40302858
1,0,0.43403742
1,0,0.4044622
1,0,0.41057858
0,0,0.41162273
1,0,0.39242005
0,0,0.4196974
0,0,0.40066588
0,0,0.400532
1,0,0.41274434
1,0,0.3777094
1,0,0.3996022
1,0,0.3952425
0,0,0.46460968
0,0,0.43208337
0,0,0.41459072
0,0,0.43147317
0,0,0.41753605
0,0,0.45205474
0,0,0.49406826
0,0,0.49259898
0,0,0.42643103
1,1,0.55806893
0,0,0.44936648
0,0,0.4346638
0,0,0.41741353
0,0,0.43250245
0,0,0.39758822
0,0,0.43970034
0,0,0.4352835
0,1,0.5343422
0,1,0.5137232
0,0,0.49769032
0,0,0.432313
1,0,0.4054175
1,0,0.48831856
1,1,0.5148798
1,1,0.53683364
1,1,0.5033269
1,1,0.50135803
1,1,0.5423746
1,1,0.54340035
0,1,0.5176825
1,1,0.51570034
1,1,0.52690744
1,1,0.5044995
1,1,0.50916725
1,0,0.49403816
0,0,0.4967271
0,1,0.50445896
0,0,0.4975793
0,1,0.51821035
0,1,0.5029964
1,1,0.5017908
1,1,0.50179523
0,0,0.45855033
1,0,0.48101637
1,0,0.4776932
1,0,0.4586637
1,0,0.44807225
1,0,0.4247694
1,0,0.45659265
1,0,0.46454248
0,0,0.42131004
1,0,0.43020114
1,0,0.42081589
1,0,0.42360008
1,0,0.39608216
1,0,0.39967167
1,0,0.42704657
1,0,0.40920168
1,0,0.43934163
1,0,0.36997065
1,0,0.4084683
0,0,0.41591352
0,0,0.41075364
0,0,0.39861777
0,0,0.409838
0,0,0.43103018
0,0,0.4179319
0,0,0.45637077
0,0,0.4058102
1,0,0.462467
0,0,0.40426856
0,0,0.40976796
0,0,0.39962104
0,0,0.46710983
0,0,0.43333364
0,0,0.43461925
1,0,0.4041044
1,1,0.54128754
1,0,0.4982168
1,1,0.5793604
1,1,0.5336191
1,1,0.50638396
0,0,0.41852468
1,0,0.39718676
1,0,0.42787
1,0,0.40582597
1,0,0.40077466
1,0,0.41753563
1,0,0.46503797
1,0,0.45152256
1,0,0.45800006
1,0,0.42709103
1,0,0.46644652
1,0,0.46564025
1,0,0.43763638
1,0,0.4691515
1,0,0.470072
1,0,0.4778029
1,0,0.46208063
1,0,0.49617034
1,0,0.43830505
0,0,0.4388904
0,0,0.41127634
0,0,0.42553142
0,0,0.4062105
1,0,0.39330098
1,0,0.40418273
0,0,0.40447947
0,0,0.40861955
0,0,0.41351473
0,0,0.40538862
0,0,0.41452163
1,1,0.51565343
1,0,0.47303203
1,0,0.44390586
1,0,0.41966945
0,0,0.42934385
0,0,0.38954538
0,0,0.42572933
0,0,0.45974013
0,0,0.44174
1,0,0.36299932
1,0,0.43838376
1,0,0.3998025
1,0,0.40679634
1,0,0.48871526
1,0,0.42043036
1,0,0.4026161
1,0,0.40527344
1,0,0.41916654
1,0,0.41464573
0,0,0.41097605
1,0,0.3918256
1,0,0.41209835
1,0,0.39597422
1,0,0.38082516
1,0,0.40794817
1,0,0.42112172
0,0,0.38424882
1,0,0.4147178
1,0,0.39456394
1,0,0.4069316
1,0,0.4393763
1,0,0.3840877
1,0,0.4097596
1,0,0.40264997
1,0,0.3850888
1,0,0.40481466
1,0,0.41289663
1,0,0.43097988
1,0,0.41729003
1,0,0.4416632
0,0,0.40049264
0,0,0.31854287
0,0,0.3815148
0,0,0.32691947
0,0,0.25240272
1,0,0.4489842
1,0,0.43431014
1,0,0.4411697
0,0,0.44572535
0,0,0.42067873
0,0,0.36643463
0,0,0.38122433
1,0,0.3854552
1,0,0.3954801
1,0,0.41888112
1,0,0.39782023
1,0,0.3748385
1,0,0.38670585
1,0,0.41219574
1,0,0.36983448
1,0,0.380486
1,0,0.40894476
0,0,0.26240134
1,0,0.3821839
1,0,0.4016932
1,0,0.3653057
0,0,0.38845053
1,0,0.40759513
1,0,0.38913253
0,0,0.37874776
0,0,0.41527632
1,0,0.39912674
0,0,0.41019654
0,0,0.38807553
1,0,0.4110637
1,0,0.41688955
0,0,0.39702547
0,0,0.3848408
0,0,0.40432975
0,0,0.40251732
0,0,0.39988217
1,0,0.4578139
0,0,0.41519883
1,0,0.41176924
1,0,0.42941174
1,0,0.4600086
1,0,0.401352
1,0,0.3906376
0,0,0.41439283
0,0,0.40766472
1,0,0.39390543
0,0,0.4164005
0,0,0.39182287
0,0,0.39286354
0,0,0.39038295
0,0,0.405623
0,0,0.39591902
0,0,0.4052666
0,0,0.40410122
0,0,0.3959412
0,0,0.44707975
1,0,0.42422593
1,0,0.44482365
1,0,0.46361965
1,0,0.41713426
1,0,0.39670965
0,0,0.3567801
1,0,0.3918221
1,0,0.39664474
1,0,0.39398667
1,0,0.37062994
1,0,0.37949535
1,0,0.3803412
1,0,0.36805746
1,0,0.36523485
0,0,0.43588027
0,0,0.45735592
0,0,0.37747195
0,0,0.39686683
0,0,0.37692848
0,1,0.5414228
1,1,0.5458831
0,0,0.43494824
0,0,0.43500096
0,0,0.439407
0,0,0.4538135
0,0,0.4192512
0,0,0.39302817
0,0,0.39043084
0,0,0.35441574
1,0,0.42548254
1,0,0.41620943
1,0,0.4091428
1,0,0.4324349
1,0,0.41228095
1,0,0.42884338
1,0,0.4236701
1,0,0.42954174
0,0,0.4284676
0,0,0.42584428
1,0,0.42130437
0,0,0.41854218
0,0,0.4001008
0,0,0.38919032
0,0,0.4129482
0,0,0.42566165
0,0,0.38538653
1,0,0.42021173
1,0,0.378007
1,0,0.388583
0,0,0.42136946
0,0,0.41322118
0,0,0.40369275
0,0,0.40559542
0,0,0.4036745
1,0,0.47086856
1,0,0.459524
1,0,0.47154754
1,0,0.4318681
1,0,0.44135916
1,0,0.4120343
1,0,0.41467524
0,0,0.43376592
0,0,0.4052388
0,0,0.40842676
0,0,0.40417257
0,0,0.41147605
0,0,0.40436113
1,0,0.39041573
0,0,0.37368304
1,0,0.4335325
1,0,0.41051877
1,0,0.38959306
1,0,0.42270246
1,0,0.42093495
1,0,0.35630885
1,0,0.40878147
0,0,0.40321922
0,0,0.4044617
0,0,0.4116907
0,0,0.39702755
0,0,0.40144286
0,0,0.37669802
0,0,0.46606225
1,0,0.43141377
1,0,0.4368292
1,0,0.42035046
1,0,0.43244848
1,0,0.3707753
1,0,0.42153326
1,0,0.3994818
0,0,0.40694714
0,0,0.4003219
1,0,0.3871981
1,0,0.39795017
1,0,0.3767732
1,0,0.39711064
1,0,0.38263178
1,0,0.45507714
0,0,0.4051589
0,0,0.4159219
0,0,0.4020373
0,0,0.4057148
0,0,0.3950322
0,0,0.3962452
0,0,0.44500464
0,0,0.3678126
0,0,0.39273465
0,0,0.41583386
0,0,0.3714271
0,0,0.38987488
0,0,0.38155127
0,0,0.38182792
0,0,0.38769522
0,0,0.4001517
1,0,0.43891796
0,0,0.4200556
0,0,0.4156363
0,0,0.40228045
0,0,0.3945562
0,0,0.39479876
0,0,0.39487672
1,0,0.3927582
1,0,0.46114436
1,0,0.38786352
1,0,0.40175927
1,0,0.3892593
1,0,0.4052228
1,0,0.38614026
1,0,0.42205027
0,0,0.39496955
1,0,0.3774824
1,0,0.41641453
0,0,0.40652755
0,0,0.40058333
0,0,0.39577147
0,0,0.42405972
0,0,0.41474494
0,0,0.40674073
0,0,0.4293167
0,0,0.3861025
0,0,0.4104296
0,0,0.43225345
1,1,0.547725
1,0,0.46347415
0,0,0.45232287
0,0,0.4548085
1,0,0.41949424
0,0,0.4028659
1,0,0.4140254
0,0,0.42641637
0,0,0.3889599
0,0,0.4591684
0,0,0.38293985
0,0,0.4052228
0,0,0.39524832
1,0,0.40298235
1,0,0.39985594
1,0,0.42051658
1,0,0.3943103
1,0,0.40193066
1,0,0.39275625
1,0,0.39275318
1,0,0.41834405
1,0,0.4052228
1,0,0.4142425
1,0,0.42006537
1,0,0.39570326
1,0,0.42490187
1,0,0.40091702
0,0,0.43150184
0,0,0.4036009
0,0,0.41751269
0,0,0.4103323
1,0,0.40783274
0,0,0.3835053
1,0,0.38401443
0,0,0.37557214
0,0,0.38438833
0,0,0.39276898
1,0,0.3807357
1,0,0.39545062
1,0,0.39574078
0,0,0.3815862
0,0,0.3753925
0,0,0.39767563
0,0,0.4130985
1,0,0.40485147
1,0,0.3962069
1,0,0.3840238
1,0,0.3822395
0,0,0.4121635
0,0,0.3936436
0,0,0.4007261
0,0,0.41567123
0,0,0.37700456
1,0,0.40910962
1,0,0.42776376
1,0,0.4318835
1,0,0.39182237
1,0,0.4219737
1,0,0.39421982
1,0,0.4101501
1,0,0.4065534
1,0,0.39429337
1,0,0.37892696
0,0,0.39553162
0,0,0.415543
0,0,0.38710058
0,0,0.4005683
1,0,0.40350866
1,0,0.38093984
1,0,0.3958298
1,0,0.3869207
1,0,0.3789594
1,0,0.3968383
1,0,0.40009356
0,0,0.38464472
0,0,0.40683776
0,0,0.40009356
0,0,0.41513735
0,0,0.39361924
1,0,0.41219926
1,0,0.38714784
1,0,0.39226693
1,0,0.41788557
1,0,0.3858596
0,0,0.4019431
0,0,0.40247717
0,0,0.40247717
1,0,0.40937623
1,0,0.3571233
1,0,0.39391246
1,0,0.37751278
1,0,0.3801478
1,0,0.3944215
0,0,0.42179474
0,0,0.41597688
0,0,0.38656524
0,0,0.40184125
0,0,0.38671464
0,0,0.38003573
0,0,0.37854096
1,0,0.3809862
1,0,0.39342412
1,0,0.403455
1,0,0.39083248
1,0,0.3852841
1,0,0.39354062
0,0,0.40654498
0,0,0.3908515
0,0,0.39472002
0,0,0.41890383
0,0,0.40720174
0,0,0.38624305
0,0,0.38642454
0,0,0.3799583
0,0,0.39436793
0,0,0.38530746
0,0,0.40175357
0,0,0.43768165
0,0,0.38807374
1,0,0.3832788
1,0,0.38830936
1,0,0.38174623
1,0,0.41242668
1,0,0.3601541
0,0,0.43143055
0,0,0.40191218
0,0,0.41845113
0,0,0.3930213
1,0,0.3963173
0,0,0.3866935
1,0,0.38935876
1,0,0.38107666
1,0,0.3861315
1,0,0.44234753
1,0,0.3854674
0,0,0.38999104
0,0,0.3905572
0,0,0.3905572
0,0,0.3946558
1,0,0.38221267
1,0,0.3728391
1,0,0.3891005
1,0,0.37179494
1,0,0.37539667
1,0,0.41124377
0,0,0.40751055
0,0,0.3698348
0,0,0.407818
0,0,0.3973951
0,0,0.3886387
0,0,0.3823634
0,0,0.4402779
0,0,0.41976666
0,0,0.38215044
0,0,0.45405322
1,0,0.43740308
1,0,0.41703188
1,0,0.42795885
1,0,0.38494706
1,0,0.3754393
1,0,0.39663425
0,0,0.4085213
1,0,0.40551287
1,0,0.392701
1,0,0.38365924
1,0,0.3746298
1,0,0.3805785
0,0,0.42219195
0,0,0.39663425
1,0,0.40393877
0,0,0.42155513
0,0,0.39105332
1,0,0.38641638
0,0,0.40252292
0,0,0.3966002
0,0,0.38814023
0,0,0.4018297
0,0,0.40617976
0,0,0.3933012
0,0,0.3738531
0,0,0.41150174
0,0,0.38504475
0,0,0.42585114
0,0,0.39069146
0,0,0.39572766
0,0,0.49618366
0,0,0.4656901
0,0,0.49365458
0,0,0.42171627
0,0,0.4331073
0,0,0.4428325
1,1,0.54232484
1,0,0.49243394
1,0,0.47198594
0,0,0.49928606
0,0,0.48845097
0,1,0.5061954
0,0,0.476004
0,0,0.4544181
1,0,0.46010154
1,0,0.4446207
1,0,0.45795885
1,0,0.48477384
1,1,0.525197
1,0,0.47609937
0,0,0.4743123
0,0,0.4745253
0,0,0.47597888
0,0,0.47707185
0,0,0.47620592
0,0,0.47034168
0,0,0.48639098
1,1,0.52159876
1,1,0.50951046
0,1,0.51757693
0,0,0.49323642
0,0,0.48885015
0,0,0.47756648
0,0,0.47572201
0,1,0.5198853
0,1,0.5071598
0,0,0.4978484
0,1,0.50505376
0,1,0.5053614
0,0,0.48666695
1,1,0.5102962
1,1,0.5235673
0,0,0.478193
0,0,0.46190414
1,0,0.48971474
1,0,0.4602174
0,0,0.4899397
0,0,0.4624817
1,0,0.49409032
0,0,0.49334353
1,0,0.4695052
0,1,0.5077713
1,0,0.49071625
1,0,0.48628968
1,1,0.5009314
1,0,0.49485704
1,0,0.49576947
1,0,0.47513342
1,0,0.48062974
0,0,0.48209858
0,0,0.48597392
0,0,0.48641804
1,0,0.48618484
1,0,0.47449824
1,0,0.47853327
1,1,0.5178377
1,0,0.46568912
1,0,0.49822557
1,0,0.48419553
0,0,0.47267273
1,0,0.4758995
1,0,0.45852187
1,0,0.47876805
1,0,0.47204968
1,0,0.44946742
1,0,0.46767178
1,0,0.43991953
1,0,0.4297758
1,0,0.45167485
1,0,0.47729605
1,0,0.46136516
1,0,0.3927184
0,0,0.38562632
1,0,0.39516208
1,0,0.41535863
0,0,0.40977848
1,0,0.46139553
1,0,0.47581512
1,0,0.448557
0,0,0.47852552
0,0,0.47977945
0,0,0.47505894
0,0,0.4528318
1,0,0.45873952
1,1,0.5434747
1,0,0.48584118
1,1,0.51673484
1,0,0.49212447
1,0,0.45794666
1,0,0.4606673
1,0,0.4612982
1,0,0.46372524
1,0,0.4667358
0,0,0.46123976
0,0,0.4658572
0,0,0.45749244
0,0,0.45944855
0,0,0.44285393
0,0,0.4969426
0,0,0.49183407
0,1,0.5293129
0,0,0.49928945
0,0,0.46776927
0,1,0.52534026
0,0,0.46783546
0,0,0.4390234
0,0,0.43681547
0,0,0.46061036
0,0,0.45515013
0,0,0.46046218
0,0,0.46090594
0,0,0.4486075
1,0,0.43119344
1,0,0.45937303
1,0,0.489246
1,0,0.47699642
1,1,0.5125208
1,0,0.482948
1,0,0.48025647
1,0,0.46882683
0,0,0.46012062
1,0,0.45281127
0,0,0.40193772
0,0,0.4377675
0,0,0.43624607
0,0,0.4148333
0,0,0.40732926
0,0,0.3979819
0,0,0.4436457
0,0,0.47072175
0,0,0.4821446
0,0,0.44890332
1,0,0.4993004
1,0,0.47273666
1,0,0.48834628
1,0,0.48524934
1,1,0.5575725
1,0,0.4688023
0,0,0.4871843
0,1,0.52058744
0,0,0.46289694
1,0,0.46470246
1,0,0.4651376
1,0,0.45352972
1,0,0.4598242
1,1,0.5135267
1,0,0.45133358
1,0,0.47127557
0,0,0.4915738
0,0,0.4804614
0,0,0.46968883
1,0,0.46719745
1,0,0.44332838
1,0,0.4871074
1,0,0.47376573
1,0,0.48402682
1,0,0.47616556
1,0,0.48085114
1,0,0.47807652
1,0,0.4732769
1,0,0.47166556
0,0,0.4903264
0,0,0.4800182
1,0,0.48097908
1,0,0.45098102
1,0,0.4726431
1,0,0.48716137
0,0,0.49055618
0,0,0.48180807
0,0,0.46998584
0,0,0.47215542
0,0,0.4714442
0,0,0.4598973
0,1,0.52018225
0,0,0.48467222
1,0,0.4910896
1,0,0.4566797
0,0,0.45352647
0,0,0.44865027
0,0,0.44056025
0,0,0.45440164
0,0,0.43407983
0,0,0.44514138
0,0,0.47035837
0,0,0.44795588
0,0,0.45904407
0,0,0.45465842
1,0,0.4825384
1,0,0.47007084
1,0,0.46243668
1,0,0.45933113
0,0,0.4911884
0,0,0.47415242
0,0,0.4696647
0,0,0.46649715
0,0,0.45769802
0,0,0.46251854
0,0,0.43858993
1,1,0.5094667
1,1,0.52279764
1,0,0.47606596
1,0,0.4602088
0,0,0.48950467
0,0,0.44962806
0,0,0.4756547
0,0,0.46060348
0,0,0.47453845
0,1,0.5938342
0,0,0.47231668
0,0,0.458381
0,0,0.46300736
0,0,0.46855146
1,0,0.43027735
1,0,0.4637951
1,0,0.4609334
0,0,0.4560219
1,0,0.461546
0,0,0.4583444
1,0,0.46595958
1,0,0.46918252
1,0,0.45464104
0,0,0.48882607
0,1,0.5161339
1,0,0.4669489
1,0,0.4669489
1,0,0.45570776
1,0,0.44427022
1,0,0.4503667
1,0,0.4879945
0,0,0.46368638
0,0,0.476913
0,0,0.47000694
0,0,0.47639284
0,0,0.47868985
0,0,0.43325996
0,0,0.48422408
0,0,0.45370108
0,0,0.4996327
0,0,0.4769782
0,1,0.5220617
0,0,0.45546383
1,0,0.46090505
1,1,0.5104867
1,0,0.4639816
1,1,0.50579375
0,0,0.4701386
0,0,0.45506588
0,0,0.4565383
0,0,0.46249884
0,0,0.46714953
0,0,0.4679559
0,0,0.4934552
0,0,0.46347812
1,0,0.47432643
1,0,0.4644935
1,0,0.4740985
1,0,0.47421393
0,0,0.4988918
0,0,0.4828713
0,0,0.4756563
0,0,0.47133696
0,0,0.4722006
0,0,0.465757
0,0,0.47271279
0,0,0.46911514
0,0,0.47896203
0,0,0.499453
0,0,0.26823258
1,0,0.32504094
1,0,0.30666134
0,0,0.40632975
0,0,0.38972312
0,0,0.39145344
0,0,0.34220922
1,0,0.39433202
1,0,0.36026
1,0,0.41356415
1,0,0.39494032
1,0,0.4565205
1,0,0.47537857
1,0,0.4061976
1,0,0.4774372
1,0,0.47219998
1,0,0.47219998
1,0,0.35976616
1,0,0.405772
0,0,0.35507745
0,0,0.21611267
0,0,0.12162584
0,0,0.16780743
0,0,0.18242277
0,0,0.2610699
0,0,0.27400148
0,0,0.29410946
0,0,0.28810677
0,0,0.4396527
0,0,0.48590717
0,0,0.43148807
0,0,0.48895377
1,0,0.47277406
0,0,0.46852666
1,1,0.5142017
1,1,0.52754617
1,0,0.47637984
0,0,0.39228618
0,0,0.4719047
0,0,0.40704203
0,0,0.41414815
0,0,0.46103302
1,1,0.5105814
1,0,0.44163528
0,0,0.42964593
0,1,0.50349855
0,0,0.4617765
0,0,0.46640354
0,0,0.4653255
0,0,0.45092255
0,0,0.4699279
1,0,0.48374295
1,0,0.49573666
1,1,0.55615044
1,0,0.45838657
1,0,0.46592185
0,0,0.42344883
0,0,0.47718897
0,0,0.4362189
0,0,0.4875958
0,0,0.45927137
1,0,0.4722604
0,0,0.45833308
0,0,0.46269488
0,0,0.46914086
0,0,0.45513922
0,0,0.4303517
0,0,0.46190932
0,0,0.46240056
0,0,0.45439664
0,0,0.46253964
0,0,0.45965227
1,0,0.4634554
1,0,0.4621528
1,0,0.48499694
0,0,0.45955366
1,0,0.46955892
1,0,0.4630088
1,0,0.4707955
0,0,0.4708471
1,0,0.4473572
0,0,0.43139505
0,0,0.4572502
0,0,0.41884723
0,0,0.43587804
0,0,0.46744245
0,0,0.46666586
0,0,0.48897564
0,0,0.4693638
0,0,0.44323033
0,0,0.4794065
0,1,0.51295686
0,0,0.48634708
0,0,0.4705539
0,0,0.4765933
0,0,0.47518307
1,0,0.43634441
1,1,0.5456848
1,1,0.6599566
1,1,0.5084307
1,0,0.4785454
0,0,0.4477427
1,0,0.45324326
1,0,0.4188323
1,0,0.4613878
1,0,0.4058864
1,0,0.4180551
0,0,0.41166326
1,0,0.46881312
1,0,0.43371955
1,0,0.45084587
1,0,0.48255208
1,0,0.45226884
1,0,0.4430825
1,0,0.48492187
1,0,0.4592798
0,1,0.50839895
1,0,0.47128028
1,0,0.45164225
1,0,0.45778215
1,0,0.4503262
1,0,0.44891477
0,0,0.45866024
0,1,0.53044546
0,0,0.46070588
0,0,0.45001668
1,0,0.44389516
0,0,0.47553906
0,0,0.47685575
0,0,0.4306051
0,0,0.45986626
0,0,0.45369783
1,0,0.43982804
1,0,0.4541916
0,0,0.4358453
1,0,0.45443523
0,0,0.46672556
0,0,0.4449767
0,0,0.42276603
0,0,0.4609422
0,0,0.4406387
0,0,0.45256847
0,0,0.43883866
1,0,0.4322001
1,0,0.43146467
1,0,0.46621543
1,0,0.4378536
1,0,0.45172933
1,0,0.48676962
1,0,0.4174751
1,0,0.43720907
1,0,0.4457243
1,0,0.43754643
1,0,0.43667114
1,0,0.43004343
1,0,0.44966295
1,0,0.4411728
1,0,0.42784578
0,0,0.44041577
0,0,0.43459684
0,0,0.43627316
0,0,0.44208664
1,0,0.43829048
1,0,0.4344893
1,0,0.45996302
1,0,0.4490272
1,0,0.43842974
0,0,0.46231753
0,0,0.4521869
0,0,0.43013862
0,0,0.45150146
0,0,0.45221752
0,0,0.45094496
0,0,0.46539623
1,0,0.45431408
1,0,0.46802673
1,0,0.4432788
1,0,0.4471642
1,0,0.4815118
1,0,0.4617852
0,0,0.4641919
0,0,0.46057585
0,0,0.44204515
0,0,0.43054634
0,0,0.44205764
1,0,0.45101666
1,0,0.44215053
1,0,0.45797488
1,0,0.45608136
0,0,0.42576087
0,0,0.45328054
0,0,0.45459026
0,0,0.45445085
1,0,0.45148492
1,0,0.45246583
1,0,0.44304496
1,0,0.44979075
1,0,0.43761906
1,0,0.4376773
0,0,0.38034007
0,0,0.32986093
1,0,0.3083702
1,0,0.2544343
1,0,0.23077123
1,0,0.2546167
1,0,0.35488215
0,0,0.3843791
0,0,0.35496566
0,0,0.3712566
0,0,0.3853182
1,0,0.27673286
1,0,0.45852688
1,0,0.44647205
1,0,0.46541902
1,0,0.45183614
1,0,0.45685694
1,0,0.42097357
0,0,0.3682538
0,0,0.44851124
0,0,0.4095731
0,0,0.4095731
0,0,0.3999039
1,0,0.4170304
0,0,0.403889
1,0,0.49681258
1,1,0.50684005
1,1,0.50112695
0,0,0.48927352
0,0,0.45678946
0,0,0.4769635
0,0,0.4795437
0,0,0.46039027
0,0,0.4972373
0,1,0.50601125
1,1,0.5541346
1,0,0.49767843
0,0,0.48623288
1,0,0.46054086
1,0,0.4642195
1,0,0.44111872
1,0,0.45610338
1,0,0.46000722
0,0,0.46775615
0,0,0.4741074
0,0,0.44983062
0,0,0.4355151
0,0,0.42864814
0,0,0.4196252
0,1,0.51236176
0,0,0.49350634
1,1,0.57844263
1,1,0.5128806
1,1,0.510452
1,0,0.4716097
1,0,0.4760048
1,0,0.46062148
1,0,0.46848395
0,0,0.4599642
1,0,0.44281024
1,0,0.46746504
0,0,0.43901485
0,0,0.4616868
0,0,0.47020513
0,0,0.44116864
0,0,0.4565188
0,1,0.5562447
0,0,0.49497473
1,1,0.5655813
1,1,0.5387296
1,0,0.4985674
1,0,0.45887262
0,0,0.44884697
1,0,0.43869278
1,0,0.45259228
0,0,0.47445107
0,0,0.4527112
0,0,0.46821228
0,0,0.46890777
0,0,0.47017893
0,0,0.4098356
0,0,0.42112687
0,0,0.422803
0,0,0.4336079
0,0,0.46998453
0,0,0.3879486
0,0,0.3865971
0,0,0.3911272
1,0,0.4495105
1,0,0.46225122
1,0,0.39988026
1,0,0.40880448
1,0,0.4231536
1,0,0.41125453
0,0,0.41425958
1,0,0.39233416
1,0,0.41401616
1,0,0.40814075
1,0,0.4254159
1,0,0.40239242
1,0,0.41542563
1,0,0.4181693
0,0,0.41654706
0,0,0.4153348
0,0,0.41264373
0,0,0.41151318
0,0,0.41770327
0,0,0.41836724
1,0,0.47354248
1,0,0.48900542
0,0,0.40839258
1,0,0.40853837
0,0,0.4364704
0,0,0.4106981
0,0,0.40387818
0,0,0.4340252
0,0,0.43786755
0,1,0.5222144
0,0,0.46226937
0,0,0.41028357
0,0,0.40982518
1,0,0.44734213
1,0,0.4333898
1,0,0.41272134
1,0,0.42432168
0,0,0.45353544
0,0,0.42172298
0,0,0.4051072
0,0,0.44917062
0,0,0.43932906
1,0,0.41318795
1,0,0.4409769
1,0,0.43484816
1,0,0.4239202
1,0,0.41471845
1,0,0.4273472
1,0,0.41992363
0,0,0.44321576
0,0,0.42365846
0,0,0.4406848
0,0,0.44505808
0,0,0.4109497
1,0,0.41039297
1,0,0.41600907
1,0,0.39433187
1,0,0.4068883
1,0,0.4062567
1,0,0.4105043
1,0,0.42808342
1,0,0.41040534
1,0,0.4354105
1,0,0.42699218
1,0,0.4259073
1,0,0.42538986
1,0,0.41737375
1,0,0.40752307
1,0,0.41735515
1,0,0.42285237
1,0,0.41780198
1,0,0.43150094
1,0,0.3887294
1,0,0.42106527
1,0,0.42562222
0,0,0.40477058
0,0,0.43820608
0,0,0.4658998
0,0,0.436793
0,0,0.4256994
0,0,0.41734147
0,0,0.40171385
0,0,0.42371976
0,0,0.413828
0,0,0.46889016
1,0,0.43289173
1,0,0.4431793
1,0,0.41425273
1,0,0.4716853
1,0,0.46535972
1,0,0.38600978
1,0,0.4191241
0,0,0.411886
0,0,0.39346316
0,0,0.40464866
0,0,0.4070374
0,0,0.4118465
0,0,0.404712
0,0,0.3986097
0,0,0.42526668
0,0,0.47075492
0,0,0.44663858
0,0,0.42046922
0,0,0.46998173
0,0,0.43665832
0,0,0.4123023
1,0,0.39855042
0,0,0.460018
0,0,0.38712463
1,0,0.38402003
1,0,0.38194233
1,0,0.37499514
1,0,0.38417694
1,0,0.38937384
0,0,0.39333108
0,0,0.39565864
0,0,0.3975989
0,0,0.3862282
0,0,0.40505984
1,0,0.4286627
1,0,0.42413813
1,0,0.46618286
1,0,0.45645234
1,0,0.3959737
1,0,0.46857262
1,0,0.4305191
1,0,0.4894368
1,0,0.46044865
0,0,0.4541044
0,0,0.46197528
0,0,0.43958715
0,0,0.44711646
0,0,0.45883653
0,0,0.4575421
0,0,0.45125496
0,0,0.45960292
1,0,0.45734555
1,0,0.48481274
1,0,0.46903875
1,0,0.4703229
1,1,0.50323325
1,0,0.44888708
0,0,0.4944005
1,0,0.4776688
1,0,0.49953374
1,0,0.46360502
1,0,0.41911516
1,0,0.4071327
1,0,0.41101027
1,0,0.41067457
0,0,0.4347668
0,0,0.42597967
0,0,0.43047202
0,0,0.3904081
1,0,0.4122175
1,0,0.40896899
1,0,0.41371998
1,0,0.41279376
1,0,0.40045315
1,0,0.4041087
1,0,0.41588244
1,0,0.4296886
0,0,0.4099807
0,0,0.40581468
0,0,0.3993578
0,0,0.39454243
0,0,0.40555122
0,0,0.40623134
1,0,0.39084613
1,0,0.3752426
1,0,0.3737287
1,0,0.39661744
1,0,0.3895292
1,0,0.41943958
1,0,0.38391912
1,0,0.41108367
1,0,0.4145013
1,0,0.4106495
1,0,0.37537625
1,0,0.40590963
1,0,0.3962326
0,0,0.42404318
0,0,0.4080441
1,0,0.39992678
1,0,0.39861
1,0,0.39861
1,0,0.42086014
1,0,0.4255973
1,0,0.41532812
1,0,0.4060474
1,0,0.40648586
1,0,0.40518546
1,0,0.41539377
0,0,0.3994803
0,0,0.40610737
1,0,0.38196003
0,0,0.42327884
1,0,0.38094956
1,0,0.3992243
1,0,0.386576
0,0,0.39558673
0,0,0.4448245
0,0,0.3993783
0,0,0.38009155
0,0,0.42647868
0,0,0.42131206
0,0,0.4091588
0,0,0.42829573
0,0,0.42807415
0,0,0.43510434
0,0,0.39543456
0,0,0.44873714
0,0,0.42969072
1,0,0.37615436
1,0,0.40192038
0,0,0.39512488
1,0,0.41326588
1,0,0.4005217
1,0,0.36893448
1,0,0.39644116
1,0,0.3929338
0,0,0.4376131
1,0,0.4375181
1,0,0.48974815
1,0,0.46617576
1,0,0.45867094
1,0,0.4465893
1,0,0.47060102
1,0,0.4674137
1,0,0.4597502
1,0,0.46792805
1,0,0.45775616
1,0,0.462793
1,0,0.46446913
0,0,0.45625314
1,0,0.4657085
0,0,0.4746018
0,0,0.4378074
0,0,0.4153059
0,0,0.41434506
0,0,0.39788094
0,0,0.37865648
1,0,0.43115208
1,0,0.44071397
1,0,0.39933407
1,0,0.41908056
1,0,0.38972306
1,0,0.38607568
0,0,0.41926503
0,0,0.40394267
0,0,0.4019588
0,0,0.40012023
0,0,0.39247864
0,0,0.3886333
1,0,0.38865632
1,0,0.3882293
1,0,0.40379524
1,0,0.39013845
1,0,0.3889389
1,0,0.41606873
1,0,0.4111613
0,0,0.42319092
0,0,0.4023447
0,0,0.40456045
0,0,0.3952466
0,0,0.40251374
0,0,0.3712387
0,0,0.39036426
0,0,0.37290546
0,0,0.39784127
0,0,0.39954954
0,0,0.39121014
0,0,0.42815062
1,0,0.44182548
1,0,0.40909174
1,0,0.42101264
1,0,0.45423612
1,0,0.42633662
0,0,0.45747852
1,0,0.42250428
1,0,0.41469768
1,0,0.41326076
0,0,0.43476066
1,0,0.41539514
1,0,0.43501928
1,0,0.41517115
1,0,0.4509595
1,0,0.45322737
1,0,0.33864638
1,0,0.4295865
1,0,0.41114977
1,0,0.45931423
0,0,0.4616281
0,0,0.45835155
0,0,0.44089767
0,0,0.49051735
1,0,0.47824588
0,0,0.47544754
0,0,0.4982491
0,1,0.51485574
0,0,0.48967674
0,0,0.445107
0,1,0.5221777
0,0,0.4550397
0,0,0.49986473
0,0,0.48829675
0,1,0.50780624
0,1,0.5314875
1,1,0.54708844
1,1,0.57047933
1,1,0.54047316
1,1,0.562312
1,1,0.5105663
1,0,0.46766177
1,0,0.44647565
1,0,0.4463318
0,0,0.4299157
0,0,0.44087696
0,0,0.4536821
0,0,0.43084088
1,0,0.460254
1,0,0.46666586
1,0,0.4864027
1,0,0.49497274
1,1,0.50401986
1,0,0.45560744
1,0,0.45963857
0,0,0.4395994
1,0,0.44626388
1,0,0.43737411
1,0,0.42397106
0,0,0.41494566
1,0,0.43399215
1,0,0.45927534
0,0,0.4400163
0,0,0.47694832
1,0,0.44081986
1,0,0.438428
1,0,0.44794837
1,0,0.43282798
1,0,0.44659975
1,0,0.43184903
1,1,0.5274498
1,1,0.5008449
1,0,0.41281667
1,0,0.46993306
1,0,0.46434507
1,0,0.43254128
1,0,0.3473722
1,0,0.30761734
1,0,0.34489274
1,0,0.39058426
0,0,0.39601028
0,0,0.33938783
0,0,0.3782408
0,0,0.3725899
0,0,0.40128118
0,0,0.4407225
0,0,0.4659026
0,0,0.39653307
0,0,0.35544968
1,0,0.3819613
0,0,0.4236969
0,0,0.42118928
0,0,0.4737848
0,0,0.47512588
0,0,0.4242113
1,0,0.4246955
1,0,0.4747116
1,1,0.63482296
1,0,0.4792472
1,0,0.48140383
1,0,0.41266128
0,0,0.40750223
1,0,0.4392158
0,0,0.4569272
1,0,0.461243
0,0,0.4542236
0,0,0.461709
0,0,0.45390096
1,0,0.45717284
0,0,0.4580109
0,0,0.4658939
0,0,0.45777196
0,0,0.45900357
0,0,0.46240258
0,0,0.45507926
0,0,0.4919054
0,0,0.49305362
0,0,0.44681004
0,0,0.47968557
0,0,0.4713119
0,0,0.47888875
0,0,0.48146847
0,1,0.5100803
0,0,0.49115586
0,1,0.5874568
0,1,0.61647433
0,1,0.5129248
0,1,0.5453798
0,1,0.5022953
1,1,0.50331676
1,0,0.46628895
1,1,0.52159464
1,0,0.47973654
1,1,0.50866705
0,0,0.48472443
0,0,0.4936468
0,1,0.5115853
0,0,0.4846514
0,0,0.4920917
0,1,0.50656766
0,1,0.53224486
0,1,0.52809083
0,1,0.5742684
0,1,0.51090765
1,1,0.5374106
1,1,0.5011038
1,0,0.47978473
0,1,0.52778226
0,0,0.48704422
0,0,0.4931008
0,1,0.5022542
0,0,0.46549118
0,0,0.4813694
1,0,0.47123834
1,1,0.5165003
1,0,0.49023688
1,0,0.48825797
1,0,0.4798563
0,0,0.4651541
0,0,0.48127064
1,0,0.4601722
1,0,0.45470724
1,0,0.46494693
1,0,0.47767526
1,0,0.48427838
1,0,0.46445724
1,0,0.46913055
1,0,0.45426872
1,0,0.44690734
0,0,0.47410113
0,0,0.46175998
0,0,0.47025615
0,0,0.4573966
1,0,0.45427296
1,0,0.44890416
1,0,0.45464078
1,0,0.49366775
1,0,0.452258
1,0,0.43953344
1,0,0.44846267
1,0,0.42687276
0,0,0.43232894
0,0,0.4239143
0,0,0.39333478
0,0,0.46166012
0,0,0.44013557
1,0,0.43042773
1,0,0.4745774
1,0,0.479613
1,0,0.4730173
1,0,0.41142353
0,0,0.42889175
0,0,0.42589098
0,1,0.51855785
0,1,0.5084052
0,1,0.50367075
0,0,0.49733835
0,1,0.52697676
0,1,0.53897554
1,1,0.52000046
1,0,0.4480713
1,1,0.5021048
1,0,0.4347368
1,0,0.42163703
1,0,0.4592555
1,0,0.4684459
1,0,0.45429814
1,0,0.4740894
1,0,0.45640993
0,0,0.4705762
0,0,0.44375488
0,0,0.44933286
0,0,0.47341517
0,0,0.44490385
0,0,0.45800096
0,0,0.4804701
0,1,0.50138617
0,1,0.50102276
0,1,0.50614196
0,0,0.46968064
0,1,0.538589
0,1,0.54279983
0,0,0.48292148
1,0,0.49291432
1,1,0.53040177
1,1,0.54187363
0,0,0.48243836
0,0,0.4480748
0,0,0.44240138
0,0,0.46630412
1,0,0.46593118
0,0,0.46129656
1,0,0.47463706
0,0,0.48859844
0,0,0.47960132
0,0,0.47100604
0,0,0.45397392
0,0,0.48031262
0,0,0.46768814
1,0,0.44713736
1,0,0.47568414
1,0,0.46966827
0,0,0.4748656
0,0,0.47481507
0,1,0.5104848
0,0,0.48468095
0,0,0.4786943
0,0,0.4949793
0,0,0.47569972
1,1,0.54020387
0,1,0.52481234
0,0,0.49483913
0,0,0.48783967
0,0,0.48791876
0,0,0.45923647
0,0,0.4747918
0,0,0.44348532
0,0,0.47736484
0,0,0.48303244
0,0,0.488908
0,0,0.4789897
0,0,0.4599529
0,0,0.45916432
1,0,0.48962733
1,0,0.46483508
1,0,0.46148548
1,0,0.45694605
1,0,0.43988776
0,0,0.4745257
0,1,0.5002959
0,0,0.45574662
0,0,0.43947044
1,0,0.46310315
0,0,0.44670278
0,0,0.47719374
0,0,0.47538558
0,0,0.4825835
0,0,0.47946224
0,0,0.38956767
0,0,0.38345134
1,0,0.3922982
0,0,0.45539466
1,1,0.51958
1,0,0.42952004
1,0,0.38580233
1,0,0.40116665
1,0,0.44874388
1,0,0.3921605
1,0,0.3924954
1,0,0.38727024
1,0,0.37373045
1,0,0.39943728
0,0,0.39943728
0,0,0.38811007
0,0,0.3887016
1,0,0.38537985
0,0,0.36544243
1,0,0.416779
0,0,0.4451502
0,0,0.40825745
0,0,0.398634
0,0,0.38678408
0,0,0.41631618
0,0,0.42551613
1,0,0.4528548
1,0,0.43875408
1,0,0.41911456
1,0,0.4839124
1,0,0.45280337
0,0,0.4332747
0,0,0.4579792
0,0,0.42258355
0,0,0.42331752
0,0,0.42336318
1,0,0.45748177
1,1,0.50488585
1,0,0.48250678
1,0,0.42454767
1,0,0.46446276
1,0,0.3925772
1,0,0.41156474
1,0,0.40868062
0,0,0.41324252
1,0,0.41572785
0,0,0.40329033
0,0,0.41806296
0,0,0.40884694
0,0,0.4230865
0,0,0.43543458
1,1,0.5251942
0,0,0.4436847
1,0,0.46160218
1,0,0.4706715
1,0,0.43806517
0,0,0.4301414
1,0,0.38590625
0,0,0.40997732
0,0,0.47008508
0,0,0.40789878
1,0,0.4109534
0,0,0.41185635
0,0,0.4105882
0,0,0.4377429
0,0,0.41490117
1,0,0.4167657
1,0,0.42388493
1,0,0.40487233
1,0,0.4176997
1,0,0.41973454
1,0,0.39726117
1,0,0.41762283
1,0,0.39823908
1,0,0.4193374
1,0,0.45340082
1,0,0.40922496
1,0,0.41477278
1,0,0.4073877
1,0,0.42138723
1,0,0.41201574
1,0,0.41824344
1,0,0.39801413
1,0,0.44511136
1,0,0.41038555
1,0,0.40602806
0,0,0.411126
0,0,0.42203364
1,0,0.41471633
0,0,0.40745038
0,0,0.41043454
0,0,0.44831643
0,0,0.4115072
0,0,0.41859338
0,0,0.42700472
0,0,0.4129761
1,0,0.41460142
0,0,0.41170767
0,1,0.5128613
1,0,0.4567426
0,0,0.42857298
0,0,0.41236448
1,0,0.3845309
1,0,0.41567034
0,0,0.41796285
1,0,0.41244927
1,0,0.40792948
1,0,0.41981494
0,0,0.4183059
1,0,0.39516032
1,0,0.44726953
1,0,0.4349705
1,0,0.40079764
1,0,0.40504414
1,0,0.4174698
1,0,0.40090254
0,0,0.41865104
1,0,0.40504006
1,0,0.4635988
0,0,0.41094947
1,0,0.4100586
0,0,0.41443005
0,0,0.4071119
0,0,0.4057782
0,0,0.38522595
0,0,0.40335694
0,0,0.40063447
0,0,0.4095428
0,0,0.41527352
1,0,0.41935325
1,0,0.46083465
1,0,0.40381697
1,0,0.44965243
1,0,0.4206189
0,0,0.44007826
1,0,0.41339108
1,0,0.3975526
1,0,0.41089907
1,0,0.38664192
1,0,0.40854225
0,0,0.4081891
0,0,0.42454734
0,0,0.44695315
0,0,0.40430292
1,0,0.3979189
0,0,0.38509178
0,0,0.42014697
1,0,0.40699455
1,0,0.40817508
1,0,0.41948116
1,0,0.40946716
1,0,0.39552552
1,0,0.42448977
1,0,0.41749638
1,0,0.39969116
1,0,0.40570876
1,0,0.40208092
1,0,0.4143941
0,0,0.41593876
0,0,0.39714387
0,0,0.402459
0,0,0.4207673
0,0,0.4053757
0,0,0.42761216
1,0,0.43590328
1,0,0.43320015
1,0,0.43352827
1,0,0.46370202
0,0,0.38397655
1,0,0.41638914
0,0,0.37060812
0,0,0.3971851
0,0,0.41787514
0,0,0.38459578
0,0,0.38833869
1,0,0.3941004
1,0,0.4239798
1,0,0.37476563
1,0,0.37655225
0,0,0.3847067
0,0,0.40140945
0,0,0.39710963
0,0,0.39750832
0,0,0.3804434
1,0,0.39774615
1,0,0.3875656
1,0,0.44271973
1,0,0.42108408
1,0,0.39792547
1,0,0.42319584
1,0,0.40739864
1,0,0.39200628
1,0,0.42951542
0,0,0.4131052
0,0,0.39125347
0,0,0.41337243
0,0,0.39360672
0,0,0.42353925
1,0,0.46389112
1,0,0.43182418
1,0,0.4188103
1,0,0.4156433
0,0,0.49288806
0,0,0.4231463
0,0,0.43631256
0,0,0.4071293
0,0,0.41608152
0,0,0.4192012
0,0,0.39928263
0,0,0.40105417
1,0,0.41525674
1,0,0.46284917
1,0,0.41922918
1,0,0.40427774
1,0,0.37183216
1,0,0.3924808
1,0,0.4391213
1,0,0.39398688
1,0,0.41056272
0,0,0.44538182
0,0,0.41583094
0,0,0.40945646
0,0,0.414212
0,0,0.41934243
1,0,0.48532006
1,0,0.4633482
1,0,0.43331495
1,0,0.40522918
1,0,0.41849056
1,0,0.41071317
1,0,0.40254575
1,0,0.4130732
1,0,0.4135309
1,0,0.44151032
1,0,0.3866323
1,0,0.40296298
1,0,0.3915307
1,0,0.40197948
1,0,0.39523548
1,0,0.45156989
0,0,0.4556242
0,0,0.44043863
0,0,0.45097443
1,0,0.3977316
0,0,0.42225945
0,0,0.4894721
0,0,0.40940386
0,0,0.4340128
0,0,0.41193888
0,0,0.43768802
1,0,0.44443774
1,0,0.43455437
1,0,0.419819
1,0,0.41319925
1,0,0.40772542
1,0,0.3896864
1,0,0.3918025
0,0,0.38743442
1,0,0.38482457
0,0,0.39200744
0,0,0.39597267
0,0,0.3797602
0,0,0.39275408
0,0,0.41969717
0,0,0.39479882
1,0,0.38162586
1,0,0.39564323
1,0,0.42203972
1,0,0.4575952
1,0,0.40282762
1,0,0.40114033
1,0,0.38952425
1,0,0.39584082
1,0,0.3725817
0,0,0.37732247
0,0,0.39199448
0,0,0.38480476
0,0,0.419962
0,0,0.38381562
0,0,0.37503585
0,0,0.41009766
0,0,0.42162827
0,0,0.4203867
0,0,0.41298193
0,0,0.37396067
0,0,0.39662704
0,0,0.43814754
1,0,0.4762054
1,0,0.41695982
1,0,0.4125955
1,0,0.41511863
1,0,0.4050791
1,0,0.40364894
0,0,0.40486723
0,0,0.41153502
0,0,0.4148059
1,0,0.42750785
0,0,0.41111985
0,0,0.40365627
0,0,0.47124067
0,0,0.40443033
0,0,0.40839133
1,0,0.40254888
1,0,0.41348815
1,0,0.42036012
1,0,0.4426658
1,0,0.41854462
0,0,0.41421092
1,0,0.43381134
0,0,0.43894154
0,0,0.41478494
0,0,0.43360317
0,0,0.43913713
0,0,0.4363658
0,0,0.49092454
0,0,0.46632186
1,0,0.46376288
1,0,0.44657055
1,0,0.43934402
1,0,0.43052265
1,0,0.39931163
1,0,0.4274415
0,0,0.40697923
0,0,0.38359258
0,0,0.4271288
0,0,0.41731334
1,0,0.4271288
0,0,0.43295157
0,0,0.40140796
1,0,0.37617582
1,0,0.45929268
1,0,0.4169105
1,0,0.4242339
1,0,0.4368972
0,0,0.42110607
0,0,0.4424618
0,0,0.42581022
0,0,0.4175092
0,0,0.4190727
1,0,0.3908737
1,0,0.39986187
1,0,0.42079774
1,0,0.43204153
1,0,0.4318121
1,0,0.42262
0,0,0.42758965
0,0,0.43917453
0,0,0.38361818
0,0,0.42018005
1,0,0.4230855
1,0,0.40760696
1,0,0.39791116
1,0,0.40820944
1,0,0.40044984
0,0,0.438146
0,0,0.3920644
0,0,0.44648317
0,0,0.4267383
0,0,0.44682258
0,0,0.44732717
0,0,0.40227717
0,0,0.37611604
0,0,0.38126197
0,0,0.4161357
1,0,0.43443528
1,0,0.4304757
0,0,0.41802242
0,0,0.41752377
1,0,0.3727597
0,0,0.43478158
0,0,0.41023418
0,0,0.41957888
0,0,0.45848066
0,0,0.43014875
0,0,0.4359337
1,0,0.44857356
1,0,0.436125
1,1,0.53996617
1,0,0.4464714
0,0,0.45287046
1,0,0.44489127
1,0,0.414321
1,0,0.43631545
1,0,0.44613644
1,0,0.44710302
1,0,0.4837297
1,0,0.41916996
1,0,0.43217677
1,0,0.41475803
0,0,0.44245803
0,0,0.42130035
1,0,0.4074014
1,0,0.43471718
0,0,0.40535787
0,0,0.44905668
0,0,0.40053532
0,0,0.4289064
0,0,0.41192845
0,0,0.43595424
0,0,0.4367569
0,0,0.43540615
0,0,0.44093776
0,0,0.41518205
0,0,0.36922783
0,0,0.4215594
0,0,0.38708282
0,0,0.4383218
0,0,0.4389143
0,0,0.44410026
1,0,0.429565
0,0,0.46343136
1,0,0.39603353
0,0,0.4166257
0,0,0.40684396
0,0,0.42351148
0,0,0.41167182
1,0,0.40948305
1,0,0.39221492
1,0,0.4084159
0,0,0.3996026
1,0,0.39810938
1,0,0.43717816
1,0,0.44634148
1,0,0.41255558
1,0,0.4218263
1,0,0.45038557
1,0,0.4253261
1,0,0.41939282
0,0,0.41651586
1,0,0.43775684
1,0,0.42396608
0,0,0.45836434
0,0,0.43118688
0,0,0.38086247
0,0,0.421744
1,0,0.41091025
1,0,0.39757794
0,0,0.4039687
1,0,0.383738
1,0,0.38608962
1,0,0.40028217
1,0,0.4201747
1,0,0.40825272
1,0,0.39839143
1,0,0.4404114
1,0,0.42845172
1,0,0.4209827
1,0,0.4435366
1,0,0.46128753
1,0,0.42842138
0,0,0.44094694
1,0,0.41086015
1,0,0.41120467
1,0,0.42255342
1,0,0.43089008
1,0,0.4331564
0,0,0.45070446
0,0,0.4313838
1,0,0.41040844
1,0,0.4298362
1,0,0.408335
1,0,0.42029577
1,0,0.42249513
1,0,0.4459753
1,0,0.41741422
1,0,0.4115875
1,0,0.4346423
1,0,0.417875
0,0,0.42186126
1,0,0.41703832
1,0,0.44633308
1,0,0.40549308
1,0,0.41433287
1,0,0.47228393
0,0,0.42661825
0,0,0.4287797
0,0,0.43563515
0,0,0.4119619
0,0,0.40415803
1,0,0.49283642
0,0,0.43774286
1,0,0.40508997
1,0,0.4145682
1,0,0.42293364
1,0,0.42728284
1,0,0.42974284
1,0,0.447723
1,0,0.4321138
1,0,0.43494228
1,0,0.46963325
0,1,0.5118152
0,0,0.4624429
0,0,0.39234626
0,0,0.38582873
0,0,0.35980213
1,0,0.43519324
0,0,0.34060687
0,0,0.34180897
0,0,0.40213922
0,0,0.36566234
0,0,0.39147604
0,0,0.41413727
0,0,0.3664097
1,0,0.38491523
1,0,0.44997913
1,0,0.39845523
1,0,0.3977891
1,0,0.39487702
1,0,0.4281273
1,0,0.4372114
0,0,0.43444526
0,0,0.44948485
0,0,0.4130888
0,0,0.40965876
0,0,0.40958697
0,0,0.42556292
0,0,0.4211086
0,0,0.4191277
0,0,0.36873463
0,0,0.36548144
0,0,0.42799476
0,0,0.40997446
1,0,0.43192783
1,0,0.38862798
0,0,0.43099508
1,0,0.42895973
1,0,0.4844345
1,0,0.40982628
1,0,0.3971769
1,1,0.5116133
1,1,0.52286935
1,0,0.3977092
1,0,0.49484426
1,0,0.41184172
0,0,0.40248722
1,0,0.428493
1,0,0.43336964
1,0,0.4196633
1,0,0.4248259
1,0,0.40674675
1,0,0.44659603
0,0,0.44927222
0,0,0.4312648
0,0,0.4206367
0,0,0.426642
0,0,0.4167905
0,0,0.43478736
0,0,0.41568425
0,0,0.39912096
0,0,0.45489216
0,0,0.43673685
0,0,0.4028916
0,0,0.4115752
0,0,0.45619026
0,0,0.4079896
0,0,0.4162752
0,0,0.4259198
0,0,0.43737346
1,0,0.46699172
1,0,0.45048544
1,0,0.4701657
0,0,0.44771305
0,0,0.47244602
0,0,0.45352525
0,0,0.45352525
0,0,0.47143242
1,0,0.4791279
1,0,0.4785359
1,0,0.4693792
0,0,0.4648116
0,0,0.46182543
1,0,0.46296012
0,0,0.46302176
1,0,0.47379425
1,0,0.45627627
1,0,0.4578879
0,0,0.4666995
0,0,0.43650326
0,0,0.48416635
0,0,0.47371447
0,0,0.46864852
0,0,0.48938054
0,0,0.45384687
1,0,0.46219978
1,0,0.4658966
1,0,0.48928133
1,0,0.46468428
1,0,0.47993553
1,1,0.5327269
0,0,0.4586428
0,0,0.47995964
0,0,0.49663094
0,0,0.4898917
0,0,0.47374842
0,1,0.5144137
0,1,0.50184
0,1,0.5068888
0,1,0.5033664
0,1,0.5144081
1,0,0.46781948
1,0,0.48259327
1,1,0.53280044
1,1,0.5239619
1,0,0.48808742
1,1,0.5095318
1,1,0.5088785
1,0,0.49810594
1,0,0.47734466
1,0,0.4728732
1,0,0.48311335
0,0,0.4951549
0,0,0.4827514
1,0,0.46414575
1,0,0.4742383
0,0,0.4912449
0,0,0.47731882
0,0,0.47731882
0,0,0.47151625
0,0,0.47450012
0,0,0.47543448
0,0,0.47887957
0,0,0.48260793
1,0,0.48470354
1,0,0.48396382
1,0,0.47543886
1,0,0.47738597
1,0,0.4715381
1,1,0.50636303
1,0,0.48728594
1,0,0.47985893
1,0,0.47450915
1,1,0.50305474
1,0,0.48857495
1,0,0.47062504
1,0,0.48862043
1,0,0.4727065
1,0,0.4648174
1,0,0.45599946
1,0,0.4791323
1,0,0.4791323
1,0,0.46909446
1,0,0.46821722
1,0,0.4827514
1,0,0.4848458
1,0,0.48419955
0,0,0.46950746
0,0,0.48906
1,0,0.482499
1,0,0.48682386
0,0,0.47755897
0,0,0.48086604
0,0,0.48276153
0,0,0.4825391
0,0,0.4880113
1,1,0.5967562
0,1,0.5088919
0,0,0.471963
0,0,0.46060702
0,0,0.456952
0,0,0.46164244
1,0,0.44238877
1,0,0.45195302
1,0,0.46483693
1,0,0.46616945
1,0,0.47618726
0,0,0.46988347
0,0,0.48085314
0,0,0.47765365
0,0,0.47750667
0,0,0.45606056
1,0,0.44627473
1,0,0.4857349
1,1,0.50699776
1,1,0.54368174
1,1,0.5168472
0,0,0.49152428
0,0,0.47187373
0,0,0.4746711
1,0,0.46704015
1,0,0.4791323
1,0,0.4670248
1,0,0.47299683
1,0,0.47834063
0,1,0.51225835
0,0,0.4706496
1,1,0.50593007
0,0,0.49150372
0,0,0.47151625
0,0,0.46668422
0,0,0.47280124
0,0,0.4800615
0,0,0.46336654
0,0,0.45180786
0,0,0.45485136
0,0,0.4466182
0,0,0.45243332
0,0,0.460768
0,0,0.46005237
0,0,0.46005237
0,0,0.46717796
0,0,0.47907862
0,0,0.47312754
0,0,0.4830502
1,0,0.48353082
1,0,0.48284817
1,0,0.4763734
1,0,0.47738394
1,0,0.47938794
1,0,0.4777181
1,0,0.4904259
1,1,0.5090928
1,0,0.4770421
1,0,0.48598152
1,0,0.4821295
1,0,0.4821295
1,0,0.48465768
1,0,0.49573246
0,0,0.4746934
0,0,0.44983187
0,0,0.46731412
1,0,0.47839093
1,0,0.47620726
1,0,0.48377264
1,0,0.48120913
1,0,0.47597077
0,0,0.46664956
0,0,0.44039357
1,0,0.46109888
0,0,0.42842257
0,0,0.4287036
0,0,0.46486202
0,0,0.44602215
0,0,0.43257397
1,0,0.46747902
1,0,0.48548445
1,0,0.41492414
1,0,0.42063397
1,0,0.42053568
1,0,0.46270508
1,0,0.44774666
1,0,0.44410336
1,0,0.42951423
1,0,0.45313513
1,0,0.44804507
1,0,0.4293941
1,0,0.43769264
1,0,0.42016283
1,0,0.41911295
0,0,0.46995056
1,0,0.44161975
1,0,0.4452779
0,0,0.45858252
1,0,0.44066536
1,0,0.41751716
1,0,0.42685315
0,0,0.42178527
1,0,0.43969184
1,0,0.39938152
1,0,0.44210643
1,0,0.40478313
0,0,0.4209567
0,0,0.45801994
0,0,0.42502272
0,0,0.42957854
0,0,0.4399694
0,0,0.4620903
1,0,0.45272762
1,0,0.44240564
1,0,0.46132666
1,0,0.49219516
1,0,0.4716629
0,0,0.42683235
0,0,0.46389896
1,0,0.48537207
1,0,0.46525174
1,0,0.46436527
1,1,0.50406957
1,1,0.53055596
0,0,0.4543011
0,0,0.46077257
0,0,0.45610994
0,0,0.43728948
0,0,0.41659904
0,0,0.4147543
1,0,0.4673096
0,0,0.4497371
0,0,0.46840975
0,0,0.4456599
0,0,0.4562695
0,0,0.47294977
1,0,0.38364857
1,0,0.4651406
1,0,0.49357203
1,0,0.4606405
1,0,0.48217273
1,0,0.47621828
1,0,0.47052747
1,0,0.44789368
1,0,0.4568234
0,0,0.45715612
0,0,0.46270344
0,0,0.45608166
0,0,0.47133768
0,0,0.4780827
0,0,0.45174605
0,0,0.4584586
0,0,0.45802367
0,1,0.52120084
1,1,0.51788163
1,0,0.48073873
1,0,0.46170935
1,1,0.5103357
1,0,0.45942053
1,0,0.4718456
1,0,0.44813067
1,1,0.52432805
1,0,0.4354275
1,0,0.45764515
1,0,0.44740093
1,0,0.46048513
1,0,0.46571493
0,0,0.48778158
0,0,0.45662418
0,0,0.44109356
0,0,0.4557348
0,0,0.45660478
0,0,0.4464388
0,0,0.46087617
0,0,0.44997415
0,0,0.46178484
0,0,0.43633398
0,0,0.4228644
0,0,0.4155527
0,0,0.45381427
0,0,0.4562058
0,0,0.48776993
0,0,0.4717548
0,0,0.40489155
0,0,0.41285428
1,0,0.438263
1,0,0.4485333
1,0,0.4556344
0,1,0.5139534
0,0,0.39834625
0,0,0.41636255
0,0,0.4135866
0,0,0.4121338
1,0,0.45209372
0,0,0.40327156
0,0,0.41610646
0,0,0.4050743
0,0,0.40100133
0,0,0.41769996
1,0,0.42417952
1,0,0.37396425
0,0,0.41483322
0,0,0.37497532
0,0,0.44963604
0,0,0.40454978
0,0,0.42426667
0,0,0.38254705
0,0,0.42919216
0,0,0.4191187
0,0,0.4200032
0,0,0.4038218
0,0,0.40597734
0,0,0.44056398
0,0,0.44724873
0,0,0.41819337
0,0,0.4249548
0,0,0.43203297
0,0,0.3848808
0,0,0.4875936
0,0,0.4460062
0,1,0.50789934
0,0,0.48119715
0,0,0.47327498
1,0,0.47714847
1,0,0.38981703
1,0,0.43899527
1,0,0.4188318
0,0,0.41778812
0,0,0.421371
0,0,0.42559928
0,0,0.42990583
0,0,0.40923664
0,0,0.414695
1,0,0.43305305
1,1,0.51124024
1,0,0.47115692
1,0,0.48342434
1,0,0.4034405
1,0,0.42193288
1,0,0.40322295
0,0,0.3970675
0,0,0.4012953
0,0,0.40687162
0,0,0.4178321
0,0,0.43029064
0,0,0.39318046
1,0,0.40451512
1,0,0.39682886
1,0,0.38239688
0,0,0.38631317
1,0,0.39101213
1,0,0.4149291
0,0,0.39241257
0,0,0.42019734
1,0,0.43482682
0,0,0.42252037
1,0,0.39658242
1,0,0.41710627
0,0,0.422352
1,0,0.41288176
1,0,0.3986139
0,0,0.4232356
1,0,0.4120627
1,0,0.3990922
0,0,0.3893345
0,0,0.40692756
0,0,0.3899857
0,0,0.39327142
0,0,0.4138444
0,0,0.4409436
0,0,0.43702996
0,0,0.4466874
0,0,0.43755716
0,0,0.42838687
0,0,0.40498894
0,0,0.41437286
0,0,0.44067338
0,0,0.43314445
0,0,0.42804828
1,1,0.50421757
1,0,0.46380237
0,0,0.45415923
0,1,0.5042163
0,0,0.46104547
0,0,0.40198624
0,0,0.38790578
1,0,0.41909966
1,0,0.39759406
1,0,0.3883309
0,0,0.39656374
0,0,0.38976988
0,0,0.39093342
0,0,0.4042137
1,0,0.40620023
1,0,0.38275903
1,0,0.39379382
1,0,0.38656577
1,0,0.42025003
1,0,0.4211485
1,0,0.40358284
1,0,0.38052246
0,0,0.39523792
0,0,0.3880788
0,0,0.3890174
0,0,0.40416607
0,0,0.40085793
0,0,0.38925597
0,0,0.38558137
0,0,0.3949096
0,0,0.40272403
0,0,0.4212942
0,0,0.37501752
1,0,0.39801595
1,0,0.42460695
1,0,0.37223765
1,0,0.40611765
1,0,0.39504966
1,0,0.4368654
1,0,0.40892735
0,0,0.39441204
0,0,0.39431497
0,0,0.40804398
0,0,0.4002251
1,0,0.3852273
1,0,0.4447139
1,0,0.40072298
1,0,0.42791083
1,0,0.46266547
1,0,0.37238997
1,0,0.40803805
1,0,0.40095228
0,0,0.38914785
1,0,0.395296
1,0,0.407624
0,0,0.40661213
0,0,0.38192979
1,0,0.36946052
0,0,0.3943384
1,0,0.39657176
1,0,0.38599157
1,0,0.39065588
0,0,0.40006658
0,0,0.39991617
0,0,0.44484624
1,0,0.41479793
1,0,0.40888047
1,0,0.41429567
1,0,0.39437845
1,0,0.40949652
1,0,0.46068478
1,0,0.4113768
1,0,0.4258078
1,0,0.41352755
0,0,0.45744678
0,0,0.42273137
0,0,0.46533242
0,0,0.45602316
0,0,0.4567049
1,0,0.48236078
1,0,0.44131693
1,0,0.43091968
1,0,0.4191251
1,0,0.38265395
1,0,0.4195686
1,0,0.41426304
0,0,0.39532864
0,0,0.4172306
0,0,0.45925418
0,0,0.45859367
0,0,0.404481
0,0,0.45991775
0,0,0.40178108
0,0,0.43008718
0,0,0.387245
0,0,0.36730883
0,0,0.40939873
0,0,0.40463194
0,0,0.48477787
1,0,0.4063849
1,0,0.42533827
1,0,0.38278484
1,0,0.44390193
1,0,0.40556228
1,0,0.40067902
0,0,0.41136223
0,0,0.42875952
0,0,0.41723368
1,0,0.39192736
0,0,0.42450157
1,0,0.40881637
0,0,0.45240843
0,0,0.4478263
0,0,0.4378852
1,0,0.42062438
0,0,0.42206934
1,0,0.39110026
1,0,0.4299722
1,0,0.42075282
1,0,0.43771142
1,0,0.41661963
1,0,0.4121276
1,0,0.41142377
0,0,0.41645575
1,0,0.4071737
0,0,0.40932623
1,0,0.43051088
1,0,0.4069926
1,0,0.4058655
1,0,0.4012289
1,0,0.4325214
1,0,0.38674992
1,0,0.4129282
1,0,0.49058378
1,0,0.45051834
1,0,0.46585643
1,0,0.45836467
1,0,0.43589798
1,0,0.41789764
1,0,0.39036044
1,0,0.41916516
1,0,0.41993204
1,0,0.4284154
1,0,0.4354078
1,0,0.45216307
1,0,0.44594467
1,0,0.40434572
1,0,0.41845715
1,0,0.44021136
1,0,0.35531256
0,0,0.49213463
0,0,0.39403355
0,0,0.47375932
0,0,0.45786932
0,0,0.25021422
1,0,0.31797275
0,0,0.48185274
0,0,0.4756117
0,0,0.46455258
0,0,0.47942704
0,0,0.45518205
0,0,0.48525298
1,0,0.44727245
1,0,0.38946772
1,0,0.38121605
0,0,0.34929103
0,0,0.37970135
0,0,0.35185125
0,0,0.389952
1,0,0.3515845
1,0,0.3943034
1,0,0.41409364
1,0,0.47166207
1,0,0.42042816
1,0,0.36182964
0,0,0.42456725
0,0,0.39499766
0,0,0.41344225
0,0,0.39639437
0,0,0.40684927
0,0,0.4436054
0,0,0.4100581
0,0,0.41381127
0,0,0.38753352
0,0,0.39774713
1,0,0.4247529
1,0,0.4339979
1,1,0.5123371
1,0,0.42708427
0,0,0.42246872
0,0,0.3946685
0,0,0.38061333
0,0,0.38324243
0,0,0.38359293
0,0,0.37736487
0,0,0.43736508
0,0,0.42811677
0,0,0.3884688
1,0,0.44554892
1,0,0.4397325
0,0,0.38810533
1,0,0.42140368
0,0,0.39894208
0,0,0.4120116
0,0,0.38855907
0,0,0.4017368
0,0,0.43212038
0,0,0.49427432
0,0,0.4458123
0,0,0.42624438
0,0,0.43022043
0,0,0.43159232
0,0,0.48315352
0,0,0.4205762
0,0,0.42061135
0,0,0.4229062
0,0,0.4770195
0,0,0.40902546
0,0,0.45552012
0,0,0.47246444
0,1,0.5083564
0,0,0.47385025
1,0,0.43245652
1,0,0.4888757
1,0,0.4123643
1,0,0.4537004
1,0,0.44263944
0,0,0.42177385
0,0,0.42573804
0,0,0.42582428
0,0,0.42399007
0,0,0.42626607
0,0,0.42801842
1,0,0.40016454
1,0,0.47382578
1,0,0.4090246
1,1,0.5126605
1,0,0.47560075
1,0,0.46297657
1,0,0.4797782
0,0,0.4927381
0,0,0.4300937
0,0,0.4730603
0,0,0.44584295
1,0,0.45339015
0,0,0.47373652
1,0,0.47787791
1,0,0.46719554
1,0,0.44858482
1,0,0.4848542
1,0,0.4874836
1,0,0.48672557
1,0,0.42969558
1,0,0.40439948
1,0,0.43787047
1,0,0.43373093
1,0,0.41818345
1,0,0.42240915
1,0,0.4238886
1,0,0.3897603
0,0,0.39303657
0,0,0.4116444
0,0,0.4157084
0,0,0.40142074
0,0,0.40121144
0,0,0.40804458
0,0,0.4075128
0,0,0.39397418
0,0,0.3988172
0,0,0.41375124
0,0,0.40379518
0,0,0.39533716
0,0,0.39082414
0,0,0.42179936
0,0,0.48305902
0,0,0.44827852
0,0,0.4325838
0,0,0.428367
0,0,0.47233355
1,0,0.47498477
1,0,0.47192806
1,1,0.63884586
1,0,0.471741
0,1,0.502905
1,0,0.41274685
0,0,0.40216038
1,0,0.39518225
1,0,0.41818237
1,0,0.4010259
0,0,0.4087504
1,0,0.39853913
1,0,0.44874108
1,0,0.42689604
1,0,0.42698687
1,0,0.3989547
1,0,0.42669103
1,0,0.4201673
1,0,0.41213158
0,0,0.38964847
1,0,0.42638335
1,0,0.4084033
1,0,0.35364637
1,0,0.364748
1,0,0.3622989
0,0,0.3940738
1,0,0.4039064
1,0,0.37885353
1,0,0.39814764
1,0,0.40201527
1,0,0.3972629
0,0,0.4215533
1,0,0.39713863
1,0,0.39353588
1,0,0.3907121
1,0,0.38882568
1,0,0.46096522
1,0,0.4646729
1,0,0.3331066
1,0,0.36286175
1,0,0.3775308
1,0,0.3907895
1,0,0.38777715
1,0,0.39410335
1,0,0.39695385
0,0,0.43133295
0,0,0.40635842
0,0,0.3928774
0,0,0.4321674
1,0,0.38994503
0,0,0.49001774
1,0,0.45223987
1,0,0.4974135
1,0,0.4454374
1,0,0.41918242
1,0,0.41180202
0,0,0.46117693
0,0,0.40257743
0,0,0.40296924
0,0,0.41513827
1,0,0.40460894
1,0,0.41609305
1,0,0.4228267
1,0,0.42597824
1,0,0.4069115
1,0,0.40235656
1,0,0.40830734
1,0,0.41617212
1,0,0.41549495
1,0,0.40369284
0,0,0.46905303
0,0,0.43144488
0,1,0.50275147
0,0,0.4096307
0,0,0.36498082
0,1,0.5022983
0,0,0.48201272
1,0,0.46047276
1,0,0.4340067
1,0,0.4484678
1,0,0.40556642
1,0,0.4012196
1,0,0.3959128
1,0,0.39770505
1,0,0.40174463
1,0,0.4159416
0,0,0.4829898
1,0,0.4230565
0,0,0.42365295
1,0,0.409266
1,0,0.40823135
0,0,0.4131282
0,0,0.43329886
0,0,0.41128236
0,0,0.4174583
0,0,0.35679296
0,0,0.37182513
0,0,0.43832776
0,0,0.46889392
0,0,0.3902259
0,0,0.39604595
0,0,0.40275544
0,0,0.42852604
1,0,0.49630648
1,0,0.41916633
1,0,0.3946948
1,0,0.41714814
1,0,0.38002694
1,0,0.4155509
1,0,0.41196162
1,0,0.39452246
1,0,0.40468872
1,0,0.42504922
1,0,0.41569299
1,0,0.42064708
1,0,0.41719437
1,0,0.4293239
1,0,0.42105216
1,0,0.42349133
1,0,0.43441314
1,0,0.40315953
0,0,0.4260784
0,0,0.40793076
0,0,0.3984167
0,0,0.41563812
0,0,0.39758208
0,0,0.45251817
0,0,0.42060137
0,0,0.43588987
0,0,0.43209592
1,0,0.4173407
1,0,0.4104251
1,0,0.41702744
1,0,0.4198358
1,0,0.43003294
1,0,0.44117332
1,0,0.40553045
0,0,0.41255277
0,0,0.4080308
0,0,0.40945604
0,0,0.4078314
0,0,0.40627858
0,0,0.45296392
0,0,0.4460264
0,0,0.4141769
0,0,0.45020506
0,0,0.44712964
1,0,0.44077373
1,0,0.41705337
1,0,0.44130668
1,0,0.45586318
1,0,0.43371245
0,0,0.40758935
0,0,0.42106697
0,0,0.40238225
0,0,0.40508965
0,0,0.41974512
0,0,0.47605193
0,0,0.42581373
0,0,0.39900544
0,0,0.415144
1,0,0.4491179
1,0,0.40644142
1,0,0.4062897
1,0,0.420737
1,0,0.41785517
0,0,0.40895486
0,0,0.39669576
0,0,0.39634088
0,0,0.43535537
0,0,0.39409336
1,0,0.41645095
1,0,0.41512325
1,0,0.4233586
1,0,0.49960235
1,0,0.44591224
1,0,0.40282953
1,0,0.4013072
0,0,0.4179142
0,0,0.4075579
0,0,0.41832164
0,0,0.39552048
0,0,0.42687327
0,0,0.44714603
1,0,0.45234618
1,0,0.44966295
1,0,0.4671952
1,0,0.36742002
1,0,0.38414592
1,0,0.3826633
0,0,0.31445336
0,0,0.33362097
1,0,0.42351782
0,0,0.40342927
0,0,0.38889012
0,0,0.42651117
1,0,0.39693123
1,0,0.3872472
1,0,0.4143981
1,0,0.43222326
1,0,0.40883818
1,0,0.4009061
1,0,0.4011285
1,0,0.4297334
1,0,0.40432546
1,0,0.40323782
0,0,0.3653313
0,0,0.4288712
0,0,0.43326354
0,0,0.4341455
0,0,0.42875716
0,0,0.4354419
0,1,0.5123783
0,0,0.46643353
0,1,0.58928555
0,0,0.44077158
0,1,0.5167358
0,0,0.45590043
0,0,0.49230295
0,0,0.45703766
0,0,0.48836294
0,0,0.4885634
0,0,0.4484188
1,0,0.4724127
1,0,0.46446997
1,0,0.47981787
1,0,0.43624675
1,1,0.50782776
1,0,0.44503197
0,0,0.44692296
1,0,0.43201846
0,0,0.44850913
0,0,0.41997978
0,0,0.41847077
0,0,0.463112
0,0,0.41823682
0,0,0.43082348
0,0,0.41530254
0,0,0.44399703
0,0,0.4661092
0,0,0.4472113
0,0,0.44886616
1,0,0.4472113
1,0,0.45758623
1,0,0.45460668
1,0,0.4764341
1,0,0.4744002
1,0,0.48998788
1,0,0.44725245
1,0,0.4228835
1,0,0.46097696
1,0,0.4518472
1,0,0.45218283
1,0,0.45310327
1,0,0.45276162
1,0,0.44888186
1,0,0.45287523
1,0,0.45096204
0,0,0.4573583
0,0,0.43370667
0,0,0.4656382
0,0,0.4492289
0,0,0.46048707
0,0,0.46256322
0,0,0.4507664
0,0,0.4571889
0,0,0.4413518
0,0,0.4812797
1,0,0.4575327
0,0,0.45998114
0,0,0.48028257
1,0,0.46169284
0,0,0.4603124
0,0,0.43590507
0,0,0.46100512
0,0,0.46663523
0,0,0.47545272
0,0,0.44794554
0,0,0.463476
1,1,0.5919655
1,1,0.5247727
1,1,0.55199677
1,1,0.5438422
1,1,0.508777
1,0,0.45633465
1,0,0.46214616
1,0,0.46928492
1,0,0.47916394
1,0,0.46169293
1,0,0.36613697
1,0,0.44152233
1,0,0.42894754
1,0,0.45792633
1,0,0.4327641
1,0,0.452179
1,0,0.3939238
1,0,0.43231905
1,0,0.39840153
0,0,0.43313953
0,0,0.41878164
0,0,0.39453515
0,0,0.37738
0,0,0.40465516
1,0,0.4066506
0,0,0.4043822
0,0,0.44192892
0,0,0.40411165
0,0,0.4800171
0,0,0.42979568
0,0,0.43384248
0,0,0.45711848
0,0,0.4392363
1,0,0.4056636
1,0,0.45259267
1,0,0.44798362
1,0,0.44189376
1,0,0.45435652
0,0,0.45758983
0,0,0.4345651
0,0,0.42561394
0,0,0.44124362
1,0,0.42943597
1,0,0.43731466
1,0,0.4280213
1,0,0.44361773
0,0,0.4878576
0,0,0.45385945
0,0,0.43974596
0,0,0.4946147
1,0,0.46267956
1,0,0.41312608
0,0,0.48719865
0,0,0.49306387
0,0,0.4815138
0,0,0.41288966
1,0,0.41538298
1,0,0.42599282
1,0,0.47990242
1,0,0.40417764
1,0,0.40777996
1,0,0.43265516
0,0,0.47021228
1,0,0.46049303
1,0,0.39386606
1,0,0.43881115
1,0,0.41560286
1,0,0.43536484
1,0,0.47013566
1,0,0.4407183
1,0,0.4856637
1,0,0.43032238
1,0,0.419444
0,0,0.40022007
0,0,0.4110415
0,0,0.42441002
0,0,0.4047677
0,0,0.4235261
0,0,0.43849805
0,0,0.46702522
0,0,0.43297938
0,0,0.43855178
0,0,0.45106474
0,0,0.45810398
0,0,0.48518348
0,0,0.446366
1,0,0.4127744
1,0,0.40383464
1,0,0.42439035
1,0,0.4407576
1,0,0.440997
1,0,0.44933075
1,0,0.38816884
0,0,0.39975905
1,0,0.40052077
1,0,0.40124294
1,0,0.3898884
1,0,0.40117425
1,0,0.42689544
0,0,0.39082217
1,0,0.39973155
0,0,0.42931846
0,0,0.38567784
1,0,0.38411748
1,0,0.4568994
1,0,0.38483447
1,0,0.42976838
1,0,0.40212056
1,0,0.37413707
1,0,0.37319183
1,0,0.41122094
0,0,0.4726959
0,0,0.44490984
0,0,0.4454576
0,0,0.39824912
0,0,0.38201973
0,0,0.42296913
1,0,0.3966679
1,0,0.38992167
1,0,0.49363232
1,0,0.42552924
1,0,0.38723576
1,0,0.43805066
0,0,0.37854698
0,0,0.39175484
0,0,0.40648034
0,0,0.4067857
0,0,0.40904376
0,0,0.4909139
1,0,0.49658749
0,1,0.5172137
0,0,0.4275612
0,0,0.43533087
0,0,0.4061719
0,0,0.44420934
1,0,0.4777328
1,0,0.45185888
1,0,0.433524
1,0,0.4315323
0,0,0.46093723
0,0,0.41746104
0,0,0.4084236
0,0,0.42057458
0,0,0.41155666
0,0,0.4065795
1,0,0.4361856
0,0,0.40771633
0,0,0.4118119
0,0,0.42020214
0,0,0.44352704
0,0,0.40170735
0,0,0.42343324
0,0,0.43804425
1,0,0.43648496
1,1,0.5838186
1,1,0.5302069
1,1,0.51834255
1,0,0.4401018
0,0,0.42548808
0,0,0.4319892
0,0,0.4544036
1,0,0.448381
1,0,0.44086128
0,0,0.4719151
0,0,0.43269894
0,0,0.4366475
0,0,0.42689106
0,0,0.41177124
0,0,0.40533033
0,0,0.43266422
0,0,0.41852713
1,0,0.49774855
1,0,0.43647718
1,0,0.41502112
1,0,0.45599723
0,0,0.4017886
1,0,0.39076748
0,0,0.4117755
0,0,0.41419482
0,0,0.41143507
0,0,0.4124451
0,0,0.43244317
0,0,0.4301434
0,0,0.43235675
0,0,0.42921224
0,0,0.43835625
0,0,0.45628545
1,0,0.47472203
1,0,0.48979893
1,0,0.45855957
1,0,0.44748962
1,0,0.45215592
1,0,0.4098653
1,0,0.4437519
0,0,0.4454085
1,0,0.42920846
1,0,0.43640697
1,0,0.4375906
1,0,0.43523762
1,0,0.44902626
1,0,0.44646055
1,0,0.48951706
0,0,0.44660518
0,0,0.41338342
0,1,0.50151515
0,0,0.47447705
0,0,0.48791775
0,0,0.47978166
0,1,0.5371217
0,1,0.5155109
0,1,0.543434
0,1,0.5153539
0,1,0.59744966
0,1,0.51958483
1,1,0.6101687
0,1,0.5638985
0,1,0.51892734
0,0,0.49304497
0,0,0.46572176
0,1,0.5143922
1,0,0.47322422
0,0,0.4531275
1,1,0.5126689
1,0,0.4643924
1,0,0.43174088
0,1,0.59554833
1,0,0.4466376
1,0,0.47294003
0,0,0.43584806
0,0,0.44685152
0,0,0.39016804
0,0,0.436488
1,0,0.44981813
1,0,0.43471053
1,0,0.45359558
1,0,0.42148814
1,0,0.45541343
1,0,0.4644568
1,0,0.43693265
0,0,0.4820669
0,0,0.4897684
1,0,0.42833436
1,0,0.4270133
1,0,0.4495094
1,0,0.42916626
1,0,0.43112358
1,0,0.4788693
1,0,0.44761464
0,0,0.45377636
0,0,0.44267827
0,0,0.43919626
0,0,0.44335207
0,0,0.49034542
0,0,0.44504708
0,0,0.464219
1,0,0.46940914
1,0,0.4320684
1,0,0.46592733
1,1,0.5225758
1,0,0.42679432
1,1,0.5579745
1,0,0.4528678
0,0,0.42662615
1,0,0.3943885
0,1,0.54675925
0,0,0.42662615
0,0,0.3943885
0,0,0.42159945
0,0,0.4795766
0,0,0.46717247
0,0,0.4949272
0,0,0.44204602
0,1,0.508045
0,0,0.43075818
0,0,0.4321174
0,0,0.47719517
0,0,0.4817551
0,0,0.4927058
0,0,0.46245927
0,0,0.43784294
1,1,0.54188
1,1,0.62158144
1,1,0.6855825
1,1,0.5737965
1,1,0.62807834
1,0,0.48864272
0,0,0.45605895
0,1,0.5522423
1,0,0.41401595
1,0,0.43946427
1,0,0.4669677
1,0,0.49524546
1,1,0.507358
1,0,0.45125833
1,0,0.46064526
1,0,0.45756397
1,0,0.4769024
1,1,0.5076881
1,0,0.43202397
0,0,0.4478443
1,0,0.44850942
1,0,0.4486026
1,0,0.45000866
1,0,0.47864342
1,0,0.43149233
0,0,0.4266416
1,0,0.4924612
1,0,0.45026356
1,0,0.44535968
1,0,0.44242117
1,0,0.4792764
1,0,0.48486552
1,0,0.45758343
1,0,0.42738122
1,0,0.4803705
1,0,0.49822384
1,0,0.48267457
1,1,0.5008877
1,0,0.49815327
1,0,0.491585
1,0,0.4820168
1,1,0.50835663
1,0,0.45193103
1,0,0.43608522
0,0,0.48517996
0,0,0.42550725
0,0,0.49921432
1,0,0.4673627
1,0,0.44430545
1,1,0.50477916
1,0,0.4689097
1,0,0.49606407
0,1,0.54687345
0,1,0.5193939
0,1,0.5013626
0,0,0.423147
0,0,0.4445169
1,0,0.42861074
1,0,0.45926392
1,0,0.45304087
0,0,0.45712462
0,0,0.4393752
0,0,0.45068157
0,0,0.4466855
0,0,0.45421776
1,0,0.3671262
0,0,0.4502356
0,0,0.474093
0,0,0.39342362
0,0,0.3767757
0,0,0.40486115
0,0,0.40491146
0,0,0.41633335
0,0,0.40793487
0,0,0.406498
0,0,0.40228653
1,0,0.3883298
1,0,0.40443727
1,0,0.41404295
1,0,0.42578506
1,0,0.436791
1,0,0.419907
1,0,0.42044595
1,0,0.4397586
0,0,0.42446944
1,0,0.41859713
1,0,0.4480626
1,0,0.44818878
1,0,0.43850377
1,0,0.4591141
1,1,0.5034111
1,0,0.45571542
1,0,0.4565645
1,0,0.47242874
1,0,0.47185233
1,0,0.47278175
1,0,0.4589872
1,0,0.45304134
1,0,0.42533576
1,0,0.44260025
1,0,0.4373455
1,0,0.4488727
1,0,0.44199988
1,0,0.44554693
1,0,0.44457257
1,0,0.4453791
0,0,0.43567827
0,0,0.4503823
0,0,0.4449218
0,0,0.44228855
0,0,0.45832765
0,1,0.53858423
0,0,0.49757558
1,1,0.5878428
0,0,0.48953122
0,1,0.53539264
1,0,0.4402344
0,0,0.446943
0,0,0.4556499
0,0,0.45887843
0,0,0.46054086
0,0,0.4224005
0,0,0.4111201
0,0,0.44955269
1,0,0.4547969
1,1,0.50659275
1,0,0.4721868
1,0,0.43456087
1,0,0.4994805
1,0,0.496332
1,0,0.48124564
1,0,0.48961648
1,0,0.4507113
1,0,0.47442585
1,0,0.4838444
1,0,0.47899276
1,0,0.45405194
1,0,0.4816214
0,0,0.4679834
0,0,0.46708378
1,0,0.46691895
1,0,0.4697067
1,0,0.45889103
1,0,0.45547733
1,0,0.49875322
1,0,0.46812326
0,0,0.47892034
0,0,0.47919744
0,0,0.45932728
0,0,0.46803114
0,0,0.4739303
0,1,0.5577398
1,1,0.5544732
1,1,0.6138981
1,1,0.55045563
0,1,0.5472718
0,0,0.48311168
0,0,0.48217973
0,0,0.4564861
0,0,0.4698136
1,0,0.46687227
1,0,0.4811595
0,0,0.4918063
0,0,0.4725421
0,0,0.43749523
0,0,0.47155845
0,0,0.43093586
0,0,0.44736218
0,0,0.46787587
1,1,0.5242922
0,0,0.47630027
0,0,0.49243855
0,0,0.47392473
0,0,0.4439256
0,0,0.43530837
0,0,0.45515358
0,0,0.4750952
0,0,0.47083175
0,0,0.489535
0,0,0.46943143
0,0,0.4685279
0,0,0.42555916
0,0,0.45169866
1,0,0.4943625
1,1,0.50519705
1,1,0.5291873
1,1,0.51236415
1,0,0.48607904
1,1,0.50319
1,0,0.4659906
1,0,0.46841404
1,0,0.47429493
1,0,0.45904812
1,0,0.48545083
1,0,0.47891614
1,0,0.45600373
1,0,0.46929884
1,0,0.46168673
1,0,0.40825707
1,0,0.4499966
1,0,0.43258446
0,0,0.4160547
0,0,0.41553208
0,0,0.4678125
0,0,0.43457454
0,0,0.477513
0,0,0.46864885
0,0,0.4519755
0,1,0.50860125
0,1,0.5144678
1,1,0.54469657
0,1,0.51607674
0,1,0.5108692
0,0,0.4580865
0,0,0.49246433
0,0,0.45217535
0,0,0.4865507
0,0,0.48104826
0,1,0.59113467
0,1,0.55904675
0,1,0.52232665
0,0,0.46571994
0,0,0.43517405
1,0,0.4934264
1,0,0.45482457
0,0,0.45301566
0,0,0.46654928
0,0,0.470286
0,0,0.4576024
0,0,0.4696108
0,0,0.4756549
1,0,0.45175695
1,0,0.4900869
1,0,0.45416534
1,1,0.5275234
1,0,0.4656968
0,0,0.46520343
0,0,0.47749427
0,0,0.46749517
0,0,0.4506821
0,0,0.47293356
1,0,0.45232326
1,0,0.48718962
1,1,0.50815487
1,0,0.4961021
1,0,0.47761065
1,0,0.46140325
1,0,0.4560001
0,0,0.47218052
1,0,0.4680183
0,0,0.46422392
1,0,0.44521296
0,0,0.46141005
1,0,0.4779087
1,0,0.49163628
1,0,0.48601076
0,0,0.46088442
1,0,0.4468448
1,0,0.45309156
1,0,0.4407942
1,0,0.4606157
1,0,0.45242938
1,0,0.45922622
0,0,0.45762342
1,0,0.46528292
1,0,0.4524572
0,0,0.4710986
0,0,0.47258985
0,0,0.48055476
0,0,0.42767188
1,0,0.4385322
1,0,0.44182518
1,0,0.46733233
1,0,0.43299386
1,0,0.47088155
1,0,0.425459
0,0,0.4215612
1,0,0.35260323
1,0,0.4477611
1,0,0.25983426
1,0,0.32476276
0,0,0.3276626
0,0,0.37154612
0,0,0.3127186
0,0,0.36398882
0,0,0.39915565
0,0,0.4040197
0,0,0.29422826
0,0,0.411033
1,0,0.46934044
1,0,0.4643301
1,0,0.47848567
1,1,0.5133321
1,0,0.46925098
1,0,0.4657177
1,0,0.46625432
1,0,0.45419493
0,0,0.3223084
1,0,0.29403254
1,0,0.3218775
0,0,0.20857878
0,0,0.3566835
1,0,0.49630085
1,0,0.44918114
1,0,0.3929368
1,0,0.48220468
1,0,0.4856091
1,0,0.46130896
1,0,0.40669495
1,0,0.40806118
0,1,0.51430964
1,0,0.32642382
0,0,0.38494906
1,0,0.33977482
1,0,0.3655007
1,1,0.5698389
0,0,0.33365476
0,0,0.47106865
0,0,0.3438921
0,0,0.3724015
0,0,0.43429717
0,1,0.52221173
0,1,0.5066199
0,1,0.52206796
0,1,0.51635194
0,1,0.58650666
0,1,0.5618618
0,1,0.5502846
0,0,0.4810251
0,0,0.4808529
1,1,0.56154853
1,1,0.5507342
0,0,0.47298867
0,0,0.4420003
0,0,0.45765337
0,0,0.40411764
0,0,0.43194327
0,0,0.45235375
1,0,0.3991339
0,0,0.41530848
0,0,0.46331048
1,0,0.4543382
0,0,0.44956338
0,0,0.45917675
1,0,0.43735847
1,0,0.42869958
1,0,0.47153607
0,0,0.39397153
0,0,0.41897544
0,0,0.42661536
0,0,0.4324064
0,0,0.35750946
0,0,0.37253717
0,0,0.38358048
0,0,0.422427
1,0,0.44478062
0,0,0.4360095
1,0,0.4323136
1,0,0.46483192
1,0,0.4285334
1,0,0.44733387
1,0,0.43771684
0,0,0.43064713
0,0,0.4029878
1,0,0.38321343
1,0,0.40965924
1,0,0.41334888
1,0,0.42464736
0,0,0.3956865
0,0,0.3743183
0,0,0.39774042
0,0,0.38117504
0,0,0.38985288
0,0,0.37077448
0,0,0.37318063
0,0,0.41814452
0,0,0.3649373
0,0,0.3892248
0,0,0.39812854
0,0,0.38525057
1,0,0.41525346
1,0,0.42105913
1,0,0.42494556
1,0,0.38130093
1,0,0.41558146
1,0,0.43023777
1,0,0.4672949
1,0,0.45658863
0,0,0.4404798
0,0,0.31007025
0,0,0.38535485
1,0,0.3830209
1,0,0.39218667
0,0,0.40138102
1,0,0.37720156
1,0,0.36672056
0,0,0.4156823
1,0,0.42568162
1,0,0.4081347
1,0,0.41397512
0,0,0.4502904
0,0,0.43695673
0,0,0.41498566
0,0,0.4438602
0,0,0.4391774
0,0,0.4654167
1,1,0.5131985
0,0,0.46410024
0,0,0.44606426
1,0,0.4675586
0,0,0.46604165
0,0,0.42348748
0,0,0.4277724
0,0,0.39333853
0,0,0.40102357
1,0,0.44044638
1,0,0.4424037
1,0,0.37281945
1,0,0.3644074
0,0,0.43968704
0,0,0.43666276
0,0,0.41259056
0,0,0.3863099
0,0,0.40171766
0,0,0.48777226
0,0,0.42707783
0,0,0.43734583
0,0,0.4216339
0,0,0.42288402
0,0,0.43809208
0,0,0.47236174
1,0,0.4898158
1,0,0.4740267
1,0,0.4292384
1,0,0.45647728
1,0,0.46821633
1,0,0.44443586
1,0,0.47020096
1,0,0.45798948
1,0,0.46753132
1,0,0.4301148
1,0,0.4537235
1,0,0.48317862
1,0,0.45636365
1,0,0.4284012
1,0,0.43886942
1,0,0.4791544
0,0,0.48253924
0,0,0.23676421
0,0,0.30435172
1,0,0.32794026
1,0,0.27895933
1,0,0.45109192
1,0,0.4629096
1,1,0.50506324
0,0,0.44351438
0,0,0.40203616
0,0,0.48912162
0,0,0.46687466
0,0,0.3661653
0,0,0.41073903
0,0,0.46525607
0,0,0.48942742
0,1,0.59917325
0,0,0.4271756
0,0,0.47137794
0,0,0.35943496
1,0,0.4788836
1,0,0.47417986
1,0,0.49147975
1,0,0.48641178
1,0,0.44894984
1,1,0.503059
1,0,0.39603683
0,1,0.5088248
0,1,0.50892276
0,0,0.18155968
0,0,0.26338786
0,0,0.3157342
1,0,0.46227893
0,0,0.430822
0,0,0.45893767
0,0,0.49591672
0,0,0.46529323
0,1,0.53687567
0,1,0.5599536
0,1,0.52555656
0,1,0.643792
0,1,0.5599257
0,1,0.6262246
0,1,0.51408625
0,1,0.53714883
0,1,0.54028094
0,1,0.5184841
0,0,0.49908122
0,1,0.5119405
0,0,0.45866597
0,1,0.53299886
0,1,0.5668598
0,1,0.5033035
0,0,0.4947992
1,0,0.46671507
1,1,0.51242596
1,0,0.47011733
0,0,0.4654952
0,0,0.4666919
0,0,0.45566496
0,0,0.43444675
0,0,0.43477517
0,0,0.47186816
0,0,0.4079494
1,1,0.59306085
1,0,0.49497005
1,0,0.49849024
1,0,0.45973217
1,0,0.4235334
1,0,0.45515102
0,0,0.49354082
0,0,0.4357866
0,0,0.4404708
0,0,0.454005
0,0,0.44393575
0,0,0.43697605
0,0,0.45950451
0,0,0.4294558
1,0,0.450344
0,0,0.47236782
0,0,0.4519355
0,0,0.450665
0,0,0.46854162
0,0,0.4265527
0,0,0.47718474
0,0,0.3932261
0,0,0.4023449
0,0,0.44281754
0,0,0.41364038
1,0,0.4202691
1,0,0.45973217
0,0,0.4436968
0,0,0.42507988
1,0,0.42842484
0,1,0.51611984
0,1,0.5064101
0,0,0.46688828
0,0,0.37804872
0,0,0.4086961
0,0,0.40844923
0,0,0.46932364
0,0,0.4258188
0,0,0.47272164
0,0,0.42777705
0,0,0.43206146
0,0,0.3971418
0,0,0.4408507
0,0,0.4875652
0,1,0.6132637
1,1,0.61162436
1,1,0.570238
0,1,0.6089118
0,1,0.59154135
1,1,0.5949788
0,1,0.5776067
1,0,0.43032512
1,0,0.45518264
1,0,0.4566338
1,0,0.46343195
0,0,0.49124244
0,1,0.52759457
0,1,0.5488633
1,1,0.51524335
1,1,0.52650774
1,1,0.5031884
1,0,0.47029337
1,1,0.5029658
0,0,0.453663
0,0,0.48604062
0,1,0.5154374
0,0,0.3884091
1,0,0.40731743
1,0,0.46440217
1,0,0.48874256
1,0,0.49371088
0,1,0.5222559
0,1,0.5693542
0,0,0.41815636
0,0,0.47065097
0,0,0.45368546
1,1,0.5539445
1,1,0.55052143
1,1,0.5607669
1,1,0.54876167
1,1,0.57734686
1,1,0.5003571
1,1,0.5516643
1,1,0.6522987
0,1,0.53830224
0,1,0.63248986
0,1,0.5496827
0,1,0.5002442
0,1,0.509534
0,1,0.51729935
0,1,0.57246745
0,1,0.5644346
1,0,0.4712898
1,0,0.4622186
1,0,0.47587207
1,0,0.48823014
1,1,0.5261234
0,1,0.5228641
0,0,0.45095494
1,0,0.44649985
0,1,0.58066857
1,0,0.46682146
1,0,0.46288908
1,1,0.5860766
1,1,0.5077482
1,0,0.45525244
1,0,0.46277195
0,1,0.52155894
0,0,0.40149736
0,1,0.5286017
0,0,0.40449265
1,0,0.4667731
1,1,0.50570834
1,0,0.4126295
1,0,0.4300476
1,0,0.40641117
0,0,0.45247817
0,0,0.367853
0,1,0.52379334
0,1,0.5226115
0,0,0.44123027
0,0,0.4168542
0,0,0.48184526
0,1,0.5202832
1,1,0.5805554
1,1,0.53388095
1,1,0.5524741
1,1,0.6608006
1,1,0.5524741
0,1,0.5524741
0,1,0.551224
0,1,0.6068199
0,1,0.5148691
1,1,0.5312076
1,1,0.57549167
1,1,0.5347414
1,1,0.52959204
1,1,0.6027678
0,0,0.4728618
0,0,0.42432877
0,0,0.42432877
0,1,0.60164154
1,0,0.40470734
1,0,0.47204006
1,1,0.5416548
1,1,0.50374484
1,1,0.5725041
0,1,0.574766
1,1,0.53911185
1,1,0.50974345
1,0,0.41995594
1,0,0.43122536
1,0,0.47627804
1,0,0.3838403
1,0,0.43406257
0,0,0.4117739
0,0,0.4270027
0,0,0.44019577
0,0,0.44744378
0,0,0.39756534
0,0,0.44226304
0,1,0.50492465
0,0,0.45942268
0,1,0.5629231
1,1,0.53458476
1,0,0.45275116
1,1,0.54375213
1,0,0.43099856
0,1,0.58011484
0,1,0.5236087
0,0,0.48318312
1,0,0.49565324
1,0,0.42093346
1,0,0.48761514
1,1,0.5160484
1,1,0.64606935
1,0,0.43062422
0,1,0.5587361
0,0,0.43830013
0,1,0.5348575
0,0,0.3205251
0,0,0.3486396
1,0,0.31496736
1,0,0.41607806
1,1,0.50645995
1,0,0.38658398
1,0,0.43214524
1,0,0.40980986
1,0,0.41811967
1,0,0.43142602
1,0,0.48155576
1,0,0.45636225
0,0,0.45414272
0,0,0.43202898
0,0,0.40223387
0,0,0.40804654
0,0,0.42129743
0,0,0.481916
0,0,0.47350645
1,1,0.6230206
1,1,0.5749017
1,1,0.5048615
0,0,0.48458302
0,1,0.5483175
0,0,0.38601315
0,0,0.43564576
0,0,0.46914667
0,0,0.47676122
0,0,0.47017285
0,0,0.48866972
0,0,0.4863807
0,1,0.5100343
0,1,0.54312867
0,1,0.5711463
0,1,0.521675
1,1,0.5231653
1,1,0.54818875
1,0,0.49036103
1,1,0.5182903
1,1,0.5703991
0,1,0.5099149
0,1,0.5332677
0,1,0.64066327
0,0,0.47116062
0,1,0.5524741
0,1,0.5524741
0,1,0.541883
0,1,0.5298079
0,0,0.45689955
0,0,0.44715026
1,1,0.5186759
1,1,0.5049712
1,0,0.47067168
0,0,0.4627925
0,0,0.4139922
0,0,0.42287087
1,0,0.46935093
1,0,0.44511425
1,0,0.42112204
1,0,0.45560083
1,0,0.42050415
1,0,0.4349459
1,0,0.4639345
1,0,0.45001394
1,0,0.46188885
1,0,0.4658605
0,0,0.45563132
0,0,0.4534514
0,0,0.48036465
0,0,0.43603116
0,0,0.43905354
0,0,0.46431202
0,0,0.49040034
1,1,0.5034516
0,0,0.47042483
0,1,0.500682
1,0,0.44673136
1,1,0.5518315
0,0,0.48906082
0,0,0.4882287
0,0,0.48699582
0,0,0.48709568
1,0,0.4555238
1,0,0.47570297
1,1,0.51220834
1,1,0.5374958
1,1,0.51379025
1,0,0.4703814
1,0,0.46996704
1,0,0.46193808
1,0,0.41020015
1,0,0.45391577
1,0,0.4485876
1,0,0.4537071
1,0,0.44353446
1,0,0.44903338
1,0,0.44548115
1,0,0.45045665
0,0,0.4249502
1,0,0.48269674
1,0,0.42257622
1,0,0.4238773
1,0,0.4379434
1,0,0.4290672
0,0,0.42864797
0,0,0.43605345
0,0,0.42751488
0,0,0.45864224
1,0,0.46332723
1,0,0.44940057
1,0,0.4142687
1,0,0.4780555
1,0,0.48732772
1,0,0.440588
0,0,0.43020952
0,0,0.4304166
0,0,0.431427
0,0,0.44280165
0,0,0.4364495
1,0,0.42814434
1,1,0.5093068
1,0,0.45898098
1,0,0.43628606
1,0,0.42682835
1,0,0.47617948
1,0,0.45985416
1,0,0.43467325
1,0,0.4400705
1,0,0.42374232
1,0,0.46617103
1,0,0.39268443
1,0,0.36007327
1,0,0.38722286
1,0,0.38249967
0,0,0.4112007
0,0,0.34995952
0,0,0.37758988
0,0,0.41711292
0,0,0.43964732
0,0,0.48615903
0,0,0.4734731
0,0,0.48794937
0,0,0.45040223
0,0,0.47975904
1,0,0.4517227
1,1,0.58299494
1,1,0.5327024
1,1,0.5038981
1,0,0.4993398
1,1,0.5052265
1,0,0.48707837
1,0,0.478092
1,0,0.48986906
1,0,0.48307472
1,0,0.49050725
0,0,0.47498277
0,0,0.47009352
0,0,0.46600768
0,0,0.44892403
1,0,0.42102072
1,1,0.5192881
1,1,0.50431657
1,1,0.50681925
1,0,0.49339157
0,0,0.4721835
0,0,0.4633392
0,0,0.4998676
0,0,0.48294458
0,0,0.4753275
0,0,0.43268555
0,0,0.46319154
0,0,0.45968518
0,0,0.46783558
0,0,0.4723959
1,0,0.4807764
1,0,0.4918199
1,0,0.47137555
1,0,0.49617344
1,1,0.51649743
0,1,0.50821507
0,0,0.49350885
0,0,0.47420958
0,0,0.4786983
0,0,0.49164373
0,0,0.4117628
0,0,0.41853574
0,0,0.48138735
0,0,0.4766814
0,0,0.4840042
0,0,0.46019095
0,0,0.47093084
1,0,0.4668485
1,0,0.4638264
1,0,0.47891062
1,0,0.4646619
1,0,0.48771667
1,0,0.49194956
1,0,0.45660678
1,0,0.47046113
1,0,0.45938298
1,1,0.5136524
1,0,0.4586343
0,0,0.49063912
1,0,0.45795465
1,0,0.4551045
1,0,0.4419878
1,0,0.43764794
0,0,0.44777167
0,0,0.4537646
0,0,0.4304941
0,0,0.44097346
1,0,0.41217205
1,0,0.41116443
1,0,0.40677625
1,0,0.41029292
0,0,0.43706793
0,0,0.40878952
1,0,0.44760412
1,0,0.43803808
1,0,0.42275098
1,0,0.40474504
1,0,0.43638283
1,0,0.44844162
1,0,0.44471565
1,0,0.43626073
1,0,0.44024011
1,0,0.46909106
0,0,0.43498644
0,0,0.399422
1,0,0.41001648
1,0,0.4203304
1,0,0.4274598
1,0,0.4118177
1,0,0.4304625
0,0,0.43945718
0,0,0.4228775
0,0,0.41373363
0,0,0.4223506
0,0,0.43059644
0,0,0.3988491
0,0,0.40934908
0,0,0.4476134
0,0,0.48467392
0,0,0.4546116
0,0,0.45619646
0,0,0.45875478
0,1,0.50077385
0,0,0.4856546
1,0,0.4790837
1,1,0.51439023
0,0,0.42601636
1,0,0.43420878
1,0,0.42932203
1,0,0.41151547
1,0,0.42631575
1,0,0.43634424
1,0,0.48304647
1,0,0.47674474
1,0,0.45717764
1,0,0.4546674
1,0,0.44521034
1,0,0.4035826
1,0,0.42694354
1,0,0.43381482
1,0,0.44205457
1,0,0.41677928
1,0,0.43381482
0,0,0.45402437
0,0,0.42208704
0,0,0.42567852
0,0,0.4292514
1,0,0.4344554
1,0,0.41346353
1,0,0.49713582
1,0,0.43402958
1,0,0.44195044
0,0,0.4355111
0,0,0.42725337
0,0,0.41071942
0,0,0.39497623
0,0,0.44733852
0,0,0.4019362
1,1,0.5325166
1,0,0.4748064
1,0,0.42645836
1,1,0.5001745
1,0,0.46017772
0,0,0.40952888
0,0,0.41145173
0,0,0.41580105
0,0,0.4370694
0,0,0.42797002
0,0,0.42173442
0,0,0.42815936
0,0,0.4185394
0,0,0.45530754
0,0,0.42319524
0,0,0.4427808
1,1,0.51610017
0,1,0.521223
0,0,0.4651569
1,0,0.48462015
1,0,0.44053966
1,0,0.41802746
1,0,0.41781422
1,0,0.4156533
1,0,0.46365
1,0,0.4725021
1,0,0.43750554
1,0,0.41771248
0,0,0.43169263
0,0,0.41525134
0,0,0.4517462
0,0,0.44882458
0,0,0.4400365
0,0,0.43184403
1,0,0.4253111
1,0,0.41505182
1,0,0.41810468
1,0,0.41720396
1,0,0.44537547
1,0,0.41728017
0,0,0.42117432
0,0,0.41699737
0,0,0.42994687
0,0,0.42730477
0,0,0.40922147
0,0,0.42543802
0,0,0.43831238
0,0,0.47730485
0,0,0.4353343
1,0,0.47465283
1,0,0.45511705
1,0,0.41614205
1,0,0.43724093
1,0,0.4768157
1,0,0.45236844
1,0,0.45017985
1,0,0.443048
1,0,0.4575392
1,0,0.46667644
0,0,0.4377815
0,0,0.43984267
1,0,0.41089413
1,0,0.4117188
1,0,0.43583664
1,0,0.42764172
1,0,0.44836995
0,0,0.4380906
0,0,0.42054686
0,0,0.4270114
0,0,0.38322285
0,0,0.4346558
0,0,0.4277743
0,0,0.47613433
0,0,0.46619907
0,1,0.5097188
0,0,0.49724767
0,1,0.52888995
0,0,0.47765294
0,1,0.5001036
0,0,0.45394403
0,0,0.4930929
0,0,0.4724719
0,1,0.55922323
0,1,0.52635723
0,1,0.5181385
1,1,0.5142472
1,0,0.48157242
1,0,0.45694724
1,0,0.46624005
1,1,0.534434
1,0,0.3888782
0,0,0.47787324
1,0,0.42160097
0,0,0.4351612
0,0,0.44151053
1,0,0.44456288
1,0,0.44102985
1,0,0.4370318
1,0,0.45005223
1,0,0.4395278
1,0,0.40792772
0,0,0.4413581
0,0,0.47067827
0,0,0.44745323
0,0,0.42910826
1,0,0.4340954
1,0,0.42977333
1,0,0.44775254
1,1,0.5284753
1,0,0.47567293
0,0,0.41816854
0,0,0.45033172
0,0,0.42516062
0,0,0.43557853
0,0,0.4313413
0,0,0.44089818
0,0,0.46517217
1,0,0.47097313
0,0,0.45542753
1,0,0.45813692
0,0,0.45665568
1,0,0.4493632
1,0,0.45416322
1,0,0.4453973
1,0,0.47807336
1,0,0.45746565
1,0,0.46805996
0,0,0.47384918
1,0,0.44983047
1,0,0.44835514
1,0,0.45055577
1,0,0.4623563
1,0,0.467882
1,0,0.45522788
1,0,0.45861974
0,0,0.4502276
0,0,0.4449703
0,0,0.4630419
0,0,0.42891416
0,0,0.4354742
0,0,0.4190203
1,0,0.24444166
1,0,0.3623728
1,0,0.46819744
1,1,0.5057521
1,0,0.47336653
0,0,0.4532731
0,0,0.4454648
1,0,0.39781186
0,0,0.45205873
1,0,0.42207885
0,0,0.42788044
0,0,0.44226676
1,0,0.42898053
1,0,0.45604885
1,0,0.4370425
1,1,0.5145551
1,0,0.45368248
1,0,0.46297157
1,0,0.4679422
1,0,0.47167712
1,0,0.44813123
1,0,0.43634886
1,0,0.44606182
1,0,0.43971622
1,0,0.41456348
0,0,0.4087411
0,0,0.38520795
0,0,0.37800315
0,0,0.39235434
0,0,0.3823355
1,0,0.44327572
0,1,0.5028144
0,1,0.528412
0,0,0.48097104
0,0,0.45360166
0,0,0.46681958
1,0,0.44390717
0,0,0.46083483
0,0,0.45801395
0,0,0.45386317
0,0,0.48768103
0,0,0.4904998
0,1,0.5079785
0,0,0.48669732
0,0,0.4806453
0,0,0.4594701
0,0,0.45477122
0,0,0.4539246
1,0,0.46873525
1,1,0.503441
1,0,0.46865144
1,0,0.4606164
1,0,0.47557735
1,0,0.45350412
1,0,0.4554903
1,0,0.46635234
1,0,0.46635234
1,0,0.470466
1,0,0.4547747
1,0,0.4622603
1,0,0.4540725
1,0,0.47682896
0,0,0.46407077
0,0,0.46235588
0,0,0.47583902
0,0,0.4774907
1,0,0.4401549
1,0,0.4669427
1,0,0.4609796
1,0,0.4622983
1,0,0.4547515
1,0,0.4634027
0,0,0.4609116
1,0,0.4575519
0,0,0.4655802
0,0,0.4765479
0,0,0.4461539
1,0,0.4769937
0,0,0.46056917
0,0,0.4538523
0,0,0.4259916
1,0,0.4473876
1,0,0.45510745
1,0,0.46395484
1,0,0.45597547
1,0,0.45754474
1,0,0.4658558
1,0,0.4658931
1,0,0.4530323
1,0,0.47206923
0,0,0.45132646
1,0,0.4350687
1,0,0.44002053
0,0,0.44135678
0,0,0.44565558
0,0,0.44082746
0,0,0.45664725
0,0,0.44616497
0,0,0.46445906
0,0,0.45415393
0,0,0.45770124
1,0,0.44926155
1,0,0.49465472
1,0,0.46913296
1,0,0.47867376
1,0,0.4837626
1,0,0.4555734
1,0,0.4477339
1,0,0.47229567
1,0,0.4615892
1,0,0.45819187
1,0,0.46848744
0,0,0.47734645
0,0,0.45082185
0,0,0.46908346
0,0,0.44142494
0,0,0.45499375
0,0,0.4882633
0,0,0.4538846
0,0,0.47882947
0,0,0.4594107
0,0,0.48922637
0,0,0.45537496
0,0,0.4855177
0,0,0.47231057
0,0,0.4768704
0,1,0.50157756
1,0,0.46469426
1,0,0.4642175
1,1,0.5248365
1,0,0.46912226
1,0,0.4827748
0,0,0.4758983
1,0,0.46546766
1,0,0.47767916
1,0,0.47767916
1,0,0.46367133
1,0,0.4474058
1,0,0.47453362
1,0,0.47534773
1,0,0.45713952
1,0,0.4405253
1,0,0.47665095
1,0,0.42445406
1,0,0.4300101
0,0,0.40232006
0,0,0.40488046
0,0,0.42158687
0,0,0.46214926
0,0,0.43272153
0,0,0.42072502
0,0,0.40468112
0,0,0.41575637
0,0,0.47258848
1,1,0.53430593
1,1,0.50542563
1,0,0.49177682
1,1,0.50283784
1,0,0.46667027
1,0,0.4893251
1,0,0.48556942
0,0,0.4882492
0,0,0.4511312
0,0,0.43338528
0,0,0.45373887
0,0,0.42339268
0,0,0.43361607
0,0,0.4377102
0,0,0.4437843
1,1,0.5244314
1,1,0.508145
1,1,0.50111914
1,1,0.5014661
1,0,0.489341
0,0,0.45803753
0,0,0.48874295
0,0,0.4736458
0,0,0.42911968
0,0,0.4147444
0,0,0.41660473
0,0,0.41643342
0,0,0.42724
0,0,0.47680983
0,1,0.51255196
0,1,0.50382066
1,1,0.5250247
0,1,0.5387416
1,1,0.583759
1,1,0.56578815
1,1,0.5360622
1,1,0.509827
1,1,0.5537864
1,1,0.5179484
1,0,0.47224623
1,0,0.45586097
1,0,0.46874574
1,0,0.48068964
1,0,0.4679602
1,0,0.4962819
1,0,0.47869396
1,0,0.48626038
1,0,0.49316683
1,0,0.4812765
0,1,0.50103277
0,0,0.49118
0,0,0.48028034
0,0,0.3683393
0,0,0.46675164
0,1,0.5647321
0,1,0.5639509
0,1,0.54960495
0,1,0.68176734
0,1,0.6510465
0,1,0.5474613
1,1,0.65947914
0,1,0.5636647
0,1,0.5514885
1,1,0.517441
0,1,0.5302525
0,0,0.46981862
1,0,0.483061
1,0,0.45930517
1,0,0.46377695
1,0,0.48552233
1,0,0.4770179
1,0,0.47998863
1,0,0.47231564
1,0,0.47038585
1,0,0.46241996
1,0,0.47966757
1,0,0.47858167
0,0,0.4563257
0,0,0.4707128
0,0,0.4622703
0,0,0.4760679
0,0,0.47787797
1,0,0.47730356
1,0,0.4927086
1,0,0.47431532
1,0,0.48834002
0,1,0.5032349
1,0,0.48266435
0,0,0.49866396
1,0,0.4929277
1,0,0.4761947
1,1,0.5055541
1,0,0.4924161
1,1,0.50641096
1,0,0.49567848
1,0,0.4793626
1,0,0.49569893
1,0,0.47733396
1,0,0.48993406
1,0,0.4653246
1,0,0.4887052
0,0,0.43776605
0,0,0.47466975
0,0,0.49438024
0,0,0.46509728
0,0,0.44391888
0,1,0.66731596
1,1,0.53045106
0,1,0.5587452
0,1,0.5826326
0,1,0.5410031
0,0,0.47234228
0,0,0.49858585
0,0,0.47595543
0,0,0.49617803
1,1,0.6320327
1,1,0.5916267
1,1,0.68217456
1,1,0.6138639
1,1,0.5224553
1,0,0.48978338
1,0,0.47827408
1,0,0.48548275
1,0,0.48471615
1,0,0.46732974
0,0,0.47242773
0,0,0.48030278
0,0,0.48185468
1,0,0.47936764
1,0,0.4664343
1,0,0.4873061
1,0,0.48810798
1,0,0.48082647
1,0,0.48132306
1,0,0.4773828
1,0,0.4791763
1,0,0.46093118
1,0,0.43415153
1,0,0.47808623
1,0,0.4735173
1,0,0.47562784
0,0,0.45945126
0,0,0.46809188
0,0,0.46885964
0,0,0.47460827
1,0,0.49782878
1,0,0.4840461
1,0,0.49164903
1,1,0.50452274
1,0,0.4833846
1,0,0.4963466
1,0,0.4683915
0,0,0.484058
0,0,0.47908524
1,0,0.4658669
0,0,0.47302392
0,0,0.444228
0,0,0.48322088
0,0,0.45831385
0,0,0.45773685
0,0,0.4989576
0,1,0.5001238
1,0,0.49152997
1,0,0.4783102
1,1,0.58499193
1,1,0.5332263
1,1,0.5126404
1,0,0.47809038
1,0,0.4979814
1,0,0.4596426
1,0,0.4384171
1,0,0.43618107
1,0,0.44816014
1,0,0.45969188
1,0,0.4596562
1,0,0.45794958
1,0,0.44822657
0,0,0.488058
0,0,0.495409
0,0,0.49151155
0,0,0.48754197
0,0,0.49233755
1,1,0.5150295
0,0,0.47502995
1,0,0.47594908
1,0,0.46679622
1,0,0.48241487
1,0,0.46160346
1,0,0.44776613
0,0,0.46294403
0,0,0.4651699
1,0,0.45102265
1,0,0.46587834
1,0,0.47744113
1,0,0.48212817
1,0,0.45540226
1,0,0.46121547
1,0,0.48647705
0,0,0.4555313
0,0,0.48029545
0,0,0.4576859
0,0,0.46651703
0,0,0.46409664
0,0,0.4537915
1,0,0.4832227
1,0,0.48857647
1,1,0.5256486
0,1,0.50881124
0,0,0.45079878
0,0,0.4253077
0,0,0.43218184
0,0,0.45270875
0,0,0.46934107
0,1,0.543693
1,1,0.5683997
1,1,0.5560606
1,1,0.5428716
1,1,0.5467573
1,1,0.5319152
1,0,0.4915917
1,0,0.45263693
0,0,0.47204465
1,0,0.4688326
1,0,0.45689964
0,0,0.44876367
0,0,0.47294763
0,0,0.45805466
0,0,0.47731125
0,0,0.46237352
0,1,0.50384015
0,0,0.4846373
1,1,0.50145316
1,1,0.6007591
1,1,0.5369901
1,1,0.5378455
1,1,0.5331568
1,1,0.51658446
1,1,0.5066726
1,1,0.50849557
0,1,0.5067547
1,0,0.48673275
1,1,0.5038475
1,1,0.5117819
1,0,0.49008876
1,0,0.48941812
1,0,0.49984968
1,1,0.5091043
1,1,0.5285865
0,1,0.5135895
1,1,0.5057069
1,0,0.473992
1,0,0.4965769
1,0,0.45770696
1,0,0.4632433
1,0,0.46103817
1,0,0.47103465
1,0,0.46959034
1,0,0.45453802
1,0,0.46706122
1,0,0.48261836
1,0,0.49598533
1,0,0.48261836
1,0,0.47153524
0,0,0.48532003
0,0,0.49077788
0,0,0.471547
0,0,0.44980505
0,0,0.4597987
0,0,0.47128177
1,1,0.57452494
1,1,0.5253001
1,0,0.4908726
1,0,0.49225083
0,0,0.42956108
0,0,0.44588915
1,0,0.45616645
0,0,0.45333007
0,0,0.45456642
0,0,0.47134522
0,0,0.4786615
0,0,0.47032446
0,0,0.487438
0,0,0.4739481
0,1,0.55727017
1,1,0.53694046
1,1,0.5117435
1,1,0.54380876
1,1,0.5305496
1,1,0.5027715
1,0,0.4765087
1,0,0.4767531
1,0,0.46028906
1,0,0.46593043
0,0,0.4996259
0,0,0.4652861
0,0,0.46387982
0,0,0.48603815
0,0,0.48446083
0,0,0.4132805
0,0,0.4068303
0,0,0.4370452
0,0,0.49368253
1,0,0.42278594
1,0,0.41286635
0,0,0.4039545
0,0,0.3944953
1,0,0.4078734
1,0,0.39397988
1,0,0.42046985
1,0,0.37069947
1,0,0.38626474
1,0,0.40801314
1,0,0.4231234
1,0,0.4200855
1,0,0.4220741
1,0,0.38563633
0,0,0.4120943
1,0,0.4356031
0,0,0.40605828
0,0,0.39064634
0,0,0.38735837
0,0,0.3808687
0,0,0.39076108
0,0,0.4461677
0,0,0.455439
0,0,0.47039312
0,0,0.4362755
0,1,0.5305686
0,0,0.42664805
0,1,0.57272875
0,1,0.57016325
0,1,0.6702148
0,1,0.6268242
0,1,0.5901784
0,1,0.60227007
0,1,0.6764224
0,1,0.678506
1,1,0.61306
1,1,0.5496698
1,1,0.5284841
1,1,0.53701735
1,0,0.47994724
0,0,0.48739102
0,0,0.44294915
0,0,0.49258187
0,0,0.43244714
0,0,0.4346416
0,0,0.49660084
0,0,0.426998
1,0,0.2865025
1,0,0.3080001
1,1,0.6111303
1,1,0.5556657
1,0,0.44398424
0,0,0.40271544
0,0,0.43459642
0,0,0.4021042
0,0,0.41570824
0,0,0.4146036
0,0,0.45104805
0,0,0.4442585
1,0,0.44824177
1,0,0.4193816
1,0,0.43648326
1,0,0.44539103
0,1,0.54450274
0,0,0.445401
0,0,0.46613768
0,0,0.3842403
0,0,0.44602647
0,0,0.450896
0,0,0.49177992
1,0,0.4970517
0,0,0.4734048
1,1,0.52792805
1,0,0.49410823
1,0,0.4511447
1,0,0.44158983
1,0,0.430302
0,0,0.45540345
0,0,0.45056513
0,0,0.44565487
0,0,0.4408509
0,0,0.4492801
0,0,0.4828446
0,1,0.50213546
0,1,0.5022141
0,0,0.49575108
0,0,0.43221897
0,1,0.6122437
0,1,0.6354947
0,1,0.50574434
0,1,0.56287616
1,1,0.51145846
1,1,0.6608951
1,0,0.4769654
1,1,0.56250656
0,0,0.49055544
0,0,0.34587172
0,1,0.5152128
0,1,0.5151265
0,1,0.52387595
0,1,0.57449806
0,1,0.64806134
1,1,0.5565428
1,0,0.39532214
1,1,0.57220614
1,1,0.5446423
1,1,0.5566799
1,0,0.4569212
1,1,0.5160591
1,1,0.5544279
1,1,0.65966463
0,0,0.4261507
1,1,0.6598684
1,1,0.58580285
1,1,0.59350514
1,1,0.56493926
1,1,0.5706914
1,1,0.502248
1,1,0.59393984
1,0,0.45569497
0,1,0.5665849
1,0,0.48306277
1,1,0.56863683
0,1,0.55324966
0,0,0.49235943
1,1,0.54286563
1,0,0.48288518
1,0,0.4429356
1,0,0.48254785
1,0,0.4715355
1,0,0.49835706
1,1,0.60277957
1,1,0.573666
1,0,0.47458935
0,0,0.44160694
0,0,0.44502276
0,0,0.47916108
0,1,0.5442845
0,0,0.47566494
0,1,0.5012799
1,1,0.5016708
1,1,0.5860691
1,1,0.5101428
1,1,0.6230264
1,1,0.50705117
1,0,0.47941193
1,0,0.42448062
1,0,0.47454125
1,0,0.46666077
1,0,0.45366412
1,0,0.458275
1,0,0.44724268
1,0,0.45039457
0,0,0.448876
0,0,0.44850883
0,0,0.44872543
0,1,0.5019547
0,0,0.4952804
1,1,0.5108983
0,1,0.5136761
0,1,0.5169849
0,1,0.5014401
0,0,0.47673905
0,0,0.46855983
0,0,0.49876565
0,0,0.48013613
0,1,0.51505536
0,0,0.4921925
1,1,0.54023606
1,1,0.5065969
1,1,0.53070664
1,1,0.52372885
0,0,0.4733033
0,0,0.42775887
0,0,0.43270645
0,0,0.43874612
0,0,0.45006222
0,0,0.42257154
0,0,0.42801607
1,0,0.4382282
1,0,0.47286233
1,0,0.48859036
1,0,0.44766766
1,0,0.44222748
0,0,0.46088812
0,0,0.48612618
0,0,0.4411484
0,0,0.43708187
0,0,0.4817553
0,0,0.48134416
0,1,0.508158
1,0,0.49257874
1,0,0.4910681
0,0,0.48048276
1,0,0.445669
1,0,0.43826413
1,0,0.441582
0,0,0.49537483
1,0,0.44064036
1,0,0.44385418
1,0,0.44772577
0,0,0.46516752
0,0,0.4351954
0,0,0.46316022
0,0,0.45793363
0,0,0.47863102
0,0,0.4777227
0,0,0.43765414
1,1,0.5710929
0,1,0.5196544
1,0,0.46077278
0,0,0.48665863
0,0,0.42905277
0,0,0.40897632
0,0,0.40854836
1,0,0.47606203
1,0,0.4826709
1,0,0.44433653
1,0,0.40942016
1,0,0.39808035
1,0,0.47075492
1,0,0.45116183
0,0,0.42624646
0,0,0.4630408
0,0,0.46189392
0,0,0.4385499
0,0,0.45081142
1,0,0.45904547
1,0,0.4266224
1,0,0.4296404
1,0,0.4346939
1,0,0.4660929
1,0,0.45444435
1,0,0.41578528
1,0,0.47104487
1,0,0.42527047
1,0,0.4182652
0,0,0.4258269
0,0,0.46305797
0,0,0.4839709
0,1,0.5614162
0,0,0.49998122
0,1,0.5247773
0,1,0.5063305
0,1,0.51036054
1,1,0.5841297
0,1,0.57374984
0,0,0.49657902
0,1,0.5322078
0,0,0.47741562
0,0,0.4841061
0,0,0.4449424
0,0,0.44840714
0,0,0.4532553
0,1,0.5077512
0,0,0.45868894
0,0,0.42498294
0,0,0.4351954
0,0,0.4483486
0,0,0.46900582
0,0,0.43870893
1,1,0.5319656
1,0,0.47310165
1,1,0.5168396
1,0,0.48103017
1,1,0.52031726
1,1,0.5409355
1,0,0.46088094
1,1,0.5411967
0,1,0.54689384
0,1,0.5145636
0,0,0.44864067
0,0,0.45884228
0,0,0.44818056
0,0,0.48548725
0,0,0.3464227
0,1,0.5165613
0,0,0.489723
1,0,0.49739733
1,1,0.5548117
1,1,0.55868244
1,0,0.48985556
1,1,0.53217715
1,1,0.5452858
1,1,0.5153236
1,0,0.41144067
1,0,0.43782118
1,0,0.41309306
1,0,0.39709148
1,0,0.4145309
1,0,0.4026447
1,0,0.4470606
0,0,0.42663646
0,0,0.4280388
0,0,0.45270532
0,0,0.4408375
0,0,0.40534773
0,0,0.41133258
0,0,0.42313802
0,1,0.5584248
0,1,0.50237644
0,1,0.50944567
0,0,0.47250053
0,1,0.6654868
0,1,0.52136576
0,1,0.5428588
0,0,0.47517782
0,0,0.46941417
0,1,0.53139204
0,1,0.5952923
0,1,0.56587625
0,1,0.6755084
0,1,0.6480593
1,1,0.58623487
1,1,0.564188
1,1,0.5018017
1,1,0.58793825
1,1,0.5674965
1,1,0.570239
0,1,0.544349
0,1,0.5461999
0,1,0.5339392
0,1,0.5566483
1,1,0.5584488
1,1,0.5549072
1,1,0.5918411
1,1,0.5654511
1,1,0.5721031
1,1,0.6370466
1,1,0.5424035
1,1,0.5580328
1,1,0.5774933
1,1,0.5070841
1,1,0.51738304
1,1,0.5900858
1,0,0.48630446
0,0,0.3877083
1,0,0.4536617
1,0,0.44511247
0,0,0.37696052
0,0,0.390534
0,0,0.47465095
0,0,0.4759116
0,0,0.48183474
0,1,0.50283915
0,1,0.5597502
1,0,0.49191865
1,0,0.49087432
1,0,0.4751415
1,0,0.3894796
1,0,0.40187266
0,0,0.44201237
0,0,0.41256538
0,0,0.43570966
0,0,0.43626735
0,0,0.42310447
0,0,0.42621386
0,0,0.4040796
0,0,0.4323071
0,0,0.4224271
0,0,0.41371188
0,0,0.42841735
1,0,0.41643846
0,0,0.46708468
0,0,0.4310247
0,0,0.4214029
0,0,0.48583648
0,1,0.5013601
0,0,0.44684663
0,1,0.55298454
1,1,0.6484192
1,1,0.576207
1,1,0.69934607
1,1,0.55802083
1,1,0.5706129
0,1,0.56130755
0,1,0.54146415
0,0,0.4158454
0,0,0.48186192
1,0,0.46372196
1,0,0.4494413
1,0,0.44671714
1,1,0.5349135
1,1,0.53495103
1,0,0.4927799
1,0,0.49415213
1,0,0.46259505
1,1,0.5015738
1,0,0.47756284
1,0,0.45353407
1,0,0.4731903
1,0,0.43673334
1,0,0.48144278
1,0,0.45619744
1,0,0.4629315
1,0,0.46423894
1,0,0.47284856
0,1,0.5003236
0,1,0.5647948
0,1,0.545947
1,1,0.54064995
1,1,0.5641362
1,1,0.54977316
1,1,0.5664953
1,1,0.5359765
1,1,0.5101311
1,1,0.5405692
1,1,0.52958834
1,0,0.41912034
1,0,0.43580428
0,0,0.40797424
0,0,0.44829902
0,0,0.44039994
0,0,0.47008172
0,0,0.48439863
0,0,0.46298334
0,0,0.45996788
1,0,0.46368727
1,0,0.4325902
1,0,0.4568252
1,0,0.41304523
1,0,0.47781032
1,0,0.43010482
1,0,0.4154502
1,0,0.4312339
0,0,0.42584118
0,0,0.4281849
1,0,0.43181086
1,0,0.42364055
1,0,0.41932243
1,0,0.42677677
1,0,0.43232128
1,0,0.4438013
1,0,0.4581988
1,0,0.46154165
1,0,0.46458304
1,0,0.4743996
1,0,0.48502138
1,0,0.48876145
1,0,0.47402993
1,0,0.48314995
0,0,0.44282508
1,0,0.47159833
1,0,0.46597368
0,0,0.47187176
1,0,0.4487603
1,0,0.45064068
1,0,0.45300168
0,0,0.4402753
0,0,0.4723561
1,0,0.48005316
1,0,0.45077205
1,0,0.45064068
1,0,0.47519696
0,0,0.4712988
0,0,0.47805363
0,0,0.46830276
0,0,0.461475
0,0,0.46737036
1,0,0.46252015
1,0,0.45948362
1,1,0.5065322
0,0,0.4838683
0,0,0.44431713
0,0,0.47975466
0,0,0.4447539
0,0,0.4505522
0,0,0.4811818
0,1,0.6067533
1,1,0.59516686
1,0,0.4954839
1,1,0.5038251
1,0,0.49210918
1,0,0.49023873
1,0,0.45061693
1,0,0.43603912
0,0,0.480629
1,0,0.418697
1,0,0.4455971
0,0,0.4404223
0,0,0.436477
0,0,0.43147355
0,0,0.4851804
0,0,0.44517836
0,0,0.4750608
1,0,0.4657817
1,0,0.48236027
1,1,0.5222957
1,0,0.45757005
1,0,0.464163
0,0,0.4402742
0,0,0.43953186
1,0,0.45394737
1,0,0.42562643
0,0,0.45133966
1,0,0.47684273
1,0,0.4333556
1,0,0.4551048
1,0,0.4888047
1,0,0.4824112
1,0,0.48078886
0,0,0.47746047
0,0,0.47214502
0,0,0.4736366
0,0,0.47196013
1,0,0.49436268
1,0,0.47444823
1,1,0.5030416
1,0,0.4839109
1,0,0.48551884
1,1,0.5084423
1,0,0.47866467
1,1,0.5023786
1,1,0.5022318
1,0,0.4937433
1,0,0.48293355
1,0,0.49910995
0,0,0.4877252
0,0,0.47541854
0,1,0.52244747
0,0,0.48854437
0,0,0.4743599
0,0,0.49086902
0,0,0.49598593
1,1,0.6784236
1,1,0.5337186
1,0,0.4954304
1,0,0.4883039
0,0,0.48706254
0,0,0.47001827
0,0,0.47971448
0,0,0.48154846
0,0,0.4531016
0,0,0.49282032
0,0,0.48068583
0,0,0.48818308
0,0,0.46602735
0,1,0.5136374
1,1,0.5698563
1,1,0.56714934
1,1,0.5479121
1,1,0.52547663
1,1,0.5420143
0,0,0.44920343
0,0,0.44748387
0,0,0.4428214
0,0,0.44889042
0,0,0.42961434
0,0,0.43624443
0,0,0.42118996
0,0,0.4325838
0,0,0.427808
0,0,0.4280272
0,0,0.43161985
0,0,0.4467789
1,0,0.45981312
1,1,0.5003484
1,1,0.5027735
1,0,0.48586693
1,0,0.4705612
0,0,0.45620644
1,0,0.46305826
1,0,0.45956644
1,0,0.4625559
1,0,0.4371325
1,0,0.4565205
1,0,0.41563967
1,0,0.4401369
1,0,0.33024046
1,0,0.42822328
1,0,0.4207231
0,0,0.32342222
0,0,0.4359852
0,0,0.43430904
0,0,0.40485063
0,0,0.42527488
0,0,0.41927195
0,0,0.40424526
0,1,0.52106327
0,0,0.4582029
0,0,0.4632161
0,0,0.4802013
0,1,0.58984023
0,0,0.47510856
0,1,0.51028126
0,0,0.45194408
0,0,0.4818078
0,0,0.44259152
0,0,0.48441964
0,0,0.492135
1,1,0.50690126
1,0,0.49037123
1,0,0.49100992
1,0,0.48229727
1,0,0.47932318
1,0,0.47476318
1,0,0.46770912
1,0,0.47771895
1,0,0.47254863
1,0,0.47207525
1,0,0.47039232
0,0,0.4466178
0,0,0.46405956
1,0,0.46669772
1,0,0.46335158
1,0,0.45161617
1,0,0.4793029
1,0,0.4526597
1,0,0.46740744
0,0,0.4494404
1,0,0.43716064
0,0,0.45873234
1,0,0.46527115
1,0,0.41950777
1,0,0.42866302
1,0,0.44889554
1,0,0.4538134
1,0,0.44479114
1,0,0.49648237
0,0,0.45195615
0,0,0.4415486
0,0,0.4272359
0,0,0.4651418
0,0,0.46455145
1,1,0.5248673
1,0,0.48725605
1,0,0.4494912
1,0,0.4522541
0,0,0.45128056
0,0,0.45492122
0,0,0.45950544
0,0,0.44740713
1,0,0.45031062
1,0,0.45568615
1,0,0.45196745
1,0,0.43883288
1,0,0.44799894
1,0,0.45293677
0,0,0.3667053
1,0,0.4339089
1,0,0.44048253
1,0,0.43189907
1,0,0.45398304
1,0,0.43404797
0,0,0.4149772
0,0,0.40728962
0,0,0.34961537
0,0,0.41547605
0,0,0.4708547
0,0,0.4671279
0,1,0.5015128
0,0,0.44817978
0,0,0.48335528
0,0,0.40642497
0,0,0.46392325
0,0,0.448816
1,0,0.4956653
1,0,0.45388666
1,0,0.45803717
0,1,0.5020103
0,0,0.43712863
0,0,0.46158928
1,0,0.43356764
1,0,0.42961028
1,0,0.48585346
1,0,0.4747683
1,1,0.5501878
1,1,0.50250816
1,0,0.4786463
0,0,0.47533363
0,0,0.44393432
0,0,0.4230026
0,0,0.4457403
0,0,0.44867733
0,0,0.42883685
0,0,0.4638855
0,0,0.4518314
0,0,0.44626257
0,0,0.42285758
1,0,0.4561406
0,0,0.4665745
0,0,0.45892027
1,0,0.4435759
1,0,0.4440164
0,0,0.46179268
1,0,0.4655307
1,0,0.44239998
1,0,0.44923988
1,0,0.43397895
1,0,0.43848246
0,0,0.45974886
1,0,0.45583543
1,0,0.46216443
0,0,0.45202
0,0,0.43453798
0,0,0.4490946
0,0,0.44520226
0,0,0.43385193
1,0,0.461419
1,0,0.4624138
1,0,0.46494845
1,0,0.44468996
1,0,0.43964493
1,0,0.45924717
0,0,0.45715755
0,0,0.44496658
1,0,0.46739337
0,0,0.4381988
0,0,0.43049303
1,0,0.39980036
1,0,0.41901916
0,0,0.46083403
1,0,0.41685864
1,0,0.41392183
0,0,0.42489016
1,0,0.45200408
1,0,0.45093778
1,0,0.4341713
1,0,0.41640523
1,0,0.4135275
1,0,0.45313698
0,0,0.4420635
0,0,0.43509135
0,0,0.44186956
0,0,0.4602027
0,0,0.45904347
0,0,0.46810937
1,0,0.42206
1,0,0.48864433
1,0,0.46381652
1,0,0.46588573
1,0,0.4304865
0,0,0.44428673
0,0,0.43942347
0,0,0.45228434
0,0,0.45189062
0,0,0.42833406
1,0,0.4283103
1,0,0.48684347
1,0,0.4431802
1,0,0.45834303
1,0,0.43247363
0,0,0.43261808
0,0,0.43777356
0,0,0.45377916
0,0,0.45631254
0,0,0.45953706
0,0,0.4996611
0,0,0.48859105
1,0,0.4496485
1,0,0.48500916
0,0,0.47665325
1,0,0.49658525
1,0,0.47143283
0,0,0.45342302
1,0,0.43751445
1,0,0.42937174
1,0,0.46030158
1,0,0.46445596
1,0,0.43623015
1,0,0.46146014
0,0,0.3968893
0,0,0.40592927
0,0,0.43868876
0,0,0.4340588
0,0,0.4216704
0,0,0.4397688
0,0,0.4209371
1,0,0.49261367
1,0,0.46409932
0,0,0.45210218
0,0,0.46206596
0,0,0.41549534
0,0,0.45616084
0,0,0.45105544
1,0,0.45817837
1,0,0.44333258
1,0,0.44671604
1,0,0.4589662
1,0,0.4806149
1,0,0.4869558
0,0,0.4410331
0,0,0.43539765
0,0,0.46215352
1,0,0.44894928
1,0,0.45233604
1,0,0.46617866
1,0,0.44096482
1,0,0.43916196
1,0,0.4419532
1,0,0.44504604
1,0,0.4577187
1,0,0.44286478
1,0,0.45608088
1,0,0.43429637
0,0,0.45122376
0,0,0.44618073
0,0,0.44181478
0,0,0.45967948
0,0,0.46064845
0,0,0.46423224
0,0,0.47592843
0,0,0.45210463
1,1,0.5476691
0,1,0.5110173
0,0,0.44948214
0,0,0.47004315
1,0,0.4638671
1,0,0.45824835
1,0,0.44212458
1,0,0.4446808
1,0,0.44713545
0,0,0.44090822
0,0,0.45777762
0,0,0.44642144
0,0,0.44713193
0,0,0.44892505
0,0,0.49753922
1,0,0.4601664
0,0,0.47978127
1,0,0.45502314
1,0,0.4809964
1,0,0.4630579
1,0,0.4705195
1,0,0.44671932
1,0,0.44809696
1,0,0.46228984
0,0,0.46819127
0,0,0.43102658
0,0,0.46297956
0,0,0.46337903
0,0,0.44269365
0,0,0.44839138
0,0,0.46263352
1,1,0.5060968
1,1,0.5367097
1,1,0.5129768
1,0,0.46515062
1,0,0.49635106
1,0,0.44527486
1,0,0.43171862
1,0,0.4446185
1,0,0.42696822
1,0,0.46107975
1,0,0.4628986
1,0,0.45047227
1,0,0.4402767
0,0,0.4537627
1,0,0.4548533
1,0,0.4229442
0,0,0.43481538
0,0,0.4540365
0,0,0.4676091
0,0,0.44226316
0,0,0.4537627
0,0,0.49121797
0,0,0.46107295
0,1,0.53333163
0,0,0.4889353
0,1,0.52383476
0,0,0.49290812
0,1,0.5999083
0,1,0.50024164
0,1,0.5167323
0,0,0.47327968
0,1,0.50786155
0,1,0.5205408
0,1,0.5227758
0,0,0.46510583
0,0,0.49297643
0,1,0.51507515
1,0,0.46941265
1,0,0.4765846
1,0,0.44510683
1,0,0.44821253
1,0,0.48247945
0,0,0.4656837
0,0,0.42232722
0,0,0.4890274
0,0,0.4462529
0,0,0.44776228
0,0,0.47239494
1,0,0.45274815
1,1,0.5265556
1,0,0.4938069
1,1,0.5072364
1,1,0.5100765
1,0,0.48094776
0,1,0.5520816
0,1,0.51042086
0,1,0.5142507
0,0,0.4895178
0,0,0.46524236
0,0,0.46735504
0,1,0.50473607
1,0,0.49921268
1,0,0.45945168
0,0,0.4766447
0,0,0.46383438
0,0,0.4701659
0,0,0.4525079
0,0,0.4595451
0,0,0.47273687
0,0,0.49770495
0,0,0.4829984
0,0,0.44763222
1,0,0.46878043
1,0,0.45051757
1,0,0.4651483
1,1,0.51070017
1,0,0.44009918
1,0,0.45404845
1,0,0.45572397
1,0,0.49814698
1,0,0.4534066
1,0,0.4534469
1,0,0.45703864
1,0,0.4386575
0,1,0.5352936
0,0,0.34949714
0,0,0.3917405
0,0,0.40158808
0,0,0.45445192
0,0,0.483026
0,0,0.46802503
0,0,0.47776437
0,0,0.49741545
0,0,0.429463
1,1,0.601541
1,1,0.53897244
1,1,0.59131056
1,1,0.538543
1,0,0.49860534
1,0,0.45383164
1,0,0.43801215
1,0,0.45086595
0,0,0.44656438
1,0,0.43400362
0,0,0.44091707
0,0,0.4363851
1,0,0.43596616
1,0,0.44059148
1,0,0.45176965
1,0,0.47050932
1,0,0.4629444
1,0,0.4611077
1,1,0.50516623
1,0,0.45424047
0,0,0.43760857
1,0,0.44430876
1,0,0.43567416
1,0,0.44958454
1,0,0.43477172
1,0,0.41275224
0,0,0.43867472
0,0,0.4562431
0,0,0.4307845
1,0,0.43312347
1,0,0.43815565
1,0,0.45859817
1,0,0.445406
1,0,0.45704308
1,0,0.45602906
1,0,0.44520918
1,0,0.435733
1,0,0.4433671
1,0,0.4549525
1,0,0.44448176
1,0,0.45024142
1,0,0.45051384
1,0,0.4294675
1,0,0.427106
1,0,0.47349533
1,0,0.4206189
1,0,0.3616101
0,0,0.38789803
0,0,0.4281859
0,0,0.2987266
0,0,0.384972
0,0,0.3914013
0,0,0.25613114
1,0,0.35382292
1,0,0.35616085
1,0,0.45634803
1,0,0.4498221
1,0,0.4630719
0,0,0.3920613
1,0,0.4014548
1,0,0.409743
1,0,0.43204957
0,0,0.4014548
0,0,0.4314204
0,0,0.46489003
0,0,0.4243008
0,0,0.42101797
1,0,0.44857666
1,0,0.43951252
1,0,0.46352866
1,0,0.42751864
0,0,0.46418452
0,0,0.45709518
1,0,0.46770892
0,0,0.4468663
0,0,0.42855453
1,0,0.43021423
1,0,0.44578812
1,0,0.44599482
1,0,0.4720518
1,0,0.46740785
1,0,0.45762107
1,0,0.45484242
1,0,0.43960345
0,0,0.46949747
0,0,0.46720302
0,0,0.45427945
0,0,0.46017906
1,0,0.46252617
1,0,0.47087842
1,0,0.46276063
1,0,0.4777678
1,0,0.45809698
1,0,0.44676542
1,0,0.48564184
1,0,0.45269233
1,0,0.46124858
0,0,0.4669068
0,0,0.4544888
0,0,0.44463715
0,0,0.45654166
0,0,0.4616654
0,0,0.46568078
1,0,0.4837615
1,0,0.4779486
1,0,0.47607926
1,0,0.47011122
1,0,0.45122907
1,0,0.48530018
1,0,0.44430786
1,0,0.4456329
0,0,0.449974
0,0,0.43960935
0,0,0.41935474
0,0,0.4387523
0,0,0.4310776
0,0,0.49739656
1,1,0.52363646
0,0,0.48228878
1,0,0.45503092
1,0,0.47353253
1,0,0.4691141
1,0,0.4366193
1,0,0.4589387
0,0,0.45972672
1,0,0.4652195
1,0,0.46084678
1,0,0.46191534
1,0,0.45916668
1,0,0.44961837
1,0,0.47628918
0,0,0.42471492
0,0,0.35083923
0,0,0.41500726
0,0,0.46143857
1,0,0.4276358
1,1,0.50654477
1,0,0.49445996
1,1,0.5033947
1,0,0.4871552
0,0,0.46757647
0,0,0.49431264
1,0,0.49440238
1,1,0.5018565
1,0,0.46533716
1,0,0.4534513
1,0,0.439698
0,0,0.42512244
0,0,0.44103253
0,0,0.42928326
0,0,0.44484407
0,0,0.42716312
0,0,0.45166492
0,0,0.46960413
1,1,0.50591695
1,1,0.5100488
1,1,0.51855356
1,0,0.45379895
0,0,0.4598713
0,0,0.45472187
0,0,0.4637931
0,0,0.46539304
0,0,0.44570068
0,0,0.44823277
0,0,0.46123064
0,0,0.4991864
0,1,0.50003624
0,0,0.48137057
0,1,0.52326804
0,1,0.52390087
0,1,0.54776716
1,1,0.5218948
1,1,0.5284696
1,0,0.48617497
1,0,0.49671903
1,1,0.5008934
0,0,0.47975093
0,0,0.48938894
0,0,0.48598874
0,0,0.47051919
0,0,0.45380235
0,0,0.4816569
0,1,0.5146843
0,0,0.48056394
1,0,0.45502588
1,0,0.48387355
1,0,0.45783046
1,1,0.5129782
1,1,0.53860015
1,1,0.5251597
1,0,0.4787409
1,1,0.5565978
1,1,0.51674926
1,0,0.47171915
0,0,0.46091926
1,1,0.50606036
1,0,0.47840583
1,0,0.4981832
1,0,0.4790384
1,0,0.49465698
1,1,0.5040012
1,0,0.49146283
1,0,0.48457345
0,0,0.48156098
0,0,0.4844689
0,0,0.4695749
0,0,0.45488796
0,0,0.4586865
0,1,0.5758286
0,1,0.50379616
0,1,0.5070724
0,1,0.5366452
0,1,0.62352836
0,0,0.49161282
0,1,0.5169252
0,0,0.46891952
0,1,0.5029516
0,0,0.43831524
0,1,0.52425337
0,0,0.4995199
0,1,0.5520567
0,1,0.54986596
0,0,0.49670452
0,0,0.4968715
1,0,0.48740807
1,1,0.5117441
1,1,0.5430309
1,1,0.5708789
1,0,0.4699156
1,0,0.47802487
1,0,0.47227478
0,1,0.5098834
1,0,0.47580573
1,0,0.48850092
1,0,0.49110317
1,0,0.45959175
1,1,0.5173552
1,0,0.46687666
0,0,0.45814782
0,0,0.48346248
1,0,0.49966666
0,0,0.46298426
0,0,0.4793222
1,0,0.46250865
0,0,0.47694176
0,1,0.54268104
1,0,0.49386227
1,0,0.46467796
0,1,0.5196081
0,0,0.47152835
0,0,0.48162737
1,0,0.4675359
0,0,0.4945859
1,0,0.46484026
1,0,0.470432
1,0,0.46846223
0,0,0.49314353
1,0,0.49517697
1,0,0.4587305
1,0,0.457972
1,1,0.5012359
1,0,0.44729295
1,0,0.48244482
1,0,0.49791175
1,0,0.46648455
0,0,0.478972
0,0,0.47716862
0,0,0.47499394
1,0,0.47499394
0,0,0.48882407
0,0,0.49998426
1,0,0.45023164
1,0,0.49864113
1,0,0.48731273
0,0,0.47439477
0,0,0.49754554
0,0,0.49708113
1,0,0.4692099
1,0,0.4862262
1,1,0.6667612
1,1,0.5230278
1,1,0.56053936
1,0,0.4819034
1,0,0.45573524
1,0,0.45177466
1,0,0.4299031
0,0,0.4356691
0,0,0.3562745
0,0,0.45431846
0,0,0.48003325
0,0,0.46053788
0,1,0.51278657
0,0,0.43757483
1,0,0.47191182
1,0,0.49999356
1,1,0.5208692
1,0,0.4979536
1,0,0.4807719
0,0,0.4730315
0,0,0.4692749
1,0,0.47755298
1,0,0.47268626
1,0,0.4764445
1,0,0.46465164
1,0,0.49104327
1,0,0.4993396
0,0,0.4492901
0,0,0.479081
1,0,0.4712753
1,0,0.47822043
1,0,0.47446385
1,0,0.47569838
1,1,0.5065169
0,0,0.41164076
0,0,0.43603024
0,0,0.39662603
0,0,0.42997995
0,0,0.4179889
1,0,0.4801426
0,0,0.44440037
0,0,0.49793008
0,0,0.48327944
0,0,0.48435935
0,0,0.43697065
0,0,0.48401293
0,0,0.47904846
0,0,0.4925865
1,0,0.49776876
1,1,0.5320734
1,0,0.48499003
1,1,0.5242519
1,0,0.45278832
1,0,0.44735682
1,0,0.47238445
1,0,0.48511577
1,0,0.457041
1,1,0.51553166
1,0,0.46390188
1,0,0.4641672
1,0,0.47946027
1,0,0.46096408
1,0,0.44939667
1,0,0.44800526
1,0,0.47397625
1,0,0.44614404
1,0,0.4764668
1,0,0.44337645
1,0,0.45132378
1,0,0.4366146
1,0,0.4371011
1,0,0.42380208
1,0,0.45630693
1,0,0.44388434
1,0,0.44012508
1,0,0.43864405
1,0,0.4629632
1,0,0.43664604
0,0,0.45114106
0,0,0.43603033
0,0,0.46744248
0,0,0.459515
0,0,0.41500783
1,0,0.4503325
0,0,0.4144865
0,0,0.42738685
0,0,0.42657515
1,0,0.4709524
1,0,0.4368596
1,0,0.45823613
1,0,0.47606856
0,0,0.46514896
0,0,0.46156743
0,0,0.43418965
0,0,0.43442217
0,0,0.43343288
0,0,0.40405318
0,0,0.44240558
0,1,0.53047824
0,0,0.49419284
1,0,0.43509638
1,0,0.4717191
0,0,0.47630438
1,0,0.48013502
1,0,0.49595472
0,0,0.42907527
0,0,0.46800542
1,0,0.43967625
0,0,0.44397596
0,0,0.42241743
0,0,0.4275229
0,0,0.4250729
0,0,0.43145832
0,0,0.41294438
1,0,0.43433586
1,0,0.42672858
1,0,0.4395572
1,1,0.50349236
0,1,0.5094939
0,0,0.46705195
0,0,0.4443808
0,0,0.45769948
1,0,0.45170486
1,0,0.43475977
1,0,0.4811104
1,0,0.46919113
1,0,0.42465794
1,0,0.4674837
1,0,0.46181506
1,0,0.42451185
1,0,0.45436913
1,0,0.42422646
0,0,0.47941068
0,0,0.4428209
1,0,0.45521986
1,0,0.44193637
1,0,0.42115122
1,0,0.43603674
1,0,0.44175187
1,0,0.45711565
1,0,0.41963458
1,0,0.42708218
1,0,0.45373502
1,0,0.4270607
1,0,0.43910143
1,0,0.43589753
1,0,0.45288467
0,0,0.4402438
0,0,0.451601
0,0,0.44265565
0,0,0.44243377
0,0,0.4230338
0,0,0.4755394
1,0,0.43974033
1,1,0.6061201
1,1,0.5201266
1,0,0.49276298
1,0,0.48508132
1,0,0.47069502
1,0,0.4540111
1,0,0.4531837
1,0,0.45114106
0,0,0.4308718
0,0,0.38599426
0,0,0.39437616
0,0,0.3692336
0,0,0.40348795
0,0,0.43948677
0,0,0.48881197
1,0,0.45313427
1,0,0.48086742
1,1,0.55136627
1,0,0.4784942
1,1,0.50937325
0,0,0.4922928
0,0,0.44511345
0,0,0.4742807
0,0,0.4701423
0,0,0.45085546
0,0,0.45582005
0,0,0.4539812
0,0,0.4520332
0,0,0.44858858
1,0,0.40708742
1,0,0.41767487
1,0,0.43873364
1,0,0.43292347
1,1,0.5073966
1,0,0.45708087
1,0,0.45646834
1,0,0.3842615
1,0,0.4477751
0,0,0.3797649
0,0,0.37576815
0,0,0.37607494
1,0,0.40491867
1,0,0.4278601
0,0,0.44188663
1,0,0.38618788
1,0,0.41860858
0,0,0.3786532
0,0,0.3965716
0,0,0.39325017
0,0,0.42842093
0,0,0.42616794
0,0,0.37748522
0,0,0.42001393
0,0,0.45882443
1,0,0.4799915
0,0,0.4613938
1,0,0.44046605
1,0,0.44355083
1,0,0.42244837
1,0,0.44071722
1,0,0.4091002
1,0,0.3790911
1,0,0.4126435
1,0,0.3460867
1,0,0.43635476
1,0,0.40090007
0,0,0.3951122
0,0,0.39628935
0,0,0.38619265
0,0,0.40968025
0,0,0.40188915
0,0,0.42233497
1,0,0.38863128
1,0,0.4758746
1,0,0.47969556
1,0,0.45980173
1,0,0.41739526
0,0,0.42940316
0,0,0.41413707
0,0,0.40325898
0,0,0.41144598
0,0,0.43877155
1,1,0.51080835
1,0,0.4784479
1,0,0.48487964
1,0,0.4374711
1,0,0.42838177
1,0,0.4203968
1,0,0.42086458
1,0,0.42933357
1,0,0.4266742
1,0,0.4093624
1,0,0.4029012
1,0,0.39386106
1,0,0.38696033
1,0,0.41122305
1,0,0.43254927
1,0,0.48385948
1,0,0.48423097
0,0,0.35904843
0,0,0.38843337
1,0,0.4148452
1,0,0.35461256
1,0,0.43530592
1,0,0.49086913
1,1,0.54114807
1,0,0.43290222
1,0,0.38064724
1,0,0.42576382
1,0,0.3813875
1,0,0.41605285
0,0,0.3544993
0,0,0.4802309
0,0,0.42950925
0,0,0.40553662
0,0,0.33306304
0,0,0.41437715
0,0,0.43784055
1,0,0.33919823
0,0,0.42220128
0,0,0.3969758
0,0,0.4243878
0,0,0.37682506
0,0,0.39225534
0,0,0.3856155
1,0,0.35708874
1,0,0.49254987
1,1,0.539163
0,0,0.44014198
0,0,0.44353437
0,0,0.40106392
0,0,0.39947024
1,0,0.38634747
1,0,0.42941034
1,0,0.41583186
0,0,0.41546363
0,0,0.44783428
1,0,0.43189174
1,0,0.44735864
1,0,0.4158098
1,0,0.4331626
1,0,0.42311054
1,0,0.44148386
1,0,0.49414656
1,0,0.40867576
0,0,0.4397017
1,0,0.4289492
0,0,0.4450688
0,0,0.43800163
1,0,0.42092773
1,0,0.42712167
1,0,0.4458367
1,0,0.41397014
1,0,0.4071839
1,0,0.43225273
1,0,0.4491577
1,0,0.415398
1,0,0.47273207
1,0,0.44114208
1,0,0.4701782
0,0,0.43260178
0,0,0.46889067
0,0,0.45253524
0,0,0.4189385
0,0,0.40702763
0,0,0.48792502
0,0,0.44055715
0,0,0.48953345
0,0,0.45437777
0,0,0.40091613
0,0,0.42637798
1,0,0.4245664
1,0,0.43362638
1,0,0.4122974
1,0,0.4409932
1,0,0.4080869
1,0,0.409065
0,0,0.40817112
0,0,0.41675127
0,0,0.4167433
0,0,0.4181386
0,0,0.40542045
0,0,0.39689794
0,0,0.42239878
0,0,0.4088374
1,0,0.44065908
1,0,0.4079698
0,0,0.3421927
1,0,0.4172448
1,0,0.38904968
1,0,0.39259532
1,0,0.38852134
1,0,0.37390813
0,0,0.41573724
0,0,0.3701035
0,0,0.40195385
0,0,0.37554532
0,0,0.399707
0,0,0.36897486
0,0,0.36179993
0,0,0.40886316
0,0,0.3835336
0,0,0.382326
1,0,0.40019175
1,0,0.41066098
1,0,0.3462643
1,0,0.37193617
1,0,0.3792856
1,0,0.3840981
1,0,0.40542284
1,0,0.3846902
1,0,0.40327147
1,0,0.37428296
1,0,0.3900839
1,0,0.4112411
0,0,0.40416315
1,0,0.3942472
0,0,0.41547534
0,0,0.40080953
0,0,0.39585194
1,0,0.36517516
0,0,0.42710456
1,0,0.3893354
1,0,0.48377946
1,0,0.39159256
1,0,0.39202064
1,0,0.38634655
1,0,0.40572602
1,0,0.3735463
1,0,0.40347293
0,0,0.4321673
0,0,0.4257773
0,0,0.44685772
0,0,0.40146762
0,0,0.39333448
0,0,0.41048437
0,0,0.44808835
0,0,0.40519455
0,0,0.39847472
0,0,0.42154402
0,0,0.43375468
0,0,0.40638164
1,0,0.43082106
0,0,0.41295582
0,0,0.39615273
0,0,0.44520614
0,0,0.47114047
0,0,0.42037177
0,0,0.39690572
0,0,0.3920309
0,0,0.4064547
0,0,0.43466705
0,0,0.40298662
0,0,0.45447585
1,0,0.47957274
1,0,0.44945613
1,0,0.37686646
1,0,0.3812813
1,0,0.3739791
1,0,0.38679716
0,0,0.38192463
0,0,0.40164188
1,0,0.3715437
1,0,0.42181385
1,0,0.4183963
1,0,0.4047287
1,0,0.43217614
0,0,0.41660672
1,0,0.41805968
0,0,0.4087865
0,0,0.40237546
0,0,0.40448546
0,0,0.4048699
0,0,0.41898158
0,0,0.39793113
0,0,0.3854935
0,0,0.45922688
0,0,0.43568403
0,0,0.47170335
1,1,0.5179289
1,0,0.4366811
0,0,0.44276473
0,0,0.4217692
0,0,0.42263636
0,0,0.38698432
0,0,0.39983848
0,0,0.38936555
0,0,0.39958066
0,0,0.39232862
0,0,0.3929622
0,0,0.40749153
0,0,0.40694833
0,0,0.39003074
0,0,0.40076363
1,0,0.4115255
1,0,0.42458314
1,0,0.38060865
1,0,0.40214014
1,0,0.3941105
1,0,0.4257258
1,0,0.40141588
0,0,0.40533394
0,0,0.40439332
0,0,0.3816353
0,0,0.40966532
0,0,0.39767638
0,0,0.39299268
0,0,0.3938927
0,0,0.48409772
0,0,0.461976
1,1,0.5066052
0,0,0.4810776
1,1,0.5119117
1,0,0.49711353
1,0,0.4787253
1,0,0.48113754
1,1,0.5084549
1,1,0.5068046
1,0,0.49351594
1,0,0.46749747
1,0,0.48524204
0,0,0.48925412
0,0,0.49170798
1,0,0.45356056
1,0,0.48271185
1,0,0.44690114
1,0,0.47053522
1,0,0.46825403
1,1,0.5054636
0,0,0.43936035
0,0,0.33126327
0,0,0.38503364
0,0,0.42989507
0,0,0.46985337
0,0,0.45267826
0,0,0.45558113
1,0,0.4631546
1,1,0.5185507
1,1,0.509014
1,1,0.52464217
0,1,0.51776356
0,0,0.49237832
0,0,0.46885356
0,0,0.4857946
0,0,0.49939457
1,1,0.6042471
1,1,0.54702973
1,1,0.51612395
1,1,0.5032559
1,1,0.5473573
1,0,0.48155904
1,0,0.4721548
1,0,0.49565366
0,0,0.49287927
0,0,0.48259544
0,0,0.4644767
0,0,0.4917043
0,0,0.4792028
0,0,0.4948897
0,1,0.5027429
1,0,0.4793613
1,1,0.5158934
1,0,0.48285723
1,0,0.4684828
1,0,0.47439557
0,0,0.48955894
0,0,0.4859688
1,0,0.48366335
0,0,0.48198614
0,0,0.46906444
0,0,0.47017255
1,0,0.48128825
0,0,0.49569517
1,0,0.47654337
1,0,0.4729085
1,0,0.46846774
1,0,0.48572293
1,0,0.46371752
0,1,0.52073205
0,0,0.48437592
0,0,0.48811507
0,0,0.4772577
0,0,0.4622063
1,0,0.4524526
1,0,0.46041927
1,0,0.46788687
1,0,0.45868212
1,0,0.46696293
1,0,0.46696293
0,1,0.5213458
0,0,0.45797575
0,0,0.4807618
0,0,0.46726882
0,0,0.47016034
0,0,0.48821568
0,1,0.6098701
0,1,0.5016029
0,1,0.5234015
0,0,0.4871353
0,0,0.49961466
0,0,0.45367527
0,1,0.5138219
1,0,0.468862
1,0,0.4669109
1,1,0.64618737
1,1,0.6192026
1,0,0.48755902
1,0,0.48693407
1,0,0.47321445
1,0,0.45173663
0,0,0.48685583
0,0,0.47061288
0,0,0.46144414
1,0,0.4304941
0,0,0.465773
1,0,0.44232944
0,0,0.47201654
1,0,0.48781812
1,0,0.47399244
1,1,0.5003756
0,0,0.4837443
0,0,0.47817534
0,0,0.43742856
0,0,0.46465695
0,0,0.46104622
0,0,0.44819713
1,0,0.47757837
1,0,0.46459725
1,0,0.4825914
1,0,0.48417765
0,0,0.49265134
0,1,0.5124409
0,1,0.5225277
0,0,0.47340992
0,0,0.47551665
1,0,0.46535003
1,0,0.49341092
1,1,0.5262793
1,0,0.4644969
1,0,0.46726227
1,0,0.46758685
1,0,0.491527
0,0,0.4897028
1,0,0.48018813
0,0,0.4720211
0,0,0.45768908
0,0,0.45441622
0,0,0.48018894
0,0,0.4580152
0,0,0.47518542
0,0,0.48313254
0,0,0.48497966
0,0,0.47881165
1,0,0.4956539
1,0,0.47724348
1,0,0.46225765
1,0,0.49926496
1,0,0.47290593
1,0,0.49191347
1,0,0.47728887
1,0,0.47728887
1,0,0.48401302
1,0,0.47182858
1,0,0.4851969
1,0,0.4796587
1,0,0.4790143
1,1,0.50101286
0,0,0.49097475
0,0,0.44238785
0,0,0.46243832
0,0,0.47691166
1,0,0.46231964
0,0,0.4294091
1,0,0.4410462
1,0,0.4345407
0,1,0.51682824
0,0,0.41649526
1,0,0.42443344
0,0,0.39940605
0,0,0.44787043
0,0,0.41131434
0,0,0.42469066
0,0,0.43718693
1,0,0.4768616
1,0,0.4273687
1,0,0.42916128
1,0,0.4356642
1,0,0.43372077
0,0,0.42451963
0,0,0.4680117
0,0,0.46087706
0,0,0.43669468
1,0,0.42548567
1,0,0.4552866
1,0,0.41800535
1,0,0.4597302
1,0,0.4156959
0,0,0.41812867
0,0,0.43731856
0,0,0.45749465
0,0,0.4290152
0,0,0.44388434
0,0,0.45618796
0,0,0.47747406
0,0,0.4723408
0,1,0.5228019
0,0,0.49367693
1,1,0.5218124
1,1,0.514306
1,1,0.5069166
0,0,0.44899267
1,0,0.45121914
0,0,0.48781624
0,0,0.46019077
0,0,0.45419544
0,0,0.46028686
0,0,0.46997082
0,0,0.45872355
0,0,0.4770215
0,0,0.46350458
0,0,0.47637892
0,0,0.47965118
0,0,0.48249024
1,0,0.4772234
0,0,0.4731134
1,0,0.45478168
1,0,0.46086857
1,0,0.47254902
0,1,0.5096041
1,0,0.46599537
1,0,0.48612928
1,0,0.49471068
1,0,0.49166563
1,0,0.4699434
1,0,0.4705299
1,0,0.4937658
0,0,0.47377527
0,1,0.500938
0,0,0.47540605
1,0,0.49478763
1,0,0.46964246
1,0,0.45902047
1,0,0.46370435
1,0,0.49408093
1,0,0.45781234
1,0,0.4705299
1,0,0.4893017
1,0,0.4631009
1,0,0.4893017
0,0,0.49033654
0,0,0.49978176
0,0,0.48986837
0,0,0.49304655
0,0,0.49046457
0,0,0.47017372
0,0,0.4754356
0,0,0.47811458
0,0,0.47946793
1,1,0.537347
1,1,0.5406688
1,0,0.4687705
1,0,0.49784598
0,0,0.48221356
0,0,0.48234385
0,0,0.48522934
0,0,0.49159187
0,0,0.4883793
0,1,0.5115261
0,1,0.50109744
0,0,0.46791703
0,0,0.48529726
0,1,0.52307296
1,1,0.50750244
1,1,0.5036088
1,1,0.52377015
1,1,0.5274324
1,0,0.475659
0,1,0.5017211
0,0,0.49146646
0,0,0.47276118
0,0,0.46244153
0,0,0.4537316
0,0,0.45677137
0,0,0.49001575
0,0,0.49252594
0,0,0.45501325
0,0,0.45230833
0,0,0.41889054
0,0,0.42412093
0,0,0.41823682
0,0,0.45069724
0,0,0.44980592
0,0,0.42724437
0,0,0.44429097
0,0,0.41907644
1,0,0.4829835
1,0,0.4167265
1,0,0.4393651
1,0,0.4712959
0,0,0.46524835
0,0,0.44120693
0,0,0.42037228
0,0,0.3988208
1,0,0.41196764
1,0,0.43821162
0,0,0.4215448
0,0,0.42984867
0,0,0.4701131
0,0,0.43652198
0,0,0.40153173
0,0,0.42286193
0,0,0.41663694
0,0,0.47091052
0,0,0.47239506
0,0,0.4631631
0,0,0.39830276
1,0,0.4800615
0,0,0.45824122
0,0,0.44923452
0,0,0.46821484
0,0,0.47455382
0,0,0.44260874
0,0,0.47760063
1,0,0.48146367
0,0,0.47287214
0,0,0.46397722
1,0,0.45022005
1,0,0.431907
1,0,0.4565057
1,0,0.43430337
1,0,0.4795472
1,0,0.40231535
1,0,0.42126375
1,0,0.4564899
1,0,0.4487168
1,0,0.42950246
1,0,0.46606869
1,0,0.41759443
1,0,0.44181594
1,0,0.46025693
1,0,0.4630001
1,0,0.4686504
1,0,0.4323802
1,0,0.45669317
1,0,0.45042253
1,0,0.41635966
1,0,0.4278955
1,0,0.4270196
1,0,0.44382778
1,0,0.41903082
0,0,0.44373012
1,0,0.43352583
0,0,0.44186288
0,0,0.4090264
0,0,0.43404782
0,0,0.40642747
0,0,0.44342172
0,0,0.4406319
0,0,0.416306
0,0,0.40958217
1,0,0.43254134
1,0,0.42118403
0,0,0.43899775
1,0,0.44842628
1,0,0.44958332
0,0,0.45234793
0,0,0.46033382
1,0,0.43877035
0,0,0.4205428
0,0,0.435629
0,0,0.42068464
1,0,0.43286246
1,0,0.42325994
1,0,0.44185778
1,0,0.42622736
1,0,0.41892526
1,0,0.43607813
1,0,0.43293244
0,0,0.4297817
0,0,0.42630613
0,0,0.45298627
0,0,0.41219246
0,0,0.42179397
1,1,0.53497565
1,0,0.49651212
1,1,0.523
1,1,0.5157046
1,1,0.50933444
1,0,0.38077348
1,0,0.37350348
1,0,0.43190324
1,0,0.43456897
0,0,0.43442467
0,0,0.4315958
0,0,0.44713125
0,0,0.43947586
0,0,0.45924598
0,0,0.42822003
0,0,0.43848246
0,0,0.43195048
0,0,0.42745999
0,0,0.428212
0,0,0.4301387
0,0,0.40842673
0,0,0.41088346
1,1,0.522828
0,0,0.44616082
1,0,0.40053707
0,0,0.44687548
1,0,0.39890543
1,0,0.40642828
1,0,0.41512248
0,0,0.39201814
1,0,0.41830242
1,0,0.41017818
1,0,0.39295697
1,0,0.40924096
1,0,0.42401245
0,0,0.40552786
1,0,0.41951194
1,0,0.42101046
1,0,0.4027307
1,0,0.40840653
1,0,0.39418706
0,0,0.42302716
0,0,0.39814395
0,0,0.41328225
0,0,0.41623133
0,0,0.4287498
0,0,0.44072726
0,0,0.49147278
1,0,0.47162998
0,0,0.47817996
0,0,0.40179604
0,0,0.42297903
1,0,0.37795606
0,0,0.39912784
1,0,0.40125483
1,0,0.4087087
1,0,0.39738533
0,0,0.38984275
0,0,0.42478123
0,0,0.4235775
0,0,0.42935634
0,0,0.43217397
1,0,0.42812896
1,0,0.3888273
1,0,0.4268817
1,0,0.40734825
1,0,0.38126805
1,0,0.4137395
1,0,0.42096075
1,0,0.40369397
1,0,0.38981158
1,0,0.42234185
1,0,0.42015964
1,0,0.4178362
1,0,0.419791
1,0,0.42779002
1,0,0.41613638
1,0,0.4142224
1,0,0.42558056
1,0,0.41060612
1,0,0.4234792
0,0,0.40510798
0,0,0.39817807
0,0,0.3991385
1,0,0.41172925
1,0,0.37342077
1,0,0.39963266
1,0,0.3921815
1,0,0.4300648
0,0,0.38951096
0,0,0.3955507
0,0,0.37556857
0,0,0.40901002
0,0,0.41409987
0,0,0.45102245
0,0,0.4277209
0,0,0.4087444
0,0,0.4121432
0,1,0.5028016
0,0,0.4528346
0,0,0.44347143
0,0,0.42116192
0,0,0.46451318
0,0,0.41151693
0,0,0.41842818
0,0,0.41564527
0,0,0.40198934
1,0,0.41221532
1,0,0.39370057
0,0,0.39349458
0,0,0.38413247
0,0,0.4167115
0,0,0.37075534
0,0,0.38533127
0,0,0.42603388
0,0,0.44728652
0,0,0.39383924
1,0,0.44656208
0,0,0.41353285
0,0,0.47575548
1,0,0.40202582
0,0,0.41230923
0,0,0.40728185
0,0,0.40442345
0,0,0.38798952
0,0,0.39530933
1,0,0.43448097
0,0,0.41363773
0,0,0.3972596
0,0,0.43055817
1,0,0.41898385
1,0,0.40467662
1,0,0.42532006
1,0,0.39335573
1,0,0.40364885
1,0,0.40617913
1,0,0.43410596
1,0,0.4337061
1,0,0.40234795
0,0,0.45367807
1,0,0.4213471
1,0,0.41845056
1,0,0.44005668
1,0,0.44614685
1,0,0.38285273
0,0,0.41457105
0,0,0.41153502
0,0,0.41914338
0,0,0.40796274
0,0,0.4041652
0,0,0.3996045
0,0,0.37763843
0,0,0.45123008
0,0,0.4119057
1,0,0.48941338
1,0,0.39918563
1,0,0.4295463
1,0,0.39697146
1,0,0.3960336
0,0,0.42297843
0,0,0.41796792
0,0,0.41171947
0,0,0.40554613
0,0,0.40723345
0,0,0.38077295
0,0,0.44697726
0,0,0.41243395
0,0,0.43086272
0,0,0.49519995
0,0,0.45633942
0,0,0.4934834
0,0,0.4958546
1,0,0.46982223
1,0,0.40472442
1,0,0.4274008
1,0,0.41630173
1,0,0.39247864
1,0,0.3892653
0,0,0.41387528
0,0,0.44356105
0,0,0.4660693
0,0,0.48264703
0,1,0.5095216
0,0,0.49455562
0,0,0.48434958
1,0,0.49891013
1,1,0.53518695
1,1,0.52278244
1,1,0.50015604
1,0,0.4811743
1,0,0.48237255
1,0,0.48858148
1,0,0.48047933
1,1,0.5012453
1,0,0.4793226
1,0,0.4957342
1,0,0.48692366
1,1,0.5142307
0,0,0.4894848
1,0,0.4793849
1,0,0.48843083
1,0,0.46419823
1,0,0.4700797
0,1,0.5098703
0,0,0.49004626
1,0,0.49571002
0,0,0.48684794
0,1,0.5003778
0,0,0.4953544
0,0,0.48910218
0,0,0.46687052
0,0,0.4946678
1,1,0.6339608
0,0,0.46703023
0,1,0.53987813
0,1,0.5513367
0,1,0.5005722
0,0,0.4595622
0,0,0.49801543
0,0,0.49688917
0,1,0.51986575
0,1,0.5622145
0,1,0.5286886
0,1,0.53857505
1,1,0.50819135
1,1,0.53536415
1,1,0.5270447
1,1,0.5239446
1,0,0.47764054
1,0,0.49879923
0,0,0.45020705
0,0,0.38836953
0,0,0.47764948
0,0,0.4658995
1,0,0.44951963
1,0,0.46599174
1,1,0.5624198
1,1,0.50645673
1,0,0.42733917
0,1,0.53112435
1,1,0.503697
0,0,0.4732452
0,0,0.47903472
1,0,0.47305208
0,0,0.46860087
1,1,0.5228545
1,0,0.4934786
1,0,0.45944372
1,1,0.5008637
0,0,0.46382475
0,1,0.52197754
1,0,0.461933
0,0,0.49168223
0,0,0.46182215
1,0,0.4760625
1,0,0.47764054
1,1,0.5008257
1,0,0.47625306
1,0,0.4781651
1,0,0.47414622
1,0,0.48300064
1,0,0.46793485
1,0,0.48560157
1,1,0.50918174
0,0,0.4948636
0,0,0.47987837
0,0,0.48993406
1,0,0.48917866
1,0,0.49208602
1,0,0.47025943
1,1,0.5023737
1,0,0.4995999
1,0,0.48877347
1,0,0.4131902
1,0,0.44606224
1,0,0.44164506
1,0,0.41154262
1,0,0.3750607
1,0,0.42380816
1,0,0.45375335
1,0,0.488471
0,0,0.4887941
0,0,0.26260346
0,0,0.44293156
0,0,0.36465478
0,0,0.39082533
0,0,0.4147249
1,0,0.46240425
1,0,0.4285608
0,0,0.46359065
0,0,0.4167668
0,0,0.3678389
0,0,0.35621637
0,0,0.41351408
1,0,0.43280637
0,0,0.4149376
1,0,0.4272822
1,0,0.39978915
1,0,0.37797683
1,0,0.38282833
1,0,0.40505794
1,0,0.3846943
1,0,0.35772005
1,0,0.4106027
0,0,0.34729075
0,0,0.37011284
0,0,0.39152777
0,0,0.38299054
0,0,0.3903745
0,0,0.39858994
0,0,0.40731752
0,0,0.3941508
0,0,0.43628505
1,1,0.5060587
0,0,0.47201595
1,0,0.48853117
1,0,0.48607305
1,0,0.4294849
1,0,0.4516333
1,0,0.44366944
1,0,0.4670967
0,0,0.41612446
0,0,0.44670296
0,0,0.4466526
0,0,0.43048596
0,0,0.41912845
0,0,0.44281375
1,0,0.42159918
1,0,0.4366694
1,0,0.45087403
1,0,0.43142164
0,0,0.4476807
1,0,0.43805483
1,0,0.44297743
1,0,0.43594632
1,0,0.43946177
1,0,0.4397578
1,0,0.4568278
1,0,0.4456189
1,0,0.4554815
1,0,0.45042485
0,0,0.41767716
1,0,0.41471416
0,0,0.39469337
0,0,0.39756373
1,0,0.44031405
1,0,0.42098442
0,0,0.45847717
0,0,0.41022536
1,0,0.40877447
1,0,0.44249824
1,0,0.4585703
1,0,0.44162422
1,0,0.4288387
1,0,0.44425887
1,0,0.44825155
1,0,0.44767135
1,0,0.45164537
1,0,0.4506647
1,0,0.46530053
1,0,0.43555734
1,0,0.43584186
0,0,0.41441315
0,0,0.42954937
0,0,0.42411682
0,0,0.44261894
0,0,0.44392174
1,0,0.44589674
1,0,0.44708508
0,0,0.44684562
0,0,0.4510356
0,0,0.45662597
0,0,0.4332522
0,0,0.4401274
0,0,0.42863262
1,0,0.43796733
0,0,0.455963
0,0,0.46391508
0,0,0.4660022
0,0,0.435799
0,0,0.42234644
0,0,0.41100198
1,0,0.4504805
1,0,0.4567116
0,0,0.42036775
1,0,0.4689385
1,0,0.45232892
1,0,0.431346
0,0,0.41739544
0,0,0.43178293
0,0,0.48118606
0,0,0.44650295
0,0,0.4452409
0,0,0.4541118
0,0,0.4137985
0,0,0.45921373
1,0,0.43202063
1,0,0.42515206
1,0,0.43407047
1,0,0.46069524
1,0,0.44661677
1,0,0.47220922
1,0,0.43342307
0,0,0.4357873
0,1,0.512656
0,0,0.45429996
0,0,0.43016765
0,0,0.43131205
1,0,0.47220582
1,0,0.46420985
0,0,0.4515027
1,0,0.46496138
0,0,0.44860306
0,0,0.43053582
0,0,0.4373896
0,0,0.41828617
0,0,0.44212246
0,0,0.43319002
0,0,0.4354868
1,0,0.45542115
1,0,0.47344577
1,1,0.5059646
1,0,0.44762203
1,0,0.4392912
0,0,0.44811973
0,0,0.4349236
0,0,0.4484043
0,0,0.45894068
0,0,0.45623735
0,0,0.43017215
0,0,0.43047422
0,0,0.45460615
1,0,0.466973
1,1,0.5019572
1,0,0.46939227
1,0,0.48947626
0,0,0.44922662
0,0,0.44713116
0,0,0.46324188
0,0,0.46629074
0,0,0.46812338
0,0,0.44136524
0,0,0.46399093
0,0,0.43820146
0,0,0.45622113
0,0,0.44742516
0,0,0.45646614
1,0,0.4501396
1,0,0.4657459
1,0,0.47144523
1,0,0.4595865
1,0,0.45446846
1,0,0.483851
0,0,0.4532677
0,0,0.47775784
0,0,0.4638865
0,0,0.46182308
0,0,0.46571067
0,0,0.44156435
0,0,0.4455814
0,0,0.44720533
0,0,0.43224218
0,0,0.4218043
0,0,0.4136212
0,0,0.3968861
0,0,0.47901022
1,0,0.48695555
1,0,0.42059603
0,0,0.49268705
0,0,0.45316166
1,1,0.50171137
1,0,0.44624054
1,0,0.45489827
1,0,0.4341997
1,0,0.45106193
1,0,0.4378692
0,0,0.45732403
1,0,0.48295924
1,0,0.47554284
1,0,0.46870515
1,0,0.48119992
1,0,0.4739211
1,0,0.49920258
0,0,0.44397607
0,0,0.46390343
0,0,0.45740598
0,0,0.43502763
0,0,0.41378245
0,0,0.42346218
0,0,0.4493787
0,0,0.4776717
1,0,0.45852256
0,0,0.48061642
0,0,0.43316966
0,1,0.5083014
0,0,0.47893617
0,0,0.45734394
0,1,0.52767664
0,0,0.47540534
0,1,0.5795293
0,1,0.5190089
1,1,0.52008146
1,1,0.5064673
1,0,0.47924447
1,1,0.503593
1,0,0.4800322
1,0,0.45521113
1,0,0.47179142
1,0,0.4875839
1,1,0.5082768
0,0,0.41760653
0,0,0.4744908
0,0,0.45052248
0,0,0.4373102
0,0,0.44043666
0,0,0.47542512
1,0,0.49889925
1,0,0.47506443
1,0,0.491803
1,1,0.5017548
1,0,0.48520163
0,0,0.46454713
0,0,0.47995076
1,0,0.48119417
1,0,0.48028326
1,0,0.45882583
1,0,0.4607866
1,1,0.50558233
0,0,0.4665297
0,0,0.48119417
0,0,0.45362306
0,0,0.45555827
0,0,0.45173818
1,0,0.45446664
1,0,0.47538126
1,0,0.45920128
1,0,0.47087035
1,0,0.45984578
1,0,0.4602538
1,0,0.44980386
1,0,0.43708247
1,0,0.42519787
1,0,0.4102531
0,0,0.39503294
0,0,0.3875084
0,0,0.38568884
1,0,0.38425604
0,0,0.40985015
0,0,0.4045674
0,0,0.41700113
0,0,0.4088807
0,0,0.40475252
0,0,0.4201618
0,0,0.43087664
0,0,0.49476454
1,0,0.44075233
1,0,0.48280326
1,0,0.47050914
1,1,0.6037118
1,0,0.4724289
1,0,0.4649221
1,0,0.4324028
1,0,0.4233249
0,0,0.4467969
1,0,0.39619073
0,0,0.41935107
0,0,0.41595918
1,0,0.42332885
1,0,0.41752586
0,0,0.41004068
0,0,0.44981527
0,0,0.42517743
0,0,0.38858426
0,0,0.3751309
0,0,0.4525499
0,0,0.45316246
1,0,0.47913837
0,0,0.4558548
0,0,0.42449564
1,0,0.44327712
0,0,0.44465676
0,0,0.47285253
0,0,0.44703108
0,0,0.47372577
0,0,0.45547614
0,0,0.43719038
0,0,0.46761078
0,0,0.421838
1,0,0.46056613
1,0,0.4688227
1,0,0.4670253
1,0,0.44693068
1,0,0.43522272
1,0,0.45527655
1,0,0.499441
1,0,0.483413
1,1,0.50080186
1,1,0.51036125
1,1,0.5057687
1,0,0.4997144
0,0,0.43323025
0,0,0.44166338
0,0,0.43468902
0,0,0.43131453
0,0,0.42204896
0,0,0.39023736
1,0,0.48000237
1,0,0.4970205
1,0,0.49977076
1,1,0.5006891
1,1,0.5269816
1,0,0.4922111
0,1,0.51443124
0,0,0.44426358
0,0,0.4483009
1,0,0.4434932
1,0,0.4380584
1,0,0.4371727
1,0,0.44563773
1,0,0.4332901
0,0,0.43629658
0,0,0.41052
0,0,0.43277788
0,0,0.42203867
1,0,0.41514966
1,0,0.44541833
1,0,0.43565372
1,0,0.42067924
1,0,0.41718647
0,0,0.41965485
0,0,0.44825834
1,0,0.4294383
0,0,0.43358094
0,0,0.42134008
0,0,0.40893683
0,0,0.4047583
0,0,0.4052687
1,0,0.4742073
1,0,0.42224944
1,0,0.38861054
0,0,0.40106884
1,0,0.4418857
1,0,0.4168244
1,0,0.42672786
1,0,0.42807144
1,0,0.4208337
1,0,0.41458067
1,0,0.4249029
1,0,0.4020208
1,0,0.438041
1,0,0.4302287
1,0,0.43429062
1,0,0.43216446
1,0,0.44623178
1,0,0.43250057
1,0,0.42499328
1,0,0.40728733
1,0,0.42442307
1,0,0.408525
1,0,0.40677503
1,0,0.37792593
1,0,0.3908298
1,0,0.4223537
0,0,0.40579924
0,0,0.42271107
1,0,0.40138856
0,0,0.44141498
0,0,0.42629227
0,0,0.41123173
0,0,0.40920573
0,0,0.42521518
0,0,0.445511
0,0,0.4064345
0,0,0.41587305
0,0,0.4345594
0,0,0.44092518
0,0,0.4099036
0,0,0.4232793
0,0,0.43827647
0,0,0.4596406
0,0,0.43864554
0,0,0.47842476
0,0,0.44665083
0,0,0.445904
1,0,0.49354658
0,0,0.48163235
1,0,0.4346691
1,0,0.48141587
0,0,0.4790569
0,0,0.43472555
0,0,0.44952315
0,0,0.44592476
1,0,0.4307885
1,0,0.44913647
1,0,0.4290836
1,0,0.4323529
1,0,0.4442857
1,0,0.46802506
1,0,0.45449653
1,0,0.46302912
1,0,0.46915972
1,0,0.49586865
1,0,0.47362894
0,0,0.46920308
0,0,0.46287715
0,0,0.47678706
0,0,0.45825356
0,0,0.46576124
0,0,0.4614174
0,0,0.456256
0,0,0.4870122
1,0,0.49027973
1,1,0.50689334
1,0,0.4937368
1,0,0.45632908
1,0,0.4588187
0,0,0.46566343
0,0,0.45566002
0,0,0.46262476
0,0,0.46875185
0,0,0.48097333
0,0,0.4736734
0,0,0.43395334
0,0,0.4629908
0,0,0.47376344
0,0,0.45124137
1,0,0.4572122
1,0,0.45442578
1,0,0.44993472
1,0,0.4596551
1,0,0.48610455
1,0,0.46948376
1,0,0.44438097
0,0,0.4570519
1,0,0.45495975
1,0,0.46555746
0,0,0.46277726
0,0,0.4540667
0,0,0.4226245
0,0,0.45855045
0,0,0.4574322
0,0,0.29220548
0,0,0.35433483
1,0,0.3672298
1,0,0.37730533
1,0,0.3662256
1,0,0.4725321
1,0,0.4671153
1,0,0.4448608
0,0,0.42704532
1,0,0.45468828
0,0,0.37626228
0,0,0.3257123
1,0,0.2935866
1,0,0.31927645
1,0,0.35499853
1,0,0.3752639
1,0,0.37139025
1,0,0.36337155
1,0,0.39659148
0,0,0.39305258
0,0,0.38754898
0,0,0.38851106
0,0,0.38376302
0,0,0.4232772
0,0,0.42486772
0,0,0.43217364
0,0,0.42165616
0,0,0.43783432
0,0,0.41158944
0,0,0.43151057
0,0,0.4085681
0,0,0.41497827
0,0,0.45759052
0,0,0.44946453
0,0,0.47700152
1,1,0.538691
1,1,0.50728524
0,1,0.5043906
1,0,0.48529762
1,0,0.45717892
1,0,0.45587876
1,0,0.4408684
1,0,0.4776555
1,0,0.45361236
1,0,0.45458728
1,0,0.46221557
0,0,0.46535435
1,0,0.4423426
0,0,0.4423426
1,0,0.44739822
1,0,0.460549
1,1,0.5103825
1,0,0.45232022
1,0,0.47584346
1,0,0.45280737
1,0,0.4318998
1,0,0.44542733
0,0,0.4351312
0,0,0.44388232
0,0,0.4359896
1,0,0.43176356
0,0,0.43861434
0,0,0.4285097
0,0,0.43144894
0,0,0.43418783
0,0,0.42542475
0,0,0.45188418
0,0,0.43037978
0,0,0.4294688
1,0,0.41616446
1,0,0.45191935
1,0,0.47545886
1,0,0.47728673
1,0,0.44343203
1,0,0.4217603
1,0,0.45003724
1,0,0.44814134
1,0,0.44227692
1,0,0.45007372
1,0,0.4432312
1,0,0.43846092
0,0,0.44618213
0,0,0.44901597
0,0,0.45222172
0,0,0.4568922
0,0,0.4591233
1,0,0.4588681
1,0,0.45791918
1,0,0.44438064
0,0,0.44489816
0,0,0.44136882
0,0,0.4751624
0,0,0.48469508
0,0,0.47967598
0,0,0.47781724
0,0,0.476617
1,0,0.24491528
1,0,0.46671548
1,1,0.5166425
1,0,0.49950874
1,0,0.49938437
1,0,0.39478835
1,0,0.42777893
0,0,0.42057252
1,0,0.45046335
1,0,0.43763423
0,0,0.4803367
0,0,0.44252142
0,0,0.34258875
0,0,0.40025535
0,0,0.39679733
0,0,0.44291508
1,0,0.4543183
1,0,0.44499955
0,0,0.43253317
0,0,0.42429945
0,0,0.4019887
0,0,0.3873404
0,0,0.39279947
0,0,0.40458485
0,0,0.394789
1,0,0.4478308
1,0,0.46365875
1,0,0.46646774
0,0,0.46095225
0,0,0.45443547
0,0,0.4620183
0,0,0.4427491
1,0,0.45161647
1,0,0.40947488
1,0,0.45924592
1,0,0.44348732
1,0,0.4447074
1,0,0.46646947
1,0,0.44847363
1,0,0.43794712
1,1,0.50754374
1,0,0.40977174
1,0,0.3925761
1,0,0.34788355
0,0,0.3310109
0,0,0.32315037
0,0,0.34583303
0,0,0.33446264
0,0,0.33443186
0,0,0.38623902
1,0,0.37421423
1,0,0.40519732
1,0,0.375367
1,0,0.4113263
1,0,0.4656163
1,0,0.449512
1,0,0.4784061
1,0,0.44750425
0,0,0.48316085
0,0,0.4485124
1,0,0.47632462
1,0,0.47334346
1,0,0.433051
1,0,0.43285123
1,0,0.40507582
1,0,0.46405727
0,0,0.45525086
1,0,0.4578076
1,0,0.4405553
1,0,0.4705771
1,0,0.47393003
0,0,0.48384956
0,0,0.47378287
0,1,0.50211793
0,0,0.4880515
0,1,0.5013151
0,0,0.49184245
1,0,0.4794461
1,0,0.47929892
1,0,0.34884503
1,0,0.4472016
1,0,0.44749048
0,0,0.46427506
1,0,0.483177
0,0,0.45976618
0,0,0.47191393
1,0,0.4159236
1,1,0.5482621
0,0,0.44981617
0,0,0.4672267
0,0,0.47521773
1,0,0.47248572
1,0,0.48926547
1,0,0.43243307
1,0,0.45480454
1,0,0.4532364
1,0,0.43723086
1,0,0.37137008
1,0,0.4451024
1,0,0.40856653
1,0,0.42988548
0,0,0.3944085
0,0,0.4293319
1,0,0.3952814
1,0,0.39255974
1,0,0.39431223
1,0,0.4619193
1,0,0.43134645
1,0,0.4221475
1,0,0.4014126
0,0,0.38524196
1,0,0.36652413
1,0,0.4163916
1,0,0.41220993
1,0,0.4338957
1,0,0.46417594
1,0,0.46606869
1,1,0.50339675
1,0,0.44722924
1,0,0.43480042
1,0,0.4295682
1,0,0.42901343
1,0,0.40907684
1,0,0.43851656
1,0,0.42147464
0,0,0.37774828
0,0,0.3361408
0,0,0.44321838
0,1,0.5062382
0,0,0.44497126
0,0,0.31332996
0,1,0.5939285
1,0,0.49198395
0,1,0.5386336
1,1,0.56639814
0,1,0.55990523
0,1,0.5449388
0,0,0.48450187
0,1,0.52755016
0,1,0.5161864
1,1,0.513028
1,0,0.49050352
1,1,0.54210424
1,1,0.57240444
1,1,0.6002155
0,1,0.5314416
0,1,0.51913065
0,1,0.5524665
0,1,0.5093501
0,0,0.44046
0,0,0.4242387
0,1,0.5131245
0,0,0.45763066
0,0,0.4543399
1,1,0.5148855
1,0,0.49336198
1,1,0.5252125
1,1,0.5125436
1,0,0.4433247
1,0,0.44323984
0,0,0.44984528
0,0,0.46649748
0,0,0.4440055
0,1,0.5052739
0,0,0.49131545
0,1,0.53618073
0,1,0.58198
0,1,0.5009624
0,0,0.4823761
0,1,0.5260001
1,0,0.43374887
1,0,0.45122004
1,0,0.47521827
1,0,0.44098976
1,0,0.42610595
1,0,0.4483348
1,0,0.44210923
1,0,0.49142173
0,1,0.5000984
0,0,0.46957806
0,0,0.46822417
0,0,0.47940552
0,0,0.47398192
0,0,0.42348945
1,0,0.43528658
1,0,0.43287587
1,0,0.4340409
1,0,0.4227251
0,0,0.42489034
0,0,0.4257838
0,0,0.38981253
0,0,0.3747788
0,0,0.398983
1,0,0.3980206
0,0,0.38912705
1,0,0.47476813
1,0,0.41153842
1,0,0.4089052
1,0,0.39200258
1,0,0.40486395
1,0,0.39527386
1,0,0.40371934
1,0,0.4080352
1,0,0.39318457
0,0,0.397627
0,0,0.38978848
0,0,0.388675
0,0,0.38742343
0,0,0.38086694
0,0,0.392471
1,0,0.37293488
1,0,0.4380902
1,0,0.43320927
1,0,0.43558097
0,0,0.40253025
0,0,0.3820186
0,0,0.3843129
0,0,0.38046452
0,0,0.38599953
1,0,0.40949747
0,0,0.42604372
0,0,0.42880705
0,0,0.413958
0,0,0.44672188
0,0,0.4126772
1,0,0.45375162
1,0,0.45302197
0,0,0.43933615
0,0,0.4611535
0,0,0.42686006
0,0,0.4314348
0,0,0.4122423
0,0,0.43033102
0,0,0.40436724
0,0,0.40541738
1,0,0.4098952
0,0,0.43720534
1,0,0.48153237
1,0,0.42744988
1,0,0.3978352
0,0,0.43631855
0,0,0.4256913
0,0,0.40836123
0,0,0.40551084
0,0,0.4058518
0,0,0.39080736
0,0,0.39723924
0,0,0.40145
1,0,0.39249676
1,0,0.4297581
1,0,0.4703937
1,0,0.41379184
0,0,0.46166742
0,0,0.4017298
0,0,0.41546628
0,0,0.40491652
0,0,0.41128418
1,0,0.44482148
1,0,0.45042905
1,0,0.4411659
1,0,0.44828546
1,0,0.45132694
1,0,0.46144536
0,0,0.4671696
1,0,0.41209167
0,0,0.41728538
0,0,0.42305437
1,0,0.41553766
1,0,0.38904494
1,0,0.41208574
1,0,0.45650604
1,0,0.4456524
1,0,0.40265438
0,0,0.38521406
1,0,0.32431114
1,0,0.3910016
1,0,0.38744938
1,0,0.36570644
1,0,0.44407073
1,0,0.4069461
0,0,0.3440426
1,0,0.4031132
1,0,0.40789893
0,0,0.4055269
0,0,0.38077435
0,0,0.38970742
0,0,0.404075
0,0,0.39363644
0,0,0.4268558
0,0,0.47504786
0,0,0.43117532
0,0,0.4353868
0,0,0.39920878
0,0,0.423709
1,0,0.4497871
0,1,0.5031913
1,0,0.46194983
0,0,0.46251497
0,0,0.39554644
0,0,0.3887166
0,0,0.38336083
1,0,0.39233828
1,0,0.37872463
1,0,0.3542773
1,0,0.3804477
1,0,0.3766763
0,0,0.37447372
0,0,0.4063426
0,0,0.38731587
0,0,0.39841652
0,0,0.38956928
1,0,0.41269943
1,0,0.40603942
1,0,0.41520992
1,0,0.37970492
1,0,0.38033125
1,0,0.4037373
1,0,0.38733557
1,0,0.3877973
1,0,0.39964038
1,0,0.37263444
1,0,0.39942923
0,0,0.39268377
0,0,0.40027645
0,0,0.40573773
0,0,0.39433536
0,0,0.4223057
1,0,0.416577
1,0,0.44034818
1,0,0.44380075
1,0,0.47215953
1,0,0.42089194
1,0,0.3860021
1,0,0.3822062
1,0,0.4102789
1,0,0.3981432
1,0,0.37558204
1,0,0.39392942
1,0,0.3842303
1,0,0.38169202
1,0,0.40145263
1,0,0.4083127
1,0,0.3751602
1,0,0.4097935
1,0,0.41589674
1,0,0.40023553
1,0,0.39421624
1,0,0.41514093
1,0,0.43562004
1,0,0.42289698
1,0,0.45325193
0,0,0.4146212
0,0,0.43405354
0,0,0.42217508
0,0,0.4381841
0,0,0.41839352
1,0,0.42128456
1,0,0.42781323
1,0,0.40347824
1,0,0.46169004
0,0,0.4329799
1,0,0.40574792
1,0,0.40406916
0,0,0.40189207
1,0,0.4152344
1,0,0.40826306
0,0,0.41750005
0,0,0.40743557
1,0,0.41861445
0,0,0.4119425
0,0,0.40541562
1,0,0.44389647
0,0,0.4418892
1,0,0.41700253
1,0,0.40552387
1,0,0.3893816
1,0,0.41445705
1,0,0.44368395
0,0,0.4574051
0,0,0.42019
0,0,0.4204875
0,0,0.39990366
0,0,0.39749107
0,0,0.4192316
0,0,0.42983076
0,0,0.42050335
0,0,0.41364798
0,0,0.41497752
0,0,0.4154639
0,0,0.378668
0,0,0.4424559
0,0,0.41330165
0,0,0.404995
0,0,0.44766203
1,0,0.4403496
1,0,0.42448625
1,0,0.3861509
1,0,0.43136746
1,0,0.39932373
1,0,0.3915645
1,0,0.38042125
1,0,0.3842738
0,0,0.39400008
0,0,0.41272497
0,0,0.407502
0,0,0.3962076
0,0,0.4117746
1,0,0.42831275
1,0,0.4190576
0,0,0.40875956
0,0,0.41758597
0,0,0.41758597
0,0,0.435892
0,0,0.4239036
0,0,0.4320851
0,0,0.42150098
0,0,0.41453233
1,0,0.43607146
1,0,0.43953001
1,0,0.39217252
1,0,0.4050194
1,0,0.416479
1,0,0.42617384
1,0,0.41794968
1,0,0.38990173
0,0,0.4133892
0,0,0.4045308
0,0,0.4066226
0,0,0.4217848
0,0,0.4037164
0,0,0.45660266
0,0,0.42369488
0,0,0.42625967
0,0,0.44386488
0,0,0.44235304
1,0,0.4530683
1,0,0.47293904
0,1,0.50689775
1,0,0.38258716
0,0,0.38946483
0,0,0.4093214
1,0,0.3960254
1,0,0.3877927
0,0,0.43431935
0,0,0.4147616
0,0,0.41523808
0,0,0.41385236
0,0,0.4136263
1,0,0.42195997
1,0,0.4024855
1,0,0.41859013
1,0,0.43366224
1,0,0.43228918
0,0,0.44986436
0,0,0.4303805
0,0,0.41339126
0,0,0.4255168
0,0,0.43363553
0,0,0.4242705
0,0,0.3994653
0,1,0.5461114
0,0,0.4400411
1,0,0.46497568
1,0,0.46497568
1,0,0.46879157
1,0,0.47867146
1,0,0.4803365
1,1,0.52690256
0,0,0.4783786
0,0,0.4931368
1,0,0.46812943
1,0,0.49958324
1,0,0.46859545
1,1,0.5175209
1,0,0.43652272
0,0,0.43224013
0,0,0.4865597
0,0,0.307271
1,0,0.45963323
1,0,0.45321983
0,1,0.5005013
0,0,0.4710595
0,1,0.55687654
0,0,0.4313923
0,0,0.46952224
0,0,0.48640615
0,0,0.42908683
1,1,0.6009883
0,1,0.5098721
0,0,0.47616726
0,1,0.5029854
0,1,0.6298133
0,0,0.48040822
0,1,0.56844246
0,1,0.5045463
0,1,0.5129149
0,0,0.47750157
0,1,0.54704374
0,1,0.5097765
1,1,0.680225
1,1,0.5659944
1,1,0.58731645
1,0,0.49416855
1,0,0.471475
1,0,0.4842749
1,0,0.4833852
1,0,0.4993515
0,0,0.48259223
1,0,0.49406272
1,0,0.47255886
0,0,0.45817986
0,0,0.44627345
1,0,0.479027
0,0,0.49505815
1,0,0.49473092
1,0,0.49288148
1,0,0.46885064
0,0,0.4681358
0,0,0.46168247
0,0,0.49102658
0,0,0.4663712
1,0,0.46141014
1,0,0.48537242
1,0,0.45418617
1,1,0.5416936
1,0,0.4969814
1,0,0.48436025
1,0,0.46745515
0,0,0.42847332
0,0,0.47822332
1,0,0.49288297
1,0,0.48404253
1,0,0.47911423
1,1,0.50811315
1,0,0.48594433
0,0,0.48660302
1,0,0.46530202
0,0,0.4590536
1,1,0.5046782
1,1,0.51063114
1,0,0.4545216
1,0,0.46621147
1,0,0.48473763
0,0,0.47185022
0,0,0.472942
0,0,0.453333
0,0,0.43415657
0,0,0.4720706
0,0,0.43345395
1,1,0.5676924
1,0,0.49370572
0,1,0.52035934
0,0,0.47704157
0,1,0.51640195
0,0,0.4623907
0,0,0.47625062
0,0,0.4846907
0,0,0.4811924
1,1,0.63232785
1,1,0.62335044
1,1,0.73534936
1,1,0.574637
1,1,0.5527273
0,0,0.48909047
1,0,0.47673813
1,0,0.4739258
1,0,0.44240227
1,0,0.48314282
1,0,0.49001637
1,0,0.48195827
0,0,0.480944
1,0,0.4825223
0,0,0.48296443
1,0,0.4784036
0,0,0.48832405
0,0,0.47525144
0,1,0.50368685
1,0,0.49681687
1,1,0.5260811
1,0,0.4704568
1,0,0.48205116
1,0,0.49086088
1,0,0.4372904
1,0,0.46600148
1,1,0.5082652
1,0,0.47433534
1,0,0.48190185
1,0,0.4665474
1,0,0.4818494
0,0,0.46663246
0,0,0.44740155
0,0,0.43639877
1,0,0.45327175
1,0,0.4517659
1,0,0.48091644
1,1,0.52404976
1,0,0.4821983
0,0,0.4708806
0,0,0.49004614
0,0,0.4676777
0,0,0.47352526
0,0,0.47184503
0,0,0.49618107
0,1,0.5351663
0,0,0.48454618
0,0,0.44416168
1,0,0.44068572
0,1,0.52001786
1,1,0.52129924
1,0,0.48445618
1,0,0.48444203
1,0,0.44569355
1,0,0.43921217
1,0,0.47356674
0,0,0.4165832
0,0,0.43587384
0,0,0.41580078
0,0,0.44886643
1,0,0.4319993
1,0,0.40577823
1,0,0.41857436
1,0,0.45659682
1,0,0.4936243
1,0,0.4469311
1,0,0.37556484
1,0,0.43602228
0,0,0.37634602
0,0,0.39095294
1,0,0.41816208
1,0,0.4172741
1,0,0.41006726
1,0,0.46688798
1,0,0.41140828
1,0,0.43033695
1,0,0.3973328
0,0,0.3322406
1,0,0.41406465
1,0,0.40790108
1,0,0.41498795
1,0,0.41737086
1,0,0.4605958
1,0,0.42988586
1,0,0.38913038
0,0,0.34001285
0,0,0.36948785
1,0,0.36574802
1,0,0.3901152
1,0,0.3962757
0,0,0.4059945
1,0,0.43452764
0,0,0.3737974
0,0,0.38975802
0,0,0.38939258
0,0,0.4097872
0,0,0.3828171
0,0,0.45618102
0,0,0.46883544
0,0,0.44768038
0,0,0.44327804
0,0,0.39756146
1,0,0.43560869
1,1,0.5148213
1,0,0.4661498
1,0,0.43381923
0,0,0.3986137
1,0,0.39879516
0,0,0.3946251
0,0,0.40412343
0,0,0.412603
0,0,0.41665855
0,0,0.38622424
0,0,0.4227607
1,1,0.50691354
1,0,0.47954068
1,0,0.4828804
0,0,0.48598373
0,0,0.43273216
0,0,0.41753936
0,0,0.40382203
0,0,0.42483172
0,0,0.43688804
0,0,0.46780884
1,0,0.47127563
1,0,0.48890862
1,0,0.4946787
1,0,0.45257735
1,0,0.43114057
1,0,0.38719487
1,0,0.42602432
0,0,0.41891137
0,0,0.3684904
0,0,0.40721798
0,0,0.39847666
0,0,0.425491
0,0,0.39873654
1,0,0.48967302
1,0,0.47896093
1,0,0.4310823
1,0,0.43980885
1,0,0.44490984
1,0,0.4165642
1,0,0.44866294
1,0,0.4524108
1,0,0.40846202
1,0,0.41669944
1,0,0.43322062
0,0,0.42936206
0,0,0.43480366
0,0,0.41566002
0,0,0.42142192
0,0,0.42525804
0,0,0.4765201
1,1,0.54533136
0,1,0.5317826
0,1,0.50679487
0,1,0.5185508
0,0,0.4281779
0,0,0.36113742
0,0,0.42459583
0,0,0.4252915
0,0,0.39442104
0,1,0.5371124
1,1,0.5087095
0,0,0.47862405
1,0,0.49140617
1,0,0.4896922
1,0,0.45771122
0,0,0.46409118
1,0,0.48861438
1,1,0.50260514
1,1,0.5142848
1,0,0.47617054
1,0,0.43916902
1,0,0.4355012
0,0,0.45148182
0,0,0.46521127
0,0,0.4536217
0,0,0.4410122
0,0,0.45135415
0,0,0.44911313
0,0,0.47637704
0,0,0.44876093
0,1,0.5034239
1,1,0.56504875
1,1,0.5793917
1,1,0.65845245
1,1,0.6269513
1,1,0.5780165
1,1,0.5426863
1,1,0.5043015
1,0,0.49969947
1,0,0.44259968
1,0,0.41443506
1,0,0.4549522
1,0,0.45096815
1,1,0.517614
1,0,0.45938164
1,0,0.48646504
1,0,0.44105005
0,0,0.45528677
0,0,0.43916065
0,0,0.3280312
0,0,0.401614
0,0,0.40340975
0,0,0.39458308
0,0,0.42552084
0,1,0.61911994
0,1,0.53602827
0,0,0.48713744
0,0,0.42037076
0,1,0.5918564
0,0,0.4986331
1,1,0.5777457
0,1,0.59382063
0,1,0.66905016
0,1,0.6124996
0,1,0.60436755
0,1,0.5986166
0,1,0.6970604
1,1,0.57013154
1,1,0.5815573
1,0,0.4685388
1,0,0.46023548
1,1,0.54492384
1,0,0.425653
1,1,0.50348806
1,0,0.44717216
1,0,0.46650344
1,0,0.42519042
1,0,0.45980188
1,0,0.40043414
1,0,0.4326202
1,0,0.4236853
1,0,0.39100116
0,0,0.4474158
1,0,0.42937306
1,0,0.46071184
0,1,0.5302576
0,1,0.52795213
1,1,0.5270492
0,1,0.53020227
1,1,0.50013644
1,1,0.5137123
1,0,0.48940697
1,0,0.48437238
1,0,0.47015357
1,0,0.38818118
1,0,0.39938948
0,0,0.41083723
0,0,0.42596558
0,0,0.42372763
0,0,0.42009574
0,0,0.43162307
1,0,0.4259105
1,0,0.4027491
1,0,0.43766564
1,0,0.4666538
1,0,0.45504528
1,0,0.39489755
1,0,0.44157666
0,0,0.45290306
1,0,0.45303246
0,0,0.42232072
0,0,0.45175588
0,0,0.4151355
0,0,0.44421342
0,0,0.44529358
0,0,0.4945389
0,1,0.6602312
0,1,0.5480447
0,1,0.5346631
0,1,0.5099489
0,1,0.5668403
0,1,0.6094243
0,1,0.5072457
0,0,0.46980584
0,0,0.46458268
1,1,0.6051689
1,1,0.7159908
1,1,0.61108625
1,1,0.7333693
1,1,0.7229497
1,1,0.6338634
1,1,0.63078034
1,0,0.48458946
1,0,0.48012447
1,0,0.43398225
0,0,0.40327394
1,0,0.45155618
0,0,0.42111403
0,0,0.46913213
1,0,0.46766824
1,1,0.5386917
1,1,0.5141954
0,1,0.5085154
0,1,0.50687635
0,0,0.45524567
0,0,0.4645931
0,0,0.45037165
0,0,0.45008507
1,0,0.4570724
1,1,0.54556185
0,0,0.47715804
0,0,0.4993697
0,0,0.44130903
0,0,0.4174976
0,0,0.44604757
1,0,0.4352693
0,0,0.4295031
1,0,0.39132434
1,0,0.4690247
1,0,0.4455866
0,0,0.4367417
1,0,0.44050124
1,0,0.4475683
1,0,0.4390832
1,0,0.42278886
0,0,0.42742738
0,0,0.42778438
0,0,0.41627717
0,0,0.43548986
0,0,0.42334485
1,0,0.43869287
1,0,0.44951338
1,0,0.41407245
1,0,0.4527588
1,1,0.5334557
1,1,0.544347
1,0,0.422673
1,0,0.4362577
1,0,0.46393156
1,0,0.44644734
1,0,0.44673997
1,0,0.43510845
1,0,0.4413339
1,0,0.45631027
1,0,0.44938505
1,0,0.4362128
1,0,0.47433034
1,0,0.47012872
1,0,0.4583264
1,0,0.4146249
0,0,0.45851886
0,0,0.45091602
1,0,0.4154968
0,0,0.4419841
0,0,0.49638695
1,0,0.44394472
1,0,0.44209674
1,0,0.41930297
1,0,0.46650288
1,1,0.51774067
1,0,0.43149972
1,0,0.45329803
1,0,0.45651314
1,0,0.4616142
1,0,0.45824143
0,0,0.45266283
0,0,0.42649657
0,0,0.4178085
0,0,0.44476253
0,0,0.39929324
0,0,0.41218072
0,0,0.42760125
0,0,0.4765597
0,0,0.37510422
1,1,0.54833907
1,0,0.4525713
1,0,0.47916657
0,0,0.4855512
0,0,0.43578425
0,0,0.44900367
0,0,0.44428334
0,0,0.41462833
0,0,0.42698425
0,0,0.4363426
0,0,0.46277705
1,0,0.47513473
1,0,0.42918307
1,0,0.4477966
1,0,0.44995087
1,0,0.4577962
1,0,0.4120299
0,0,0.41284826
1,0,0.400832
0,0,0.39738178
0,0,0.37594703
0,0,0.3917649
0,0,0.4080684
0,0,0.40400633
0,0,0.41259202
0,0,0.4652263
1,0,0.47212115
1,0,0.44888446
1,0,0.4788542
1,0,0.47674122
1,0,0.43074432
0,0,0.41576827
0,0,0.41914338
0,0,0.42913178
1,0,0.39850172
0,0,0.4286938
1,0,0.42660198
1,0,0.4198172
1,0,0.44937742
1,0,0.45227268
1,0,0.44796938
1,0,0.45420387
0,0,0.44540867
0,0,0.43547133
0,0,0.45177573
0,0,0.43278137
1,0,0.44910145
1,0,0.4327045
1,0,0.43587914
1,0,0.46163765
1,0,0.43788782
1,0,0.49622205
1,0,0.44023493
0,0,0.3947882
0,0,0.39190888
1,0,0.45641723
1,0,0.458201
1,0,0.4459769
1,0,0.45076844
1,0,0.4608826
0,0,0.44043976
0,0,0.44547936
0,0,0.4014621
1,0,0.45370775
1,0,0.4465937
1,1,0.59070605
1,1,0.60935575
1,0,0.4482402
1,0,0.45030308
1,0,0.4508567
0,0,0.42222333
1,0,0.4520032
1,0,0.4303973
1,0,0.44709614
0,0,0.4035739
0,0,0.43335605
0,0,0.43907583
0,0,0.46874416
0,0,0.46779186
0,1,0.5257354
0,1,0.5041122
0,1,0.51509655
1,1,0.60011387
1,1,0.5295398
1,1,0.5453386
1,1,0.5643572
1,0,0.47374707
1,0,0.4477822
0,0,0.46453255
0,0,0.4686191
0,0,0.4648811
0,0,0.4544847
0,0,0.4625602
0,0,0.48260492
0,0,0.45850095
1,0,0.45917383
1,0,0.44782436
0,0,0.41414687
1,0,0.46984905
1,0,0.46859416
0,0,0.45993906
0,0,0.46177828
1,0,0.46232054
0,0,0.46980885
1,0,0.4327142
1,0,0.44787344
1,0,0.44733012
1,0,0.4975831
0,0,0.44036096
0,0,0.4541554
0,0,0.41677853
1,0,0.42155436
0,0,0.41958407
1,0,0.46681958
1,0,0.4800305
0,0,0.4271161
0,1,0.50200576
0,0,0.4154577
0,0,0.4935143
0,1,0.54579884
0,0,0.48139703
0,1,0.5094115
0,1,0.5047452
0,1,0.6413191
0,1,0.5454749
1,1,0.5440602
0,1,0.6167622
0,1,0.5734338
0,0,0.48270857
0,0,0.4873626
0,0,0.472117
0,1,0.55115736
0,1,0.5815751
0,1,0.5822599
0,1,0.54938316
0,0,0.35360238
0,0,0.34735748
0,0,0.43268746
0,1,0.56205213
1,1,0.56980693
0,1,0.63393515
1,1,0.54567075
0,1,0.5259682
1,1,0.52327895
1,1,0.50826126
1,0,0.49721855
1,0,0.49622524
1,1,0.5039434
1,1,0.50695926
1,0,0.48633355
1,1,0.5213421
0,1,0.5250615
0,1,0.51006436
0,1,0.5172509
1,1,0.51776826
0,1,0.53249437
0,0,0.48920935
1,1,0.5180917
0,1,0.5360395
0,1,0.5520284
0,0,0.49996072
0,1,0.51066405
1,0,0.4862514
1,0,0.48593745
1,0,0.47371486
1,1,0.5075036
1,0,0.4871878
1,1,0.51295465
1,0,0.4979049
1,1,0.5183277
1,0,0.491907
1,1,0.5097577
1,1,0.50286424
1,1,0.52164406
1,1,0.5039475
1,1,0.532722
0,1,0.5024886
0,0,0.49695545
0,0,0.48571032
0,0,0.48061147
0,1,0.540132
0,1,0.5166626
0,1,0.52298653
0,1,0.50756407
0,1,0.50269324
0,1,0.5271968
0,1,0.52877593
0,0,0.48590076
0,0,0.47522345
0,0,0.4776951
1,0,0.36797628
1,1,0.525738
1,1,0.5853273
1,1,0.58145165
1,1,0.5628235
1,1,0.5581121
1,1,0.5230297
0,1,0.5075248
0,1,0.5118977
1,1,0.51566446
0,1,0.50213784
0,0,0.48107702
0,0,0.48582408
1,0,0.49361745
0,1,0.55539954
1,1,0.5155528
1,1,0.51377594
1,1,0.5286221
1,1,0.5255413
1,0,0.4895923
1,1,0.50337064
1,1,0.50562567
1,1,0.50898427
1,0,0.4884546
1,0,0.4590536
0,1,0.5066783
0,0,0.475813
0,0,0.48981082
0,1,0.5150636
0,0,0.49408624
1,1,0.5274199
1,0,0.47702995
1,0,0.47431007
1,1,0.5654762
1,0,0.49643973
1,0,0.49815497
1,1,0.5093147
1,1,0.51020503
1,1,0.5037994
1,0,0.48271468
0,1,0.5206548
0,1,0.5140764
1,0,0.4912197
0,0,0.4844503
1,0,0.4550412
1,0,0.4781474
1,0,0.48871368
1,1,0.5501683
1,0,0.46476316
0,0,0.46463853
1,0,0.44459718
0,0,0.47167903
1,0,0.46295616
1,0,0.45336202
1,0,0.4407404
1,0,0.46307167
1,0,0.45638937
0,0,0.47446877
0,0,0.46628433
0,0,0.43677437
0,0,0.43209937
0,0,0.4473036
0,0,0.42554662
0,0,0.4492818
0,0,0.4325648
0,0,0.42400357
1,0,0.41220218
1,0,0.4548872
0,0,0.43649545
0,0,0.44165897
0,0,0.43990943
0,0,0.47900218
0,0,0.44006783
1,0,0.46467584
0,1,0.52582896
1,0,0.47116598
1,0,0.47740862
1,0,0.4937364
1,0,0.48064
1,0,0.49955153
1,1,0.5680795
1,1,0.5315709
1,1,0.53036755
0,1,0.53268546
0,1,0.52553374
0,1,0.52717346
0,1,0.50757086
0,0,0.49812248
1,0,0.47612038
1,1,0.5013662
1,1,0.53860706
1,0,0.48547366
1,0,0.48274645
1,0,0.4859379
1,0,0.4825636
1,0,0.4817493
0,0,0.49178416
0,0,0.47889307
0,0,0.45376116
0,0,0.47677955
0,0,0.47454715
0,0,0.4573535
1,1,0.515195
1,1,0.5257315
1,1,0.5397323
1,1,0.5039596
1,1,0.53578323
1,0,0.45712003
1,1,0.50473416
1,0,0.48973945
1,1,0.51738197
0,0,0.48093376
0,0,0.45470792
0,0,0.4561847
0,0,0.47355467
0,0,0.46517485
0,0,0.48424354
1,0,0.49778068
0,0,0.4870575
1,0,0.49371645
0,0,0.49794024
0,0,0.49098325
0,0,0.4687915
0,0,0.45149952
0,0,0.46888933
1,0,0.4531608
1,0,0.4830183
1,0,0.46480936
1,0,0.479367
1,0,0.4869386
1,1,0.52077156
1,1,0.51675326
0,1,0.5235816
0,0,0.4810592
1,1,0.5142874
1,1,0.50379217
1,0,0.45753512
1,0,0.459145
1,0,0.46527806
1,1,0.5416481
1,1,0.5210707
1,0,0.49110213
1,0,0.4924743
1,1,0.5076227
1,1,0.5208033
1,0,0.4940797
1,0,0.49126038
0,0,0.4849448
0,0,0.47184852
0,1,0.5024561
0,0,0.4761432
0,0,0.4605087
0,0,0.48683968
0,0,0.46551198
1,1,0.5003382
1,0,0.4654407
1,0,0.47380653
0,0,0.47089636
0,0,0.4561131
0,0,0.45884547
0,0,0.4679706
0,0,0.45370352
0,0,0.44751453
0,0,0.4977707
0,0,0.43662304
0,0,0.46379808
0,0,0.45512336
0,0,0.44588706
0,0,0.4576592
1,0,0.49047145
1,1,0.50493425
1,1,0.5394604
1,1,0.5098017
1,1,0.520708
0,1,0.51550096
0,0,0.4943628
0,0,0.49727798
0,0,0.4923744
0,0,0.488503
0,0,0.48154604
0,0,0.47403115
0,0,0.48158354
0,0,0.4774098
1,0,0.44136557
1,0,0.4457301
1,0,0.43892756
1,0,0.46795833
1,1,0.5563696
1,0,0.4181851
1,0,0.40124723
0,0,0.35689875
1,0,0.44472063
1,0,0.35504678
1,0,0.32436705
1,0,0.4077329
1,0,0.44884107
0,0,0.41415817
0,0,0.40816498
1,0,0.37039682
1,1,0.50233454
1,0,0.4485074
1,0,0.43209267
1,0,0.4380653
1,0,0.37429395
0,0,0.3295708
1,0,0.3198358
1,0,0.32925186
1,0,0.3926079
1,0,0.43157688
1,0,0.4632096
1,0,0.44565013
0,0,0.45955583
0,0,0.31730986
0,0,0.29316857
0,0,0.27656183
0,0,0.38348672
0,1,0.5333861
0,0,0.46938446
0,1,0.5515077
1,1,0.522629
1,1,0.64509773
1,1,0.599473
1,1,0.6559484
1,1,0.52303714
0,0,0.46781132
1,0,0.46307492
1,0,0.4455976
1,0,0.4519504
0,0,0.44441247
0,1,0.50498223
1,0,0.47931856
0,0,0.4493922
1,0,0.45188877
1,1,0.52153003
1,1,0.50980365
1,0,0.41632143
1,0,0.4522942
1,0,0.4619352
1,0,0.45211047
1,0,0.45058483
1,0,0.43443412
0,0,0.4308
0,0,0.36923686
0,0,0.3858457
0,0,0.37728313
0,0,0.3869017
0,0,0.4713799
0,0,0.44493514
0,0,0.45177048
0,0,0.4551178
0,1,0.546356
0,0,0.47261828
0,0,0.4503624
1,0,0.4976185
1,1,0.56402534
1,0,0.4756521
1,0,0.45123914
1,0,0.45946425
0,0,0.46993423
0,0,0.44359967
1,0,0.465675
1,0,0.4982326
1,0,0.4387419
1,1,0.50873095
0,1,0.55030996
0,0,0.47031975
0,0,0.4884379
0,0,0.449425
0,0,0.4866517
0,0,0.4890679
0,1,0.530869
0,0,0.48958442
0,0,0.49332222
0,1,0.5100292
0,0,0.49218383
0,1,0.5004702
0,0,0.49266866
0,0,0.48371798
0,1,0.50075835
1,1,0.5841525
1,1,0.5604895
1,1,0.7592972
1,1,0.5711286
1,1,0.54591954
1,1,0.5510659
0,1,0.5258991
1,0,0.4879303
0,1,0.5135446
1,1,0.54205954
0,1,0.5349277
1,1,0.5240218
1,0,0.49666515
1,1,0.51095843
1,0,0.49161744
1,1,0.5232222
1,1,0.52309346
1,1,0.540645
0,0,0.4944135
1,0,0.48676702
0,0,0.43292278
1,0,0.4302213
1,0,0.44227305
1,0,0.49262092
1,0,0.48140398
1,0,0.4640773
0,0,0.49028927
1,0,0.4782945
1,0,0.49518585
1,0,0.48267856
1,0,0.48839784
1,0,0.49045712
1,0,0.45482004
1,0,0.43186718
1,0,0.45953962
1,0,0.35978422
1,0,0.34907472
1,0,0.3927415
1,0,0.29805866
1,0,0.40193874
1,0,0.46296638
1,0,0.4773644
1,0,0.4546366
1,0,0.37386456
1,0,0.41627637
0,0,0.26886153
0,0,0.378336
0,0,0.32068345
0,0,0.34928316
0,0,0.40914276
1,0,0.42106074
1,0,0.44445774
1,0,0.37183765
0,0,0.38235888
0,0,0.4176487
0,0,0.4002895
0,0,0.3928486
0,0,0.3882042
1,0,0.43624893
0,0,0.39680827
1,0,0.45997262
0,0,0.4416238
0,0,0.3735659
0,0,0.37537098
0,0,0.37756154
0,0,0.3859515
1,0,0.37616232
1,0,0.42704096
0,0,0.46251103
0,0,0.41880026
1,0,0.47156024
1,0,0.4170857
1,0,0.4170857
1,0,0.43315545
1,0,0.39934292
1,0,0.41101003
0,0,0.4507695
0,0,0.44309995
0,0,0.4273247
1,0,0.42635378
0,0,0.43339172
0,0,0.42339173
0,0,0.41801763
0,0,0.41924167
0,0,0.43989843
0,0,0.41802025
1,0,0.4239515
1,0,0.42648932
1,0,0.41062167
1,1,0.5017464
1,0,0.48446846
1,0,0.47722334
1,0,0.4604819
0,0,0.43606102
0,0,0.46163562
0,0,0.45642233
1,0,0.42110416
0,0,0.45539212
0,0,0.4927249
1,0,0.46052358
1,0,0.4607333
1,0,0.4964095
1,0,0.46227792
1,0,0.49318585
1,0,0.43203065
1,0,0.44556484
0,0,0.4267705
1,0,0.4327086
0,0,0.393351
0,0,0.4318325
0,0,0.41947573
0,0,0.41602194
0,0,0.4188012
0,0,0.4621462
0,0,0.41326654
0,1,0.5030503
0,0,0.45533583
0,0,0.45094216
1,0,0.43772522
0,0,0.45913652
0,0,0.48278168
0,0,0.46699536
0,0,0.4378536
0,0,0.47489426
0,0,0.38923994
0,0,0.4605839
1,0,0.46910053
1,0,0.4522152
1,0,0.46651274
1,0,0.47585782
1,1,0.52848715
1,0,0.47927272
0,1,0.503392
0,0,0.43509004
1,0,0.467882
1,0,0.45115027
1,0,0.4312737
1,0,0.4321486
1,0,0.4886379
1,0,0.46713388
0,0,0.47362703
1,0,0.4596217
1,0,0.45783526
1,0,0.43311688
1,0,0.4201114
1,0,0.41182804
1,0,0.45577964
1,0,0.45939633
1,0,0.41861877
1,0,0.44222638
1,0,0.4109857
1,0,0.42033955
0,0,0.41244876
1,0,0.42322707
0,0,0.3790986
0,0,0.36242214
0,0,0.4370441
0,0,0.4358213
0,0,0.43798327
0,0,0.44054678
0,0,0.44100198
0,0,0.4242371
0,0,0.48441255
0,0,0.49438813
0,0,0.45192167
0,0,0.48128483
0,0,0.43786514
0,0,0.43039373
0,0,0.44665718
1,0,0.41943392
1,0,0.4673395
1,0,0.49642178
1,0,0.49988785
1,1,0.53713965
0,0,0.47651917
0,0,0.46868098
0,0,0.46583274
1,0,0.44039923
0,0,0.44616163
0,0,0.43670443
0,0,0.45111686
0,0,0.42726988
0,0,0.4534373
0,0,0.4394081
0,0,0.4397962
1,0,0.44950017
0,0,0.4658162
1,1,0.51257193
0,0,0.47439986
0,0,0.45979553
0,0,0.4220978
1,0,0.4645996
1,0,0.4044627
1,0,0.41072762
0,0,0.45126334
0,0,0.44378936
0,0,0.42022017
1,0,0.44777444
1,0,0.39858067
1,0,0.438586
1,0,0.4100002
1,0,0.38367012
1,0,0.45562375
0,0,0.430935
0,0,0.42640078
0,0,0.427374
0,0,0.41185474
0,0,0.42915523
0,0,0.4576759
0,0,0.4416005
0,0,0.49287462
0,1,0.52974117
0,1,0.5378218
0,0,0.43694317
0,1,0.5117524
0,0,0.46869397
0,1,0.50887674
0,0,0.4321037
0,1,0.51264423
0,0,0.48426965
0,1,0.5049674
0,0,0.48363632
0,0,0.465584
0,0,0.47885934
0,0,0.46694067
1,1,0.5173322
1,1,0.5306205
0,1,0.54702854
0,0,0.4552625
0,0,0.48652253
0,0,0.466272
0,0,0.45568338
1,0,0.44226816
1,0,0.45089847
1,0,0.4494955
1,0,0.44033638
1,0,0.45838538
1,0,0.49821848
1,0,0.46069834
1,0,0.46000022
0,0,0.47566223
0,0,0.44384995
0,0,0.4358578
1,0,0.4422524
0,0,0.48548198
0,0,0.42249697
0,0,0.46834433
1,0,0.42982614
0,0,0.46944812
0,0,0.42141137
0,0,0.41836548
1,0,0.42388397
0,0,0.40991065
0,0,0.4135596
1,0,0.49303547
1,0,0.46012974
1,0,0.4208048
1,0,0.43626353
1,0,0.43104365
1,0,0.39775658
1,0,0.4731538
1,0,0.41637737
1,0,0.44208923
1,0,0.43990922
1,0,0.483899
1,0,0.42581987
1,0,0.4202404
1,0,0.43831763
1,0,0.4513799
0,1,0.51058817
0,0,0.36116546
1,0,0.40199402
1,0,0.4312564
1,0,0.43311107
0,0,0.49161848
0,0,0.49846265
0,0,0.4354204
0,0,0.4290384
0,0,0.41966543
1,1,0.5052849
1,0,0.44813153
1,1,0.5804476
1,1,0.5272816
1,1,0.51282257
1,0,0.46392632
1,0,0.45242426
1,0,0.43633497
1,0,0.4502784
1,0,0.49374726
1,0,0.46316513
0,0,0.42180032
0,0,0.43132457
0,0,0.4161769
1,0,0.427551
1,0,0.41257375
1,0,0.41273332
1,0,0.43119797
1,0,0.41087922
0,0,0.43340296
0,0,0.42681563
0,0,0.38278118
0,0,0.4214156
0,0,0.41925988
1,0,0.4060691
1,0,0.44257784
1,0,0.4630922
0,0,0.41667798
1,0,0.43704644
1,0,0.41676706
1,0,0.4143263
1,0,0.4520256
1,0,0.43738952
1,0,0.4124307
1,0,0.33979294
0,0,0.30249438
0,0,0.40911987
0,0,0.36894938
0,0,0.42439848
0,0,0.40504038
0,1,0.51740324
0,0,0.42419666
0,0,0.4728754
0,0,0.42332867
0,0,0.4258391
0,0,0.45473287
0,0,0.39167267
0,0,0.47243592
0,0,0.418502
1,0,0.43245527
1,0,0.42833978
1,0,0.45948637
1,0,0.46687144
1,0,0.41995123
1,0,0.40831167
1,0,0.40264657
0,0,0.37382168
0,0,0.4029396
0,0,0.39896363
0,0,0.38136438
1,0,0.38896474
1,0,0.39088494
0,0,0.3991079
1,0,0.4027532
1,0,0.3821078
1,0,0.3874609
1,0,0.38573697
1,0,0.39668024
0,0,0.39117786
0,0,0.3836952
0,0,0.38113755
1,0,0.383835
1,0,0.40094444
1,0,0.39265737
1,0,0.43806618
1,0,0.40457958
1,0,0.41556686
1,0,0.38496932
0,0,0.40596947
0,0,0.3624362
0,0,0.41023698
0,0,0.39340824
0,0,0.42988363
0,0,0.42268372
1,0,0.4405793
1,0,0.43889675
1,0,0.4201709
1,0,0.43960267
1,0,0.40928793
1,0,0.42172983
1,0,0.38919374
1,0,0.42942634
0,0,0.40834936
0,0,0.39648128
0,0,0.4182712
0,0,0.42358243
0,0,0.4221657
0,0,0.44980308
0,0,0.46536097
0,0,0.4551125
0,0,0.43541998
0,0,0.46531224
0,0,0.43711603
1,0,0.422534
1,0,0.42098773
1,0,0.38632825
0,0,0.4492571
1,0,0.39684117
1,0,0.39568287
0,0,0.38881907
0,0,0.39456347
0,0,0.40144995
0,0,0.4033058
0,0,0.3710791
0,0,0.3926624
0,0,0.41548464
0,0,0.39087808
0,0,0.44491023
0,0,0.44095176
0,0,0.3835169
0,0,0.3730426
1,0,0.38967505
1,0,0.38295954
1,0,0.3746919
1,0,0.44205722
1,0,0.4027928
1,0,0.37948865
1,0,0.3947887
1,0,0.39620274
1,0,0.3868011
1,0,0.37992167
0,0,0.39658287
0,0,0.40428925
0,0,0.42015415
0,0,0.41009733
0,0,0.39769876
0,0,0.41448134
1,0,0.42203683
1,0,0.42792025
0,0,0.49738017
1,0,0.38379425
1,0,0.37523657
1,0,0.3809213
1,0,0.38330147
1,0,0.37205762
1,0,0.37353298
1,0,0.36324096
0,0,0.3994144
0,0,0.3752636
0,0,0.389423
0,0,0.38161346
0,0,0.40474597
0,0,0.39978787
1,0,0.37218866
1,0,0.49264035
1,0,0.49398416
0,0,0.3892901
0,0,0.3790212
0,0,0.35546565
0,0,0.37731257
0,0,0.38106653
0,0,0.3590425
0,0,0.377205
0,0,0.37531006
0,0,0.38633057
0,0,0.4101184
0,0,0.45787427
0,0,0.41622794
0,0,0.42203748
0,0,0.38747525
0,0,0.42136163
1,0,0.45485467
1,0,0.42461208
1,0,0.46322376
1,0,0.4544803
0,0,0.43796745
0,0,0.4748098
0,0,0.45319575
0,0,0.48530126
0,0,0.43135726
0,0,0.47163948
0,0,0.4623406
0,0,0.46157485
0,0,0.479506
0,0,0.38639602
1,1,0.50426525
1,0,0.44948688
1,1,0.50662154
1,0,0.47489488
1,0,0.49403223
1,0,0.47116297
1,0,0.47951886
1,0,0.45738474
1,0,0.47158688
0,0,0.37625274
1,0,0.4337966
1,0,0.43214676
1,0,0.45781857
1,0,0.44981727
1,1,0.50396276
0,0,0.44940466
0,0,0.4556412
0,0,0.46890122
0,0,0.47921124
0,0,0.4620564
1,0,0.43950516
1,0,0.47745743
0,0,0.4812649
1,1,0.5357182
1,1,0.50383145
1,0,0.4528457
1,0,0.475959
1,1,0.649805
1,0,0.477767
1,0,0.43311474
0,0,0.43781194
1,0,0.46154377
1,0,0.45469528
1,0,0.4300909
1,0,0.4678996
0,1,0.55063826
0,0,0.4422272
0,0,0.3952747
0,0,0.34332654
0,0,0.4056539
0,0,0.46188533
1,0,0.41103712
0,0,0.48390245
1,1,0.54031205
1,1,0.53689325
1,1,0.5317774
0,1,0.5106463
0,1,0.5073656
0,1,0.5126006
1,0,0.46356472
1,1,0.5086587
1,1,0.50165546
1,0,0.48769343
1,1,0.50387955
1,1,0.51409465
1,0,0.4946697
0,0,0.38208413
0,0,0.4952318
0,0,0.44525492
1,0,0.44760633
1,0,0.43067268
1,1,0.5007813
1,0,0.4992925
1,0,0.42188162
0,0,0.45481598
0,0,0.4607906
1,0,0.44746554
1,0,0.46590328
1,0,0.47565404
1,0,0.44290957
1,0,0.47949862
0,0,0.45001042
1,0,0.44307235
1,0,0.42426232
1,0,0.43409732
1,0,0.44663227
1,0,0.43521056
1,0,0.44001648
1,0,0.33993274
1,0,0.40721652
0,0,0.42173412
0,0,0.34002745
0,0,0.30326828
0,0,0.39350384
0,0,0.34383753
0,0,0.4685255
0,1,0.5465051
0,0,0.4744193
0,0,0.47951388
0,1,0.5244224
0,1,0.5068046
0,1,0.50611913
0,0,0.46983254
0,0,0.47591364
1,0,0.38347712
1,1,0.588907
1,1,0.73197925
1,1,0.5405662
1,1,0.5754936
1,0,0.4905092
1,1,0.5114756
1,1,0.52614594
0,1,0.51772374
0,0,0.49725074
0,1,0.51313543
0,0,0.4886856
0,1,0.5086577
1,1,0.50543433
1,0,0.47215703
1,1,0.51642716
1,1,0.5312708
1,1,0.52463067
1,1,0.5295446
1,0,0.48725146
0,0,0.49322546
0,0,0.45458874
0,0,0.46149737
1,0,0.46548492
1,0,0.46353728
1,0,0.4512477
0,0,0.46540898
1,0,0.47114784
1,0,0.46135026
1,0,0.46896854
1,0,0.48844653
1,1,0.5085046
1,1,0.5036777
1,0,0.48881382
1,0,0.45617825
0,0,0.4537746
1,0,0.43732795
1,0,0.44117323
1,0,0.42719114
0,0,0.4496305
0,0,0.40215865
0,0,0.42853504
0,0,0.45397243
0,0,0.4089464
0,0,0.43797305
0,0,0.49519628
0,0,0.48173606
0,0,0.4447155
1,0,0.4481838
1,1,0.5316709
1,1,0.5039484
1,1,0.52811885
1,1,0.50742805
1,0,0.46669325
1,0,0.47040832
1,0,0.4728584
1,0,0.41683418
1,0,0.4216995
1,0,0.4216995
1,0,0.44718722
1,0,0.45377082
1,0,0.46461
1,0,0.44816917
0,0,0.4078534
0,0,0.42009348
1,0,0.40450186
0,0,0.36223927
1,0,0.34790224
1,0,0.42167628
1,0,0.3973769
1,0,0.41645393
1,0,0.44305593
1,0,0.43442556
1,0,0.41780284
0,0,0.46154907
0,0,0.44619182
0,0,0.4398512
0,0,0.40441442
0,0,0.42436326
0,0,0.44895732
0,0,0.43244433
0,0,0.39552218
1,0,0.42203683
1,0,0.3830013
1,0,0.4385097
1,0,0.41028562
1,0,0.41568688
1,0,0.43693602
1,0,0.40780815
0,0,0.38999647
0,0,0.40186504
0,0,0.38004607
0,0,0.42290807
0,0,0.37800962
0,0,0.4239469
0,0,0.4045021
0,0,0.4036087
0,0,0.39482406
0,1,0.50987536
0,0,0.4818847
0,0,0.46403235
0,0,0.46113402
0,0,0.46115485
1,1,0.5038041
1,0,0.44738078
1,0,0.448229
0,0,0.4046485
1,0,0.3996496
1,0,0.40533975
0,0,0.42146802
0,0,0.41212443
0,0,0.41363072
0,0,0.4248768
0,0,0.42710993
0,0,0.44090828
0,0,0.4238061
1,0,0.43538427
1,0,0.47696534
1,0,0.4625427
1,0,0.44973087
1,0,0.43840542
1,0,0.4606744
1,0,0.45024547
1,0,0.4439534
0,0,0.423102
1,0,0.4410955
1,0,0.44641352
0,0,0.42144006
0,0,0.44892362
1,1,0.5001617
0,0,0.44472617
0,0,0.44697344
1,0,0.4340437
1,0,0.4604688
1,0,0.43956807
1,0,0.42714238
1,0,0.42906708
1,0,0.45009145
1,0,0.44455343
1,0,0.4723416
1,0,0.43972918
1,0,0.45484066
1,0,0.425648
1,0,0.4132623
1,0,0.33455932
1,0,0.3142775
1,0,0.36953542
1,0,0.3339864
1,0,0.38778836
0,0,0.4292285
0,0,0.40800586
0,0,0.38966528
0,0,0.37630677
0,0,0.42306048
1,0,0.28743577
1,0,0.44211516
0,1,0.55590814
0,1,0.51180065
0,0,0.4961853
0,0,0.3900174
1,0,0.4024863
1,0,0.4433432
1,0,0.45598117
1,0,0.40227738
1,0,0.46551406
1,0,0.4154529
0,0,0.38942719
1,0,0.41184342
1,0,0.41464794
0,0,0.42962056
0,0,0.40937436
0,0,0.4118756
1,0,0.35303965
1,0,0.39576888
1,0,0.4068806
1,0,0.43072638
1,0,0.39254466
0,0,0.3742497
0,0,0.39750654
0,0,0.37845242
0,0,0.3940002
0,0,0.40447593
0,0,0.40004396
0,0,0.43038535
0,0,0.42779577
0,0,0.42768726
0,0,0.4561909
0,0,0.4950785
0,0,0.41690186
0,0,0.428115
1,0,0.42504662
1,0,0.4922044
1,0,0.40248552
1,0,0.43797
1,0,0.45758474
1,0,0.3598166
0,0,0.44056728
0,0,0.3654081
1,0,0.4147228
1,0,0.4225121
1,0,0.41185975
0,0,0.42105982
0,0,0.43672907
0,0,0.42076185
0,0,0.4220166
0,0,0.42294022
1,0,0.41550627
0,0,0.44107458
1,0,0.47758996
0,0,0.46090513
0,0,0.4386971
0,0,0.41267028
0,0,0.41636822
0,0,0.41872108
0,0,0.446832
0,0,0.39146003
0,0,0.42123473
0,0,0.4154359
0,0,0.48114526
0,0,0.48475367
0,0,0.46666285
0,0,0.4849735
1,0,0.44526342
1,0,0.45758584
1,0,0.45559648
1,0,0.43271634
1,0,0.4441102
0,0,0.46622166
0,0,0.3908418
0,0,0.41253665
1,0,0.4131383
1,0,0.41327065
1,0,0.40665486
1,0,0.40237412
1,0,0.42111698
1,0,0.43242913
1,0,0.42055547
1,0,0.42521885
1,0,0.41445395
1,0,0.43129653
1,0,0.41542834
1,0,0.41472262
1,0,0.399332
1,0,0.40310535
1,0,0.41508344
0,0,0.4262519
1,0,0.39692754
0,0,0.39827958
0,0,0.41794586
0,0,0.4168081
0,0,0.39319316
0,0,0.40468764
0,0,0.39755696
1,0,0.41935164
1,0,0.44454017
1,0,0.44841382
1,0,0.42496204
1,0,0.37312037
0,0,0.42039856
1,0,0.4075379
0,0,0.41098696
0,0,0.4168905
0,0,0.40236077
0,0,0.3797837
0,0,0.42109728
0,0,0.40233916
0,0,0.4153647
0,0,0.38808015
0,0,0.39952472
0,0,0.43394485
0,0,0.44895792
1,0,0.4541967
1,0,0.4251277
1,0,0.41386744
0,0,0.39354694
0,0,0.41992885
0,0,0.42883992
0,0,0.40486145
0,0,0.4339511
1,1,0.6827926
1,0,0.49996793
1,0,0.4602734
0,0,0.487235
0,0,0.481202
0,0,0.43106005
0,0,0.4244411
1,0,0.4275638
1,0,0.42445388
1,0,0.40096462
0,0,0.38927794
0,0,0.41986707
0,0,0.4090717
1,0,0.4147055
1,0,0.40154183
1,0,0.3882522
1,0,0.40949693
1,0,0.40624782
1,0,0.43437603
1,0,0.41419727
0,0,0.42415443
1,0,0.40750548
0,0,0.41499564
0,0,0.42314383
0,0,0.4103408
0,0,0.42620173
0,0,0.40305516
0,0,0.38832092
0,0,0.4279017
0,0,0.39670065
1,0,0.4168716
0,0,0.43275833
1,0,0.39893094
1,0,0.41047513
1,0,0.44459257
1,0,0.43464962
1,0,0.3987517
1,0,0.44416103
1,0,0.42356208
1,0,0.41557297
1,0,0.39637798
0,0,0.4247451
1,0,0.42599437
1,0,0.42209992
1,0,0.4107107
1,0,0.42033356
1,0,0.41750413
0,0,0.34927624
1,0,0.42531317
1,0,0.40138423
1,0,0.40130138
1,0,0.41386238
1,0,0.40966216
1,0,0.40500715
1,0,0.40333194
1,0,0.38794643
0,0,0.42051357
0,0,0.40923664
0,0,0.39064837
0,0,0.39979357
1,0,0.4039174
1,0,0.4344826
1,0,0.39531136
1,0,0.406231
1,0,0.3885187
1,0,0.40448624
1,0,0.40649903
1,0,0.40328756
1,0,0.40178436
1,0,0.41767347
1,0,0.38837767
1,0,0.3975044
1,0,0.40650025
1,0,0.4101507
1,0,0.42633602
1,0,0.42338285
1,0,0.40862536
0,0,0.37014958
0,0,0.4110462
0,0,0.44258466
0,0,0.42029673
0,0,0.425618
1,0,0.42801738
1,0,0.41791236
0,0,0.4349116
1,0,0.43919295
1,0,0.44212103
0,0,0.42227566
0,0,0.41023427
1,0,0.42628574
1,0,0.43845496
1,0,0.39910266
0,0,0.39085513
0,0,0.39382055
0,0,0.40038618
0,0,0.42905372
0,0,0.3987853
0,0,0.3883174
0,0,0.47664073
0,0,0.46730387
0,0,0.40738338
1,0,0.43625203
1,0,0.43445715
1,0,0.42222607
1,0,0.4300909
1,0,0.41218662
0,0,0.4698069
1,0,0.4053266
1,0,0.40728974
1,0,0.4207596
0,0,0.42308706
0,0,0.40295884
0,0,0.4268248
0,0,0.38773024
0,0,0.4257142
1,0,0.44575557
0,0,0.41165483
1,0,0.4382391
1,0,0.41764554
1,0,0.42828864
1,0,0.42251223
1,0,0.41294608
1,0,0.43403202
1,0,0.43483004
0,0,0.4202935
1,0,0.41857374
1,0,0.41234994
1,0,0.4268635
0,0,0.40030652
1,0,0.43529716
1,0,0.4142592
1,0,0.4061939
1,0,0.3837031
1,0,0.3918791
1,0,0.39358005
1,0,0.41627574
1,0,0.41063312
0,0,0.40398258
1,0,0.40862688
0,0,0.4204096
0,0,0.420648
0,0,0.38769165
0,0,0.39029148
0,0,0.41121385
1,0,0.3738383
1,0,0.45246604
1,0,0.37440592
1,0,0.40101647
0,0,0.41464782
0,0,0.37768877
0,0,0.40891495
0,0,0.42202908
0,0,0.42480847
0,0,0.44690472
1,0,0.48996732
1,0,0.41100425
0,0,0.4534097
0,0,0.43543267
0,0,0.39397615
0,0,0.38672698
0,0,0.39347732
0,0,0.36813995
0,0,0.42844778
0,0,0.38103917
0,0,0.3971203
0,0,0.38497
0,0,0.39892966
0,0,0.3908083
0,0,0.38473117
1,0,0.41697955
1,0,0.41705045
1,0,0.43791378
1,0,0.40657687
1,0,0.38544056
1,0,0.40723515
1,0,0.41790643
1,0,0.41198584
1,0,0.41281828
0,0,0.42651135
0,0,0.3889027
0,0,0.40389276
0,0,0.40264377
0,0,0.4060726
0,0,0.43190217
1,0,0.40988532
1,0,0.4568047
1,0,0.47965205
1,0,0.4265975
1,0,0.42740563
1,0,0.38806912
0,0,0.43077222
1,0,0.4184236
1,0,0.34706128
1,0,0.41732424
0,0,0.35547173
1,0,0.43661776
1,0,0.39187816
1,0,0.41171196
1,0,0.40869263
1,0,0.42517683
1,0,0.3713467
1,0,0.4029012
1,0,0.45064428
0,0,0.39799485
0,0,0.3507108
0,0,0.40554425
1,0,0.41835374
0,0,0.38455385
1,1,0.50577545
0,0,0.49179626
0,0,0.49489123
0,0,0.43456742
0,1,0.5088278
0,0,0.49452075
0,1,0.5090826
0,0,0.48574644
0,0,0.46926782
0,0,0.46225804
0,0,0.47269958
1,0,0.49177802
0,0,0.4625032
0,0,0.47990066
1,1,0.55262494
1,0,0.4687911
1,0,0.49278593
1,1,0.537066
1,0,0.46995255
0,0,0.49841088
0,0,0.46492663
0,0,0.46945348
1,0,0.47108862
1,0,0.44171855
1,0,0.43389174
1,0,0.431225
1,0,0.44687518
1,0,0.40697595
1,0,0.44108856
1,0,0.4279399
1,0,0.3609439
1,0,0.40890184
0,0,0.40957275
0,0,0.4163091
0,0,0.45599788
0,0,0.4683677
0,0,0.4056299
0,0,0.45865816
1,0,0.47976002
1,0,0.4420612
1,0,0.4254507
0,0,0.41864803
0,0,0.46352416
0,0,0.4733816
0,0,0.46213907
1,0,0.47092617
1,1,0.5099216
1,1,0.5281035
1,0,0.4537221
1,0,0.4387318
0,0,0.41732126
0,0,0.42651632
1,0,0.4585432
0,0,0.41421926
0,0,0.4537154
0,0,0.46383664
0,0,0.46372688
0,0,0.4556057
0,0,0.40435982
0,0,0.44070786
0,0,0.4218635
0,0,0.42502207
0,0,0.44214797
0,0,0.41246745
0,0,0.40034553
0,0,0.41470677
0,0,0.41619572
0,0,0.44451612
0,0,0.41812125
0,0,0.41865233
0,0,0.43870962
1,1,0.59935427
1,0,0.484544
1,1,0.5459455
0,0,0.49079332
0,0,0.47019437
1,0,0.48517323
0,0,0.45662075
1,0,0.47048646
0,0,0.46008176
1,0,0.44734854
0,0,0.47899452
1,0,0.4695822
1,0,0.45443997
1,0,0.43776894
1,0,0.4797506
1,0,0.4647974
1,0,0.4644887
1,0,0.4658676
0,0,0.4816484
0,0,0.46656576
0,0,0.4667105
0,0,0.4809997
0,0,0.45318264
0,0,0.43278298
0,0,0.44389623
1,0,0.4251116
0,0,0.43183157
0,0,0.4299595
0,0,0.45172456
0,0,0.4336296
1,0,0.45128897
1,0,0.46376258
1,0,0.47311324
1,0,0.41595212
1,0,0.44987917
0,0,0.4695793
1,0,0.45286554
1,0,0.47339308
1,0,0.46344885
1,0,0.4508241
1,0,0.4443903
1,0,0.46592176
1,0,0.46247712
0,0,0.4264534
0,0,0.4420654
0,0,0.41109124
0,0,0.44887418
0,0,0.4038807
1,0,0.41518497
1,0,0.440491
1,0,0.4723524
1,0,0.45763075
1,0,0.46256757
0,0,0.43103734
1,0,0.42439368
0,0,0.431657
0,0,0.43617502
1,0,0.4289966
1,0,0.42879766
1,0,0.41990188
1,0,0.42508867
1,0,0.43534133
1,0,0.41333345
1,0,0.45625302
1,0,0.4390825
1,0,0.4390825
1,0,0.40598106
1,0,0.42794886
0,0,0.46014515
1,0,0.40653345
1,0,0.47626954
1,0,0.4841593
1,0,0.45578915
1,0,0.42866376
1,0,0.43493262
1,0,0.43516707
1,0,0.4452032
1,0,0.4467178
1,0,0.45783463
1,0,0.4607494
0,0,0.3914096
0,0,0.44236797
1,0,0.40442362
0,0,0.3892014
0,0,0.41832578
0,0,0.40627474
1,0,0.3844548
1,0,0.3831496
1,0,0.3894413
1,0,0.40993178
1,0,0.39504498
1,0,0.42060396
1,0,0.44458574
1,0,0.43672425
1,0,0.45459846
0,0,0.43805656
0,0,0.4308203
0,0,0.42367
0,0,0.4653827
0,1,0.52871054
0,0,0.4576124
0,0,0.48456964
0,0,0.4457048
1,0,0.47644484
1,0,0.47182888
0,0,0.42777368
1,0,0.42805135
1,0,0.45188197
1,0,0.46761727
1,0,0.45684332
1,0,0.43029827
0,0,0.42987517
0,0,0.43386492
0,0,0.42047444
0,0,0.42089722
0,0,0.4086404
1,0,0.3805846
1,0,0.43922278
1,0,0.4014003
1,0,0.39657214
1,0,0.46793076
1,0,0.4533085
1,0,0.45516148
0,0,0.38763022
0,0,0.4186387
0,0,0.3799618
0,0,0.37609562
0,0,0.43334112
1,0,0.42646286
1,0,0.39108536
1,0,0.41361982
1,0,0.41071495
1,0,0.40502957
0,0,0.38751146
1,0,0.39237615
1,0,0.40801042
1,0,0.40250197
1,0,0.40803504
1,0,0.4110185
0,0,0.38557222
0,0,0.38664332
0,0,0.41474667
0,0,0.41688275
0,0,0.41835806
0,0,0.41716138
0,0,0.43992484
1,0,0.4622428
0,0,0.40826696
0,0,0.40164876
0,0,0.42020592
0,0,0.42597288
0,0,0.41639438
1,0,0.41433558
0,0,0.43979213
1,0,0.42520064
0,0,0.42389798
0,0,0.42601597
0,0,0.42556363
0,0,0.42041072
0,0,0.41900465
0,0,0.39960083
0,0,0.420028
0,0,0.4678613
0,0,0.48714745
0,0,0.44600037
0,0,0.47376135
0,0,0.47306114
0,0,0.44070944
0,0,0.44806382
0,0,0.4736883
0,0,0.45028007
1,0,0.45088843
1,0,0.44162804
1,0,0.43854207
1,0,0.46508068
1,0,0.44808728
1,0,0.45607057
1,0,0.46992233
0,0,0.46134436
0,0,0.46718824
0,0,0.45887995
0,0,0.4717948
0,0,0.463764
0,0,0.39485666
0,0,0.38004178
0,0,0.48264182
0,0,0.38459077
1,1,0.6451503
0,0,0.41928223
1,0,0.45468977
0,0,0.44044963
1,1,0.53114843
1,0,0.39698905
1,0,0.4072336
0,0,0.39834753
1,0,0.4272481
1,0,0.42681897
1,0,0.4217264
1,0,0.42057002
1,0,0.43672043
1,0,0.4140401
0,0,0.40295935
1,0,0.41041917
1,0,0.3864544
1,0,0.40209946
1,0,0.38530812
1,0,0.44271237
0,0,0.39085484
1,0,0.39782417
0,0,0.33023062
0,0,0.4251832
0,0,0.36418226
0,0,0.43480015
0,0,0.40933377
0,0,0.4383963
0,0,0.4020958
0,0,0.44757652
0,0,0.43911892
0,1,0.55837053
0,0,0.44306135
1,1,0.5328786
1,0,0.47122988
1,0,0.4412163
1,0,0.4275671
1,0,0.43060017
1,0,0.40302598
1,0,0.38590935
0,0,0.38375345
0,0,0.4004027
1,0,0.41618755
1,0,0.3976433
0,0,0.39042836
1,0,0.38465807
1,0,0.41192707
1,0,0.3956324
1,0,0.43640625
1,0,0.46986175
1,0,0.369851
1,0,0.37710622
1,0,0.40687457
1,0,0.41070527
0,0,0.377504
0,0,0.416592
0,0,0.4168615
0,0,0.38514438
0,0,0.41713542
1,0,0.47594085
1,0,0.4333779
0,0,0.44628003
0,0,0.42193484
0,1,0.5001516
0,0,0.43535328
0,0,0.41530508
0,0,0.41604546
1,0,0.49683142
1,0,0.438926
0,0,0.42724606
0,0,0.44252628
0,0,0.47234532
0,0,0.42309457
0,0,0.41322896
0,0,0.38846427
0,0,0.4031409
1,0,0.42624095
0,0,0.4453647
0,0,0.43632472
0,0,0.44146582
0,0,0.43776497
0,0,0.4243143
0,0,0.44917378
0,0,0.479982
0,0,0.45647076
0,0,0.45255712
0,0,0.47113332
0,0,0.4499968
0,0,0.45296758
0,0,0.441693
0,0,0.43877208
0,0,0.42198247
1,1,0.6738478
1,0,0.4588191
1,1,0.70584065
0,1,0.50294006
1,1,0.58173
1,0,0.44284186
1,0,0.4150537
1,0,0.4131738
1,0,0.42167163
1,0,0.4454056
0,0,0.44289553
0,0,0.420278
0,0,0.42184624
1,0,0.4267186
1,0,0.4124426
1,0,0.4783618
1,0,0.44966492
1,0,0.45448074
0,0,0.4300787
0,0,0.41520947
0,0,0.4408962
0,0,0.40311846
0,0,0.39379358
1,0,0.4653384
1,0,0.38526213
1,0,0.47305268
1,0,0.4264397
1,0,0.43198144
0,0,0.40854338
0,0,0.41187024
0,0,0.37690982
0,0,0.3956618
0,0,0.42274344
0,0,0.41320452
1,0,0.48552507
0,0,0.42074564
1,0,0.46140328
0,0,0.43713635
0,0,0.3822988
0,0,0.39053935
0,0,0.4062014
0,0,0.38720736
0,0,0.41404372
0,0,0.42127797
0,0,0.41703784
0,0,0.4793583
0,0,0.43008658
0,0,0.41725853
1,0,0.42089418
1,1,0.5189643
1,0,0.48504496
1,0,0.43358707
1,0,0.4514533
1,0,0.4103627
1,0,0.39560002
0,0,0.40354228
0,0,0.3969108
0,0,0.4309915
0,0,0.36369646
0,0,0.39314467
1,0,0.38302478
1,0,0.39826554
0,0,0.42130622
1,0,0.3750276
1,0,0.41562346
1,0,0.37467378
1,0,0.3743169
1,0,0.39598772
0,0,0.4015897
1,0,0.38677114
1,0,0.40672496
1,0,0.3908812
1,0,0.38859645
1,0,0.3910979
1,0,0.38472414
1,0,0.39606038
1,0,0.40283775
1,0,0.39331958
1,0,0.39836493
1,0,0.40399277
0,0,0.40477034
0,0,0.37277904
1,0,0.40274066
1,0,0.398829
1,0,0.4068815
1,0,0.409711
1,0,0.41415808
1,0,0.37346593
1,0,0.39722583
1,0,0.40865958
1,0,0.3807716
1,0,0.39777562
1,0,0.39822763
1,0,0.3956642
1,0,0.39246294
1,0,0.45236135
0,0,0.46657917
0,0,0.40920156
0,0,0.44177976
0,0,0.40552533
0,0,0.43800277
0,1,0.5386478
0,0,0.49881068
0,0,0.48750013
0,0,0.49001202
0,0,0.43749207
0,0,0.4217284
1,0,0.47449535
1,0,0.42543542
0,0,0.41824883
0,0,0.3876846
1,0,0.40017655
0,0,0.4301941
1,0,0.39678606
1,0,0.41659456
1,0,0.40735152
0,0,0.41731545
0,0,0.41377142
0,0,0.4362452
0,0,0.40640584
0,0,0.36727428
0,0,0.4844096
0,0,0.42802855
0,0,0.4332308
0,0,0.43958345
0,0,0.47859636
1,0,0.49137533
0,0,0.42720664
0,1,0.53942984
1,1,0.5099429
1,0,0.42018336
1,0,0.4239619
1,0,0.39439845
1,0,0.4556672
1,0,0.41512004
1,0,0.42691994
0,0,0.4310341
0,0,0.41020223
1,0,0.3984151
0,0,0.42586446
1,0,0.42009372
1,0,0.3766913
1,0,0.42148298
1,0,0.39987865
1,0,0.39376214
1,0,0.4122034
1,0,0.41796377
1,0,0.42045522
1,0,0.40753606
1,0,0.3941472
1,0,0.42733404
1,0,0.4277701
1,0,0.425262
1,0,0.41308007
1,0,0.41828698
1,0,0.42981687
0,0,0.40031245
0,0,0.38793543
0,0,0.42375568
0,0,0.39633968
0,0,0.40716717
0,0,0.46131647
0,1,0.5040292
0,0,0.44107231
0,0,0.43682373
0,0,0.42683202
0,0,0.44481474
0,0,0.40364444
1,0,0.43262753
1,0,0.40666014
1,0,0.43020234
1,0,0.40482828
1,0,0.41025582
1,0,0.3988346
1,0,0.41731545
1,0,0.41408488
1,0,0.4101034
1,0,0.41560924
0,0,0.42006704
0,0,0.42286134
0,0,0.42571384
0,0,0.4196858
0,0,0.44237843
0,0,0.4520105
0,0,0.47323215
0,0,0.46017808
0,1,0.52054894
1,1,0.65792364
1,1,0.5606967
0,1,0.5582534
1,1,0.53280324
1,1,0.5377178
1,0,0.48931432
1,1,0.50071675
1,0,0.49354216
1,1,0.52906024
1,1,0.51488066
0,1,0.5089087
0,1,0.51007444
1,0,0.4740228
1,1,0.5021322
0,1,0.52953535
0,0,0.47804186
0,1,0.5056807
0,0,0.49121362
0,0,0.49204463
0,0,0.41440085
0,1,0.50216484
0,1,0.63496953
0,1,0.5534358
0,1,0.5428846
0,1,0.5360197
0,1,0.6784894
0,1,0.57013947
0,1,0.6068734
0,1,0.5663287
0,1,0.6611292
0,1,0.68019485
0,1,0.648988
0,1,0.6847583
0,1,0.7586139
0,1,0.7580979
1,1,0.76802355
0,1,0.7677366
1,1,0.73991674
1,1,0.8336055
1,1,0.798725
0,1,0.67732424
1,1,0.536277
1,1,0.63829005
1,1,0.5793722
1,1,0.60935414
1,1,0.53071404
1,1,0.5259337
1,0,0.49997485
1,1,0.54647636
1,0,0.48233142
1,1,0.5396775
0,1,0.53504276
0,1,0.527118
0,1,0.5212366
0,0,0.48099732
0,1,0.5072215
0,1,0.50578797
0,0,0.49813107
0,1,0.5061402
1,1,0.58256406
0,1,0.56016976
0,0,0.4963423
0,0,0.48951814
0,0,0.48347196
0,0,0.4983689
0,0,0.48790488
1,1,0.53706837
0,1,0.52252436
1,1,0.5504832
1,0,0.4946259
1,0,0.46165675
1,0,0.46582425
1,0,0.46290368
1,0,0.47499773
1,0,0.4768989
1,0,0.46421698
1,0,0.46985886
0,0,0.48835123
0,0,0.48309287
0,1,0.5124113
0,0,0.4496635
0,0,0.47553626
0,1,0.50938344
0,1,0.62236446
0,1,0.56536347
0,1,0.5218373
0,1,0.50142705
0,1,0.51584303
0,0,0.4903874
0,0,0.48102343
0,0,0.44503343
0,0,0.4830231
1,1,0.83564526
1,1,0.75694305
1,1,0.7951762
1,1,0.52563107
1,1,0.5768371
0,0,0.49419942
1,0,0.46861976
1,0,0.41828123
0,0,0.44379276
0,1,0.53504086
0,0,0.4583302
0,1,0.56137764
0,0,0.47810683
0,1,0.5647405
1,1,0.53567106
1,1,0.6770629
1,1,0.7211632
1,1,0.75013
1,1,0.76627517
1,1,0.52166116
1,0,0.4778731
1,0,0.45720953
1,0,0.41518077
1,0,0.48232606
1,0,0.43163985
1,0,0.47973374
0,0,0.43088225
0,0,0.39429688
0,0,0.39219287
1,0,0.38623315
1,0,0.36977926
1,0,0.42586124
1,1,0.51360965
0,1,0.5520078
0,0,0.47700208
0,1,0.51643455
1,0,0.46085566
1,1,0.6220382
1,1,0.50215995
0,1,0.5725708
1,1,0.6146214
1,1,0.6158081
0,1,0.5440193
0,1,0.5845426
0,1,0.589585
0,1,0.5807581
0,1,0.60003734
0,1,0.618123
1,1,0.6279126
1,1,0.587104
1,1,0.55395913
1,1,0.56617725
1,1,0.5304093
0,0,0.46619403
1,0,0.4836052
0,1,0.5121696
0,1,0.5045634
0,1,0.5119345
0,1,0.544246
0,1,0.53570104
1,1,0.5651321
1,1,0.5778947
1,1,0.5252574
1,1,0.5359388
1,1,0.5712522
0,1,0.5283397
1,1,0.5494793
1,0,0.44762695
1,0,0.44820708
1,0,0.4707757
1,0,0.43749893
1,0,0.45836857
1,0,0.47652712
1,0,0.47957057
1,0,0.4741003
0,0,0.37470904
1,0,0.47256494
1,1,0.51205796
1,0,0.49358648
1,1,0.5259732
0,0,0.496219
0,0,0.47654104
0,0,0.47616297
0,0,0.45049152
0,0,0.48536023
1,1,0.50739884
0,0,0.4855326
0,1,0.5732323
1,1,0.54653007
0,1,0.5225316
0,0,0.49808073
1,0,0.48839614
0,0,0.47657833
0,1,0.5093765
0,0,0.45418662
0,1,0.5019465
0,1,0.5159065
1,1,0.5428042
1,1,0.52010655
1,1,0.53416383
1,0,0.48662266
1,0,0.4934329
1,0,0.49449638
0,1,0.56075054
0,1,0.52066636
0,0,0.49361163
0,0,0.49585423
0,0,0.47299564
1,0,0.48665857
1,1,0.5372641
1,1,0.50552565
0,1,0.5374852
0,1,0.51764363
0,0,0.49143347
0,0,0.48833865
0,0,0.48160604
0,1,0.5024978
0,1,0.5345453
0,0,0.48416823
0,0,0.49555257
0,1,0.7208411
0,1,0.5412057
0,1,0.54842544
0,1,0.5502578
0,1,0.60391337
0,1,0.5208092
0,1,0.5424217
0,0,0.48929074
1,0,0.48221648
1,0,0.49419323
1,0,0.4930684
1,0,0.46031246
1,0,0.42728087
1,0,0.4366255
1,0,0.39979818
1,0,0.3767977
1,0,0.4606702
1,0,0.47484297
1,0,0.4700719
0,0,0.46413535
0,1,0.51968837
0,1,0.50982404
0,1,0.5192631
0,1,0.5007793
0,1,0.5040405
1,1,0.537514
0,1,0.51767755
0,0,0.49852782
0,1,0.52192664
0,0,0.48691067
0,1,0.50986147
0,1,0.50155586
0,1,0.5180876
0,1,0.5098583
0,1,0.56136054
1,1,0.6229728
1,1,0.5841447
1,1,0.5538866
1,1,0.5591118
0,1,0.52138144
0,1,0.5328515
0,1,0.51967233
0,0,0.46052983
0,0,0.47158018
0,1,0.50563097
0,0,0.4884393
0,0,0.4791385
0,0,0.4787858
0,0,0.487971
1,1,0.7222018
1,1,0.8203703
1,1,0.68476534
1,1,0.76110476
1,1,0.6966559
1,1,0.5986048
1,1,0.58745027
1,1,0.5725697
0,1,0.56964016
0,0,0.49767542
0,0,0.4680846
0,0,0.43745002
0,0,0.49315083
0,0,0.4228278
0,0,0.41316947
0,0,0.43700773
0,0,0.43390036
1,0,0.48620614
0,1,0.5155123
0,0,0.45739022
0,0,0.40724173
1,0,0.47841242
1,0,0.40222344
1,0,0.40684763
0,0,0.4095615
1,0,0.38519645
0,0,0.40780154
0,0,0.4175254
0,0,0.35964724
1,0,0.40883014
1,0,0.4023219
1,0,0.3852433
1,0,0.38268283
1,0,0.44251877
1,0,0.4324063
0,0,0.39824316
0,0,0.41263524
0,0,0.42107588
0,0,0.422477
0,0,0.38884467
0,0,0.44076523
0,0,0.4385432
1,0,0.48939556
0,1,0.5226314
1,0,0.48594782
0,0,0.45165825
1,0,0.42747745
1,0,0.4040959
1,0,0.42170966
1,0,0.42302048
1,0,0.42010698
0,0,0.4200246
1,0,0.3779598
1,0,0.4375757
1,0,0.4085746
1,0,0.41514716
1,0,0.38859546
1,0,0.43661377
1,0,0.4218947
0,0,0.43239516
1,0,0.4292625
0,0,0.40381467
0,0,0.40685904
0,0,0.41406494
0,0,0.42495748
0,0,0.36172506
1,0,0.45690283
1,0,0.42458597
1,0,0.3815415
1,0,0.41094682
1,0,0.406161
0,0,0.4355871
0,0,0.41410428
1,0,0.36773863
1,0,0.40742585
1,0,0.42267877
1,0,0.47385225
1,0,0.42177922
0,0,0.46579352
1,0,0.41360116
1,0,0.4080607
1,0,0.4213397
0,0,0.40131405
1,0,0.42115563
0,0,0.40323564
0,0,0.39593104
0,0,0.39984396
0,0,0.37510553
0,0,0.36151025
0,0,0.39440516
1,0,0.393199
1,0,0.4222347
1,0,0.39260554
1,0,0.4432673
1,0,0.40266877
0,0,0.4160549
0,0,0.38518164
0,0,0.40340203
0,0,0.40489295
0,0,0.4033384
0,0,0.46931365
1,0,0.4342131
0,0,0.47455257
0,0,0.44184262
0,0,0.46031472
0,0,0.41960806
0,0,0.4156494
0,0,0.38077715
0,0,0.44493264
1,1,0.62443817
1,0,0.4607246
1,0,0.4630598
0,0,0.48533064
1,0,0.45928887
0,0,0.4418448
1,0,0.41032243
1,0,0.42126983
1,0,0.39686576
1,0,0.45929456
0,0,0.36848226
1,0,0.37252808
0,0,0.44128928
1,0,0.39808992
1,0,0.39480245
1,0,0.38521394
1,0,0.43623006
1,0,0.39040068
1,0,0.4187582
1,0,0.43572015
1,0,0.42271242
1,0,0.41273266
1,0,0.4127987
1,0,0.41530278
1,0,0.41904455
0,0,0.4018117
0,0,0.42531317
0,0,0.4006152
0,0,0.40821993
0,0,0.417277
0,0,0.43826574
0,0,0.45198497
1,0,0.38995415
0,0,0.3949069
1,0,0.4532288
1,0,0.40485916
1,0,0.38073674
1,0,0.451952
1,0,0.3734885
1,0,0.42378703
0,0,0.4203534
0,0,0.42265508
0,0,0.4227848
0,0,0.40539843
0,0,0.38223657
0,0,0.4366976
0,0,0.4162325
1,0,0.40733808
1,0,0.4110203
1,0,0.42224163
1,0,0.43846253
1,0,0.42675537
1,0,0.42069247
1,0,0.37069106
1,0,0.3937736
0,0,0.4249077
1,0,0.40326
1,0,0.39801633
1,0,0.38941392
0,0,0.37962794
0,0,0.38737288
1,0,0.39123288
1,0,0.40827057
1,0,0.38197318
1,0,0.3749384
1,0,0.37795627
1,0,0.41858044
1,0,0.39043543
0,0,0.42805713
1,0,0.39876387
1,0,0.40447775
1,0,0.39516327
1,0,0.4018906
1,0,0.38715917
0,0,0.4281772
0,0,0.42009982
1,0,0.4250317
1,0,0.39576867
1,0,0.40323153
1,0,0.41037282
1,0,0.44066054
1,0,0.35621664
1,0,0.36079162
1,0,0.41325969
1,0,0.38265577
0,0,0.39077207
0,0,0.3834802
0,0,0.42567962
0,0,0.42450717
0,0,0.41983983
0,0,0.43758994
1,0,0.45514068
0,0,0.4371599
1,0,0.42352188
1,0,0.39425063
1,0,0.4192655
1,0,0.41643903
1,0,0.39692217
0,0,0.40470287
0,0,0.42741284
0,0,0.43340632
0,0,0.425401
0,0,0.4121612
0,0,0.4344757
0,0,0.46525112
0,0,0.42860845
0,0,0.42321756
0,0,0.4632241
0,0,0.43305054
0,0,0.42866197
0,0,0.47313854
0,0,0.42347822
0,0,0.43142948
0,0,0.47014397
0,0,0.4797462
0,0,0.4447022
0,0,0.4054497
0,0,0.43891212
0,0,0.38106894
1,0,0.43972963
0,0,0.43731564
0,0,0.42338583
0,0,0.39332289
0,0,0.42320305
0,0,0.41330105
0,0,0.4104718
0,0,0.4961603
0,0,0.43475485
0,0,0.46125558
1,0,0.46584025
1,0,0.45216146
0,0,0.37642127
0,0,0.37308192
0,0,0.3745246
0,0,0.40527847
1,0,0.41289124
1,0,0.41825154
1,0,0.42171296
1,0,0.45049632
1,0,0.45156223
0,0,0.41884646
1,0,0.41964483
1,0,0.3993366
1,0,0.39887616
1,0,0.39434007
1,0,0.4551686
0,0,0.4009098
0,0,0.4163695
0,0,0.4147367
0,0,0.41194677
0,0,0.41473892
0,0,0.43417013
0,0,0.473246
0,0,0.43877316
1,1,0.51798594
1,0,0.4728107
0,0,0.48747322
0,0,0.42369428
0,0,0.42943278
0,0,0.3817324
0,0,0.37850526
0,0,0.37934056
0,0,0.3850046
0,0,0.4297779
0,0,0.41375276
0,0,0.43687746
0,0,0.4778948
0,0,0.43964663
0,0,0.43451715
1,0,0.4511738
1,0,0.43342584
1,0,0.42501885
1,0,0.41004607
1,0,0.39575216
0,0,0.40592605
0,0,0.3862766
0,0,0.41613105
1,0,0.41821614
0,0,0.37888005
0,0,0.38738662
0,0,0.38755858
0,0,0.38200226
0,0,0.42172974
0,0,0.41396528
0,0,0.43541297
1,0,0.4676338
0,0,0.48669246
1,1,0.5708077
1,0,0.47179875
1,1,0.50792885
1,0,0.4407126
1,1,0.5520568
1,0,0.44670105
1,0,0.45462975
1,0,0.45025215
1,0,0.45567042
1,0,0.45818627
1,0,0.4662649
1,0,0.44597653
1,0,0.419323
1,0,0.42755777
0,0,0.43889716
0,0,0.44953254
0,0,0.4685662
0,0,0.41104275
0,0,0.42612362
0,0,0.41077125
0,0,0.44167975
0,1,0.55924386
0,0,0.48132196
0,0,0.4644716
0,0,0.48403078
1,1,0.57149994
0,0,0.43805072
0,0,0.49917722
0,0,0.4815984
0,1,0.540223
0,0,0.46735993
0,1,0.5331632
0,1,0.5070668
0,1,0.58039397
1,1,0.51277786
1,1,0.5028015
1,1,0.5097087
1,1,0.50740653
1,1,0.5278615
1,0,0.46130347
1,0,0.49175686
1,0,0.48178017
1,0,0.49112594
1,0,0.4895286
1,0,0.41540816
1,0,0.46805045
1,0,0.42947426
1,0,0.4379
1,0,0.43368202
1,0,0.46323758
1,0,0.46294287
0,0,0.4370367
1,0,0.45625898
1,0,0.42733142
0,0,0.44178954
1,0,0.46514803
1,0,0.45481697
1,0,0.4312289
1,0,0.45025575
1,1,0.51499265
1,0,0.4325435
1,0,0.38734004
0,0,0.39797863
0,0,0.42179415
1,0,0.37714723
1,0,0.40574604
1,0,0.39346465
1,0,0.44326508
1,0,0.40963736
1,0,0.37987527
0,0,0.3790793
0,0,0.37681174
0,0,0.37588564
0,0,0.38713992
1,0,0.3827616
0,0,0.3918343
1,0,0.49267733
0,0,0.40564764
0,0,0.3980402
0,0,0.39977825
0,0,0.41086325
0,0,0.37945807
0,0,0.45133582
1,0,0.4461604
1,0,0.42552167
1,0,0.40618026
1,0,0.4030093
0,0,0.39401382
0,0,0.39707255
0,0,0.43471003
0,0,0.34594235
0,0,0.39424405
1,1,0.5950619
1,0,0.4778459
1,1,0.51453054
1,0,0.4627794
1,0,0.4647069
1,0,0.49157134
1,0,0.45635778
1,0,0.46038768
1,0,0.4519675
1,0,0.45968926
1,0,0.45561177
1,0,0.34320256
0,0,0.39813444
1,0,0.40992665
1,0,0.41800642
1,0,0.42222098
1,0,0.4280133
1,0,0.41276434
1,0,0.43439355
0,0,0.44525412
0,0,0.401305
1,0,0.46607423
0,0,0.43162262
0,0,0.39680573
0,0,0.39186212
0,0,0.38869503
0,0,0.43533826
0,0,0.4144455
0,0,0.4028127
0,0,0.42070183
1,0,0.43003938
0,0,0.4251964
0,0,0.4006288
0,0,0.41830024
0,0,0.41801384
1,0,0.42332128
1,0,0.48049024
1,0,0.4770255
1,0,0.4344253
1,0,0.41247073
0,0,0.41243178
0,0,0.40579876
0,0,0.40122926
0,0,0.40700385
0,0,0.4098408
0,0,0.44617218
0,0,0.4599697
0,0,0.45089284
1,0,0.40592197
1,0,0.44282055
1,0,0.48154405
1,0,0.47878784
1,0,0.44550523
0,0,0.4134433
1,0,0.42536044
1,0,0.41995686
1,0,0.40247095
1,0,0.41758117
1,0,0.39159563
1,0,0.43177512
1,0,0.43036464
1,0,0.45052823
1,0,0.44667673
1,0,0.44328156
1,0,0.44649515
1,0,0.4488848
1,0,0.4560162
0,0,0.43944696
0,0,0.42858034
0,0,0.4410793
0,0,0.43718192
0,0,0.42956993
1,0,0.41142023
1,0,0.42228594
0,0,0.40509376
0,0,0.39756006
1,0,0.42320275
1,0,0.4098428
1,0,0.39171413
1,0,0.41895297
1,0,0.40699658
1,0,0.42195174
1,0,0.42058548
0,0,0.3850518
0,0,0.42749074
0,0,0.4264946
1,0,0.38716146
1,0,0.41345876
1,0,0.40786958
1,0,0.44845572
1,0,0.42147908
0,0,0.38529077
0,0,0.3817229
0,0,0.3962129
0,0,0.3994145
0,0,0.39867824
1,0,0.39058557
0,0,0.40350094
0,0,0.41624454
0,0,0.40792888
0,0,0.43128967
0,0,0.3927988
0,0,0.4795645
0,0,0.47450164
1,0,0.4635965
0,0,0.4638392
0,0,0.4390757
1,0,0.47881418
1,0,0.40199015
1,0,0.39974728
0,0,0.38974237
0,0,0.39373806
0,0,0.40641662
0,0,0.4222812
0,0,0.4256386
0,0,0.4151355
0,0,0.39400643
0,0,0.46363366
0,0,0.4642945
1,0,0.47845107
1,0,0.4732091
0,0,0.46966365
0,0,0.39415157
0,0,0.45096833
0,0,0.40883568
1,0,0.4211404
1,0,0.44568604
1,0,0.40452936
1,0,0.40257198
1,0,0.4353407
1,0,0.4681681
0,0,0.44204712
1,0,0.4210797
0,0,0.43327573
0,0,0.45506337
0,0,0.45751995
0,0,0.4337777
0,0,0.43231896
0,0,0.43618533
0,0,0.4581137
0,0,0.4199783
1,0,0.45139867
0,0,0.45333496
1,0,0.40894368
0,0,0.42942154
1,0,0.4108948
1,0,0.40799943
1,0,0.3835087
1,0,0.42722124
1,0,0.3966939
1,0,0.40641898
1,0,0.4426636
0,0,0.42989385
1,0,0.40676495
1,0,0.4215612
0,0,0.40589172
0,0,0.39177236
1,0,0.44300833
0,0,0.3992051
1,0,0.40975353
1,0,0.46977353
1,0,0.4267066
1,0,0.4306168
1,0,0.42407233
0,0,0.41399866
0,0,0.39814475
0,0,0.4254808
0,0,0.41593513
1,0,0.40543482
1,0,0.40165615
1,0,0.4114274
1,0,0.40660506
1,0,0.4426308
1,0,0.408448
1,0,0.3864032
1,0,0.40083134
1,0,0.40384746
1,0,0.3917839
0,0,0.39957798
0,0,0.39428997
0,0,0.3839655
0,0,0.40554294
0,0,0.40127808
0,0,0.35177276
1,0,0.3784701
1,0,0.46114194
1,0,0.40626082
1,1,0.52142656
1,0,0.45886177
0,0,0.37171406
0,0,0.3478869
0,0,0.3935064
1,0,0.364259
1,0,0.40116817
1,0,0.46555504
1,1,0.50145733
1,0,0.47832584
1,0,0.45232287
0,0,0.43252572
0,0,0.4208153
0,0,0.41339588
0,0,0.4137932
0,0,0.4157673
0,0,0.46844319
0,0,0.37292722
0,0,0.3829454
0,0,0.4380101
0,0,0.40227598
0,0,0.47318903
0,0,0.42890933
0,0,0.443889
0,0,0.39221632
0,1,0.51216936
0,0,0.4164813
0,0,0.4827169
0,0,0.45099685
0,0,0.46785977
0,0,0.40547323
0,0,0.4393467
0,0,0.4166837
0,1,0.560481
0,0,0.49902552
1,1,0.5095152
1,0,0.49442345
1,1,0.5095207
1,1,0.54406095
1,1,0.5385464
1,1,0.55726415
1,1,0.5291844
1,1,0.5473876
1,1,0.5078282
1,1,0.5238094
1,1,0.5018492
1,0,0.41938612
1,0,0.4915946
1,0,0.47727236
1,0,0.4638742
1,0,0.47448075
1,0,0.46699277
1,0,0.48970857
1,0,0.4473391
1,0,0.4132244
1,0,0.4398772
1,0,0.4654953
1,0,0.44792476
1,0,0.44958553
1,0,0.45497304
1,0,0.40776888
1,0,0.43935046
1,0,0.40723655
1,0,0.4280214
1,0,0.43751654
0,0,0.43982232
0,0,0.41288307
0,0,0.44401366
0,0,0.44261482
0,0,0.42108294
0,0,0.46378565
0,0,0.41299266
0,0,0.42318258
0,0,0.45165232
1,0,0.44059443
0,0,0.41246533
0,0,0.4146003
0,0,0.39922354
0,0,0.40315738
0,0,0.3970069
0,0,0.3906203
0,0,0.39443037
0,0,0.48870087
0,0,0.2011198
1,0,0.43038774
1,0,0.4792106
0,0,0.43040955
0,0,0.42621684
0,1,0.5691045
0,1,0.61832297
0,1,0.5989874
1,1,0.7074502
1,1,0.62790006
1,1,0.687599
1,1,0.7413753
1,1,0.67863464
1,1,0.6354721
1,1,0.63598
1,1,0.5463579
1,1,0.540643
1,1,0.5341206
0,1,0.5367951
0,1,0.58167344
0,1,0.5558626
0,1,0.62194186
1,1,0.5761833
1,1,0.5806654
1,1,0.581126
1,1,0.5285592
1,1,0.57849854
1,1,0.5874819
0,1,0.5687781
0,1,0.5753169
1,1,0.56968516
0,1,0.58097047
0,1,0.55412614
0,1,0.55800015
0,1,0.523494
0,1,0.52065945
0,0,0.49587134
0,0,0.4488501
0,1,0.50787246
0,0,0.49952844
0,0,0.48694617
1,0,0.4485757
1,1,0.50761664
1,1,0.5119461
1,0,0.43552667
1,0,0.44974512
1,0,0.47021186
1,0,0.45854503
0,0,0.46729964
0,0,0.45522016
1,0,0.45957875
0,0,0.44276753
0,0,0.4542457
0,0,0.48424193
0,0,0.45283902
0,0,0.49613705
1,0,0.43768466
1,0,0.48858678
1,0,0.48045462
1,0,0.45309612
1,0,0.43212146
1,0,0.43488148
1,0,0.43171415
1,0,0.45678112
1,0,0.44647157
1,0,0.42149323
1,0,0.4848673
1,0,0.38615602
1,0,0.42640015
1,0,0.4597925
0,0,0.4131338
0,0,0.4391053
0,0,0.4555702
0,0,0.4537071
1,0,0.45409226
1,0,0.46511957
1,0,0.46889654
1,0,0.4519349
1,0,0.45023888
1,0,0.47444603
0,0,0.4917021
0,0,0.45492128
0,0,0.43303946
0,0,0.44293165
0,0,0.4436799
1,0,0.47035593
1,0,0.47664458
1,0,0.4643737
1,0,0.48062855
1,0,0.4703994
0,0,0.4613736
1,0,0.43232965
1,0,0.44994313
1,0,0.4644822
1,0,0.45474562
1,0,0.44029927
1,0,0.43535253
1,0,0.47164005
1,0,0.41653052
1,0,0.44310918
1,0,0.46452275
0,0,0.394906
0,0,0.4209759
0,0,0.4415028
0,0,0.45352378
0,0,0.44772545
0,1,0.5363352
0,0,0.49516055
1,0,0.47099745
1,1,0.5351905
1,1,0.50859475
1,1,0.5001586
1,1,0.53422767
0,0,0.4345667
0,0,0.45724145
0,0,0.46830177
0,0,0.46838883
0,0,0.44534266
0,0,0.43262106
0,0,0.44159615
0,0,0.4707567
0,0,0.47893095
0,1,0.5440326
0,1,0.5336165
1,0,0.48390025
1,1,0.5625656
1,1,0.5127498
1,1,0.5009003
1,0,0.4573224
0,0,0.49766326
0,0,0.47931278
0,0,0.4445328
0,0,0.481989
0,0,0.4744605
1,0,0.48028678
1,0,0.46680197
1,0,0.47690335
1,0,0.49895114
1,1,0.52547807
1,0,0.4657542
1,0,0.46711785
0,0,0.47462642
0,0,0.4635532
1,0,0.47061294
1,0,0.4557782
1,0,0.46067074
1,0,0.43928605
1,0,0.49827448
1,1,0.5076274
1,0,0.47713956
1,0,0.47386092
1,0,0.48433697
1,0,0.47982478
1,1,0.5088316
1,0,0.47245035
1,0,0.44104198
0,0,0.35849124
0,0,0.3753368
0,0,0.4185562
0,0,0.38269448
0,0,0.3901056
0,0,0.39296383
1,0,0.45516682
1,0,0.43605468
1,1,0.50447804
1,0,0.46528405
1,0,0.47617278
0,0,0.42355198
0,0,0.41841933
0,0,0.41182008
0,0,0.40088943
0,0,0.41104928
0,0,0.41934952
0,0,0.40944022
0,0,0.4721868
0,0,0.42677572
0,0,0.46750006
0,0,0.42580158
1,0,0.43579125
1,0,0.45157698
1,0,0.46424899
1,0,0.47109908
1,1,0.5104865
1,0,0.4464981
1,0,0.4265764
1,0,0.45980158
0,0,0.4291224
0,0,0.4311415
0,0,0.43938467
0,0,0.4348464
0,0,0.4277996
1,0,0.40469375
1,0,0.42108202
1,0,0.4592588
1,1,0.59604293
1,1,0.5404205
0,0,0.43978357
1,0,0.42606047
1,0,0.37831634
1,0,0.38926008
1,0,0.3400292
1,0,0.41861895
1,0,0.39824367
1,0,0.4375673
0,0,0.42709202
0,0,0.4358091
0,0,0.42682546
0,0,0.47910154
0,1,0.55294687
0,0,0.49796766
0,1,0.54540557
0,1,0.65794885
0,1,0.56725264
0,1,0.5992943
0,1,0.6610219
0,1,0.7041906
0,1,0.6904676
0,1,0.6979123
0,1,0.6975261
1,1,0.63764113
1,1,0.6512126
0,1,0.6352052
0,0,0.44750297
0,0,0.46209887
0,0,0.39572817
0,0,0.37740472
0,0,0.44643041
0,0,0.4554799
0,0,0.4691253
1,0,0.4692956
1,0,0.434256
1,0,0.43856585
1,0,0.43613434
1,0,0.48156738
1,0,0.43986696
1,0,0.41975534
0,0,0.44841856
0,0,0.41133717
0,0,0.40597537
0,0,0.4145413
0,0,0.3899794
0,0,0.39440063
1,0,0.49526685
1,0,0.4566526
1,0,0.4955876
1,0,0.4595635
1,0,0.4367197
1,0,0.44503307
0,0,0.41410077
0,0,0.39714843
0,0,0.35958847
0,0,0.40379024
1,0,0.4204654
1,0,0.42718086
1,0,0.4871921
1,0,0.4418176
1,0,0.41997424
0,0,0.3910836
0,0,0.37289372
0,0,0.37205613
0,0,0.39369103
0,0,0.42499456
0,0,0.46229312
1,0,0.46919143
1,0,0.41957137
1,0,0.41318572
0,0,0.4277329
1,0,0.45929727
1,0,0.39765573
1,0,0.38533354
1,0,0.3927349
1,0,0.42365602
0,0,0.37175092
0,0,0.40733907
0,0,0.42800415
0,0,0.4316006
0,0,0.4491573
0,0,0.42660135
0,0,0.39236426
0,0,0.43932995
0,0,0.42364526
0,0,0.4111945
0,0,0.4339248
0,0,0.4400392
0,0,0.4562365
0,0,0.40119618
0,0,0.42214653
1,1,0.54621184
1,0,0.4563155
0,1,0.59003145
0,0,0.49253592
0,0,0.4831409
0,0,0.4440908
0,0,0.4321741
0,0,0.4077056
0,0,0.44736665
0,0,0.41094613
0,0,0.41387168
0,0,0.43633243
0,0,0.43139958
1,0,0.45188144
1,0,0.446196
1,0,0.47965616
1,0,0.42151746
1,0,0.42705792
1,1,0.5245741
1,0,0.44825068
1,0,0.4500328
1,0,0.44718698
0,0,0.45310342
1,0,0.4889744
0,0,0.44562945
0,0,0.482787
0,0,0.429227
0,0,0.4543755
0,0,0.47811577
0,0,0.43457544
0,0,0.43492103
1,0,0.48396918
0,0,0.41563696
1,0,0.43914494
1,0,0.43477434
0,0,0.4026052
1,0,0.42544094
1,0,0.40556127
1,0,0.4032689
1,0,0.3989641
1,0,0.39908308
1,0,0.40446424
1,0,0.38497823
0,0,0.35909498
0,0,0.4191685
0,0,0.43369874
0,0,0.45250577
0,0,0.4440711
1,0,0.40277886
1,0,0.4396287
1,0,0.41703844
1,0,0.417151
1,0,0.387999
0,0,0.4156784
0,0,0.4162961
0,0,0.40116665
0,0,0.4639726
1,0,0.42521363
1,0,0.43682978
0,0,0.40301466
1,0,0.44177252
0,0,0.40630773
0,0,0.38803235
0,0,0.35781348
1,0,0.38853303
0,0,0.36826843
1,0,0.3754501
1,0,0.4160297
1,0,0.3880284
1,0,0.40381652
1,0,0.41044694
1,0,0.39475974
0,0,0.39002603
0,0,0.4050546
0,0,0.37064794
0,0,0.37942022
0,0,0.37458193
0,0,0.33945203
0,0,0.37702945
1,0,0.4050133
0,0,0.3966923
1,0,0.3641352
1,0,0.43546045
1,0,0.3812028
0,0,0.39084178
1,0,0.38430795
1,0,0.39477324
1,0,0.39224765
1,0,0.39765927
1,0,0.39927888
1,0,0.35416496
1,0,0.3913089
1,0,0.41832227
0,0,0.4369102
1,0,0.4303766
1,0,0.43349984
0,0,0.45960417
0,0,0.46833423
0,0,0.48967084
0,0,0.4245815
0,0,0.46212253
0,0,0.4621766
0,0,0.4476125
0,0,0.43434364
1,0,0.41319928
1,0,0.4025941
1,0,0.41248643
1,0,0.38493207
1,0,0.38987696
0,0,0.41127366
0,0,0.42595056
1,0,0.43179306
0,0,0.41389778
0,0,0.41036052
0,0,0.41420656
0,0,0.3926421
0,0,0.3794436
0,0,0.42057654
0,0,0.3934653
0,0,0.43963093
0,0,0.4546321
0,0,0.4096365
0,0,0.38215798
0,0,0.4007687
0,0,0.4177671
0,0,0.40465397
0,0,0.45340934
0,0,0.39043066
0,0,0.4276964
1,0,0.45496213
1,0,0.42620814
0,0,0.4012388
1,0,0.42419264
0,0,0.39737436
0,0,0.39406335
0,0,0.39905077
0,0,0.40608647
0,0,0.41783485
0,0,0.45086807
0,0,0.44276062
0,0,0.4067531
0,0,0.4261733
0,0,0.42253235
0,0,0.40611982
0,0,0.45893398
1,0,0.45651522
1,1,0.50281346
1,0,0.3996107
0,0,0.4126655
0,0,0.43467605
0,1,0.51703334
0,0,0.42647794
0,0,0.44060713
0,0,0.44304094
1,0,0.4919846
0,0,0.42238638
0,0,0.39494535
0,0,0.420196
0,0,0.398669
1,0,0.38458323
1,0,0.39189696
1,0,0.43757176
1,1,0.5185753
1,0,0.4810412
1,0,0.42730528
1,0,0.41062713
1,0,0.460332
1,0,0.46706614
1,0,0.46231875
1,0,0.42990777
1,0,0.46575278
0,0,0.41460732
1,0,0.37680477
1,0,0.4532292
1,0,0.39035082
1,0,0.45502788
1,0,0.4883322
0,0,0.41396543
0,0,0.43901578
0,0,0.4274672
0,0,0.43931088
0,0,0.42357045
0,0,0.47616887
0,0,0.39078307
0,0,0.39631665
0,0,0.42297742
0,0,0.47396517
1,0,0.47912136
0,0,0.4550424
0,0,0.4619419
0,0,0.41657826
1,0,0.48168352
1,0,0.39612877
1,0,0.4234869
1,0,0.41383103
1,0,0.39833277
1,0,0.41613147
0,0,0.44632453
1,0,0.41162512
1,0,0.4182229
1,0,0.42638847
1,0,0.40341228
1,0,0.40196362
0,0,0.43497455
0,0,0.4108255
0,0,0.42387056
0,0,0.4109622
0,0,0.42818162
1,1,0.52066684
0,0,0.47649637
1,0,0.46519136
1,0,0.4299666
1,0,0.4990902
1,0,0.38757512
0,0,0.43161097
0,0,0.47288695
0,0,0.4158568
0,0,0.4231761
0,0,0.4273247
0,0,0.46738604
0,1,0.5531995
1,0,0.4820506
1,0,0.48316854
1,0,0.4940348
1,0,0.47648966
1,0,0.46733692
1,0,0.4230447
0,0,0.4402606
0,0,0.3924642
0,0,0.3976607
0,0,0.39387545
0,0,0.41037562
1,0,0.40733176
1,0,0.40566394
1,0,0.44464356
1,0,0.41225922
1,0,0.4413676
1,0,0.40828297
0,0,0.40186882
0,0,0.40025222
0,0,0.3795918
0,0,0.39136457
0,0,0.38527587
1,0,0.39216056
1,0,0.39084953
1,0,0.38285163
1,0,0.44385198
1,0,0.4196839
1,0,0.40637347
0,0,0.3862066
0,0,0.40609628
1,0,0.40657356
1,0,0.39667368
1,0,0.41245484
1,0,0.42798814
1,0,0.4215687
1,0,0.41309306
1,0,0.38269043
1,0,0.41256163
1,0,0.43550733
0,0,0.42336825
0,0,0.41496545
0,0,0.422498
0,0,0.42390716
0,0,0.4203921
0,0,0.40256092
0,0,0.4584494
0,0,0.44500276
0,0,0.46095783
0,0,0.42414021
0,1,0.5036871
0,0,0.47213066
0,0,0.41333675
0,0,0.46152848
0,0,0.49153626
0,0,0.44622824
0,0,0.4737986
0,0,0.4258169
0,0,0.41610768
1,1,0.69365185
1,1,0.51828533
0,1,0.72331524
0,1,0.53174967
0,1,0.5195581
1,0,0.4258286
1,0,0.37975314
1,0,0.4287284
1,0,0.43537062
1,0,0.4307077
0,0,0.41601124
1,0,0.39818522
1,0,0.3981911
1,0,0.39393613
1,0,0.400952
1,0,0.40479317
1,0,0.3942512
1,0,0.4008115
1,0,0.39714926
1,0,0.41868806
0,0,0.40306893
0,0,0.4095617
0,0,0.41775486
0,0,0.42032537
0,0,0.42761636
0,0,0.43668142
0,0,0.42805114
0,0,0.4117352
0,0,0.45294058
0,0,0.4285052
1,0,0.42449257
1,0,0.42655995
1,0,0.41247734
1,0,0.39252725
1,0,0.40455008
1,0,0.40961167
1,0,0.4090556
1,0,0.40973043
1,0,0.41755515
0,0,0.4173486
1,0,0.4181351
0,0,0.43631846
1,0,0.4278898
1,0,0.40595582
1,0,0.37289047
0,0,0.4164202
1,0,0.41044268
0,0,0.4193469
1,0,0.41197345
1,0,0.40009585
1,0,0.4205946
1,0,0.42343396
1,0,0.39192718
1,0,0.46627775
1,0,0.4244411
0,0,0.43823844
0,0,0.4181481
1,0,0.41201624
1,0,0.41438523
0,0,0.35388798
0,0,0.47563678
1,0,0.4165385
0,0,0.42362145
0,0,0.41243684
1,0,0.47542855
1,0,0.40133995
1,0,0.4115208
1,0,0.40656278
1,0,0.39953843
1,0,0.41605172
1,0,0.42110303
1,0,0.42392087
0,0,0.42828152
1,0,0.41505316
1,0,0.40954712
1,0,0.40039062
1,0,0.47490838
1,0,0.40975854
1,0,0.42621687
1,0,0.42040625
1,0,0.4266964
1,0,0.42779183
0,0,0.42360657
0,0,0.4208365
0,0,0.40616575
0,0,0.42452273
0,0,0.41448203
0,0,0.43580136
0,0,0.4264011
0,1,0.5012234
1,0,0.42970094
1,0,0.45628896
1,0,0.38456136
0,0,0.3694003
0,0,0.39297685
0,0,0.38485467
0,0,0.42788956
0,0,0.3993877
0,0,0.43981656
0,0,0.42415428
0,0,0.427697
0,0,0.43269232
0,0,0.44388613
0,0,0.48773715
1,0,0.48835826
1,0,0.45310336
0,0,0.47401652
1,1,0.51974493
1,0,0.38204473
0,0,0.40605336
0,0,0.4161606
1,0,0.35940045
0,0,0.38509396
0,0,0.4087808
0,0,0.41799927
0,0,0.43635014
0,0,0.4026932
1,0,0.41386238
1,0,0.40927842
1,0,0.38828978
1,0,0.4419561
0,0,0.42747822
1,0,0.40704805
0,0,0.39784944
0,0,0.41071784
0,0,0.41637206
0,0,0.3973239
1,0,0.40921134
1,0,0.39763328
1,0,0.47218975
1,0,0.4600014
1,0,0.3865557
0,0,0.42041907
1,0,0.39491823
0,0,0.45249254
1,0,0.41386664
1,0,0.41386664
1,0,0.38336006
1,0,0.42438355
1,0,0.3994448
1,0,0.42454162
1,0,0.39852536
1,0,0.40037435
1,0,0.44336155
1,0,0.40857345
0,0,0.40998614
0,0,0.40688035
0,0,0.39028704
0,0,0.39975852
0,0,0.39107797
0,0,0.4019224
1,0,0.40413344
1,0,0.38874778
1,0,0.38218898
1,0,0.4932449
1,0,0.4401329
1,0,0.41780773
1,0,0.40959793
1,0,0.4240482
1,0,0.4022365
1,0,0.4508392
1,0,0.41987067
1,0,0.41775852
1,0,0.4168081
1,0,0.42257947
1,0,0.42132765
0,0,0.41535556
0,0,0.42682284
0,0,0.37304965
1,0,0.42232212
0,0,0.42235413
0,0,0.42302707
1,0,0.41389722
1,0,0.43083516
1,0,0.43117544
1,0,0.41354206
1,0,0.48259816
1,0,0.42622834
0,0,0.3893012
0,0,0.4195566
0,0,0.4184352
0,0,0.42400688
0,0,0.44207853
0,0,0.38865757
0,0,0.39862716
0,0,0.46500766
0,1,0.54876935
1,1,0.5216704
0,0,0.4418926
0,0,0.41300002
0,0,0.42920256
1,0,0.48863852
1,0,0.38197404
1,0,0.43472677
1,0,0.42088938
1,0,0.39524937
0,0,0.36162475
0,0,0.37088087
0,0,0.39562136
0,0,0.40182203
1,0,0.40082386
1,0,0.3998882
1,0,0.43912792
1,0,0.4706212
1,0,0.4133171
1,0,0.39774862
1,0,0.45815584
1,0,0.42953584
0,0,0.42049924
0,0,0.43843895
0,0,0.39985052
0,0,0.4351466
1,0,0.42749318
0,1,0.5326531
0,0,0.47695357
0,0,0.4460838
0,0,0.4456401
0,0,0.38049984
0,1,0.58492684
0,0,0.44232392
0,1,0.6424261
1,1,0.5454269
1,0,0.42634222
1,0,0.40542665
1,0,0.41566753
1,1,0.50799215
1,0,0.40754762
1,0,0.44336632
1,0,0.40601638
1,0,0.40631917
1,0,0.4081638
1,0,0.4218453
1,0,0.4106922
1,0,0.4066741
1,0,0.43781582
0,0,0.4761586
1,0,0.41691375
1,0,0.44535798
1,0,0.4054687
0,0,0.44609085
1,0,0.4635556
0,0,0.4239239
0,0,0.42853835
1,0,0.4228338
1,0,0.4141986
0,0,0.41639224
1,1,0.5281052
1,0,0.41152447
0,0,0.43954968
0,0,0.44110304
0,0,0.42506567
0,0,0.41484478
0,0,0.4141576
0,0,0.43948838
0,0,0.4713753
0,0,0.44485223
0,0,0.40912056
0,0,0.45236325
0,0,0.40827817
0,0,0.4150718
1,0,0.43374732
1,0,0.43778524
1,0,0.42852944
1,0,0.453662
0,0,0.4157937
0,0,0.40663514
0,0,0.42207852
0,0,0.41514435
0,0,0.41085812
0,0,0.42638165
0,0,0.45748642
0,0,0.43555677
0,0,0.44633874
0,0,0.45308492
0,0,0.40624917
0,0,0.4379536
0,0,0.42310908
0,0,0.4595771
0,0,0.4756288
1,1,0.6453842
1,1,0.5353685
1,1,0.7809271
0,0,0.4467296
0,0,0.4649888
1,0,0.43950483
1,0,0.42480332
1,0,0.4235893
1,0,0.40537906
1,0,0.4449703
0,0,0.41561395
0,0,0.3880421
0,0,0.41803408
0,0,0.42944765
1,0,0.44230333
1,0,0.47591525
1,0,0.46539918
1,0,0.46136293
0,0,0.45979065
1,0,0.4145581
0,0,0.40367544
0,0,0.3922508
0,0,0.42071256
0,0,0.41399646
0,0,0.42550874
0,0,0.41082397
0,0,0.40891874
0,0,0.41492736
0,0,0.4497598
0,0,0.43807247
1,0,0.46568778
1,0,0.49830288
1,0,0.4820792
1,0,0.40535438
1,0,0.417399
0,0,0.4483062
1,0,0.4201506
0,0,0.4249723
1,0,0.4153846
1,0,0.43058088
0,0,0.42685598
1,0,0.42356858
1,0,0.40997747
1,0,0.43009967
0,0,0.42457557
1,0,0.43647668
1,0,0.45144653
1,0,0.41847593
1,0,0.41886637
1,0,0.4157453
1,0,0.36135238
1,0,0.39507163
0,0,0.41659853
0,0,0.37699005
0,0,0.415293
0,0,0.45078552
0,0,0.45363864
1,0,0.43556973
1,0,0.4389423
1,0,0.41659158
1,0,0.43081817
0,0,0.4213901
0,0,0.40800947
0,0,0.40999186
0,0,0.40284777
0,0,0.41621843
0,0,0.40862888
0,0,0.42804882
0,0,0.4579216
0,0,0.3906951
0,0,0.3905076
1,0,0.40029708
1,0,0.37967178
0,0,0.40782872
0,0,0.40759885
0,0,0.39516005
0,0,0.3935907
0,0,0.40399528
0,0,0.42469302
1,0,0.47203875
0,0,0.42661077
1,0,0.44265014
1,0,0.39694694
1,0,0.3905165
1,0,0.41166395
1,0,0.4212914
1,0,0.42894417
1,0,0.42415836
1,0,0.4088878
1,0,0.44047394
1,0,0.4249266
1,0,0.40346605
1,0,0.42855155
1,0,0.4173882
1,0,0.41494584
1,0,0.4017531
1,0,0.45439076
1,0,0.4514546
1,0,0.39589903
1,0,0.45658728
1,0,0.4256753
0,0,0.4646061
0,0,0.49043274
1,0,0.45272127
1,0,0.43917003
0,0,0.40019968
0,0,0.48233986
0,0,0.4675013
0,0,0.4312061
0,0,0.40093684
1,0,0.40042472
1,0,0.47501785
1,0,0.3753874
1,0,0.39401168
0,0,0.3909234
0,0,0.40168813
0,0,0.3953615
0,0,0.4136313
0,0,0.36039844
0,0,0.46646205
1,0,0.452048
0,0,0.3946506
0,0,0.4231832
0,0,0.41473687
0,0,0.4262712
0,0,0.39491042
0,0,0.40794566
0,0,0.40361297
0,0,0.4242329
0,0,0.4684059
0,0,0.43752193
0,0,0.39649814
0,0,0.39467558
0,0,0.40633747
1,0,0.4275837
1,0,0.42642504
1,0,0.43538833
1,0,0.4010975
1,0,0.428676
1,0,0.41757253
0,0,0.3940792
0,0,0.39144593
1,0,0.3934903
1,0,0.41330072
1,0,0.4060059
1,0,0.42543724
1,0,0.43134677
1,0,0.35348627
0,0,0.38143054
0,0,0.39753336
0,0,0.40493345
0,0,0.4133049
0,0,0.44049183
0,0,0.45003116
0,0,0.42583847
0,0,0.43508673
0,0,0.41320264
0,0,0.46822503
0,0,0.4173299
0,0,0.38072744
0,0,0.40388733
1,0,0.4326785
1,0,0.44771883
1,0,0.43329483
1,0,0.4363801
0,0,0.3977319
0,0,0.3973572
0,0,0.4090445
0,0,0.38181165
0,0,0.36571452
0,0,0.44632283
0,0,0.4531155
0,0,0.4340215
1,0,0.47624004
0,0,0.44187948
0,0,0.4262156
1,0,0.4067048
1,0,0.4087297
0,0,0.37585533
0,0,0.37885106
0,0,0.42661437
0,0,0.41788498
0,0,0.41431797
0,0,0.38347945
0,0,0.41722247
0,0,0.4439788
0,0,0.40315267
0,1,0.65626466
0,1,0.5064519
0,0,0.48785135
0,0,0.49680236
1,1,0.56994987
1,0,0.43897736
1,1,0.54520506
1,0,0.49237728
1,1,0.52676064
0,0,0.4280698
0,0,0.42863938
0,0,0.4707556
1,0,0.46302912
1,0,0.45852572
1,0,0.45169255
1,0,0.45129663
1,1,0.5030548
1,0,0.43878338
0,0,0.47239164
0,0,0.41957533
0,0,0.35120192
0,0,0.4045241
0,0,0.3607289
0,0,0.34714416
0,0,0.45732054
0,1,0.5220745
0,0,0.42853147
0,0,0.44067758
0,0,0.47235075
0,1,0.5011849
0,1,0.51202744
0,1,0.6196211
0,1,0.58923155
0,1,0.63352454
1,1,0.53318995
1,1,0.61935025
1,1,0.60187227
1,1,0.55886847
1,1,0.62623066
1,1,0.5966759
0,1,0.5720718
1,1,0.5106141
0,1,0.51315707
1,1,0.50473666
0,1,0.5256877
1,0,0.49200255
1,0,0.48905638
1,1,0.5058439
1,0,0.4764496
1,1,0.5666861
1,0,0.4913793
1,0,0.48201716
1,0,0.47374707
1,0,0.48024717
1,0,0.48592559
1,0,0.47814727
1,0,0.4674465
1,0,0.47927606
1,0,0.49913973
0,0,0.47129765
1,0,0.44502324
0,0,0.4287351
0,0,0.44597104
0,0,0.41387185
1,0,0.4411858
0,0,0.43573418
1,0,0.47424462
1,1,0.56771684
0,1,0.53202814
0,0,0.46570715
0,1,0.5098744
0,0,0.47889248
0,0,0.47578916
0,1,0.5257822
1,0,0.47428352
0,0,0.48434973
1,1,0.51060104
0,1,0.5129569
0,0,0.46763277
0,0,0.47461638
0,0,0.44852296
0,0,0.4597712
0,0,0.46263066
0,0,0.49694887
0,0,0.4588828
0,0,0.4930951
1,0,0.4907065
1,0,0.46674192
1,0,0.4846738
1,0,0.46042833
1,0,0.47050104
1,0,0.44394365
1,0,0.39183137
1,0,0.3590123
1,0,0.3522856
0,0,0.36453617
1,0,0.38958767
1,0,0.3646885
1,0,0.42166802
1,0,0.37162733
1,0,0.4925271
0,0,0.3830419
0,0,0.31289053
0,0,0.33214745
0,0,0.39740637
0,0,0.35971826
0,0,0.4204198
0,0,0.44066605
1,0,0.47407117
1,0,0.4750497
0,0,0.44608808
1,0,0.40818673
0,0,0.4140302
0,0,0.39945477
0,0,0.412765
0,0,0.4102242
0,0,0.4286403
0,0,0.4822119
0,0,0.42482537
0,0,0.43495923
0,0,0.46192104
1,0,0.47354504
1,1,0.5085985
1,0,0.48889786
1,0,0.44981346
1,0,0.4523402
1,0,0.43821424
1,0,0.38329396
1,0,0.25811526
1,0,0.374022
1,0,0.35520172
0,0,0.36572692
1,0,0.33364886
1,0,0.3680086
1,0,0.36915848
1,0,0.4169687
1,0,0.48640835
1,0,0.4242867
1,0,0.3992142
1,0,0.28856617
1,0,0.38069728
1,0,0.31897634
1,0,0.30186415
1,0,0.4373855
1,0,0.43084618
0,0,0.40452152
0,0,0.46784574
1,0,0.41190028
0,0,0.41799626
1,0,0.4614271
1,0,0.3928456
0,0,0.3694739
0,0,0.38352814
0,0,0.33559006
0,0,0.3897252
0,0,0.40053126
0,0,0.44997033
0,0,0.4703636
0,0,0.46085235
0,0,0.4764839
0,0,0.44613367
0,0,0.460237
0,0,0.39355144
1,1,0.5275991
1,0,0.4416803
1,0,0.4548434
0,0,0.4552854
0,1,0.5036249
0,0,0.40200007
0,0,0.39734387
0,0,0.40890965
0,0,0.4488599
1,0,0.44416797
1,0,0.45790774
1,0,0.3833809
1,0,0.39032874
1,0,0.4056475
1,0,0.40844104
1,0,0.40934986
1,0,0.40436256
1,0,0.42110014
1,0,0.4134866
1,0,0.39458385
1,0,0.34630242
1,0,0.4273794
0,0,0.4107236
0,0,0.32256463
0,0,0.39483148
0,0,0.39396593
0,0,0.412945
0,0,0.48638815
0,0,0.41929996
0,0,0.42395973
0,0,0.42753467
0,0,0.4684942
0,0,0.45048523
1,0,0.44723082
0,0,0.36929974
0,0,0.38954243
0,0,0.37818897
1,0,0.3914433
0,0,0.41432354
0,0,0.39158973
0,0,0.38594007
0,0,0.38866514
0,0,0.401622
0,0,0.38014355
0,0,0.42661798
0,0,0.40384692
1,0,0.417189
1,0,0.38864437
0,0,0.40300834
0,0,0.42028922
0,0,0.42347953
1,0,0.3890179
0,0,0.37665695
0,0,0.3909772
0,0,0.41244644
0,0,0.40368935
0,0,0.40675762
0,0,0.4256814
0,0,0.40794432
1,0,0.4101477
0,0,0.40820992
1,0,0.42721793
1,0,0.43008947
1,0,0.4419643
1,0,0.46609282
0,0,0.39506948
0,0,0.41810772
0,0,0.35826007
0,0,0.4111434
0,0,0.40963066
0,0,0.43893132
0,1,0.507567
0,0,0.41456753
0,0,0.4175329
0,0,0.41026396
0,0,0.42321482
0,0,0.41311347
0,0,0.41193414
0,0,0.3871557
0,0,0.40298608
0,0,0.39487267
0,0,0.43290988
0,0,0.4332726
1,0,0.46726757
1,0,0.43286592
0,0,0.44457448
0,0,0.4149182
0,0,0.41802424
0,0,0.44831622
1,0,0.43365148
1,0,0.41430005
1,0,0.45604962
1,0,0.4365985
0,0,0.43909335
0,0,0.43995172
1,0,0.40459332
1,0,0.39564186
0,0,0.41303742
1,0,0.38828665
1,0,0.4470251
0,0,0.38599092
1,0,0.41518813
1,0,0.4123011
1,0,0.42057124
1,0,0.45917618
1,0,0.41195825
1,0,0.40574872
0,0,0.41063115
0,0,0.40552887
0,0,0.36718678
0,0,0.46747535
0,0,0.44055602
0,0,0.43445462
0,0,0.4499902
0,0,0.4759655
0,1,0.50317
0,1,0.50255954
0,0,0.46490416
0,0,0.44558382
0,0,0.4405019
0,0,0.46266446
1,0,0.47633934
1,0,0.4658077
1,0,0.4831604
1,0,0.4606766
1,0,0.4616287
0,0,0.47152653
1,0,0.4321635
1,0,0.44850314
1,0,0.45823857
0,0,0.44449365
0,0,0.4343112
0,0,0.44753224
0,0,0.44501173
0,0,0.44930014
0,0,0.46681845
1,0,0.44540226
1,0,0.49917054
0,1,0.52057785
0,0,0.46321076
0,0,0.45890027
0,0,0.41481906
0,0,0.44849497
0,1,0.5149438
0,0,0.45192236
0,0,0.47126004
0,0,0.48373988
0,0,0.49671063
0,1,0.5175758
0,1,0.52931696
0,0,0.49994487
1,1,0.5172156
1,1,0.5396005
1,0,0.46545553
1,0,0.48119345
1,0,0.48061895
1,0,0.46344978
1,0,0.48458073
1,0,0.48607847
0,0,0.49379092
0,0,0.4831268
1,0,0.43326634
1,0,0.43993434
1,0,0.486035
1,0,0.45107067
1,0,0.49311697
1,0,0.47237745
1,0,0.43244678
1,0,0.4602048
0,0,0.45974866
0,0,0.43654317
0,0,0.43261656
1,0,0.4538007
1,0,0.44083542
1,0,0.4470894
1,0,0.490094
1,0,0.46339363
0,0,0.46941355
0,0,0.43725884
0,0,0.427463
0,0,0.46500307
0,0,0.4600405
1,0,0.45548466
1,0,0.4846531
1,0,0.45643356
1,1,0.53337485
1,0,0.45089096
1,0,0.43479565
1,0,0.46862528
1,0,0.4787242
0,0,0.43202943
0,0,0.4480807
0,0,0.4427035
1,0,0.44654524
0,0,0.45637047
0,0,0.43381473
0,0,0.4493898
0,0,0.4590406
0,0,0.43889794
0,0,0.43682277
0,0,0.44728112
0,0,0.45365116
0,0,0.44801912
0,1,0.50137997
0,0,0.48997647
1,1,0.5149949
1,0,0.45417783
1,0,0.45333594
1,1,0.6606879
1,1,0.5496053
0,0,0.475849
0,0,0.43103415
0,0,0.42535004
0,0,0.39673075
0,0,0.41742268
0,0,0.4398069
0,0,0.49557412
0,0,0.46935382
0,0,0.4613805
0,0,0.45267737
0,0,0.47722903
1,0,0.47554532
1,0,0.46655735
1,0,0.47925833
1,0,0.46578845
1,0,0.44617108
1,0,0.47200826
1,0,0.43314713
0,0,0.45117334
0,0,0.45488426
0,0,0.3341741
0,0,0.43209988
0,0,0.44354403
0,0,0.4801856
0,0,0.4726582
0,0,0.49196342
0,0,0.46518528
0,0,0.45143428
1,0,0.47054136
1,0,0.44683316
1,0,0.45146412
1,0,0.4218789
0,0,0.43827203
0,0,0.42348835
1,0,0.4313759
0,0,0.44138014
0,0,0.4360024
1,0,0.43476158
1,0,0.4430146
1,0,0.45818546
1,0,0.47705388
1,0,0.4361411
1,0,0.45379904
1,0,0.4296078
1,0,0.4513263
1,0,0.43946278
1,0,0.4138832
0,0,0.30752337
0,0,0.36401203
1,0,0.4252979
1,0,0.39881068
1,0,0.41985336
1,0,0.40901557
1,0,0.4600771
1,0,0.42291906
1,0,0.37994045
0,0,0.30564067
0,0,0.37815282
1,0,0.4196056
0,0,0.32672516
0,0,0.3770963
1,0,0.4408325
1,0,0.38539904
0,0,0.33182448
0,0,0.38477242
1,0,0.39436024
1,0,0.32741815
1,0,0.3767671
1,0,0.4024022
1,0,0.40060493
0,0,0.35829955
1,0,0.4324054
0,0,0.39305127
0,0,0.38529482
0,0,0.3823604
0,0,0.3970638
0,0,0.3127176
0,0,0.22200382
0,0,0.4958676
1,0,0.46382308
0,0,0.45914075
0,0,0.44631526
0,0,0.45689446
0,0,0.45212692
0,0,0.46023357
0,0,0.47284806
1,1,0.51858306
1,0,0.4673333
1,1,0.5098566
1,0,0.45678478
0,0,0.44418567
1,0,0.46619898
1,0,0.4644892
0,0,0.4360393
0,0,0.45892152
0,0,0.45656228
0,0,0.48423186
0,0,0.45939732
0,0,0.4621887
0,0,0.46423203
1,1,0.5195595
1,1,0.50647163
1,0,0.4571703
0,1,0.54278344
0,0,0.4490602
0,0,0.4948515
0,0,0.46933466
0,0,0.4648486
0,0,0.46903405
1,0,0.43255338
0,0,0.49964553
0,0,0.46493188
0,0,0.4865853
0,1,0.50508595
0,0,0.49479616
0,0,0.4857778
0,0,0.4593919
1,0,0.49544936
1,0,0.48494658
0,0,0.45258632
0,0,0.49319762
0,1,0.547518
0,1,0.52109885
0,0,0.45508277
1,0,0.44890505
1,0,0.4584739
1,0,0.466594
1,0,0.45019126
1,0,0.4760476
1,0,0.48501158
0,0,0.45983616
0,0,0.44985345
1,0,0.45983616
0,0,0.47030857
0,0,0.46120232
1,0,0.4388035
0,0,0.4522541
0,0,0.43559214
1,0,0.4663187
0,0,0.4522541
1,0,0.45104086
1,0,0.4316347
1,0,0.44553113
1,0,0.443638
1,0,0.44583347
1,0,0.4560358
1,0,0.47297016
1,0,0.46980137
1,0,0.47521493
0,0,0.45716417
0,0,0.43856686
0,0,0.4429449
0,0,0.4375327
0,0,0.41179642
0,0,0.4091072
0,0,0.41352877
0,0,0.4194402
0,0,0.4205929
0,0,0.44815546
0,0,0.45987245
0,0,0.4666973
0,0,0.4854436
0,0,0.4540158
0,0,0.45111686
0,0,0.43783706
0,0,0.4168217
0,0,0.4456273
0,0,0.43178865
1,0,0.4598468
1,0,0.45275664
1,0,0.4475212
1,0,0.47107014
0,0,0.4470894
1,0,0.46785957
1,0,0.46140426
0,0,0.48769957
0,0,0.4572794
0,0,0.4528233
0,0,0.45262688
0,0,0.4597668
0,0,0.4304128
0,0,0.45323536
0,0,0.4493385
0,1,0.5501404
0,1,0.5337434
0,0,0.49204215
0,0,0.49187008
0,0,0.48543274
1,1,0.5773883
1,0,0.47989687
1,0,0.4772855
1,1,0.5042983
1,1,0.5258997
1,0,0.49419358
0,0,0.49760836
0,0,0.481133
1,0,0.47691962
1,0,0.49167967
1,0,0.4743098
1,0,0.4646762
1,0,0.49551365
1,0,0.4700006
1,0,0.4780725
1,0,0.47489822
1,0,0.31873176
1,0,0.29168448
1,0,0.30691525
1,0,0.2827895
1,0,0.25882107
1,0,0.28487825
1,0,0.34504834
1,0,0.2893649
0,0,0.32891706
0,0,0.33055136
1,0,0.33445057
1,0,0.37740648
0,0,0.2912615
1,0,0.38891798
1,0,0.40878698
0,0,0.41304722
0,0,0.3349852
1,0,0.43794972
1,0,0.4372417
1,0,0.3922453
1,0,0.4250506
1,0,0.4564284
1,0,0.365031
1,0,0.39562997
1,0,0.42278716
0,0,0.35208535
0,0,0.40641835
0,0,0.42300743
0,0,0.40270048
1,0,0.31978172
1,1,0.626993
1,0,0.4887372
1,0,0.4367427
1,0,0.45091122
1,0,0.3403553
1,0,0.42338926
1,0,0.41631657
1,0,0.40833226
0,0,0.40355277
0,0,0.36923537
0,0,0.37034857
0,0,0.37572205
0,0,0.38770658
0,0,0.4334854
0,0,0.4603603
0,0,0.459868
0,1,0.60488385
0,1,0.55176836
1,1,0.5401704
1,0,0.42373037
0,0,0.433863
0,0,0.39618936
1,0,0.40787593
0,0,0.42570773
1,0,0.38542786
0,0,0.3949349
0,0,0.41139865
0,0,0.3876625
0,0,0.3893294
0,0,0.42803848
0,0,0.440809
0,0,0.39780354
0,0,0.44414103
0,0,0.39908618
0,0,0.48423085
1,0,0.45937806
0,0,0.48248312
0,0,0.49432698
0,0,0.42444938
0,0,0.40635085
0,0,0.4290096
0,0,0.49762583
1,1,0.6302438
1,0,0.4996676
1,1,0.7152247
0,1,0.6237412
0,1,0.5824076
1,0,0.44844306
1,0,0.44089928
1,0,0.4102363
1,0,0.44946113
1,0,0.45156533
1,0,0.4879365
1,0,0.43979806
1,0,0.43191352
1,0,0.4081772
1,0,0.38511842
1,0,0.41816
1,0,0.39530197
1,0,0.4221109
0,0,0.38552403
1,0,0.44211477
1,0,0.44182864
1,0,0.42448956
0,0,0.40992346
0,0,0.41798434
0,0,0.39118117
0,0,0.43595257
0,0,0.4289429
0,0,0.4219941
0,0,0.41001114
1,0,0.42414534
1,0,0.42147306
1,0,0.45906365
1,0,0.40570775
1,0,0.4281689
1,0,0.40133363
1,0,0.4211977
1,0,0.4064028
1,0,0.42621446
1,0,0.42564628
1,0,0.38166043
1,0,0.4255821
1,0,0.42302668
1,0,0.40734747
1,0,0.39699644
1,0,0.40572038
1,0,0.4096215
1,0,0.41936365
0,0,0.42495024
0,0,0.41732457
0,0,0.41698062
0,0,0.4120762
1,0,0.41459212
1,0,0.44824454
1,0,0.4500867
1,0,0.43249264
0,0,0.39908752
0,0,0.39339373
0,0,0.41573498
0,0,0.3795958
1,0,0.44270378
1,0,0.44991687
1,0,0.42853633
1,0,0.42026177
1,0,0.41907334
1,0,0.43549043
1,0,0.43301827
1,0,0.43385065
1,0,0.43569893
1,0,0.38716632
0,0,0.40183187
0,0,0.42000958
0,0,0.43026128
1,0,0.41217396
1,0,0.4309876
1,0,0.41259843
1,0,0.39876723
0,0,0.38881612
1,0,0.41152033
1,0,0.42043304
1,0,0.42203006
1,0,0.41170582
1,0,0.3944044
0,0,0.4323318
1,0,0.4177186
0,0,0.414049
1,0,0.43272474
1,0,0.4315536
1,0,0.3880459
1,0,0.43719056
1,0,0.43467814
1,0,0.4266409
1,0,0.3786348
1,0,0.43381044
1,0,0.38661543
1,0,0.4081263
1,0,0.4317303
1,0,0.4541134
1,0,0.43449494
1,0,0.45471916
0,0,0.44699755
0,0,0.29384953
0,0,0.39681932
0,0,0.42778313
0,0,0.38565257
1,1,0.52523935
0,0,0.3912392
0,0,0.40938643
1,0,0.45105222
1,0,0.4648392
1,0,0.41598836
1,0,0.4888584
1,0,0.43110612
1,0,0.41208142
0,0,0.38976952
0,0,0.3466676
0,0,0.4278278
0,0,0.3988952
0,0,0.41260704
0,0,0.36642268
0,0,0.44499585
0,1,0.5063634
0,0,0.41403347
0,0,0.44211897
0,0,0.4306296
0,0,0.48187068
0,0,0.38456717
1,0,0.47421312
1,0,0.43669304
1,0,0.4617028
1,0,0.49607885
1,0,0.47524217
1,0,0.4445106
1,0,0.46316376
1,0,0.4533714
0,0,0.4476679
0,0,0.46693954
0,0,0.42492285
0,0,0.41938594
0,0,0.45878908
0,0,0.48310187
0,0,0.4184105
1,0,0.45928505
1,0,0.46902448
0,0,0.45430475
0,0,0.45409325
1,0,0.46656168
1,0,0.46145734
1,0,0.46173868
1,0,0.46931398
1,0,0.4195771
1,0,0.42657763
1,0,0.38845342
1,0,0.45751998
1,0,0.4280372
1,0,0.4464568
1,0,0.4606905
0,0,0.44058
0,0,0.42672682
1,0,0.42682028
0,0,0.40121827
1,0,0.46042645
1,0,0.4016315
1,0,0.39279714
1,0,0.4150097
1,0,0.39460647
1,0,0.4130425
0,0,0.41238534
0,0,0.399514
1,0,0.45360363
0,0,0.4215035
1,0,0.45646277
1,0,0.4755779
1,0,0.44801342
1,0,0.39234355
1,0,0.4656383
0,0,0.46371314
0,0,0.4110981
0,0,0.42716208
0,0,0.45651633
0,0,0.42756945
0,0,0.41215035
0,0,0.4290801
0,0,0.39839324
1,0,0.41792437
0,0,0.4247461
1,0,0.4378438
1,0,0.43956548
1,1,0.5473874
1,0,0.46347067
1,0,0.41535375
0,0,0.40147015
1,0,0.44537455
1,0,0.3635348
0,0,0.368979
0,0,0.40586478
0,0,0.41477415
0,0,0.40499514
0,0,0.42846695
0,0,0.43668687
1,0,0.43056595
1,0,0.4305522
0,0,0.41013166
1,0,0.4875135
1,0,0.44319317
1,0,0.41786423
1,0,0.41495153
1,0,0.43021926
0,0,0.40526497
0,0,0.372255
0,0,0.33959848
0,0,0.32772845
0,0,0.328792
1,1,0.5472678
0,0,0.45495966
0,0,0.44529766
0,0,0.40508276
0,0,0.41841498
0,0,0.41172564
0,0,0.46841258
0,0,0.4927586
0,0,0.46500343
0,0,0.45472044
0,0,0.45030522
1,0,0.45643902
1,0,0.4655293
1,1,0.5132771
1,0,0.48741782
1,0,0.47981015
1,0,0.46565267
1,0,0.47736797
1,0,0.4472535
0,0,0.48983893
1,0,0.49737245
1,1,0.51499367
1,1,0.521077
1,1,0.525569
1,1,0.562763
1,1,0.5122887
1,0,0.4164673
1,0,0.48590547
1,0,0.47971988
1,0,0.4818576
1,0,0.47678757
1,0,0.46888188
1,0,0.47612292
1,0,0.42419243
1,0,0.39946857
0,0,0.37193677
0,0,0.3435459
0,0,0.39543346
0,0,0.41341993
0,0,0.3929808
0,0,0.40953824
1,0,0.45389795
0,0,0.476866
0,0,0.42536053
0,0,0.4080491
0,0,0.41061097
0,0,0.40335572
0,0,0.42020297
0,0,0.4716186
1,0,0.44042993
1,0,0.40504497
1,0,0.4546195
0,0,0.41362557
0,0,0.40989926
0,0,0.40945196
0,0,0.4108498
0,0,0.39540124
1,0,0.42239833
1,0,0.46673232
1,0,0.45046708
1,0,0.4376052
1,0,0.43089762
0,0,0.42267776
0,0,0.4061272
0,0,0.40906215
0,0,0.39767948
0,0,0.40622562
1,1,0.6105422
1,0,0.46846437
1,1,0.67269117
0,1,0.57562196
0,0,0.48252907
1,0,0.43364474
1,0,0.41063967
1,0,0.39845288
1,0,0.422269
1,0,0.42675
1,0,0.3884762
1,0,0.40261447
1,0,0.4210513
1,0,0.4200599
1,0,0.43080527
1,0,0.45771247
1,0,0.43497172
1,0,0.47897187
1,0,0.48581126
1,1,0.50475776
0,0,0.48265225
1,0,0.4427046
0,0,0.46669868
0,0,0.44323373
0,0,0.40764454
0,0,0.43316957
0,0,0.39975166
0,0,0.42382213
0,0,0.4184108
0,0,0.42952737
1,0,0.46429658
0,0,0.4508806
1,0,0.41374537
1,0,0.44232777
1,0,0.41563112
1,0,0.47512448
1,0,0.4290433
1,0,0.44032294
0,0,0.41237873
1,0,0.4081286
0,0,0.40557432
0,0,0.4281363
0,0,0.4243406
0,0,0.44301277
0,0,0.39841768
0,0,0.45698154
0,0,0.42323256
0,0,0.45054668
1,0,0.41557848
1,1,0.5194044
1,0,0.40593046
1,0,0.44996426
1,0,0.441275
1,0,0.38738555
1,0,0.39177647
1,0,0.40891996
1,0,0.42625064
1,0,0.33815956
1,0,0.41467088
1,0,0.41674936
1,0,0.40569094
0,0,0.39664152
0,0,0.38616204
0,0,0.40628615
0,0,0.39737615
1,0,0.38002062
1,0,0.3989034
1,0,0.40814915
1,0,0.37151018
1,0,0.36357895
1,0,0.37652716
1,0,0.3967504
1,0,0.39321458
1,0,0.39857164
1,0,0.4009831
1,0,0.39688215
1,0,0.3880385
1,0,0.3910891
1,0,0.39492607
1,0,0.39492825
1,0,0.40785158
1,0,0.3866919
1,0,0.39546177
1,0,0.38996512
0,0,0.40611672
1,0,0.40153334
0,0,0.3911183
0,0,0.4094873
0,0,0.41643643
0,0,0.4147528
0,0,0.38326362
1,0,0.4433488
0,0,0.41570932
0,0,0.41961318
0,0,0.38972017
0,0,0.43014568
0,0,0.4148085
0,0,0.39355937
0,0,0.49636218
0,0,0.45751846
0,0,0.41907015
0,0,0.491505
0,0,0.44287944
0,0,0.42172888
1,0,0.42374864
1,0,0.39401516
0,0,0.42036226
1,0,0.42578018
1,0,0.37894616
0,0,0.39836606
0,0,0.41094398
0,0,0.39583036
0,0,0.3936718
0,0,0.3968679
0,0,0.41624314
0,0,0.4720811
0,0,0.40662923
1,0,0.48590267
0,0,0.43669415
1,0,0.42740932
0,0,0.40833563
0,0,0.38614365
0,0,0.3926518
0,0,0.39764395
0,0,0.4107094
0,0,0.42320326
1,0,0.41711912
0,0,0.41131344
0,0,0.41818464
1,0,0.4269857
1,0,0.40962908
1,0,0.4336631
1,0,0.41818464
1,0,0.3890544
1,0,0.42434782
1,0,0.44682574
1,0,0.40097296
1,0,0.40843093
1,0,0.40994644
0,0,0.401212
0,0,0.38343427
0,0,0.40118897
1,0,0.40179956
1,0,0.38770792
1,0,0.3756041
1,0,0.43350816
0,0,0.38841444
0,0,0.39301157
0,0,0.38354987
0,0,0.4271001
0,0,0.3836644
0,0,0.40544522
1,0,0.44378242
1,0,0.468191
1,1,0.546076
1,0,0.49395934
1,1,0.50313574
0,0,0.43202013
0,0,0.40770695
0,0,0.39320636
0,0,0.40189052
1,0,0.39203852
0,0,0.39603668
0,0,0.38966855
0,0,0.38258186
0,0,0.40519622
0,0,0.43968558
0,0,0.42640844
1,0,0.41434437
1,0,0.4345467
1,0,0.40219483
1,0,0.4740085
1,0,0.43002915
0,0,0.46553937
0,0,0.4163843
0,0,0.43377283
1,0,0.44027716
0,0,0.44768888
0,0,0.44712314
0,0,0.44413328
0,0,0.45086
0,0,0.400967
0,0,0.41624075
1,0,0.27710944
1,0,0.41702244
1,0,0.4717494
0,0,0.27215874
0,0,0.29983786
0,0,0.32553273
0,0,0.3290251
0,0,0.40819818
0,1,0.5162255
0,0,0.4824249
0,1,0.5455867
0,1,0.5073892
0,1,0.5425208
1,0,0.49018762
1,0,0.49588102
1,1,0.52614754
1,1,0.5172512
1,1,0.5428635
0,1,0.5128363
0,0,0.47703505
0,1,0.5480435
0,1,0.5060403
0,1,0.5092942
0,1,0.5677969
0,1,0.53890294
1,1,0.58782655
0,1,0.5228062
0,1,0.5948092
0,1,0.5501687
0,1,0.5662378
0,1,0.54029405
0,1,0.7342609
0,1,0.5270674
0,1,0.5462501
0,1,0.5036963
0,1,0.5548904
0,1,0.5651108
0,1,0.65067345
0,1,0.6129671
0,1,0.5433238
0,1,0.529014
1,1,0.5120393
1,1,0.56177723
1,1,0.5414836
1,1,0.5691119
1,1,0.5378294
1,1,0.53350645
1,1,0.5113081
0,1,0.5392623
1,1,0.5074822
1,1,0.5144482
1,1,0.55479836
1,1,0.52861243
1,1,0.5753991
1,1,0.52775866
0,1,0.5120363
0,1,0.5182519
0,1,0.56661826
1,1,0.5044312
1,1,0.5147118
1,1,0.52875936
0,0,0.48385367
0,1,0.5190341
0,0,0.46971047
0,1,0.50349796
0,0,0.48450023
0,0,0.4888082
0,0,0.48375446
1,1,0.5606997
0,1,0.55350083
0,1,0.5017354
1,1,0.52933574
1,1,0.5355014
0,1,0.5644281
1,1,0.50642544
0,1,0.5312947
1,0,0.48424238
1,1,0.5615127
1,0,0.48258293
1,0,0.49956977
1,1,0.5262492
1,1,0.5125613
0,1,0.5129217
0,1,0.5119076
0,1,0.508769
0,1,0.5070321
0,1,0.50522405
0,1,0.6077134
1,1,0.56226766
1,1,0.5703177
1,1,0.5421542
0,1,0.5596015
0,1,0.54189306
0,1,0.550146
0,1,0.52619797
0,1,0.5186226
1,1,0.74767756
1,1,0.5720739
1,1,0.68298805
1,1,0.5654102
1,1,0.593166
1,1,0.52319866
0,1,0.5221023
1,1,0.5129665
1,1,0.5296922
1,1,0.5241554
0,1,0.5086086
1,1,0.5119818
1,1,0.5366816
1,1,0.50990194
1,1,0.5141083
1,1,0.5192846
1,0,0.49390367
1,1,0.5299871
1,1,0.5388602
0,0,0.41358772
1,0,0.47704178
1,1,0.5075715
0,0,0.439102
1,0,0.47817856
1,0,0.47220892
1,0,0.46094736
1,0,0.46899712
1,0,0.48522565
0,0,0.4605975
0,0,0.42882773
1,0,0.44929597
1,0,0.46103
1,0,0.4516974
1,0,0.47470978
1,1,0.50229234
1,0,0.47617516
0,0,0.4326793
0,0,0.4497715
1,0,0.46393904
1,0,0.46435446
0,0,0.45481154
1,0,0.48259428
1,0,0.49333245
0,0,0.46398944
0,0,0.47741395
0,0,0.47241622
0,0,0.4657857
0,0,0.46203664
1,1,0.57190734
1,1,0.51953715
1,0,0.49741903
0,1,0.5391543
0,0,0.48853105
0,0,0.46723935
0,0,0.4804767
0,0,0.46809494
1,0,0.48273712
1,1,0.53962547
1,1,0.50588757
1,0,0.45187342
1,0,0.4905184
1,0,0.46291864
1,0,0.47419575
0,0,0.47703734
0,0,0.47483107
0,0,0.4382425
1,0,0.484144
1,0,0.45673147
1,0,0.4886941
1,0,0.48176995
1,0,0.47663403
1,0,0.4582216
0,0,0.49450257
0,0,0.25575024
0,0,0.24040033
0,0,0.3700074
0,0,0.3782505
0,0,0.43751466
0,1,0.5479188
0,1,0.5338597
0,0,0.499725
1,0,0.47561306
1,0,0.49368978
1,0,0.4747323
1,0,0.4669364
0,0,0.49093762
0,0,0.44861725
1,0,0.46346915
1,0,0.4530987
1,0,0.4742523
1,0,0.46911252
0,1,0.5264796
0,0,0.47959194
0,0,0.47468045
0,0,0.4797758
0,0,0.45405707
0,0,0.49539572
0,0,0.48779836
0,1,0.6171776
0,1,0.5112716
0,1,0.5127747
0,0,0.47194952
0,1,0.52299803
1,1,0.52627134
1,1,0.53513896
0,0,0.4837712
1,1,0.5051852
1,0,0.46753612
1,0,0.46984527
0,0,0.46373641
0,0,0.46688974
0,1,0.52604425
0,0,0.46662754
0,0,0.47138742
1,1,0.5025214
1,0,0.48506156
1,1,0.5033113
0,0,0.48065662
1,0,0.46244884
0,0,0.4832171
0,0,0.4803724
0,0,0.4833415
1,0,0.4929304
0,0,0.46526226
0,0,0.49743018
0,1,0.50088733
1,0,0.4777924
0,1,0.5000164
1,1,0.5085968
1,1,0.53627825
1,1,0.53557634
1,0,0.49599835
0,0,0.48450762
0,0,0.48069575
0,0,0.48271924
0,0,0.48663068
0,1,0.51962906
1,0,0.4793234
1,1,0.5012232
1,0,0.47293553
1,0,0.46782264
1,0,0.4842016
1,0,0.4992274
1,0,0.47171336
1,0,0.48836315
1,0,0.48965174
0,0,0.49408215
0,1,0.5014784
0,0,0.48358542
0,1,0.52084875
0,0,0.45783326
0,0,0.48229185
0,1,0.5435681
0,0,0.4842016
1,1,0.58743095
1,1,0.52044713
0,1,0.5114937
0,1,0.5522378
0,0,0.48103866
0,0,0.49710536
0,0,0.48480847
0,0,0.47691128
0,0,0.4722547
0,0,0.49072155
0,1,0.51398003
0,0,0.4870265
0,0,0.45360118
0,0,0.4893291
0,1,0.55125946
1,1,0.50561845
0,1,0.5067474
1,1,0.52126086
1,1,0.51213837
1,1,0.55256456
1,1,0.5035354
1,0,0.46983495
1,0,0.46755114
1,1,0.5023262
0,0,0.49381703
0,0,0.48355412
0,1,0.5039478
0,1,0.5007142
0,0,0.49648872
0,0,0.49667782
1,1,0.50069445
1,1,0.5404224
1,1,0.5259851
1,1,0.6119043
1,1,0.542221
0,0,0.46525195
0,0,0.49508598
0,0,0.4371883
0,0,0.47428003
1,0,0.4613175
1,1,0.57282436
1,1,0.52834344
1,1,0.5565874
0,1,0.5060402
1,0,0.49454775
1,0,0.4767136
1,0,0.49312392
1,0,0.4825207
1,1,0.5006942
1,0,0.48943633
0,0,0.49726352
0,0,0.49897665
0,0,0.48001435
0,0,0.4415042
0,1,0.50647455
0,0,0.4840758
0,1,0.549306
0,1,0.52891576
0,1,0.71281505
0,1,0.5813562
0,1,0.62448364
0,1,0.5653578
0,1,0.5851383
0,1,0.5369661
0,1,0.57817763
0,1,0.5446657
0,1,0.67092824
0,1,0.6253116
1,1,0.5707277
1,1,0.56866956
1,1,0.5433344
1,1,0.5241443
1,1,0.50407165
0,0,0.48063734
0,0,0.47190973
0,0,0.48553413
0,0,0.49836162
0,1,0.5023431
1,1,0.5165007
1,0,0.4604706
1,1,0.52035534
1,1,0.5123728
1,1,0.5377604
1,1,0.51482433
1,1,0.52827716
1,1,0.5269089
1,1,0.53923553
1,1,0.50117195
1,0,0.4931929
1,1,0.5101429
1,1,0.51303047
1,1,0.5158843
1,0,0.49771854
1,1,0.50125456
1,0,0.49295318
0,0,0.4986989
0,1,0.50875825
0,0,0.49361932
0,0,0.49145523
1,0,0.49071506
1,1,0.5048782
1,1,0.5527564
1,1,0.5072306
1,1,0.5088521
1,1,0.5014501
1,0,0.493395
1,1,0.522745
1,0,0.49554843
1,0,0.49865976
1,0,0.47448274
1,0,0.4954131
0,0,0.43289405
0,0,0.47115377
0,0,0.45917383
0,0,0.449909
0,0,0.44087923
0,0,0.4898746
0,1,0.5012348
0,0,0.4822184
1,0,0.4757192
0,1,0.548231
0,0,0.46234956
0,0,0.4705556
0,0,0.49396917
0,0,0.45070878
1,1,0.752621
1,1,0.62354535
1,1,0.71579933
0,1,0.57822096
0,1,0.5912706
0,0,0.49921528
0,1,0.5010624
1,0,0.49528912
1,1,0.5035773
1,0,0.4952752
1,1,0.5367056
1,0,0.4791847
1,0,0.47669885
1,0,0.48291942
1,1,0.5134766
1,0,0.47794577
1,0,0.4907839
1,1,0.51662785
1,1,0.51926553
1,1,0.5020608
1,0,0.49746382
1,1,0.525041
1,0,0.4584594
1,0,0.4962561
1,0,0.46859056
0,0,0.4647554
0,0,0.4594679
1,0,0.45106435
0,0,0.45483887
1,0,0.44996634
1,0,0.48131478
1,0,0.47417665
1,1,0.5082939
0,0,0.44339496
0,0,0.43637973
0,1,0.5231554
1,1,0.5100878
1,1,0.5083147
1,1,0.5003557
1,0,0.48666942
0,0,0.49411812
1,1,0.50651765
1,1,0.5036238
1,1,0.5156493
1,1,0.53039974
1,1,0.5912658
0,1,0.50312656
1,1,0.50522286
1,1,0.50919324
1,0,0.48850706
1,0,0.4700578
1,1,0.5179994
1,0,0.4939173
1,0,0.479492
1,0,0.47489613
1,0,0.47645918
1,0,0.4922468
1,0,0.47592628
1,0,0.45579395
1,0,0.4747777
1,0,0.4609499
1,0,0.47392568
1,0,0.46564418
1,0,0.4705675
1,0,0.47123697
1,0,0.48055735
1,0,0.4897072
1,0,0.45622236
1,0,0.4386292
0,0,0.4395297
0,0,0.4561265
0,0,0.44955963
1,0,0.4610436
1,0,0.4495626
0,0,0.45239165
0,0,0.45599738
1,0,0.45394158
0,0,0.49136057
0,0,0.4769693
1,1,0.5496487
0,1,0.5184765
1,0,0.4396441
1,0,0.48328546
1,0,0.45714635
1,0,0.47237834
1,0,0.45716235
0,0,0.4865186
0,0,0.44933924
1,0,0.4383496
1,0,0.45574388
1,0,0.47330832
1,0,0.4482167
1,1,0.5106718
0,0,0.45539123
0,0,0.4874504
0,0,0.4842384
0,0,0.4900677
0,1,0.5175479
0,1,0.52405834
0,1,0.5381799
1,1,0.5334212
1,1,0.53664434
1,1,0.5138851
1,1,0.5695951
1,1,0.5175211
1,0,0.4996543
1,0,0.4735121
1,0,0.4888105
1,0,0.48076037
0,0,0.49706247
1,0,0.46203
1,0,0.48951963
0,0,0.49471375
1,0,0.4770903
1,0,0.492832
1,0,0.48632306
1,0,0.47726238
1,0,0.49766505
0,0,0.4850256
0,0,0.49164486
0,0,0.47785273
0,0,0.47868216
0,0,0.46022332
0,1,0.55403864
0,1,0.5478457
0,1,0.6015458
0,1,0.5143933
1,1,0.50289804
1,1,0.5458423
1,1,0.53993726
1,0,0.4760322
0,1,0.5110434
0,0,0.47844353
0,0,0.4872856
0,0,0.4830705
0,1,0.513674
0,0,0.47318465
1,0,0.48721224
1,0,0.45880067
0,0,0.48389533
1,0,0.48989126
1,1,0.5021861
0,0,0.47952417
0,0,0.46642298
1,1,0.5313304
0,1,0.5061869
1,0,0.47310385
0,0,0.48288378
0,0,0.48693338
0,1,0.5126648
0,0,0.47307077
0,0,0.47558257
0,1,0.6749112
0,1,0.5711663
0,1,0.5127547
1,1,0.5139393
0,1,0.5284664
0,1,0.50064117
0,0,0.4651486
1,0,0.49323428
1,0,0.47412905
1,1,0.50258607
1,0,0.45443884
1,0,0.49089786
0,0,0.49810326
0,0,0.4841972
0,0,0.48026806
0,0,0.49791813
0,0,0.49395463
0,1,0.6328997
0,1,0.56501675
0,1,0.5322301
1,1,0.7240449
1,1,0.63061273
1,1,0.5606779
1,1,0.55079633
1,1,0.52162373
1,1,0.52050644
0,1,0.5033202
0,0,0.49082997
0,1,0.50516176
0,1,0.51627594
0,1,0.5050697
0,0,0.4463258
0,0,0.44333288
0,0,0.43478343
0,0,0.47862116
0,0,0.4927917
0,0,0.4183377
0,0,0.43347597
0,0,0.4113142
1,0,0.499987
1,0,0.39284316
1,0,0.4271632
1,0,0.40686348
1,0,0.44565952
1,0,0.39107752
0,0,0.39386106
0,0,0.4002394
1,0,0.3957665
1,0,0.4244257
0,0,0.40015966
0,0,0.41560683
0,0,0.4459696
0,0,0.38247728
0,0,0.380422
1,0,0.40361333
0,0,0.4047937
0,0,0.40839928
0,0,0.41293356
0,0,0.41019744
0,0,0.40546608
0,0,0.42813504
0,0,0.40295604
0,0,0.44449565
0,0,0.44549307
0,0,0.4516383
0,0,0.43836442
0,1,0.53276694
0,1,0.50708693
0,1,0.5323504
0,0,0.473444
1,0,0.49069434
1,0,0.47869667
1,0,0.41740498
1,0,0.44023427
1,0,0.42721972
1,0,0.42397663
1,0,0.4119329
1,0,0.4373816
1,0,0.41765
1,0,0.4235378
1,0,0.40869552
1,0,0.4095568
1,0,0.45308074
1,0,0.4127572
1,0,0.44245654
1,0,0.43649197
1,0,0.4147624
1,0,0.39775163
1,0,0.40166783
1,0,0.381589
1,0,0.409699
1,0,0.39207816
1,0,0.4131751
0,0,0.3877312
0,0,0.40102527
0,0,0.38585427
0,0,0.34132433
0,0,0.39403427
0,0,0.47355562
0,0,0.46396357
0,0,0.462239
1,1,0.54783446
1,0,0.499193
1,0,0.43689066
1,0,0.43465966
1,0,0.4277339
0,0,0.44986388
0,0,0.4398537
0,0,0.399059
0,0,0.42734915
0,0,0.41049242
0,0,0.41876954
0,0,0.41408426
0,0,0.38808355
0,0,0.39656833
0,0,0.41923016
0,0,0.3937578
0,0,0.4715767
0,0,0.45489877
0,0,0.45663422
0,0,0.43397132
0,0,0.4318004
0,0,0.43403342
0,0,0.419871
0,0,0.40700474
0,0,0.39602038
0,0,0.41797036
1,1,0.61650974
1,1,0.51341754
1,1,0.58138674
1,0,0.45067382
1,0,0.44953138
0,0,0.44782472
1,0,0.4062096
1,0,0.41309163
1,0,0.41808367
1,0,0.42084664
0,0,0.4324374
0,0,0.41068777
0,0,0.41264638
1,0,0.37460014
1,0,0.42095312
1,0,0.4220779
0,0,0.40945542
1,0,0.40946198
0,0,0.41765338
0,0,0.41978344
0,0,0.4147693
0,0,0.40814504
0,0,0.39357647
0,0,0.45691332
0,0,0.4335293
0,0,0.4409207
0,0,0.42567858
0,0,0.43335786
0,0,0.4364316
0,0,0.4543889
1,0,0.42315868
1,0,0.4670104
1,0,0.40416813
1,0,0.42106938
1,0,0.4083275
1,0,0.4455246
1,0,0.44340888
1,0,0.41647792
1,0,0.41721904
0,0,0.37469283
1,0,0.37184778
1,0,0.46611094
1,0,0.46811795
1,0,0.46726456
1,0,0.4598486
1,0,0.44322166
1,0,0.43295175
1,0,0.42495865
1,0,0.48614004
1,0,0.3613566
1,0,0.45333275
1,1,0.5047608
1,0,0.48175117
0,0,0.43160063
0,0,0.40950388
1,0,0.44345605
0,0,0.49733993
1,0,0.4321491
1,0,0.47223023
1,0,0.49594897
1,0,0.41883332
1,0,0.47219902
1,0,0.41236803
0,0,0.4162988
1,0,0.44319555
0,0,0.41488245
0,0,0.43023038
0,0,0.446852
0,0,0.41020173
0,0,0.43820947
0,0,0.42739886
1,0,0.46057144
1,0,0.40371343
0,0,0.40504092
0,0,0.4344674
0,0,0.41642416
0,0,0.40658712
0,0,0.39628327
0,0,0.41029626
0,0,0.40922555
0,0,0.42224032
1,0,0.40039033
1,0,0.37895885
0,0,0.38774297
1,0,0.39321846
1,0,0.42594463
1,0,0.42015773
1,0,0.39577115
1,0,0.40873116
1,0,0.40447938
1,0,0.41533992
1,0,0.40587837
1,0,0.4168835
0,0,0.4113768
0,0,0.40853024
0,0,0.40925482
0,0,0.40760463
0,0,0.42036605
0,0,0.43987006
0,0,0.39682877
0,0,0.3933594
0,0,0.41383323
0,0,0.4831612
0,0,0.4522195
1,0,0.47336996
1,0,0.42445922
0,0,0.4425176
1,0,0.42674944
1,0,0.39062873
0,0,0.42961568
0,0,0.4087768
0,0,0.3866931
0,0,0.38730714
0,0,0.41356972
0,0,0.42491218
0,0,0.44176906
0,0,0.37649864
1,0,0.44311228
1,0,0.43538815
0,0,0.39694571
0,0,0.43247104
0,0,0.4256184
0,0,0.4044751
0,0,0.3996589
0,0,0.38903746
0,0,0.4169624
0,0,0.4569831
0,0,0.42770636
0,0,0.42251953
1,0,0.4507579
1,0,0.40840638
1,0,0.39075494
1,0,0.4039805
0,0,0.42266008
0,0,0.4020625
0,0,0.41791046
0,0,0.42086896
0,0,0.42490202
0,0,0.40792376
0,0,0.4372121
0,0,0.4196226
0,0,0.4431898
0,0,0.45662418
1,0,0.40212372
0,0,0.43812904
0,0,0.41702223
1,0,0.4035384
0,0,0.40768856
0,0,0.40762353
0,0,0.39078346
0,0,0.4255651
0,0,0.40459493
0,0,0.4048438
0,0,0.41330993
1,0,0.4561807
1,0,0.42796013
0,0,0.42052925
0,0,0.4024114
0,0,0.4123911
0,0,0.40198624
0,0,0.40475222
0,0,0.40210813
1,0,0.45558172
1,0,0.4192059
0,0,0.41777733
0,0,0.4165747
1,0,0.4050269
0,0,0.38701597
1,0,0.40906766
1,0,0.4045133
1,0,0.39959842
1,0,0.4050966
1,0,0.4116386
1,0,0.3769658
1,0,0.39756593
1,0,0.3994462
1,0,0.39842343
1,0,0.39896798
0,0,0.4187429
0,0,0.3970377
0,0,0.39335364
0,0,0.42213503
0,0,0.41287017
0,0,0.36457613
0,0,0.37305814
0,1,0.5146979
0,1,0.5624103
1,0,0.47957063
0,0,0.47800058
0,1,0.5139591
0,0,0.41010898
1,0,0.46751565
1,0,0.38364977
1,0,0.4658073
1,0,0.44895196
1,0,0.40724787
1,0,0.38475972
1,0,0.42468753
1,0,0.36718595
1,0,0.381245
1,0,0.3894126
1,0,0.3772721
0,0,0.3398323
0,0,0.37579277
0,0,0.3761145
0,0,0.32760057
0,0,0.38544434
0,0,0.44475055
0,0,0.49707058
0,0,0.48113915
0,0,0.4592934
0,0,0.48300263
1,1,0.5356871
1,0,0.41929004
0,0,0.41942704
0,0,0.41474223
0,0,0.38955012
0,0,0.3251118
0,0,0.41059005
0,0,0.45208612
1,1,0.54918593
1,1,0.5219543
1,1,0.50557965
1,1,0.5154119
1,0,0.49064657
1,0,0.48454732
1,0,0.4584883
1,0,0.49226263
1,0,0.46216473
1,0,0.45603
1,0,0.46799895
0,0,0.4552112
0,0,0.4436696
1,0,0.4521491
1,0,0.46679938
1,0,0.47408304
1,1,0.5728252
1,0,0.46563768
0,0,0.4936481
0,0,0.43368515
1,0,0.42898026
0,0,0.40863603
1,0,0.4482987
1,0,0.4675746
1,0,0.44912684
1,0,0.45303574
1,0,0.45061445
1,0,0.44260195
1,0,0.40442836
0,0,0.4366937
0,0,0.42216033
0,0,0.42592108
0,0,0.41948226
1,0,0.40837097
1,0,0.46970025
1,0,0.44952184
1,0,0.4442566
1,0,0.43167534
0,0,0.4376284
1,0,0.4153845
1,0,0.41570675
1,0,0.422459
1,0,0.4175387
1,0,0.43069056
1,0,0.41193515
0,0,0.41305652
0,0,0.41608286
1,0,0.42741826
0,0,0.43184578
1,0,0.3990449
1,0,0.4256773
0,0,0.44897348
0,0,0.40586662
1,0,0.43982872
0,0,0.42640674
0,0,0.41083354
0,0,0.42419535
0,0,0.46539918
0,0,0.40864423
1,1,0.6292062
1,1,0.506983
1,1,0.6946423
0,1,0.52727675
0,1,0.53963983
0,1,0.5212653
0,0,0.4988875
1,0,0.48972413
1,0,0.4985271
1,1,0.50529534
0,1,0.5129334
0,0,0.48542467
0,0,0.49251592
0,0,0.4668771
0,0,0.4638089
1,0,0.4968549
1,1,0.52544117
1,1,0.6023893
1,1,0.5487169
1,1,0.51856285
0,1,0.5253622
1,0,0.49374965
0,0,0.45829
1,0,0.4771005
1,0,0.49582118
0,1,0.50732464
0,1,0.50128996
0,1,0.5004814
0,0,0.49013868
0,0,0.48848367
0,1,0.50111026
0,1,0.54189724
0,1,0.50077915
0,0,0.4932217
1,1,0.5584079
0,1,0.5572806
1,1,0.54881114
1,1,0.5311499
1,1,0.55863655
1,0,0.48052943
0,0,0.4558721
0,0,0.4871802
0,0,0.49984068
0,1,0.52346545
0,1,0.5024808
0,1,0.52304965
0,0,0.48331508
1,0,0.47008058
1,0,0.47861594
1,1,0.5394186
1,1,0.5158875
1,1,0.5208921
1,0,0.49275598
0,0,0.48501703
1,0,0.48428127
0,0,0.48620677
0,0,0.46943185
0,0,0.46689287
1,0,0.44374958
0,0,0.480103
1,0,0.4607175
1,0,0.44398627
1,0,0.48849055
1,0,0.48659378
1,0,0.45363712
1,0,0.47218636
1,0,0.4558982
1,0,0.46267644
0,0,0.4812759
1,0,0.4563252
1,0,0.43232435
1,0,0.43495986
1,0,0.4440774
1,0,0.4226221
1,1,0.5108433
1,0,0.44249132
1,0,0.43160787
1,0,0.45591256
1,0,0.4414322
1,0,0.4505853
1,0,0.46217635
1,0,0.435987
0,0,0.45176086
1,0,0.44056493
1,0,0.44877836
1,0,0.43311715
1,0,0.42844802
1,0,0.40016913
1,0,0.44754967
1,0,0.44031432
1,0,0.42005974
0,0,0.3978959
0,0,0.40864098
0,0,0.41001058
0,0,0.42191884
0,0,0.44207335
0,0,0.46143216
0,0,0.49950445
0,1,0.5130258
0,0,0.4890955
1,0,0.48338303
1,0,0.44827512
1,0,0.45544103
1,0,0.44637617
1,0,0.44070876
1,0,0.42858717
0,0,0.42072013
1,0,0.42905083
1,0,0.42301384
1,0,0.43511945
0,0,0.4448503
0,0,0.42141417
0,0,0.44559878
0,0,0.43978727
0,0,0.42849243
0,0,0.453986
0,0,0.44172737
0,0,0.45609596
0,0,0.47319603
1,0,0.45497826
1,0,0.44775453
1,0,0.44860238
1,0,0.4634465
1,0,0.4676062
0,0,0.47006068
1,0,0.46146873
1,0,0.41322264
1,0,0.4084907
1,0,0.42363465
1,0,0.49042892
1,0,0.4270187
0,0,0.4318615
0,0,0.41589612
0,0,0.41555816
0,0,0.40939665
0,0,0.42546025
1,0,0.4487239
1,0,0.43233117
1,0,0.4156102
1,0,0.44902298
1,0,0.4482045
1,0,0.41882214
0,0,0.419652
0,0,0.4183843
1,0,0.4251003
0,0,0.42131558
0,0,0.41125587
0,0,0.39284354
0,0,0.42695728
0,0,0.43152812
0,0,0.3873191
0,0,0.3969866
0,0,0.45006633
1,1,0.51003
1,1,0.58466774
1,0,0.4977957
1,1,0.5556615
1,0,0.4721422
1,0,0.442453
1,0,0.41337013
1,0,0.42941517
0,0,0.42089185
1,0,0.43351236
1,0,0.43127626
0,0,0.42778108
0,0,0.4293015
0,0,0.4106665
0,0,0.46557626
0,0,0.41728213
1,0,0.44017118
1,0,0.4594714
1,0,0.4347317
1,0,0.46262637
1,0,0.45302206
1,0,0.4546186
1,0,0.40391174
1,0,0.41290173
0,0,0.4099135
0,0,0.4082918
0,0,0.40504044
0,0,0.40644228
0,0,0.41199455
0,0,0.3820269
0,0,0.3987313
0,0,0.4079655
1,0,0.45759672
0,0,0.4530478
1,0,0.49178553
0,1,0.5031478
0,0,0.46967334
0,0,0.40533715
1,0,0.43107107
1,0,0.43660006
1,0,0.43651086
1,0,0.44181308
1,1,0.5209485
1,0,0.46133202
1,0,0.41262805
1,0,0.45340508
1,0,0.41433653
1,0,0.42336336
1,0,0.40572783
0,0,0.43149188
0,0,0.42878556
0,0,0.4130594
0,0,0.41998777
0,0,0.41068566
0,0,0.41169167
0,0,0.48859474
0,0,0.47717756
0,0,0.45198634
0,0,0.46985316
0,1,0.5555385
0,0,0.4788016
0,1,0.5234417
0,1,0.53600645
0,0,0.4957884
0,0,0.4558923
0,1,0.5151619
1,0,0.47526392
1,1,0.55534333
1,1,0.5062966
1,1,0.55263114
1,0,0.4617885
1,0,0.43356702
1,0,0.4624695
1,0,0.46864304
1,1,0.54044884
1,1,0.50682247
1,1,0.5248072
1,1,0.50482696
1,1,0.5466922
1,1,0.5426139
1,1,0.5287136
1,1,0.54370016
1,1,0.54567903
1,1,0.5623751
1,1,0.56502056
0,1,0.5507059
0,1,0.57031924
1,1,0.5007248
0,1,0.5105772
0,0,0.4786013
1,1,0.50441325
1,0,0.44951144
1,0,0.47157478
1,1,0.5043723
1,0,0.4885032
0,0,0.45098
0,0,0.45500976
0,0,0.4645681
1,0,0.45427325
0,0,0.44995037
1,0,0.4714464
1,0,0.47076148
1,0,0.45142218
1,0,0.44765332
1,0,0.44881764
0,0,0.48941293
1,0,0.4514496
1,0,0.44778657
1,0,0.4439027
1,0,0.45291832
1,0,0.44718364
1,0,0.46592584
0,0,0.45265466
0,0,0.47863954
0,1,0.50246745
0,0,0.46707818
0,0,0.4592056
0,0,0.49313667
1,0,0.48291725
0,1,0.54099464
0,0,0.48603183
0,1,0.5083448
0,0,0.44894728
0,1,0.5051309
0,0,0.44810835
0,0,0.47623786
1,1,0.7093552
1,1,0.5441131
1,1,0.68208563
1,1,0.5361757
1,1,0.5433238
1,0,0.47237754
1,0,0.41627735
1,0,0.45745432
1,0,0.45683953
1,0,0.47356108
1,0,0.46711686
1,0,0.45469618
1,0,0.4684176
1,0,0.43669096
1,0,0.45489427
1,0,0.49841413
1,0,0.48449945
1,0,0.46617737
0,0,0.47622055
0,0,0.44861305
0,0,0.44782302
1,0,0.43506345
1,0,0.42900854
1,0,0.45363423
1,0,0.42197576
0,0,0.44153655
0,0,0.4248531
1,0,0.4275161
0,0,0.43252274
1,0,0.41069964
1,0,0.44212857
1,0,0.4411238
1,0,0.404192
1,0,0.40801924
1,0,0.42250776
1,0,0.4002568
1,0,0.3967532
1,0,0.41903013
1,0,0.39984554
1,0,0.39971733
0,0,0.39601618
0,0,0.41680512
1,0,0.4023239
1,0,0.4081888
0,0,0.41550344
0,0,0.39953223
0,0,0.41628844
1,0,0.40390933
1,0,0.40996724
1,0,0.43623468
1,0,0.405668
1,0,0.4697014
1,0,0.42666563
1,0,0.41913316
1,0,0.4190561
1,0,0.41779572
1,0,0.42537355
1,0,0.42501226
0,0,0.45482984
0,0,0.42430833
0,0,0.43091068
0,0,0.46536675
0,0,0.4279136
0,0,0.41166848
1,0,0.41975412
1,0,0.43127564
1,0,0.46941313
1,0,0.4452266
0,0,0.4204303
0,0,0.4433388
1,0,0.44064778
1,0,0.43016717
1,0,0.40550163
1,0,0.4229901
1,0,0.41487467
1,0,0.4595291
1,0,0.44639593
1,0,0.45041838
1,0,0.4189939
1,0,0.4147284
1,0,0.43202388
1,0,0.41286847
1,0,0.45132715
1,0,0.3857376
1,0,0.36805657
0,0,0.3413245
0,0,0.35683462
0,0,0.407294
0,0,0.4198542
0,0,0.43628824
1,0,0.46353114
0,0,0.45545182
0,0,0.46791083
0,0,0.46419525
0,0,0.41936356
0,0,0.43097264
0,0,0.44348598
0,0,0.38703957
0,1,0.51892185
0,0,0.46424097
1,0,0.48572978
1,0,0.4704607
1,0,0.46803775
1,0,0.4559577
1,0,0.427347
0,0,0.4041999
0,0,0.42309564
0,0,0.39169407
1,0,0.41326
0,0,0.39725447
0,0,0.3819902
0,0,0.41400287
0,0,0.39775625
0,0,0.41232082
0,0,0.42048103
0,0,0.41450164
0,0,0.37778932
1,0,0.46283016
0,0,0.4453666
1,0,0.448954
1,0,0.3903558
0,0,0.41908324
1,0,0.41079614
0,0,0.41264173
0,0,0.42567325
0,0,0.44565412
1,0,0.4260715
1,0,0.434848
1,0,0.43623778
1,0,0.45070627
1,0,0.42187855
1,0,0.45432678
1,0,0.41313937
0,0,0.42988697
0,0,0.41699815
0,0,0.41209447
1,0,0.41707656
1,0,0.42027584
1,0,0.41889316
1,0,0.42992967
1,0,0.4206723
1,0,0.42519486
1,0,0.44906396
0,0,0.41241744
1,0,0.4277222
1,0,0.43996665
0,0,0.42631245
0,0,0.4251976
0,0,0.40076286
0,0,0.4376168
0,0,0.40436792
0,0,0.4113004
0,0,0.4642973
0,0,0.46034458
1,1,0.6025523
1,0,0.49230516
1,0,0.47660297
1,0,0.4480111
0,0,0.4356998
0,0,0.41547352
0,0,0.4054962
0,0,0.41545767
0,0,0.41043767
0,0,0.44286832
0,0,0.44242144
0,0,0.40898675
0,0,0.41140866
0,0,0.43910366
0,0,0.4843122
1,0,0.47912142
1,0,0.47897866
1,0,0.46266496
1,0,0.4500352
1,0,0.44614118
0,0,0.41290748
1,0,0.43711457
1,0,0.42601904
0,0,0.44760728
0,0,0.43314958
0,0,0.430843
0,0,0.42133674
0,0,0.4136604
0,0,0.44058833
0,0,0.40021306
1,0,0.3974964
1,0,0.41121635
1,0,0.48129264
1,0,0.48891675
1,0,0.4926962
0,0,0.4488398
1,0,0.41486144
1,0,0.4277094
1,0,0.4138103
1,0,0.40978393
1,0,0.4353463
1,0,0.40628317
1,0,0.41486144
1,0,0.41145113
1,0,0.386229
1,0,0.3872554
1,0,0.41264695
1,0,0.4118851
1,0,0.34809604
1,0,0.39335552
0,0,0.3484913
0,0,0.4256151
0,0,0.41305742
0,0,0.40436435
0,0,0.45503405
0,0,0.4931729
0,0,0.47120622
0,0,0.47358295
0,1,0.60461265
0,0,0.47927377
0,1,0.52841663
0,1,0.5126563
0,1,0.50309044
0,0,0.41752425
0,1,0.53382415
1,0,0.47620022
1,0,0.49223322
1,0,0.4554584
1,0,0.4746465
1,0,0.41370398
1,0,0.41778132
1,0,0.42742658
1,0,0.4075139
1,0,0.43218789
0,0,0.4159108
1,0,0.40749732
1,0,0.40900773
0,0,0.45491213
0,0,0.41406128
1,0,0.3759555
1,0,0.41087356
1,0,0.41605213
1,0,0.46754196
1,0,0.47454447
0,0,0.42460978
0,0,0.41256052
0,0,0.41334042
0,0,0.4001353
0,0,0.40276092
1,0,0.4568017
1,0,0.45665082
1,0,0.44117206
1,0,0.49055946
1,0,0.438132
1,0,0.40886086
1,0,0.39231607
0,0,0.40631142
0,0,0.43613678
1,0,0.41612348
1,0,0.40328848
1,0,0.40569204
1,0,0.4505071
1,1,0.51326585
0,0,0.3977756
0,0,0.4060177
0,0,0.4203215
1,0,0.42239857
1,0,0.388936
1,0,0.4450981
1,0,0.4329071
1,0,0.44149128
0,0,0.46060616
0,0,0.3700711
0,0,0.43204206
0,0,0.4376621
0,0,0.38004565
0,0,0.47219944
0,0,0.46242875
0,0,0.47678322
0,0,0.4827599
0,0,0.4666699
0,0,0.4517508
0,0,0.4178883
0,0,0.42133665
0,0,0.42438027
1,1,0.6727709
1,0,0.47667617
1,1,0.6965667
1,0,0.48691282
0,0,0.4711184
1,0,0.39835325
1,0,0.40252292
1,0,0.41254428
1,0,0.4140406
1,0,0.41514832
1,0,0.42214164
1,0,0.4179142
1,0,0.40205094
1,0,0.41544846
1,0,0.44314602
1,0,0.41554758
1,0,0.4119652
1,0,0.4292474
1,0,0.41459444
1,0,0.4154236
1,0,0.39357412
1,0,0.39245933
1,0,0.4054319
1,0,0.45633325
1,0,0.4053518
1,0,0.41832736
1,0,0.40193075
0,0,0.4356203
0,0,0.40145677
0,0,0.3932041
1,0,0.4001531
1,0,0.42310166
1,0,0.4473827
1,0,0.4390699
1,0,0.40989825
1,0,0.41633746
1,0,0.40793952
0,0,0.41818798
0,0,0.41558212
0,0,0.4196152
0,0,0.40034378
0,0,0.39250758
0,0,0.4229824
0,0,0.38010255
0,0,0.39643142
1,0,0.4656873
0,0,0.4121194
1,0,0.43606815
1,0,0.46557906
1,0,0.4822659
1,0,0.39991716
1,0,0.39911982
1,0,0.43979797
0,0,0.40697542
0,0,0.41443852
0,0,0.45610002
0,0,0.3824022
0,0,0.41130066
0,0,0.42703542
0,0,0.4037813
1,0,0.48407978
1,0,0.42827713
0,0,0.43920472
0,0,0.43610957
1,0,0.4198301
0,0,0.41477177
1,0,0.38541824
1,0,0.3817699
1,0,0.40759188
1,0,0.4284248
1,0,0.4145555
1,0,0.40875763
1,0,0.42125857
1,0,0.38282603
1,0,0.39887387
1,0,0.39391133
1,0,0.42397764
1,0,0.4005937
1,0,0.40476313
1,0,0.412697
1,0,0.39293465
1,0,0.43317845
1,0,0.40109602
1,0,0.43577674
0,0,0.38068157
0,0,0.40209636
0,0,0.42460802
0,0,0.40124926
0,0,0.41265526
0,0,0.486243
0,0,0.45703477
0,0,0.44623977
1,0,0.451608
1,0,0.4282147
1,0,0.41488928
0,0,0.4323669
1,0,0.42151123
0,0,0.3899414
0,0,0.39875814
0,0,0.388551
1,0,0.4449311
1,0,0.42198125
1,0,0.450468
1,0,0.4749627
1,0,0.44647214
0,0,0.4088085
0,0,0.42169508
1,0,0.40496215
1,0,0.40578538
0,0,0.41534433
0,0,0.38753924
1,0,0.42457342
0,0,0.40330002
0,0,0.40195647
0,0,0.43633696
0,0,0.441699
0,0,0.4112057
0,0,0.46153596
0,0,0.43843848
0,0,0.43028733
0,0,0.46431005
0,0,0.46141756
0,0,0.43214497
0,0,0.41404897
0,0,0.43729943
1,0,0.43886188
1,0,0.4736144
1,0,0.43680042
1,0,0.45992666
1,0,0.4614012
1,0,0.40889832
1,0,0.39848718
1,0,0.4151822
1,0,0.4174055
1,0,0.40225616
1,0,0.4268258
1,0,0.41621637
1,0,0.41330194
1,0,0.41671798
1,0,0.42215234
1,0,0.37173218
1,0,0.4169139
1,0,0.41724715
1,0,0.36995777
1,0,0.38371134
1,0,0.38240677
1,0,0.41207987
0,0,0.43236995
0,0,0.4771829
0,0,0.42803562
0,0,0.4161323
0,0,0.39600512
0,0,0.37417576
0,0,0.4076673
1,0,0.4028584
1,0,0.41285574
1,0,0.43851236
1,0,0.40421903
1,0,0.4150867
1,0,0.39887086
1,0,0.39124992
1,0,0.3537128
1,0,0.387357
1,0,0.38946038
0,0,0.39886492
0,0,0.38624954
0,0,0.4370948
0,0,0.38856894
0,0,0.4384964
0,0,0.47448167
1,0,0.456176
1,0,0.4160485
1,0,0.41713014
1,0,0.43987688
1,0,0.41255018
1,0,0.4139171
1,0,0.41078568
1,0,0.41705647
0,0,0.40429994
0,0,0.39512333
0,0,0.4335821
0,0,0.4273956
0,0,0.4313932
0,0,0.39193565
0,0,0.3892989
1,0,0.44027016
1,0,0.471314
1,1,0.5674486
0,1,0.6243919
0,0,0.48950136
0,0,0.465039
1,1,0.5060604
1,0,0.40393966
1,0,0.469778
1,0,0.45420656
1,1,0.5037956
0,0,0.46268293
0,0,0.42499563
0,0,0.4392529
1,0,0.47888094
1,0,0.4501128
1,0,0.46339163
0,0,0.4262249
0,0,0.49959508
0,0,0.41663644
0,0,0.43922293
0,0,0.42678735
0,0,0.41067344
0,1,0.59038657
0,1,0.5172656
0,1,0.5124278
0,1,0.5276947
0,1,0.5956461
0,0,0.49669874
0,1,0.512604
0,1,0.51070464
0,1,0.523747
0,0,0.4755161
0,1,0.54150337
0,1,0.52696353
0,1,0.6349258
1,1,0.592273
1,1,0.5743081
1,1,0.52362394
1,1,0.5056732
1,1,0.53653437
1,0,0.48640653
1,1,0.53862464
1,0,0.47228467
1,0,0.48491013
1,0,0.49935043
1,1,0.5332766
1,0,0.4960765
1,0,0.48592293
1,0,0.49007925
1,0,0.48767677
1,0,0.48383683
1,0,0.48012885
0,0,0.48719335
0,0,0.47896203
0,0,0.48986837
0,0,0.47565737
0,0,0.4837626
1,0,0.4741265
1,0,0.49604765
1,1,0.53303915
1,1,0.5270195
1,1,0.5398691
0,0,0.48370373
0,0,0.48722017
1,0,0.48991975
1,0,0.4920206
1,0,0.47704497
1,0,0.48383135
1,1,0.51987654
1,1,0.53153366
1,0,0.48533073
0,0,0.4952141
0,0,0.47756898
1,0,0.48415148
1,0,0.49117392
1,0,0.46692908
1,0,0.49845496
1,0,0.49912807
1,0,0.4781781
1,0,0.47344393
1,0,0.48107663
1,0,0.46489304
1,0,0.44951215
0,0,0.35813674
0,0,0.2711913
0,0,0.21820368
0,0,0.23832126
0,0,0.26191148
0,1,0.52399683
1,1,0.55228364
0,0,0.49596646
1,1,0.51229936
1,0,0.47562274
1,1,0.5800807
1,0,0.48318568
1,1,0.6256429
1,0,0.4143138
1,0,0.3569695
1,0,0.37908986
1,0,0.37352544
1,0,0.34777215
0,0,0.3591062
0,0,0.29146826
0,0,0.37546784
0,0,0.40513897
0,0,0.3835949
0,0,0.37753633
1,0,0.46433648
1,0,0.46974444
1,0,0.4542094
1,1,0.5199728
1,1,0.5015046
1,0,0.37625
1,0,0.38552162
1,0,0.41574532
1,0,0.3804668
1,0,0.3469897
1,0,0.37435794
0,0,0.39717284
1,0,0.411326
1,0,0.37985176
0,0,0.38734958
0,0,0.43731338
1,0,0.47268856
0,0,0.38727668
0,0,0.41271198
0,0,0.43121088
0,0,0.43223476
0,0,0.42572916
1,1,0.5240372
0,0,0.47179726
0,0,0.45222032
0,0,0.45951745
0,0,0.4637399
0,0,0.42031956
0,0,0.4389737
0,0,0.44179755
0,0,0.42420256
0,0,0.44704977
0,0,0.47896454
1,0,0.39064303
1,0,0.40713492
1,0,0.4972304
1,1,0.5431267
1,1,0.54833704
1,0,0.46118686
1,0,0.45188487
1,0,0.45322695
1,0,0.4454715
0,0,0.44821975
0,0,0.43481538
0,0,0.44118556
1,0,0.4148512
0,0,0.40685627
1,0,0.40993106
0,0,0.46550548
0,0,0.4724383
0,0,0.45389825
1,0,0.44539183
1,0,0.4305931
1,0,0.44856784
1,0,0.43292016
1,0,0.4515849
1,0,0.43833703
1,0,0.42341495
1,0,0.42107198
1,0,0.45377907
0,0,0.47309595
0,0,0.44168004
0,0,0.41834667
0,0,0.43860072
0,0,0.44189763
1,0,0.4691821
1,0,0.43626636
1,0,0.4160396
1,0,0.4533679
1,0,0.41958505
0,0,0.41502416
0,0,0.44449687
0,0,0.43525505
0,0,0.41243023
0,0,0.42514995
1,1,0.5824651
1,0,0.44303042
1,0,0.42427418
1,0,0.4091619
0,0,0.40571952
0,0,0.4217562
0,0,0.42537558
0,0,0.43238038
0,0,0.43622306
0,0,0.46008542
0,0,0.44017926
1,0,0.47945598
0,0,0.4905512
1,0,0.48768595
1,1,0.50567865
1,0,0.48585415
0,0,0.46932128
0,0,0.42499563
1,0,0.45304108
1,0,0.45059904
0,0,0.42718804
0,0,0.42395732
0,0,0.43499514
0,0,0.4389801
0,0,0.4626707
0,0,0.4723109
0,0,0.44359174
1,0,0.4301988
1,1,0.5129374
0,1,0.5203069
1,0,0.47222024
1,0,0.44285232
0,0,0.45233667
0,0,0.44378787
0,0,0.4483002
0,0,0.45309043
0,0,0.4515115
0,0,0.46116227
1,0,0.4469259
1,0,0.4825443
1,1,0.50998735
1,1,0.55121917
1,0,0.4405608
1,0,0.46661788
0,0,0.43171754
1,0,0.44209373
1,0,0.48724234
0,0,0.44544256
1,0,0.45068833
1,0,0.43198642
1,1,0.5099548
1,0,0.42303944
1,0,0.4325692
1,0,0.46126214
1,0,0.4390498
1,0,0.4867172
1,0,0.42052782
1,0,0.42002386
1,0,0.42554766
0,0,0.42863026
0,0,0.41246948
0,0,0.4230158
0,0,0.42076936
0,0,0.43294862
0,0,0.4471141
1,1,0.555036
0,0,0.46413705
1,0,0.44247383
0,0,0.49371418
0,0,0.42659622
0,0,0.4308092
0,0,0.48758957
0,0,0.44008538
0,0,0.4454001
0,1,0.51369584
0,0,0.45571592
0,0,0.4830627
0,1,0.51104516
0,1,0.5012621
0,1,0.52714324
0,1,0.5006808
0,1,0.5111144
1,1,0.53001446
1,1,0.518754
1,1,0.5004793
1,1,0.50373167
1,0,0.46054247
0,0,0.47503704
0,0,0.48590198
0,0,0.47315827
0,0,0.49594533
0,0,0.48482746
0,1,0.50438005
0,1,0.5273565
0,0,0.4138175
0,0,0.40353182
0,0,0.44796476
0,1,0.5048136
1,1,0.507451
0,1,0.5236033
0,0,0.47930712
0,0,0.45230064
1,0,0.4849046
1,0,0.4112822
1,0,0.4612714
1,0,0.4594264
1,0,0.44728917
1,0,0.4111022
1,0,0.41291997
1,0,0.38259912
1,0,0.40503043
1,0,0.4142868
0,0,0.40584365
0,0,0.42312786
0,0,0.42049053
0,0,0.4106371
0,0,0.41386664
0,0,0.45832905
0,0,0.44498485
0,0,0.46490106
0,0,0.46341926
0,0,0.45732698
0,0,0.40524873
0,0,0.43319625
0,0,0.40723777
0,0,0.41612816
0,0,0.39769253
0,0,0.40499413
0,0,0.39700893
0,0,0.45951924
0,0,0.49243683
0,1,0.51941293
0,0,0.44590023
0,0,0.48040912
0,1,0.55639106
1,0,0.4988206
1,1,0.529782
1,0,0.49127942
0,0,0.45778814
0,0,0.41403335
1,0,0.4411909
1,0,0.43983257
1,0,0.43489465
1,0,0.4204859
1,0,0.4172472
1,0,0.44533783
1,0,0.44887692
1,0,0.44921893
1,0,0.4435933
1,0,0.44426212
1,0,0.39996213
1,0,0.39722437
1,0,0.40930805
1,0,0.3950746
1,0,0.40676868
1,0,0.3872304
0,0,0.4100222
1,0,0.3990299
1,0,0.3886943
0,0,0.42591998
0,0,0.41295436
0,0,0.45726657
0,0,0.4245972
0,0,0.41028842
0,0,0.41938317
1,1,0.5355669
1,0,0.44754887
0,0,0.47862354
0,0,0.44013727
0,0,0.42477605
0,0,0.4213402
0,0,0.41812098
0,0,0.39444327
0,0,0.393894
0,0,0.48064208
0,0,0.44415924
0,0,0.40506947
0,0,0.42526504
0,0,0.40126684
0,0,0.40371335
0,0,0.44630066
0,0,0.47270256
1,0,0.46233132
1,0,0.44454515
1,0,0.46413165
0,0,0.42659298
0,0,0.41689268
0,0,0.4463862
0,0,0.41517326
0,0,0.41755426
1,1,0.6530731
1,0,0.4732547
1,1,0.61930054
0,1,0.504006
0,1,0.60737437
0,0,0.40830198
1,0,0.4281717
1,0,0.3871774
1,0,0.41489226
1,0,0.44142836
1,0,0.4404735
1,0,0.44871622
1,0,0.45022526
1,0,0.44887072
1,0,0.43390396
1,0,0.4436632
0,0,0.4680901
1,0,0.47247773
1,0,0.4445538
1,0,0.4326345
0,0,0.44392565
1,0,0.4303621
0,0,0.40342876
1,0,0.40192094
1,0,0.39216053
1,0,0.39870673
1,0,0.40880966
1,0,0.42526677
0,0,0.42148623
0,0,0.41824976
1,0,0.40102965
1,0,0.40889582
1,0,0.3856669
1,0,0.4023334
1,0,0.44706357
1,0,0.37955633
1,0,0.39478597
1,0,0.38259476
0,0,0.39809686
1,0,0.39100417
0,0,0.39143574
0,0,0.39248556
0,0,0.3936809
0,0,0.38359958
0,0,0.4117376
0,0,0.43304044
0,0,0.41232336
0,0,0.4527584
1,0,0.39217266
1,0,0.4717437
1,0,0.44178918
1,0,0.44995913
1,0,0.42209747
1,0,0.38780963
1,0,0.38708022
1,0,0.37480158
0,0,0.39085644
1,0,0.402147
1,0,0.39806423
1,0,0.4087787
1,0,0.40741128
1,0,0.40240195
0,0,0.4051004
1,0,0.41186032
1,0,0.40906218
1,0,0.4194229
1,0,0.39817563
1,0,0.3877497
1,0,0.42309904
1,0,0.3913103
1,0,0.4005816
1,0,0.4214018
1,0,0.42425078
1,0,0.41816565
1,0,0.4534202
1,0,0.3997073
1,0,0.40159762
0,0,0.38554147
0,0,0.43303546
0,0,0.42359218
0,0,0.41582733
0,0,0.42312744
0,0,0.44156438
1,1,0.5134535
1,0,0.4320595
1,0,0.44163233
1,0,0.4539949
1,0,0.44173363
0,0,0.42175782
0,0,0.42920482
0,0,0.42485744
0,0,0.45047197
0,0,0.41531652
0,0,0.42204228
0,0,0.43628368
0,0,0.40797502
0,0,0.45645562
0,0,0.4326918
1,1,0.50715095
0,0,0.4650836
0,0,0.45042214
0,0,0.43866122
0,0,0.44579244
1,0,0.42971775
1,0,0.44536304
1,0,0.43207026
1,0,0.39070234
1,0,0.4387776
1,0,0.4286916
1,0,0.408556
0,0,0.4260787
0,0,0.42252037
0,0,0.4366104
0,0,0.39051846
0,0,0.41751873
0,1,0.5026208
0,0,0.43238533
1,0,0.43489292
1,0,0.44312102
0,0,0.43312186
0,0,0.38134667
0,0,0.4485377
0,0,0.42209658
0,0,0.41896224
0,0,0.38808015
1,0,0.4202318
1,0,0.48911968
0,0,0.43637618
0,0,0.46543276
1,0,0.48866555
1,0,0.39991054
0,0,0.39735216
1,0,0.3960571
1,0,0.49233943
1,0,0.42328364
1,0,0.41613874
1,0,0.38850498
0,0,0.43904114
0,0,0.4157452
0,0,0.4305702
0,0,0.40790418
0,0,0.3955257
0,0,0.39508823
0,0,0.39037117
1,0,0.4842747
0,0,0.4609949
0,0,0.3927568
0,0,0.39648217
0,0,0.39730918
0,0,0.41675717
0,0,0.42569682
0,0,0.39206496
0,0,0.46253926
0,0,0.45528892
1,1,0.5433219
1,0,0.49438417
0,0,0.42606682
0,0,0.3938779
0,0,0.3836304
0,0,0.3811515
0,0,0.39221218
1,0,0.39902952
1,0,0.38357538
1,0,0.4046192
1,0,0.3879021
0,0,0.39630702
0,0,0.41631874
0,0,0.39636225
0,0,0.40940538
0,0,0.415442
1,0,0.41513845
1,0,0.372916
1,0,0.3961543
1,0,0.40178478
1,0,0.42304036
1,0,0.40574792
1,0,0.42098737
0,0,0.43069577
0,0,0.4138886
0,0,0.39225867
0,0,0.41174743
0,0,0.4038204
0,0,0.40215835
0,0,0.39874297
0,0,0.42866457
0,0,0.43656504
0,0,0.47329
0,1,0.5727693
0,0,0.40099505
0,0,0.41285288
0,0,0.45082447
0,0,0.44553113
0,0,0.44319838
0,0,0.4761519
0,0,0.4354136
1,0,0.48110256
1,0,0.3984563
0,0,0.40190125
0,0,0.39127168
1,0,0.41121498
1,0,0.409398
0,0,0.41125095
0,0,0.40571913
0,0,0.45157117
0,0,0.41623297
0,0,0.4119133
0,0,0.42053676
0,0,0.42810404
0,0,0.4258962
0,0,0.44316807
0,0,0.41644657
0,0,0.41718462
1,0,0.45799506
0,0,0.4004931
0,0,0.4245375
0,0,0.4504093
0,0,0.43589714
0,0,0.42190233
0,0,0.49619234
0,0,0.46766046
0,0,0.47933578
0,0,0.49568364
1,0,0.45773584
1,0,0.41819763
1,0,0.4262688
1,0,0.48476818
1,0,0.43899602
1,0,0.49427465
1,0,0.47239718
0,0,0.4847512
0,0,0.49452257
0,0,0.45158643
0,0,0.46106434
1,0,0.4156612
1,0,0.46062806
1,0,0.42904764
1,0,0.46498045
1,0,0.4216553
1,0,0.41881755
1,0,0.4010498
0,0,0.42634764
0,0,0.40995318
0,0,0.41081735
0,0,0.4232567
0,0,0.3997247
1,0,0.40859783
1,1,0.5231502
1,0,0.4210746
1,0,0.41104072
1,0,0.39526653
0,0,0.40743724
0,0,0.36535558
0,0,0.39691752
0,0,0.40682462
0,0,0.4210977
0,0,0.43720442
0,0,0.40041718
0,1,0.5083557
0,0,0.39916363
1,0,0.4216553
1,0,0.37844056
1,0,0.39685643
0,0,0.40704998
0,0,0.41621697
0,0,0.38926443
0,0,0.4048313
0,0,0.39326236
0,0,0.40163666
0,0,0.48672003
0,0,0.47534132
0,0,0.40266433
0,0,0.45377392
0,0,0.42048368
0,0,0.39254624
0,0,0.4154901
0,0,0.40764114
0,0,0.3873718
0,0,0.38131103
0,0,0.4150038
1,1,0.6028014
1,0,0.49056783
1,1,0.5379181
0,1,0.57092696
0,0,0.42875734
0,0,0.44019955
0,0,0.42071205
1,0,0.44069874
1,0,0.40271062
1,0,0.43041214
0,0,0.41302204
0,0,0.39325127
0,0,0.40698448
1,0,0.40425
1,0,0.43416643
1,0,0.47723523
1,0,0.41858244
1,0,0.4301814
1,0,0.42237887
0,0,0.446562
0,0,0.41805136
0,0,0.45210716
0,0,0.40965068
1,0,0.42425144
0,0,0.40711674
1,0,0.4109335
0,0,0.43679002
0,0,0.45784017
0,0,0.43840882
0,0,0.38336244
0,0,0.4038659
0,0,0.48384887
0,0,0.39132905
1,0,0.41606146
1,0,0.41261622
0,0,0.40810162
1,0,0.42752996
0,0,0.43210867
0,0,0.43269536
0,0,0.38688794
0,0,0.39602718
0,0,0.4216821
0,0,0.48829857
0,0,0.4404353
0,0,0.4520525
0,0,0.46755415
0,0,0.45310214
1,0,0.3958134
1,0,0.38442525
1,0,0.42631486
1,0,0.40371513
1,0,0.42131925
1,0,0.4179203
0,0,0.38751084
1,0,0.41144747
0,0,0.42075047
0,0,0.4146891
0,0,0.39425492
1,0,0.4261018
0,0,0.4296082
1,0,0.42123473
1,0,0.42542878
1,0,0.40946737
1,0,0.40975094
1,0,0.41934225
1,0,0.41800487
1,0,0.40681347
1,0,0.41666993
1,0,0.39729705
0,0,0.43485856
1,0,0.4182003
1,0,0.401425
1,0,0.4088878
1,0,0.42164063
1,0,0.4366644
1,0,0.40661794
1,0,0.40299785
1,0,0.4093174
1,0,0.42782086
1,0,0.4085066
1,0,0.40230215
0,0,0.39184263
0,0,0.41344902
0,0,0.41592935
0,0,0.41465047
1,0,0.39945433
1,0,0.43682244
1,0,0.40292498
1,0,0.41213778
1,0,0.4564905
1,0,0.41092628
1,0,0.42708096
1,0,0.40351924
1,0,0.42126665
1,0,0.41246048
0,0,0.40575987
1,0,0.41432005
0,0,0.3990952
0,0,0.38666794
0,0,0.41731545
0,0,0.40359515
0,0,0.4047833
0,0,0.42546347
0,0,0.4292754
1,0,0.4717581
0,0,0.43350747
0,0,0.4285926
1,0,0.40393388
1,0,0.40860593
1,0,0.41747603
1,0,0.36776453
1,0,0.3775905
0,0,0.40796456
0,0,0.40316224
0,0,0.40283296
0,0,0.40909088
0,0,0.4174848
0,0,0.4148955
0,0,0.39142993
0,0,0.3922177
1,0,0.4795084
0,0,0.42180973
0,0,0.42566347
0,0,0.4327467
0,0,0.430177
0,0,0.41371116
1,0,0.46839413
1,0,0.45362502
1,0,0.43060356
1,0,0.48600766
1,0,0.43141347
1,0,0.4402487
1,0,0.41706872
1,0,0.40927413
1,0,0.4224956
1,0,0.430522
1,0,0.40864646
0,0,0.41349632
0,0,0.42412537
0,0,0.41265973
0,0,0.4194961
0,0,0.43106297
0,1,0.51742625
0,0,0.43492585
0,0,0.44178274
0,0,0.4302132
0,0,0.49570712
0,0,0.42107478
0,0,0.4151769
0,0,0.43520746
0,0,0.44416094
0,0,0.43094084
0,0,0.43274358
0,0,0.42880902
0,0,0.48129383
0,0,0.4069973
0,0,0.44105795
0,0,0.4107177
0,0,0.43444246
0,0,0.39383867
0,0,0.41942236
0,0,0.3944297
0,0,0.3999642
0,0,0.43461606
0,0,0.39013377
0,0,0.43884903
0,0,0.3970029
0,0,0.40904692
0,0,0.3945825
0,0,0.4063909
1,0,0.44488305
1,0,0.46366864
1,0,0.4603039
1,0,0.38914728
1,0,0.38497874
1,0,0.40204793
1,0,0.39763618
0,0,0.42759642
0,0,0.40166923
0,0,0.40870947
0,0,0.3936263
0,0,0.3858824
0,0,0.39008668
0,0,0.4700167
0,0,0.48675233
1,1,0.5739863
1,1,0.5395566
1,1,0.5386241
1,1,0.54814285
1,0,0.4943317
1,0,0.47183248
1,0,0.48823524
1,0,0.4062417
1,0,0.45939118
0,0,0.44707283
1,0,0.46958035
1,0,0.4689337
0,0,0.48904115
0,0,0.47517455
1,1,0.50289404
1,0,0.49357575
1,0,0.4802551
1,0,0.48838016
0,1,0.5239483
0,0,0.47829384
0,0,0.48579973
0,0,0.48183873
0,0,0.4839334
0,1,0.61912555
0,1,0.51256317
0,1,0.51163054
0,1,0.5373396
0,1,0.536172
0,0,0.49766868
0,0,0.49590975
0,1,0.50696546
0,1,0.51246524
0,0,0.49452898
0,1,0.54312724
1,1,0.5593722
1,1,0.69741803
1,1,0.5627403
1,1,0.5986415
1,0,0.49604997
1,0,0.46686012
1,1,0.5049054
1,0,0.4937382
1,1,0.507075
1,0,0.48344582
1,0,0.491442
1,1,0.531435
1,0,0.46514928
1,0,0.4843551
1,0,0.48503423
1,0,0.48206413
1,1,0.5033921
1,1,0.5525189
1,0,0.49301308
1,0,0.48423913
1,0,0.48008156
1,0,0.49731594
0,0,0.48172727
0,1,0.5294061
0,1,0.5030861
0,0,0.48316598
1,0,0.4714092
1,1,0.50248235
1,0,0.47514856
1,0,0.49525258
1,0,0.49714914
1,0,0.47798756
1,0,0.46089607
0,0,0.4751394
1,0,0.47593772
0,0,0.47928154
0,0,0.4848077
0,0,0.48362774
0,0,0.4576895
0,0,0.4577165
0,0,0.48172328
0,0,0.45707753
0,0,0.4421447
0,0,0.46088752
0,0,0.49042386
0,0,0.4826848
0,0,0.4825797
0,0,0.45875517
1,0,0.4583582
1,0,0.45051363
1,1,0.5137432
1,1,0.51361656
1,0,0.4997972
0,0,0.4914224
0,0,0.4733119
0,0,0.45561844
0,0,0.4719866
0,0,0.4908627
1,0,0.46074033
1,0,0.4929716
1,1,0.69995993
1,1,0.5206971
1,1,0.7123903
1,0,0.48389414
0,0,0.48176324
0,0,0.48917803
0,0,0.4953546
0,0,0.46148953
0,0,0.49025446
1,1,0.63885987
1,1,0.53229403
1,0,0.48067546
1,0,0.48722243
1,1,0.5359534
1,0,0.4947426
1,0,0.48296118
1,1,0.500707
1,0,0.48240224
1,0,0.47543955
1,0,0.46438557
1,0,0.44154674
1,0,0.456664
1,0,0.34927675
1,0,0.40397775
1,0,0.37901405
1,0,0.3882685
1,0,0.37214756
1,0,0.41400698
0,0,0.2875736
0,0,0.36233667
1,0,0.41433352
0,0,0.34698644
1,0,0.34877402
1,0,0.4231629
1,0,0.39624223
1,0,0.38774505
1,0,0.3843358
1,0,0.3773694
1,0,0.35227466
1,0,0.3590263
1,0,0.3985349
0,0,0.3335222
0,0,0.39773533
1,0,0.38906714
1,0,0.39270502
0,0,0.40011546
1,0,0.45406887
1,0,0.41119838
1,0,0.39141202
1,0,0.42263943
1,0,0.42489755
1,0,0.44898003
1,0,0.41171417
0,0,0.4034534
0,0,0.42770705
0,0,0.41888368
0,0,0.41243562
0,0,0.40694553
1,1,0.66020364
1,0,0.4480724
1,0,0.47003734
1,0,0.45870996
1,0,0.4499221
1,0,0.40362337
1,0,0.41469222
1,0,0.43783218
0,0,0.4104287
1,0,0.38413513
1,0,0.40166214
0,0,0.41129667
0,0,0.4194611
0,0,0.40997618
0,0,0.4579912
0,0,0.41512033
1,0,0.45223537
1,0,0.42445773
1,0,0.4250054
1,0,0.46290877
1,0,0.44990295
1,0,0.4240378
1,0,0.41293916
1,0,0.4535839
1,0,0.4198988
1,0,0.42057487
1,0,0.40457785
1,0,0.41372865
1,0,0.41464022
0,0,0.42191055
1,0,0.42535582
1,0,0.42490187
1,0,0.41925976
1,0,0.41924047
1,0,0.43189365
1,0,0.40426415
1,0,0.39176205
1,0,0.4184378
1,0,0.40184388
1,0,0.42489627
1,0,0.43528414
1,0,0.42516303
1,0,0.4270627
1,0,0.40512925
0,0,0.43006977
1,0,0.43037352
1,0,0.42611253
1,0,0.41837683
1,0,0.425233
1,0,0.47513095
1,0,0.45599806
1,0,0.3877783
1,0,0.39945853
1,0,0.40669435
1,0,0.3968864
1,0,0.41782945
1,0,0.41299096
1,0,0.41873354
1,0,0.41023442
1,0,0.39913914
1,0,0.41025457
1,0,0.40098554
1,0,0.41716784
1,0,0.41550303
1,0,0.46690008
1,0,0.40478405
0,0,0.40523276
0,0,0.42361537
0,0,0.43178862
0,0,0.43013534
0,0,0.42194265
1,0,0.48172927
1,0,0.46149126
1,0,0.4528078
1,0,0.45404467
1,0,0.3807577
0,0,0.38274196
0,0,0.3913455
0,0,0.39392036
0,0,0.38264233
0,0,0.36121318
0,0,0.39875367
1,0,0.38442025
0,0,0.379842
0,0,0.37679517
1,0,0.3812074
1,0,0.37607569
1,0,0.41916633
1,0,0.43033606
1,0,0.41288596
0,0,0.41505143
0,0,0.41652513
0,0,0.41198954
1,0,0.40657857
1,0,0.40886977
1,0,0.43460318
1,0,0.42701164
1,0,0.44897848
0,0,0.42239162
0,0,0.43316323
0,0,0.43031082
0,0,0.42549273
0,0,0.4037625
1,0,0.4067387
1,0,0.43974814
1,0,0.4023362
1,0,0.39093652
0,0,0.45052782
0,0,0.40835324
0,0,0.39746353
0,0,0.42407212
1,0,0.39028436
1,0,0.40160292
1,0,0.41384393
1,0,0.44093508
1,0,0.43437687
1,0,0.41960454
1,0,0.42872095
1,0,0.37933898
0,0,0.41360167
0,0,0.4186192
0,0,0.367987
0,0,0.41698602
0,0,0.4167691
0,0,0.42536226
0,0,0.40461376
0,0,0.3553202
0,0,0.40551344
0,0,0.47389624
1,0,0.3972793
0,0,0.36723757
1,0,0.3598502
0,0,0.36919838
1,0,0.4719532
1,0,0.41712484
1,0,0.4134311
1,0,0.44346008
1,0,0.44922888
1,0,0.43569225
1,0,0.42075545
1,0,0.4150402
1,0,0.4237197
0,0,0.4373865
0,0,0.418102
0,0,0.4546059
0,0,0.4670089
0,0,0.4305556
0,0,0.41366357
0,0,0.4872325
0,0,0.44226098
1,0,0.41172183
1,0,0.39697772
1,0,0.42477405
1,0,0.42523855
1,0,0.47258455
0,0,0.44380298
0,0,0.45435336
0,0,0.4467996
0,0,0.42220607
0,0,0.43448305
0,0,0.4880421
0,0,0.48940104
0,0,0.45187134
1,0,0.43640435
1,0,0.40562773
1,0,0.4228064
1,0,0.40159246
1,0,0.46534088
1,0,0.43526697
0,0,0.46249324
1,0,0.39520356
1,0,0.4310285
1,0,0.42785504
0,0,0.43370816
0,0,0.41507477
0,0,0.42801082
1,0,0.4453282
1,0,0.411013
1,0,0.4951029
1,0,0.41521958
1,0,0.43752047
0,0,0.43662313
0,0,0.43346074
0,0,0.41969657
0,0,0.43139377
0,0,0.42031035
1,0,0.4139162
0,0,0.41421714
0,1,0.50012696
1,0,0.43374127
0,0,0.41902918
0,0,0.44910252
0,0,0.40032175
0,0,0.42448664
0,0,0.44642136
0,0,0.45230457
0,0,0.4764244
1,0,0.4376458
0,0,0.44039458
0,0,0.41732898
0,0,0.43389183
1,0,0.4197688
0,0,0.34094778
0,0,0.38837343
0,0,0.4452145
0,0,0.44585347
0,0,0.40769973
0,0,0.3572767
0,0,0.43218786
0,0,0.412414
0,0,0.44725502
1,1,0.50918084
0,0,0.44953293
0,0,0.38506094
0,0,0.39738432
0,0,0.37887433
0,0,0.38608828
0,0,0.3793109
0,0,0.47039232
0,0,0.36540535
0,0,0.3817516
1,0,0.39380577
1,0,0.41331822
0,0,0.37866116
0,0,0.3906441
0,0,0.35918552
1,0,0.3785045
1,0,0.3684736
1,0,0.38696265
1,0,0.35931093
1,0,0.41710043
1,0,0.3823834
1,0,0.36591104
1,0,0.40378743
1,1,0.5268362
1,0,0.4480341
1,0,0.40516785
1,0,0.37305197
1,0,0.40966952
0,0,0.4099042
1,0,0.4193716
1,0,0.38940877
1,0,0.35824335
0,0,0.38418892
0,0,0.37037298
0,0,0.35900244
0,0,0.37749097
0,0,0.37188768
0,0,0.35338297
0,0,0.37928966
0,0,0.35983053
0,0,0.37877518
1,0,0.44052795
1,0,0.38125038
1,0,0.43871352
1,0,0.43441683
1,0,0.4245737
1,0,0.41108447
1,0,0.42130208
1,0,0.4336888
1,0,0.41456896
1,0,0.42230546
1,0,0.42293236
1,0,0.4005677
0,0,0.44232413
0,0,0.43009636
0,0,0.42070177
0,0,0.41757694
1,0,0.41038358
1,0,0.39249313
1,0,0.43482396
1,0,0.39919242
1,0,0.4232569
1,0,0.3910632
0,0,0.3950849
0,0,0.38567927
0,0,0.45942792
0,0,0.47881046
1,0,0.42606872
1,0,0.4744185
1,0,0.42448568
1,0,0.42326364
1,0,0.4155556
1,0,0.400205
1,0,0.4098363
1,0,0.40823385
0,0,0.37935346
1,0,0.40818968
1,0,0.40826067
1,0,0.40642056
1,0,0.3984282
1,0,0.39461187
1,0,0.40806997
1,0,0.39739817
1,0,0.39339066
0,0,0.41864565
0,0,0.4207876
0,0,0.4414241
0,0,0.4024065
0,0,0.3955826
1,0,0.3908121
0,0,0.3662004
1,0,0.4071367
1,0,0.3451494
1,0,0.34792304
1,0,0.3787667
1,0,0.37161472
1,0,0.3796398
1,0,0.37282473
1,0,0.38089198
1,0,0.39781758
1,0,0.46807364
1,0,0.411947
1,0,0.47639582
1,0,0.46862936
1,0,0.45784667
1,0,0.4441171
1,0,0.45299444
0,0,0.46410638
0,0,0.45446754
0,0,0.4008226
0,0,0.41501448
0,0,0.42852166
0,0,0.4485393
0,0,0.4458405
1,0,0.3985065
1,0,0.35181805
1,0,0.35701656
1,0,0.40304512
1,0,0.40577564
1,0,0.39847395
1,0,0.40845168
1,0,0.44571564
0,0,0.4011632
0,0,0.41232482
0,0,0.3486569
0,0,0.41602784
1,0,0.4503398
1,0,0.40373093
1,0,0.39613625
0,0,0.39316964
0,0,0.43594477
0,0,0.4344486
0,0,0.41262594
0,0,0.42361978
0,0,0.48764843
0,0,0.41908535
1,0,0.4514584
0,0,0.40256062
1,0,0.41093802
1,0,0.4819014
1,0,0.4334258
1,0,0.44516167
1,0,0.35955968
0,0,0.44868886
0,0,0.44226497
0,0,0.42622632
0,0,0.42465815
0,0,0.42155477
0,0,0.4777525
0,0,0.43120435
0,0,0.39629254
0,0,0.44447082
0,0,0.41812527
0,0,0.39704305
0,0,0.42978248
0,0,0.37791586
0,1,0.5055972
1,0,0.41768524
0,0,0.38872796
0,0,0.4068445
0,0,0.3481071
0,0,0.42271003
0,0,0.4124607
1,0,0.4837847
1,0,0.453337
1,0,0.4086631
1,0,0.39039254
0,0,0.42645532
1,0,0.41523847
1,0,0.44296896
1,0,0.44092467
1,0,0.38886297
1,0,0.4483794
1,0,0.4421722
0,0,0.43191686
0,0,0.42321685
1,0,0.42161983
1,0,0.43367112
1,0,0.420472
1,0,0.3984489
1,0,0.4065651
1,0,0.45386052
0,0,0.42831004
1,0,0.4217751
1,0,0.4272648
1,0,0.39407802
1,0,0.4208318
0,0,0.44595253
0,0,0.43348086
0,0,0.42665574
0,0,0.3846695
0,0,0.41770878
0,0,0.4533328
1,0,0.4866831
1,0,0.48886088
1,1,0.50825125
0,0,0.4839611
1,1,0.52498263
0,0,0.48504114
0,0,0.4902142
1,0,0.48189214
1,1,0.620374
1,1,0.51132506
1,1,0.51589435
1,1,0.5458854
1,0,0.49511975
1,0,0.4498497
0,0,0.45822802
0,0,0.35936585
0,0,0.37705052
1,0,0.46289137
0,0,0.45155016
1,0,0.44232792
0,1,0.5781176
0,1,0.51267225
0,0,0.468956
0,0,0.4084826
0,0,0.45407033
0,0,0.49603567
0,1,0.5532367
0,1,0.5248557
0,0,0.4925268
0,1,0.65409493
0,1,0.5081955
0,1,0.61403644
0,1,0.5289274
0,1,0.53606784
0,1,0.50994104
0,1,0.6373194
0,1,0.52165896
0,1,0.63417363
0,1,0.58540905
1,1,0.52490497
1,1,0.50895095
1,0,0.4880764
1,1,0.5695764
1,1,0.50392014
1,1,0.5322734
1,0,0.48877478
1,1,0.51225626
1,0,0.48121858
0,1,0.5389257
0,0,0.4741428
1,0,0.4915052
1,1,0.50265515
1,0,0.49427208
1,0,0.4843395
1,0,0.47999212
0,1,0.5088383
0,0,0.4906945
0,0,0.49793386
0,0,0.4977509
0,0,0.4902308
1,0,0.46710968
1,0,0.47249967
1,0,0.496908
1,1,0.5214415
1,1,0.54913414
1,1,0.5058225
1,0,0.4850067
1,1,0.5131726
1,0,0.47003767
1,0,0.4969406
1,0,0.45982945
1,0,0.4882376
1,0,0.46791345
1,0,0.47182634
1,0,0.38225636
1,0,0.2718468
1,0,0.26893014
1,0,0.25215736
1,0,0.3537663
1,0,0.3275824
1,0,0.37010148
1,0,0.3886555
0,0,0.3210875
1,0,0.3611167
1,0,0.37379536
0,0,0.39112192
0,0,0.37425002
0,1,0.5991502
0,0,0.3399183
0,0,0.42969197
0,1,0.5700199
0,1,0.5226366
0,1,0.6291072
0,0,0.48207566
0,0,0.47437182
0,0,0.43540123
1,1,0.5844443
1,1,0.53351724
1,1,0.74255913
0,1,0.5080367
0,0,0.4631055
0,0,0.42523232
0,0,0.4265899
1,0,0.4155611
1,0,0.4565772
1,0,0.48221156
0,0,0.4627861
1,1,0.50155663
1,0,0.40857884
1,0,0.41175503
1,0,0.41503415
1,0,0.46889666
1,0,0.40940472
1,0,0.39664844
0,0,0.42543465
0,0,0.42227137
0,0,0.42953652
1,0,0.3916416
1,0,0.42990628
1,0,0.4489697
1,0,0.4834783
0,0,0.48834905
0,0,0.35621664
0,0,0.38307005
0,0,0.40309888
0,0,0.41218898
0,0,0.44078326
0,0,0.48030636
0,0,0.4518463
0,0,0.47969255
0,0,0.49906915
0,0,0.47642878
1,0,0.48427257
0,0,0.47364557
0,0,0.4305408
0,0,0.4353239
0,0,0.43764222
0,0,0.4117307
0,0,0.46045724
0,0,0.43474966
0,0,0.45013374
0,0,0.45389035
0,0,0.46845877
1,0,0.48489502
1,0,0.44753134
1,0,0.48869205
1,0,0.49244416
1,0,0.46762288
1,0,0.41349125
1,0,0.42100587
1,0,0.42447612
0,0,0.41556737
1,0,0.42232788
1,0,0.4193347
1,0,0.40183902
1,0,0.41021132
1,0,0.48409057
0,0,0.43762335
0,0,0.42997864
1,0,0.4212942
1,0,0.40091115
1,0,0.4222976
1,0,0.43088523
1,0,0.4342141
0,0,0.3908625
0,0,0.40758497
0,0,0.42162085
0,0,0.4150852
0,0,0.4010303
0,0,0.4430443
0,0,0.48252666
0,0,0.42945626
0,0,0.42516047
1,0,0.44113082
1,0,0.4416846
1,1,0.50329983
1,0,0.46777365
1,0,0.44242853
0,0,0.43077505
0,0,0.40621296
0,0,0.42130986
0,0,0.4092733
0,0,0.42432937
1,0,0.42858952
1,0,0.47887978
0,1,0.5063322
0,0,0.3888598
1,0,0.41612703
0,0,0.4338968
0,0,0.39677182
0,0,0.44994166
0,0,0.4624769
0,0,0.42236313
0,0,0.44432437
0,1,0.533296
0,0,0.43069103
0,0,0.4268309
1,0,0.4540053
1,0,0.45310932
0,0,0.4424418
1,0,0.49487212
0,0,0.46007046
0,0,0.42089257
0,0,0.4219755
1,0,0.42396176
0,0,0.39373833
0,0,0.43935013
0,0,0.45372856
0,0,0.46101704
0,0,0.42457032
0,0,0.4471899
1,0,0.4480063
1,0,0.42767668
1,0,0.47275817
0,0,0.45268276
1,0,0.45156908
1,0,0.42800856
1,0,0.42741424
1,0,0.42087987
1,0,0.37526205
1,0,0.42851952
1,0,0.39354748
1,0,0.43040434
0,0,0.43728474
1,0,0.4200112
0,0,0.42880565
0,0,0.43212944
0,0,0.41863623
0,0,0.41112167
1,0,0.40687063
1,0,0.40775752
1,0,0.39833513
1,0,0.4170503
1,0,0.41777277
1,0,0.3876222
0,0,0.39317474
0,0,0.42709705
0,0,0.43131715
0,0,0.4341065
0,0,0.42603448
0,0,0.46570405
0,1,0.5378503
0,0,0.4691611
0,0,0.4553122
0,0,0.44834167
0,0,0.41901684
0,0,0.4521145
0,0,0.4554726
0,0,0.425055
0,0,0.44181246
1,0,0.480989
1,0,0.48304924
1,0,0.42302117
1,0,0.38083968
1,0,0.40351278
1,0,0.39567247
1,0,0.41946995
1,0,0.41686618
1,0,0.43388215
0,0,0.3711469
0,0,0.42940575
0,0,0.41239738
0,0,0.3713126
0,0,0.4297244
0,1,0.5390125
0,0,0.4708314
1,0,0.4602751
1,0,0.490322
1,0,0.4263158
1,0,0.46717066
1,0,0.4604815
1,0,0.43312234
1,0,0.42137766
1,0,0.4214379
0,0,0.4365469
0,0,0.39851126
0,0,0.36082393
0,0,0.36764002
0,0,0.3517511
0,1,0.5008117
0,1,0.51446307
0,1,0.5143293
0,1,0.5453126
1,1,0.52719414
0,1,0.5049326
0,1,0.51982284
0,1,0.52325004
1,1,0.51534903
1,1,0.50747323
1,0,0.48059076
1,1,0.52481157
1,1,0.5227589
1,1,0.51891804
0,1,0.5086368
0,1,0.50476384
1,0,0.4901583
1,1,0.52424675
0,0,0.482391
0,0,0.48260093
0,1,0.50599325
0,0,0.4900221
0,0,0.47311568
0,0,0.49981064
0,1,0.51884866
0,1,0.54572874
0,1,0.52335614
0,1,0.5356354
0,1,0.5042394
1,1,0.53315365
0,0,0.48406732
0,1,0.52878445
0,1,0.5162252
0,1,0.5000679
0,0,0.46244118
0,1,0.508612
0,0,0.49969095
0,1,0.5463505
0,1,0.544356
0,1,0.52001214
0,1,0.50498813
1,0,0.48511362
1,0,0.47155777
1,0,0.49759826
1,1,0.543742
0,0,0.49266958
0,0,0.49957728
1,1,0.50564945
0,1,0.5187063
0,0,0.48617172
1,1,0.5046733
1,0,0.49316388
1,0,0.4965809
1,1,0.51087844
1,0,0.49316388
0,1,0.5169509
0,1,0.5201579
0,1,0.52060944
0,1,0.5258301
0,1,0.53908074
1,1,0.50205135
1,0,0.49788928
1,1,0.575016
1,1,0.5242159
1,1,0.57828027
1,1,0.5148418
1,0,0.4988893
1,1,0.5338356
1,1,0.5209017
1,1,0.51031727
1,0,0.49307975
1,0,0.48910645
1,0,0.4987894
0,1,0.51004815
0,0,0.48853835
0,1,0.52153236
0,0,0.48869598
1,0,0.4907668
1,0,0.4760942
1,0,0.49646512
1,0,0.47838047
0,0,0.49161294
0,1,0.5070561
0,1,0.5002377
1,0,0.4827532
1,0,0.49280608
0,0,0.4903333
0,1,0.51111203
1,1,0.50534046
0,1,0.5092923
0,0,0.48848692
0,1,0.5038916
0,0,0.49160314
0,1,0.5266077
0,0,0.4837654
0,0,0.4877345
1,1,0.7576194
1,1,0.57636195
1,1,0.6073534
1,1,0.6018702
1,1,0.57876354
1,1,0.51726407
1,1,0.5062266
1,0,0.47764567
1,1,0.50436914
1,0,0.48515505
0,1,0.51952773
1,1,0.50232494
1,0,0.48324892
1,0,0.46866277
1,0,0.4680682
1,0,0.46689847
0,1,0.51302004
0,1,0.5308123
0,1,0.5104309
0,0,0.4869364
0,1,0.5437237
1,1,0.50564665
1,1,0.5247734
1,0,0.49975574
1,0,0.49515283
1,1,0.5116753
0,1,0.5013192
0,0,0.46289873
0,0,0.4829758
0,0,0.4670717
1,0,0.4586838
1,0,0.4740011
1,1,0.5007902
1,0,0.47269538
1,0,0.46978
0,1,0.525924
1,0,0.48670438
1,0,0.49630055
1,1,0.5069647
1,0,0.48606056
0,0,0.49997652
0,0,0.48133639
1,0,0.48185727
0,1,0.5026453
0,0,0.4926815
0,0,0.49245036
0,1,0.5236133
0,1,0.5012412
1,0,0.47897866
1,0,0.48918438
1,0,0.49748418
1,1,0.5384191
1,1,0.5224702
1,0,0.47543907
1,0,0.4841202
1,1,0.5814516
1,0,0.47602582
1,0,0.48471805
1,0,0.47249722
1,0,0.49058345
1,1,0.51641035
1,1,0.51780415
1,0,0.48965645
0,1,0.517463
1,0,0.49591944
1,1,0.5036208
1,1,0.5006775
1,0,0.48657626
1,0,0.49016196
1,0,0.4901506
1,1,0.5187588
1,0,0.47956562
1,0,0.48322555
1,0,0.48283976
0,0,0.47776493
0,0,0.464919
0,0,0.4637877
0,0,0.46160656
0,0,0.4618844
1,0,0.4909612
1,0,0.48153973
1,0,0.46175638
1,0,0.46580544
1,0,0.45530507
0,0,0.48192587
0,0,0.43822196
0,0,0.43754047
0,0,0.4396227
1,0,0.47231564
1,0,0.4941959
1,0,0.4472785
1,0,0.47711727
1,0,0.44368535
0,0,0.43757114
0,0,0.47890642
0,0,0.46919087
0,0,0.4764721
0,0,0.4826646
0,1,0.5043581
0,1,0.52208996
0,0,0.49600786
0,1,0.5071011
0,1,0.5037067
1,1,0.52514994
1,0,0.49646065
1,0,0.48965317
0,0,0.49762788
1,0,0.478595
0,1,0.51320696
0,0,0.47281227
0,0,0.48553908
0,0,0.48857433
0,0,0.47680372
0,0,0.48360988
0,1,0.50161
0,1,0.5007825
1,0,0.48713788
1,1,0.53632045
1,1,0.5538882
1,0,0.48115575
1,0,0.48512354
1,1,0.5212254
1,0,0.4977737
1,0,0.48814252
0,0,0.49380574
1,1,0.50403637
1,0,0.48829338
1,0,0.48903272
1,0,0.4886786
1,0,0.4825243
1,1,0.5600792
1,0,0.4996377
0,0,0.48903272
0,1,0.5044618
0,1,0.507332
0,0,0.4962917
1,0,0.49311098
1,0,0.49224782
1,0,0.4992173
1,1,0.5049863
1,1,0.50649244
1,1,0.51567256
1,1,0.5026775
1,1,0.50190926
1,1,0.52416444
0,1,0.5207955
1,0,0.47803414
0,0,0.47561845
0,0,0.477506
0,0,0.4591761
0,0,0.43345264
0,0,0.4590687
0,0,0.48309597
0,0,0.4591109
1,1,0.60107297
1,1,0.5946213
0,1,0.5260869
0,1,0.5280017
0,0,0.49626386
0,1,0.5081108
0,0,0.49908704
0,0,0.48165095
0,0,0.4921047
0,0,0.47644436
0,1,0.52366114
0,0,0.4885694
0,0,0.48666164
0,0,0.48114142
0,0,0.48666164
1,0,0.48825753
1,0,0.47533837
1,0,0.4950936
1,0,0.48682588
1,1,0.5238525
1,0,0.4766675
1,0,0.48675805
1,0,0.49146053
0,1,0.5147173
0,0,0.49345827
0,0,0.48534018
0,0,0.48659468
0,0,0.4672357
0,0,0.48515436
0,0,0.44525066
0,0,0.44796133
0,0,0.4906239
0,1,0.5025247
1,1,0.6308382
0,1,0.529507
0,1,0.53622997
0,1,0.53254455
1,1,0.6297095
1,0,0.4710474
1,0,0.4730425
1,0,0.47198558
1,0,0.4804649
1,0,0.45432994
0,0,0.4746702
0,0,0.4745638
1,0,0.47122797
1,0,0.47650492
1,0,0.46665296
1,0,0.4867481
0,0,0.49028033
1,0,0.47993618
0,0,0.45637256
1,0,0.4635344
1,0,0.47450587
1,0,0.4718757
1,0,0.41545442
1,0,0.46627006
0,0,0.4413844
1,0,0.4543573
0,0,0.42936614
0,0,0.45631164
0,0,0.43787423
0,1,0.5091371
0,0,0.47836027
0,1,0.6554017
0,1,0.5583752
0,1,0.6409658
0,1,0.60209227
1,1,0.5360495
1,1,0.56098026
1,1,0.53568214
1,1,0.5952281
1,0,0.49176973
1,0,0.48222348
1,0,0.46125486
1,0,0.4893122
1,0,0.49205682
1,0,0.49493057
1,0,0.4784199
1,0,0.48856884
1,0,0.48907393
1,1,0.50216275
1,0,0.47616866
1,0,0.49451983
1,0,0.48446637
1,0,0.48941046
1,0,0.49584174
1,0,0.47068223
0,0,0.4271331
1,0,0.4478338
1,0,0.422854
1,0,0.4383866
1,0,0.47667643
1,0,0.4757748
1,0,0.3882182
0,0,0.42162925
0,0,0.44933403
0,0,0.4241018
0,0,0.29868457
0,0,0.3671894
1,1,0.5133979
1,0,0.46511486
0,0,0.4081162
0,0,0.45165226
0,0,0.4551852
0,0,0.42953223
0,0,0.4215024
0,0,0.4243015
0,0,0.4203533
1,1,0.5709864
0,0,0.49797925
0,0,0.48454753
0,0,0.4789837
0,0,0.4863683
0,0,0.47137392
0,1,0.520689
0,1,0.543775
0,0,0.491496
0,1,0.5323458
0,1,0.5703176
0,1,0.5238619
0,1,0.51659876
0,0,0.49361384
0,1,0.5220539
0,1,0.5080954
1,1,0.682103
1,1,0.60652167
1,1,0.6852664
1,1,0.5743348
1,1,0.56240517
1,1,0.50008076
1,0,0.49210113
1,0,0.4816732
1,0,0.47516572
1,1,0.5019552
0,1,0.52791005
0,1,0.508756
0,0,0.4830034
1,0,0.47907734
1,0,0.48706615
1,1,0.51010424
1,1,0.54721093
1,1,0.52741313
0,1,0.55737394
1,0,0.49011946
0,0,0.49538472
0,0,0.47979504
0,0,0.47577262
0,0,0.4850638
0,0,0.49777755
0,1,0.5148327
0,0,0.4790128
0,0,0.4957546
0,0,0.48413768
1,1,0.5152503
1,1,0.5117457
1,1,0.5212001
1,1,0.50821894
1,0,0.49100465
1,0,0.47071552
1,0,0.36897343
1,0,0.31748497
1,0,0.36560482
0,0,0.32574055
0,0,0.31562343
0,0,0.3771625
1,0,0.35650954
1,0,0.4236942
1,0,0.4127507
1,0,0.40911257
1,0,0.46265802
0,0,0.45135745
0,0,0.39106324
1,0,0.43353844
1,0,0.4255457
1,0,0.40515122
1,0,0.43635306
0,0,0.3568914
0,0,0.36428732
0,0,0.35800698
1,0,0.4450356
1,0,0.3953142
1,0,0.45385474
1,0,0.401106
1,0,0.41062617
1,0,0.41577974
1,0,0.45499805
0,0,0.36301088
0,0,0.36483604
0,0,0.32344547
0,0,0.35232183
0,0,0.42364618
0,0,0.4193353
0,0,0.41672197
1,0,0.43818223
1,0,0.42750102
1,0,0.45462817
1,0,0.4197773
1,0,0.4942957
0,0,0.43551195
0,0,0.44482064
0,0,0.37752423
0,0,0.42399496
0,0,0.41123357
1,0,0.45553887
1,0,0.45671466
1,0,0.39062566
1,0,0.41557026
1,0,0.45202318
1,0,0.46532762
1,0,0.44616738
1,0,0.43909886
1,0,0.44848055
0,0,0.4518363
1,0,0.4472843
1,0,0.4382653
1,0,0.43246302
1,0,0.43117628
1,0,0.43196142
1,0,0.32505706
1,0,0.44097123
1,0,0.45374122
0,0,0.41402733
0,0,0.43223995
0,0,0.3962351
0,0,0.42170483
0,0,0.42439058
0,0,0.44376945
0,0,0.46520922
0,0,0.4461841
0,0,0.47249606
1,0,0.49504074
1,1,0.5403566
1,0,0.47317135
0,1,0.50827265
0,0,0.44416082
0,0,0.484534
0,0,0.48201272
0,0,0.4827009
0,1,0.51942307
0,0,0.48159352
0,1,0.50880414
0,1,0.5291109
0,0,0.46361178
0,0,0.47913787
0,1,0.5065904
0,1,0.51904184
0,0,0.45969918
0,0,0.46706694
0,0,0.4992803
1,1,0.5159426
0,0,0.4994898
0,0,0.45805058
0,0,0.45629323
1,0,0.49389097
1,0,0.46763
1,0,0.43962878
1,0,0.46331373
0,0,0.47960857
0,0,0.4911469
0,0,0.47709984
0,0,0.46662593
0,0,0.46204582
0,0,0.4885861
0,0,0.48202097
0,0,0.4807405
0,0,0.45105234
0,0,0.4882383
0,0,0.46590963
0,0,0.4348445
0,0,0.48343825
1,1,0.50771093
0,0,0.49278963
0,0,0.4777496
0,0,0.45635003
0,0,0.4610562
0,0,0.48721042
0,0,0.44277552
0,0,0.44857037
1,1,0.53838575
0,0,0.49992883
0,0,0.46349603
0,0,0.47343692
0,0,0.45995972
0,0,0.49541217
0,0,0.48207375
0,1,0.50029343
1,1,0.5288265
1,1,0.5481808
0,1,0.5573382
1,0,0.48375568
1,0,0.48077503
1,0,0.44927415
1,0,0.4955403
1,0,0.47331515
1,1,0.50444806
0,0,0.4340718
1,0,0.45233864
1,0,0.4875369
1,0,0.48506048
1,1,0.5013147
1,0,0.49306625
1,0,0.46162215
0,0,0.48508254
0,0,0.47824797
0,0,0.47893557
0,0,0.48327637
0,0,0.4861935
0,0,0.37454113
0,0,0.3453
0,0,0.42067686
0,0,0.37044734
1,0,0.45500112
0,1,0.5269087
0,1,0.5324681
0,0,0.47561735
1,1,0.50121087
1,0,0.47151875
1,0,0.47722816
1,0,0.4878049
0,0,0.48229662
1,0,0.41614726
0,0,0.4553634
0,0,0.47354686
1,0,0.46086815
1,0,0.47937554
1,0,0.45253915
1,0,0.48986998
0,1,0.5247031
0,0,0.45339525
0,0,0.4415969
0,0,0.46343324
0,0,0.47295776
0,1,0.5238736
0,0,0.4804107
0,1,0.5137408
0,1,0.51250225
0,1,0.6554327
0,1,0.5348397
0,1,0.5489827
0,1,0.52682203
0,1,0.55781823
0,1,0.5667885
0,1,0.5917598
0,1,0.58893234
0,1,0.6150907
0,1,0.628633
0,1,0.551553
0,1,0.5270836
0,1,0.5215687
1,1,0.56760514
1,1,0.54958194
0,1,0.5605039
0,1,0.516774
0,1,0.5203057
0,1,0.5111855
0,1,0.5076251
1,1,0.55030257
1,1,0.50502765
1,1,0.5552749
1,1,0.51559156
1,1,0.5539877
1,1,0.5446044
1,1,0.52282906
1,1,0.5450474
1,1,0.53998196
0,1,0.51670146
0,1,0.5208849
1,1,0.5011481
0,1,0.5327815
0,1,0.50952905
1,1,0.5149059
1,1,0.53151774
0,1,0.53445494
0,1,0.52206844
0,1,0.5170578
0,0,0.49138924
0,0,0.4882203
0,1,0.5193496
1,1,0.5208953
1,1,0.53920877
1,1,0.5102137
1,1,0.51242834
1,1,0.5435983
1,0,0.48710847
1,1,0.5122332
1,1,0.50000036
1,0,0.4904656
1,0,0.49085638
1,1,0.50734067
1,0,0.4634581
1,0,0.48796174
1,0,0.49029624
1,1,0.51092714
0,0,0.41951457
0,0,0.3539131
0,0,0.46073598
0,0,0.4455155
1,0,0.4321938
0,1,0.57795733
0,1,0.5841002
0,1,0.52714974
0,1,0.51975787
0,0,0.48792672
1,1,0.75769526
1,1,0.6174941
1,1,0.701613
0,1,0.59176403
0,1,0.57698286
0,1,0.50590616
0,0,0.495334
1,0,0.46542856
0,1,0.5125614
0,1,0.5123128
0,1,0.5324618
0,1,0.51286733
0,0,0.4882678
0,1,0.50942624
1,1,0.5022193
1,1,0.5431112
1,1,0.51563376
1,1,0.518242
1,1,0.50923145
1,0,0.4984273
1,1,0.53738844
1,0,0.4999795
1,1,0.5112404
1,0,0.4895139
1,0,0.48579282
1,1,0.51366323
1,1,0.5204989
0,0,0.47806716
1,1,0.5346185
1,1,0.5307641
1,1,0.5005933
1,1,0.5406505
1,0,0.4983708
1,0,0.46362767
1,0,0.4913031
1,0,0.4835741
1,0,0.45178956
0,0,0.49152225
0,0,0.49301195
1,0,0.47697645
0,0,0.4971992
0,1,0.5365941
0,1,0.52328175
0,1,0.50873274
0,1,0.50407225
0,1,0.54456156
0,1,0.5307735
0,1,0.5301128
0,1,0.51236844
1,1,0.5422026
1,1,0.5074725
1,1,0.60452276
1,1,0.5807029
1,0,0.48939943
1,0,0.49090865
1,0,0.49544212
1,0,0.49981475
1,1,0.5174412
1,0,0.47867113
1,1,0.52983564
1,0,0.4880112
1,0,0.49244872
0,0,0.4909805
1,0,0.47281617
1,0,0.4766481
1,0,0.47775152
1,1,0.51020825
1,0,0.4953657
1,0,0.49910146
0,0,0.35773668
0,0,0.27737874
0,0,0.26655132
0,0,0.26699495
1,0,0.3379428
1,0,0.4728922
1,0,0.44350642
1,0,0.4687107
1,0,0.48001623
1,0,0.40228418
1,0,0.4262686
0,0,0.32050586
0,0,0.23394749
0,0,0.32488328
0,0,0.43581155
1,0,0.33182117
1,0,0.4998173
1,1,0.5050355
1,1,0.5684256
0,0,0.4832706
0,0,0.4414398
0,0,0.47112378
0,0,0.47576174
0,0,0.47672534
0,1,0.50554717
0,1,0.5274161
0,1,0.5127817
0,0,0.4918673
1,1,0.55882275
1,1,0.5915448
1,1,0.5931261
1,1,0.5101128
1,1,0.5391012
0,0,0.4546505
0,0,0.44577792
1,0,0.46588248
0,0,0.44451708
1,0,0.4577705
1,1,0.5939527
1,1,0.5798588
1,0,0.46864194
1,0,0.47738406
1,0,0.486732
1,0,0.46090412
0,0,0.479196
1,0,0.4873399
0,0,0.34443736
1,1,0.5078823
0,0,0.46274418
0,1,0.56489253
0,0,0.42899132
0,1,0.559098
0,0,0.48066506
0,0,0.49288172
1,1,0.51189315
1,1,0.54367584
1,1,0.58305395
1,1,0.57559884
1,1,0.5220563
1,0,0.47896788
0,0,0.4806355
1,0,0.48019627
0,0,0.43668404
1,0,0.48459652
0,0,0.4881135
1,1,0.5086263
1,0,0.48411995
1,0,0.478013
1,0,0.49022326
1,0,0.49183223
1,0,0.47014335
0,0,0.39036703
1,0,0.48637742
1,0,0.4853906
1,0,0.4627108
1,0,0.47048193
1,1,0.5318703
0,0,0.4014752
0,0,0.444452
0,0,0.43845624
1,0,0.42968103
0,0,0.38213736
0,0,0.47761998
0,0,0.49011004
0,0,0.47201133
0,0,0.4643285
0,1,0.52202153
0,1,0.5830464
0,1,0.5881329
0,1,0.5666067
0,1,0.5508015
0,1,0.5396868
0,0,0.4926919
0,1,0.562596
0,1,0.5543124
0,1,0.5496582
0,1,0.62252194
0,1,0.55693114
0,0,0.4743727
0,1,0.5750007
1,1,0.5130413
1,1,0.5317117
1,1,0.55264026
1,1,0.5352947
1,1,0.5377268
1,0,0.45591262
1,1,0.5085539
1,0,0.42261356
1,0,0.4314642
0,0,0.47840032
0,0,0.47952175
0,0,0.4797349
0,0,0.482158
0,0,0.48673415
0,0,0.4214063
0,0,0.39490452
0,0,0.41904497
0,0,0.45764056
0,0,0.46083546
0,0,0.4645553
0,0,0.4402793
0,0,0.44712353
0,1,0.54518634
0,0,0.4245066
1,0,0.4785681
1,0,0.49091637
1,0,0.47833845
1,0,0.44647187
1,0,0.46072733
1,0,0.43664876
1,0,0.43447334
1,0,0.44440857
0,0,0.48509672
0,0,0.42523107
0,0,0.45330986
0,0,0.45523
0,0,0.4370887
0,0,0.43882984
0,0,0.4505971
0,0,0.40720433
1,0,0.46289718
1,0,0.49324998
0,0,0.47519156
1,0,0.48821706
0,0,0.44098124
0,0,0.44327852
0,0,0.42056546
0,0,0.44188085
0,0,0.42299655
1,0,0.47991648
1,0,0.46120548
1,0,0.4934743
1,0,0.46676743
1,0,0.46791512
1,0,0.4639455
1,0,0.45949334
1,0,0.49286208
1,0,0.4467157
1,0,0.4946843
0,0,0.46830192
1,0,0.4557316
1,0,0.46648923
0,0,0.48446822
0,0,0.44502228
1,0,0.43081558
0,0,0.46016842
1,0,0.45284247
0,0,0.44693705
1,0,0.44218114
0,0,0.46765947
0,0,0.4564463
0,0,0.4094459
1,0,0.40013608
1,0,0.4086149
1,0,0.42851055
1,0,0.43846166
1,0,0.42468497
1,0,0.4241451
1,0,0.44121912
1,0,0.45675814
0,0,0.4468206
0,0,0.4382728
0,0,0.44861093
0,0,0.4148841
0,0,0.43466008
1,0,0.4834936
1,0,0.47763646
1,0,0.46064657
1,0,0.41938818
1,0,0.4320039
1,0,0.4336973
1,0,0.4301726
1,0,0.45028907
1,0,0.43594822
1,0,0.42946106
1,0,0.41508633
0,0,0.44541228
0,0,0.42804992
0,0,0.43451762
0,0,0.4721963
1,0,0.42762706
0,0,0.4689013
0,0,0.43536714
0,0,0.40681213
0,0,0.42948735
0,0,0.45469105
0,0,0.44544086
0,0,0.49085322
0,0,0.4613938
0,0,0.47278553
1,1,0.64736205
1,1,0.5658866
1,0,0.4765555
1,1,0.50624454
1,0,0.48091605
1,0,0.4442969
1,0,0.41002172
1,0,0.40643725
1,0,0.39026308
1,0,0.38290894
1,0,0.42296368
0,0,0.408458
1,0,0.42999586
1,0,0.43888438
1,0,0.43085045
1,0,0.4331733
1,0,0.4260264
1,0,0.4434739
0,0,0.44674462
0,0,0.4231314
0,0,0.4266816
1,0,0.41337407
1,0,0.42376646
1,0,0.41452992
1,0,0.38562176
1,0,0.42950433
1,0,0.4540504
1,0,0.39853927
0,0,0.42489958
0,0,0.4260184
1,0,0.4058476
0,0,0.43643454
1,0,0.41028297
0,0,0.394535
0,0,0.41121748
0,0,0.44626328
0,0,0.4010952
0,0,0.43216085
0,0,0.49236965
0,0,0.38217318
0,0,0.33728498
0,0,0.46548057
0,1,0.5104734
0,1,0.50904447
0,0,0.47819906
0,1,0.5328038
0,0,0.46093163
1,0,0.445406
1,0,0.48238686
1,1,0.5290127
1,1,0.5076645
1,0,0.43656042
1,0,0.49363145
0,0,0.4916647
1,0,0.44771627
1,0,0.44872048
0,0,0.4855186
0,0,0.43955848
1,0,0.4951768
0,1,0.5182152
0,1,0.50211596
1,0,0.48601955
1,1,0.5027989
1,0,0.48374465
1,1,0.501789
1,1,0.51509887
1,1,0.5007714
1,0,0.49883175
0,1,0.53668886
1,1,0.5081056
1,0,0.49887374
0,1,0.51133394
1,0,0.4953657
0,0,0.46559328
0,0,0.48354337
0,1,0.5066093
0,0,0.44505525
0,0,0.45664465
1,0,0.44671172
1,0,0.46209309
1,0,0.4666319
1,0,0.4736513
1,0,0.42842537
1,0,0.46430913
1,0,0.4368223
1,0,0.44728413
1,0,0.45740938
1,0,0.433063
1,0,0.4311354
1,0,0.40951857
1,0,0.42878643
1,0,0.39965186
1,0,0.42469913
0,0,0.39730436
0,0,0.33443543
0,0,0.4058959
0,0,0.39494434
0,0,0.39273855
0,0,0.4691021
1,0,0.4537335
1,0,0.46373898
1,0,0.4230362
1,0,0.46451285
0,0,0.4176423
0,0,0.40499735
0,0,0.3968685
0,0,0.3888439
0,0,0.39815912
1,1,0.517435
1,0,0.48488784
0,0,0.4990427
0,0,0.49272305
1,0,0.39279386
1,0,0.41965547
1,0,0.41076466
1,0,0.41143805
1,0,0.40689364
1,0,0.4038172
1,0,0.4150995
1,0,0.4255903
1,0,0.40749598
1,0,0.42336386
0,0,0.3516546
0,0,0.43095917
0,0,0.41206345
0,0,0.41421404
1,0,0.37542468
0,0,0.4623243
0,0,0.4658309
0,0,0.45219588
0,0,0.46556407
0,0,0.4282201
0,0,0.40634418
0,0,0.44394335
0,1,0.5000082
0,0,0.4758114
0,1,0.52403563
0,0,0.46001998
1,0,0.4969631
0,0,0.45994765
0,0,0.42227432
1,0,0.43678874
0,0,0.44543168
1,0,0.40925518
1,0,0.47957462
1,0,0.47439772
0,0,0.43894374
0,0,0.4538459
0,0,0.43431866
0,0,0.43970382
0,0,0.4095528
0,0,0.43225175
0,0,0.41603455
0,0,0.4230099
0,1,0.5290902
0,1,0.53619623
0,1,0.53744185
0,0,0.42518973
0,0,0.45244646
0,0,0.40773213
0,0,0.43872407
1,0,0.42939827
1,0,0.43895835
0,0,0.42571402
1,0,0.41526413
1,0,0.4392574
1,0,0.42536476
1,0,0.45125982
1,0,0.4342242
1,0,0.4567629
0,0,0.44765654
1,0,0.42428276
1,0,0.45760566
1,0,0.43407667
1,0,0.44870874
0,0,0.43721104
0,0,0.45530155
0,0,0.4481332
0,0,0.48110205
0,0,0.4469683
0,0,0.43119574
0,0,0.4234384
0,0,0.45987988
0,0,0.45708606
0,1,0.50738144
0,1,0.54693633
0,1,0.54778665
0,1,0.66930234
0,1,0.5464021
0,1,0.5905801
0,1,0.53912103
1,1,0.6005359
1,1,0.5168772
1,0,0.48081312
0,1,0.5324711
1,0,0.48321664
1,0,0.47811767
0,1,0.5138746
0,0,0.4855214
1,0,0.4919025
1,0,0.49844843
1,0,0.48026225
1,1,0.50302696
0,0,0.49586818
0,1,0.50463134
0,1,0.50195056
0,0,0.48857284
0,0,0.47459778
0,1,0.58136386
0,1,0.53222984
0,1,0.543237
0,1,0.5465505
1,1,0.6178901
0,1,0.51568496
0,1,0.5008305
0,1,0.5249064
0,1,0.5449602
0,1,0.5161378
0,0,0.4991535
0,1,0.5024494
1,1,0.5415126
1,1,0.55401623
1,1,0.6181901
1,1,0.56176764
1,1,0.5671141
1,0,0.4938289
1,0,0.43443662
0,1,0.57928085
1,0,0.48979127
1,0,0.47952312
1,0,0.44797787
1,0,0.46712863
1,0,0.45127198
1,0,0.438211
1,0,0.4990197
1,0,0.49274817
1,1,0.5289693
1,1,0.5438627
1,0,0.49091247
1,1,0.50260425
0,1,0.5109172
0,0,0.49725676
0,1,0.5082631
1,0,0.46831176
1,1,0.5468179
1,0,0.48548433
1,1,0.51803786
1,0,0.4998359
1,1,0.50951904
0,0,0.46360868
0,0,0.48757794
0,0,0.49910462
0,1,0.50423455
1,0,0.46968374
1,1,0.50932586
1,1,0.50530434
1,1,0.5612858
1,1,0.50635636
1,0,0.4727476
1,0,0.47456208
1,0,0.4984697
1,0,0.47847104
1,0,0.48143256
1,0,0.4920986
1,0,0.4917316
1,0,0.49758333
1,0,0.46837237
1,0,0.48086482
1,0,0.49418753
1,0,0.493474
0,0,0.44019973
0,0,0.47656047
0,0,0.45481235
0,0,0.4611357
0,0,0.46098375
0,1,0.5347987
0,0,0.47071669
0,1,0.51793075
0,1,0.63861036
1,1,0.66474
1,1,0.610869
1,1,0.81691813
1,1,0.6779175
1,1,0.5524246
1,1,0.5364863
1,0,0.49630612
1,0,0.49339238
1,0,0.4996718
1,0,0.46275675
1,0,0.48847723
0,0,0.48680204
1,0,0.48583952
1,0,0.49517855
1,0,0.49023837
1,0,0.4897397
1,0,0.49329722
1,0,0.4831604
1,1,0.5031397
1,0,0.4955551
0,0,0.49556622
0,0,0.47689164
0,0,0.49449638
0,0,0.47260824
0,1,0.5021129
0,0,0.4673188
0,0,0.4622214
0,0,0.46502915
0,0,0.4619249
1,0,0.48904088
1,0,0.47696465
1,0,0.47994268
1,1,0.5315644
1,0,0.4890929
1,1,0.5034108
1,0,0.4147497
1,0,0.4738319
0,0,0.37592712
0,0,0.43632382
1,0,0.36414889
1,0,0.48038435
1,0,0.48115078
1,0,0.4660555
1,0,0.48704174
1,0,0.49888596
1,0,0.42584926
1,0,0.47833064
1,0,0.4382153
0,0,0.35798353
0,0,0.3597841
1,0,0.39417166
1,0,0.3405439
1,0,0.4244886
0,0,0.467001
1,1,0.5010722
0,0,0.43076998
0,0,0.42899317
0,0,0.44327655
1,0,0.47292012
0,0,0.45669746
0,0,0.44787052
0,0,0.469462
1,0,0.41920835
1,0,0.42606708
1,0,0.4462268
1,0,0.4441463
1,0,0.42840472
1,0,0.42532238
1,0,0.3940861
0,0,0.33433226
1,0,0.39135733
1,0,0.40983915
1,0,0.43390423
1,0,0.4594928
1,1,0.57826424
1,0,0.4581114
1,0,0.47807086
1,0,0.48816523
1,0,0.47280395
0,0,0.47745225
0,0,0.4681072
0,0,0.47912452
0,0,0.4614789
0,0,0.41742072
1,0,0.4328471
1,0,0.45832497
1,0,0.44129804
1,0,0.46011576
1,0,0.4792638
1,0,0.47791582
1,0,0.4754676
1,0,0.47026956
0,0,0.3936958
0,0,0.46024695
0,0,0.44483653
0,0,0.43614164
0,0,0.46976045
0,0,0.45422965
0,1,0.5242167
0,0,0.49370664
0,1,0.50501007
0,0,0.4871817
0,0,0.48746115
0,1,0.5254717
1,1,0.58311236
0,1,0.5088315
0,1,0.5163166
1,1,0.5181067
1,0,0.47978598
1,0,0.4867929
1,0,0.49879426
1,0,0.46386987
0,0,0.4679623
1,0,0.4767944
1,0,0.482661
0,0,0.47745025
0,0,0.41958666
1,1,0.5003355
0,0,0.46325588
0,0,0.4732059
0,0,0.4664262
0,1,0.5042296
0,0,0.4850685
0,1,0.587546
0,1,0.5033704
0,1,0.5318943
1,1,0.5468785
1,1,0.5515283
1,1,0.56542355
1,1,0.5353019
1,1,0.5153951
1,0,0.49149668
1,0,0.47646552
1,0,0.48527044
0,1,0.5182163
0,0,0.4985261
0,0,0.4561133
0,0,0.4812551
0,0,0.47928035
0,1,0.5041517
1,1,0.500892
0,1,0.51465446
1,1,0.5004168
1,0,0.49691978
0,0,0.48584503
0,1,0.5022204
0,1,0.5129364
0,0,0.49443266
0,1,0.50146824
0,1,0.52897644
1,1,0.5110676
1,0,0.4726937
1,1,0.5907904
1,1,0.5024234
1,1,0.54320854
1,1,0.5204749
1,0,0.4777189
1,0,0.47209433
1,0,0.47831106
1,0,0.45353025
1,0,0.48532063
1,0,0.45761982
1,0,0.4723993
1,0,0.477924
0,0,0.30598024
0,0,0.37181807
1,0,0.39715582
1,0,0.4496347
1,0,0.42199427
1,0,0.49552688
1,1,0.5278391
1,0,0.47294205
1,0,0.4840721
0,0,0.38284189
0,0,0.4296127
0,0,0.45020497
0,0,0.45739582
0,0,0.44057676
0,0,0.48400277
0,0,0.47774103
0,1,0.56128937
0,1,0.5221341
0,1,0.53651416
0,0,0.46487695
0,0,0.4607391
0,0,0.48495644
0,1,0.528992
1,1,0.5266141
0,1,0.5427442
0,1,0.52354896
0,0,0.46466154
1,1,0.53245366
1,0,0.48400724
1,1,0.5171422
1,0,0.49871567
1,0,0.48420542
1,0,0.4863468
1,0,0.48254648
1,0,0.46552923
1,0,0.48449704
0,0,0.45915347
0,0,0.43140322
0,0,0.45417565
0,0,0.46592692
0,0,0.4528833
0,0,0.45814773
1,0,0.49002108
0,1,0.5197711
1,1,0.5962256
0,1,0.51288706
1,1,0.5021918
0,0,0.4944652
0,1,0.6222174
0,1,0.5220601
0,1,0.5099431
0,1,0.5070733
0,0,0.48877096
0,0,0.49688974
0,1,0.5619905
0,1,0.5387754
0,1,0.616109
1,1,0.5383449
1,1,0.5273851
1,1,0.52674395
1,0,0.49864167
1,1,0.5012722
1,0,0.48039183
0,0,0.46803263
1,0,0.4806574
1,0,0.4894087
1,0,0.4690177
1,0,0.48950198
1,1,0.508091
1,0,0.49114758
1,0,0.49690807
1,1,0.50117403
1,1,0.5066883
1,0,0.47298658
0,1,0.5366499
0,1,0.5041842
0,0,0.48981276
1,0,0.48672783
1,0,0.4791821
1,1,0.52435875
1,0,0.47922614
1,1,0.5390304
1,0,0.39622352
0,0,0.2089484
0,0,0.39048952
0,0,0.36068112
0,0,0.3911388
0,0,0.44192052
0,1,0.50637835
0,1,0.519095
1,1,0.6494373
1,1,0.52524376
1,1,0.53041744
1,0,0.48423097
0,1,0.53314054
0,0,0.47918344
0,0,0.48051193
0,0,0.48155686
1,0,0.46703166
1,0,0.49105194
1,1,0.5030591
0,0,0.49512115
0,1,0.51245373
0,0,0.4839103
0,0,0.48017702
1,0,0.48518842
1,1,0.5557438
1,1,0.51837
1,1,0.5568469
0,1,0.5188954
0,0,0.44552752
0,0,0.4712718
0,0,0.46123672
0,0,0.4860664
0,1,0.5678848
1,1,0.7592279
1,1,0.5788186
1,1,0.75659364
1,1,0.5943769
1,1,0.60604644
1,1,0.5084059
0,1,0.5099803
1,0,0.4801269
1,0,0.4868113
1,0,0.47349414
1,0,0.49855044
1,0,0.46560857
1,0,0.48875862
1,0,0.47883922
1,0,0.4640954
1,0,0.49565524
1,0,0.46933052
1,0,0.40190324
1,0,0.42996013
1,0,0.46238443
1,0,0.28522724
1,0,0.29909468
1,0,0.35808095
1,0,0.34600854
0,0,0.36341038
1,0,0.30259237
0,0,0.32585573
0,0,0.24473473
0,0,0.3949714
1,0,0.4474285
0,0,0.38298172
0,0,0.39959177
0,1,0.66490185
0,0,0.49354044
1,0,0.40365374
0,0,0.49122724
0,0,0.40806505
0,0,0.46621206
0,0,0.46766907
0,0,0.40900254
0,1,0.6682086
0,0,0.48306748
0,0,0.45769998
0,0,0.4534573
0,0,0.4526807
0,0,0.46035206
0,1,0.506253
1,1,0.5037572
1,0,0.44687
1,1,0.5114042
1,1,0.50817657
1,0,0.48646644
0,0,0.47927025
0,0,0.41596723
0,0,0.41445467
0,0,0.41154027
0,0,0.44709226
1,0,0.44205943
1,0,0.43870077
0,0,0.39685693
1,0,0.4480333
1,1,0.5467819
1,0,0.45823964
1,0,0.43506488
1,0,0.47654796
1,0,0.41818684
1,0,0.38408753
1,0,0.40485883
0,0,0.3288604
0,0,0.3990442
0,0,0.4108694
0,0,0.37931028
0,0,0.39549196
1,0,0.449166
1,0,0.46823892
1,0,0.4549528
1,0,0.46412644
1,0,0.41850564
1,0,0.41237482
1,0,0.41344878
1,0,0.41322833
1,0,0.4734283
1,0,0.3683921
0,0,0.38255453
0,0,0.33274895
0,0,0.41740972
0,0,0.41714236
1,0,0.42199537
1,0,0.46966234
1,1,0.53154147
1,1,0.5066826
1,0,0.42418805
0,0,0.4245569
0,0,0.4278898
0,0,0.42749357
0,0,0.43572715
0,0,0.4154908
0,0,0.46510237
0,0,0.4681887
0,0,0.4589005
1,0,0.48365372
1,0,0.46594608
0,0,0.45302495
1,0,0.49852994
1,0,0.4644179
1,0,0.41320667
0,0,0.42120045
1,0,0.43737248
1,0,0.42074776
1,0,0.41794628
1,0,0.4186019
1,0,0.42174536
0,0,0.4157949
0,0,0.4211057
1,0,0.41522384
1,0,0.42241988
1,0,0.41382244
1,0,0.45704517
1,0,0.48220167
0,0,0.36492726
0,0,0.41357884
0,0,0.42587996
0,0,0.40144533
0,0,0.42231455
0,1,0.5228409
0,0,0.44056788
0,1,0.54414535
0,0,0.46180198
1,0,0.48673055
1,0,0.4873026
1,0,0.47301435
1,0,0.43644485
0,0,0.43785557
0,0,0.39747733
0,0,0.42557934
0,0,0.42127338
0,0,0.41464937
0,0,0.39736104
1,0,0.48863694
0,0,0.46063665
0,0,0.39403242
0,0,0.43790454
1,0,0.39624044
0,0,0.4488094
1,0,0.40472987
1,0,0.4447858
0,0,0.47463736
0,0,0.46658918
0,0,0.45842263
0,0,0.44496915
0,0,0.47497374
0,0,0.46223542
1,1,0.51782334
1,0,0.4832076
1,0,0.47216552
1,0,0.4852698
0,0,0.44144648
0,0,0.41848144
1,0,0.41004896
1,0,0.40174487
1,0,0.42612907
1,0,0.42659384
1,0,0.42643544
0,0,0.35770458
0,0,0.41504076
0,0,0.34411672
0,0,0.39663222
0,0,0.37945023
0,0,0.40431345
0,0,0.44626
0,1,0.50293267
0,1,0.52563816
0,0,0.47278708
1,0,0.46384254
1,0,0.4826648
1,0,0.43375435
1,0,0.4091761
1,0,0.42140594
0,0,0.3991144
0,0,0.40332848
0,0,0.40290326
0,0,0.38431543
0,0,0.40900925
0,0,0.47441646
0,0,0.46786052
0,1,0.6448284
0,1,0.626502
1,1,0.5561775
0,1,0.548251
0,1,0.5686113
1,1,0.5595611
1,1,0.5669356
1,0,0.49126297
1,1,0.5152925
1,1,0.52363276
1,1,0.50173426
1,1,0.5154954
0,0,0.4835601
0,0,0.4457135
1,0,0.4608555
1,0,0.47055677
1,0,0.47732496
1,0,0.49139524
1,1,0.5968526
1,1,0.5304694
0,0,0.4703746
0,0,0.46521768
0,0,0.47339582
0,0,0.48938653
0,0,0.4732485
0,1,0.5248239
0,1,0.52711105
0,1,0.64389545
0,1,0.5600598
1,1,0.5746783
1,1,0.5615755
1,1,0.5885239
1,1,0.5544364
1,1,0.5404233
0,0,0.41445127
0,0,0.49250504
0,0,0.47571456
0,0,0.43798238
0,0,0.33815485
0,0,0.491633
1,1,0.5490373
1,1,0.53911114
1,1,0.5605887
1,1,0.57255316
1,1,0.57141554
1,0,0.4538022
0,1,0.51945645
0,0,0.4828943
0,1,0.50755334
1,1,0.5124062
1,1,0.5119868
1,1,0.5496515
1,1,0.55910295
1,1,0.526739
1,1,0.5389624
1,1,0.5371291
0,1,0.50219625
0,0,0.49754524
0,1,0.5187473
0,1,0.5091901
0,1,0.5012031
1,1,0.5643852
1,1,0.5594664
1,1,0.5105526
1,1,0.5386578
1,1,0.5284871
0,1,0.502371
0,1,0.5240548
1,1,0.50899553
1,1,0.53116554
1,1,0.50889415
1,1,0.5140507
1,1,0.5392743
0,1,0.5088207
1,1,0.5012031
1,1,0.50690323
1,0,0.46579176
1,0,0.49216384
1,1,0.52045876
1,0,0.4758482
0,0,0.4376882
0,0,0.46853012
0,0,0.47193146
0,0,0.4566052
0,0,0.45931754
0,1,0.6197928
0,1,0.5812735
0,1,0.54884046
0,1,0.5371462
0,1,0.5799451
0,1,0.52726877
0,1,0.53020066
1,1,0.5312278
1,1,0.5615576
1,1,0.74520725
1,1,0.7287451
1,1,0.72315294
1,1,0.5067655
1,0,0.47084296
1,0,0.4770214
1,1,0.5019277
1,0,0.48427054
0,0,0.41953075
1,0,0.45421076
0,0,0.48799372
0,0,0.37152624
0,0,0.43834892
0,1,0.51967746
0,0,0.3999627
1,1,0.6758881
1,1,0.5737262
1,1,0.56971407
1,1,0.6418461
1,1,0.71233916
1,0,0.35289767
1,0,0.42788857
1,0,0.39744863
1,0,0.43896684
1,0,0.44110283
1,0,0.44804084
0,0,0.4514754
0,0,0.42624715
0,0,0.46314213
0,0,0.37426373
1,1,0.5159731
1,1,0.51959205
0,1,0.523959
1,0,0.48622102
1,1,0.5204426
0,0,0.47234854
1,1,0.5028204
0,0,0.48453268
0,0,0.4709146
1,0,0.47818285
1,1,0.5157122
1,0,0.4759824
1,1,0.5159849
1,0,0.4851869
0,0,0.4623121
0,0,0.4533828
0,0,0.42455563
0,0,0.4028232
1,0,0.44326174
1,1,0.5201541
1,1,0.54953
1,0,0.46906072
1,0,0.4836328
1,0,0.44255272
1,0,0.4389
1,0,0.33840883
1,0,0.42824236
1,0,0.40102687
1,0,0.44008538
1,0,0.40872413
1,0,0.384767
1,0,0.42843378
0,0,0.42274737
0,0,0.4603187
0,0,0.36884257
0,0,0.4327487
0,0,0.4434329
0,1,0.55125403
0,0,0.45937568
0,0,0.48343462
1,1,0.58468455
1,0,0.48532552
1,1,0.5283346
1,1,0.5105261
0,1,0.5428694
0,0,0.48046625
0,0,0.48675415
0,0,0.47791103
0,0,0.47843295
0,1,0.53910893
0,0,0.48645562
0,1,0.5167619
0,0,0.48153442
0,0,0.48742127
0,0,0.4763405
0,0,0.4716294
0,1,0.52924836
0,0,0.46640587
1,1,0.5288568
1,1,0.5089416
1,1,0.5062678
1,1,0.50401103
1,1,0.51018786
0,0,0.48089394
0,0,0.47782916
0,0,0.4833454
0,0,0.49551272
0,0,0.4842062
0,1,0.5364644
0,0,0.48978436
0,1,0.51622444
0,1,0.51990527
1,1,0.51105326
1,1,0.5460614
1,1,0.52709025
1,0,0.48209217
1,1,0.5028307
1,0,0.49025786
1,0,0.47715726
0,0,0.46274102
0,1,0.50940585
0,0,0.46517518
0,0,0.49608776
0,0,0.4763418
0,1,0.5087768
0,0,0.4912221
0,1,0.5176264
1,1,0.56291765
0,1,0.5466772
1,1,0.50118124
0,1,0.5266948
0,1,0.5040572
0,0,0.48460582
0,1,0.5065441
0,1,0.5031621
0,0,0.49257892
1,1,0.5147127
1,0,0.4918876
1,0,0.4936422
1,1,0.5225219
1,1,0.5212615
0,1,0.51419944
0,1,0.51038545
0,0,0.4979364
0,0,0.48635826
0,0,0.4922209
0,0,0.47840005
1,1,0.54561615
1,1,0.5266474
0,1,0.6276894
1,1,0.5263462
1,0,0.4893847
1,0,0.4826278
1,0,0.48049375
1,0,0.4762757
1,1,0.5122138
1,0,0.46264547
0,0,0.49589854
0,1,0.5095999
1,0,0.49913806
1,1,0.5016546
1,0,0.46668226
1,1,0.528683
1,1,0.514764
1,0,0.46427828
0,0,0.45566294
0,0,0.45863688
0,0,0.485517
0,0,0.48858297
0,0,0.48756802
0,0,0.4728603
0,1,0.5058098
1,1,0.5119845
0,1,0.53798884
0,1,0.52480024
0,0,0.49894074
1,1,0.528723
0,1,0.536796
1,1,0.5406077
1,1,0.50372064
1,1,0.5147511
1,1,0.5122613
1,1,0.5104432
1,1,0.5074208
0,0,0.3664082
0,0,0.3841637
0,0,0.45322964
0,0,0.4515057
0,0,0.44583464
0,0,0.49393472
0,0,0.47992527
0,1,0.53214276
0,0,0.49448252
1,0,0.43929383
1,0,0.46011108
1,1,0.50036466
1,1,0.5411709
1,1,0.5375504
1,1,0.53438216
1,1,0.50751233
1,0,0.4877261
1,0,0.4484107
1,0,0.44540384
1,0,0.4478804
0,0,0.4258777
0,0,0.47890416
0,0,0.45840856
1,0,0.47630697
0,0,0.48117772
1,0,0.47719255
1,0,0.4697982
1,0,0.46438485
1,0,0.49362668
0,1,0.534818
0,1,0.50027055
0,1,0.51765
0,1,0.50142944
0,1,0.5074786
0,1,0.5437113
0,1,0.5040173
0,0,0.4871686
0,0,0.48937672
0,1,0.69368756
0,1,0.5420444
0,1,0.64553404
0,1,0.60376346
0,1,0.6626457
0,1,0.61399454
0,1,0.6312037
0,1,0.56531435
0,1,0.6809673
0,1,0.62959933
1,1,0.6621427
1,1,0.55176836
1,1,0.5545105
1,1,0.61094266
1,1,0.53055644
0,1,0.540323
0,0,0.4857657
0,1,0.5302273
1,1,0.53098655
0,1,0.5474362
1,1,0.5469998
1,1,0.5331486
1,1,0.5522937
1,1,0.5572454
1,1,0.58178866
1,1,0.5521094
1,1,0.57311755
1,1,0.54122394
1,1,0.5694174
0,1,0.5135855
1,1,0.65045255
1,1,0.6110344
0,1,0.65093315
0,1,0.6622531
1,1,0.6632636
1,1,0.70505655
1,1,0.58077484
0,1,0.5719458
0,1,0.63793725
1,1,0.65452576
0,1,0.59285986
1,1,0.5938624
1,1,0.59821004
1,1,0.60854775
1,1,0.62810326
1,1,0.61442524
0,1,0.64139843
1,1,0.59453833
1,1,0.61683536
1,1,0.6184787
1,1,0.5971483
1,1,0.6052331
0,1,0.60657823
0,1,0.5801718
0,1,0.581228
0,1,0.57913464
0,1,0.59652627
0,1,0.5766554
0,1,0.64733076
1,1,0.5991055
0,1,0.61726403
0,1,0.6036916
0,1,0.64734054
0,1,0.59058833
0,1,0.5778511
0,1,0.5625759
0,1,0.5825651
1,1,0.7919065
1,1,0.6103812
1,1,0.643717
1,1,0.6554656
1,1,0.62770426
1,1,0.5499473
0,1,0.5623191
1,1,0.52084774
1,1,0.5069229
1,0,0.48545197
0,0,0.48917478
1,1,0.5002846
1,1,0.66808283
1,0,0.4778272
1,1,0.53759414
1,1,0.564391
1,1,0.53114974
1,1,0.5600779
1,1,0.56179833
0,1,0.5653885
0,1,0.528188
0,1,0.53650135
1,0,0.46606717
1,0,0.49243137
1,1,0.5066565
1,0,0.46878523
0,1,0.5919262
0,1,0.5770162
0,1,0.5966938
0,1,0.5819543
1,1,0.5603639
1,1,0.5851992
1,1,0.603819
1,1,0.5373365
1,1,0.55903906
1,1,0.5448891
1,1,0.5183385
1,1,0.5430827
1,1,0.5371501
1,1,0.5503553
0,1,0.57037425
0,1,0.67212546
0,1,0.59529054
0,1,0.55915743
0,1,0.5430881
0,1,0.52213115
0,1,0.60750854
1,1,0.5611233
1,1,0.61401993
1,1,0.59869605
1,1,0.6000516
1,1,0.61778945
1,1,0.66072816
1,1,0.562418
1,1,0.57830733
1,1,0.58997977
1,1,0.58196926
1,1,0.5091544
1,0,0.45775047
1,0,0.45475814
1,0,0.43990618
1,0,0.4558216
0,0,0.44451284
0,1,0.5181532
0,1,0.5163033
1,0,0.4923147
1,1,0.5343454
1,1,0.5481706
1,1,0.5282338
1,0,0.47170922
1,0,0.43099818
1,0,0.41833982
0,0,0.4728829
0,1,0.51714766
0,1,0.5144537
1,1,0.5257023
1,1,0.5037773
1,1,0.51130563
1,0,0.47484156
1,0,0.4852162
1,1,0.5000125
1,1,0.5112996
1,1,0.5209709
0,0,0.49263301
0,0,0.49328238
0,1,0.50209403
0,1,0.5313568
1,0,0.47500208
1,0,0.48356077
1,0,0.49300903
1,0,0.4903984
1,1,0.52303445
0,0,0.44459587
0,1,0.53667986
0,1,0.51200783
0,0,0.47672233
0,0,0.48520082
0,1,0.51395726
0,1,0.5323004
0,1,0.5832157
1,1,0.54764384
1,1,0.5475996
1,1,0.5374893
1,1,0.56851035
1,1,0.50260335
1,0,0.4791554
0,0,0.49248728
1,0,0.43814194
1,0,0.4587664
0,0,0.43811288
0,0,0.44027922
1,0,0.4396673
1,0,0.468182
1,0,0.44010365
1,0,0.48485208
1,0,0.4866717
1,1,0.6049339
1,1,0.5547141
1,1,0.5777367
0,0,0.32868195
0,0,0.27675667
1,0,0.25851023
0,0,0.19916318
0,0,0.25125965
0,0,0.3605089
1,0,0.35543588
0,0,0.25846413
1,0,0.4562201
1,0,0.4966847
1,0,0.49520895
0,0,0.4386767
0,1,0.51725197
0,0,0.39146873
0,0,0.38162273
0,0,0.32777187
0,0,0.44782493
0,1,0.54058653
0,0,0.46558133
0,0,0.48821637
0,0,0.4587106
0,1,0.5040892
1,0,0.47377008
1,0,0.46438193
0,0,0.45812845
0,0,0.49242058
0,0,0.4648249
0,0,0.44335982
0,0,0.4428684
0,0,0.49499547
1,1,0.53553987
1,1,0.5210164
1,1,0.5385566
1,1,0.5318709
1,1,0.5263233
1,0,0.4894178
1,0,0.40721548
0,0,0.39717412
0,0,0.39149526
0,0,0.38237756
0,0,0.40916613
1,0,0.45632425
1,1,0.50054187
1,0,0.49736223
1,1,0.50541836
1,0,0.49223754
0,0,0.45236215
0,0,0.443307
1,0,0.3993991
1,0,0.46090707
1,0,0.44611704
0,0,0.47873482
1,0,0.4645781
1,0,0.44216362
0,0,0.45139888
0,0,0.43901494
0,0,0.44865343
0,0,0.45503852
0,0,0.44998106
0,0,0.39681375
0,0,0.3661697
0,0,0.4121006
0,0,0.40932563
0,0,0.4850629
0,1,0.5009261
0,0,0.48432267
0,0,0.42576948
1,1,0.5068057
1,0,0.41474667
1,0,0.4203962
0,0,0.42665175
0,0,0.39465335
0,0,0.41362965
0,0,0.41147268
0,0,0.39626357
1,0,0.41362622
1,0,0.40131405
0,0,0.43024155
0,0,0.4097808
0,0,0.4423664
0,0,0.42245632
0,0,0.4498497
0,0,0.47565663
0,0,0.4435366
0,0,0.4511056
0,0,0.4502545
0,0,0.47121716
0,0,0.43642887
0,0,0.4879365
0,1,0.51254284
0,0,0.44951847
0,0,0.4725937
0,0,0.4585372
0,0,0.45637405
0,1,0.54163855
0,1,0.51004446
0,1,0.5335948
0,1,0.59030944
0,1,0.53298515
0,1,0.5429583
0,1,0.5453327
1,1,0.55437917
1,1,0.5789113
0,1,0.5538208
0,1,0.530377
0,1,0.5475581
1,1,0.5047269
0,1,0.51161367
1,0,0.47025505
1,0,0.44542447
1,0,0.4901585
1,0,0.4900395
1,0,0.4283834
0,0,0.43716887
1,0,0.42537463
1,0,0.44598565
1,0,0.452974
1,0,0.45101362
1,0,0.42647868
1,0,0.45847985
0,0,0.4631723
1,0,0.4418669
0,0,0.46539763
0,0,0.45730543
0,0,0.44515413
0,0,0.46990633
0,0,0.41863248
0,0,0.42609093
0,0,0.47771344
0,0,0.44223514
0,1,0.526852
0,1,0.5019063
0,0,0.4393615
0,0,0.44408014
1,0,0.46863815
1,0,0.40780178
1,0,0.46400976
1,0,0.42011923
1,0,0.42848897
0,0,0.4378749
0,0,0.4762127
0,0,0.43394837
0,0,0.47502065
0,0,0.45065328
0,0,0.43672025
1,1,0.6096304
0,1,0.5080113
0,0,0.4966944
1,1,0.50515366
0,1,0.5131619
0,0,0.491057
0,0,0.49110553
0,1,0.51578844
0,0,0.48689654
0,0,0.49499178
1,1,0.7036303
1,1,0.5837714
1,1,0.5680766
1,1,0.5628142
0,1,0.56545174
0,0,0.47705144
0,0,0.4883097
1,0,0.4833545
0,1,0.51011074
0,0,0.47333482
0,0,0.4824918
0,0,0.46967742
0,0,0.48539072
1,1,0.60788804
0,1,0.5168768
1,0,0.48669258
1,1,0.51637244
1,1,0.5313838
1,1,0.5405956
1,1,0.56923425
0,1,0.5506246
1,1,0.5396395
0,1,0.5363756
1,1,0.5323293
1,1,0.5017748
1,0,0.4806877
1,1,0.5136202
1,0,0.46538988
0,1,0.5267907
0,0,0.49492812
0,1,0.5094089
0,1,0.5015169
1,0,0.47880933
1,0,0.49294636
1,1,0.5090169
1,1,0.5205827
1,0,0.47112656
1,0,0.49257782
1,0,0.41852263
1,0,0.4575559
1,0,0.46901944
1,0,0.45312065
1,0,0.31776965
0,0,0.34433416
0,0,0.4019088
0,0,0.31822723
0,0,0.3553014
0,0,0.4968768
0,1,0.51040465
0,1,0.5202024
1,1,0.5141888
1,1,0.5169413
1,0,0.46466488
1,0,0.49266165
1,0,0.49600375
1,0,0.47796115
1,0,0.47492436
1,0,0.46682376
1,0,0.4614416
1,0,0.36574474
1,0,0.4525243
1,0,0.45576745
0,0,0.46051887
1,0,0.4544218
1,0,0.48532343
1,0,0.44930258
1,0,0.46467167
1,0,0.47209102
1,0,0.47108796
1,0,0.46938646
1,0,0.46677044
0,0,0.46671423
1,0,0.4587059
1,0,0.47583005
1,0,0.4607943
1,0,0.456397
1,0,0.48006293
1,0,0.44010967
1,0,0.47132117
1,0,0.47484908
1,0,0.4739827
1,0,0.4578871
1,0,0.43341854
1,0,0.4509913
1,0,0.44458607
1,0,0.4382259
1,0,0.45817435
0,0,0.36412367
0,0,0.40103734
0,0,0.40795586
0,0,0.37312138
0,0,0.43144014
0,0,0.42291698
0,0,0.4205506
0,0,0.4073543
1,0,0.43799555
1,0,0.4506807
0,0,0.4607332
1,0,0.47412273
1,0,0.44112113
1,0,0.36481842
1,0,0.4121024
1,0,0.4405796
1,0,0.4221121
1,0,0.42613342
1,0,0.43273723
1,0,0.38927767
0,0,0.3419582
0,0,0.36446664
0,0,0.3499251
0,0,0.39865944
0,0,0.3860224
0,0,0.43414953
0,0,0.41023546
0,0,0.4472908
0,0,0.4205446
0,0,0.45129824
1,0,0.45575237
0,0,0.44238654
0,0,0.45911255
0,0,0.48019075
0,0,0.44419047
0,0,0.42598927
0,0,0.4485317
0,0,0.4471835
0,0,0.44658068
0,0,0.43760616
0,0,0.4428048
0,0,0.42623836
1,0,0.44652215
1,0,0.41722438
1,0,0.40198204
1,0,0.44605762
0,0,0.40859526
1,0,0.41444406
1,0,0.41340348
0,0,0.3938451
0,0,0.41997573
0,0,0.4305901
0,0,0.45405164
0,0,0.44114563
0,0,0.45058328
0,0,0.4674511
0,0,0.4841308
0,1,0.5104968
0,1,0.5055937
0,1,0.52414185
0,1,0.56112856
0,1,0.5237737
0,1,0.5250635
0,1,0.5478697
0,1,0.5037737
0,0,0.49548
0,0,0.48502308
1,1,0.5305327
1,0,0.47963655
1,0,0.48830777
1,1,0.5405834
0,0,0.48557177
1,1,0.51367986
0,0,0.44909617
1,0,0.46380287
1,0,0.4626517
1,0,0.4536403
1,1,0.52321637
1,0,0.49726412
0,1,0.51436406
0,1,0.5306601
1,0,0.4971067
1,0,0.48647797
1,0,0.4844116
1,0,0.4958901
1,1,0.57181466
1,1,0.51817673
1,0,0.49807352
1,0,0.49583173
0,1,0.50322795
1,0,0.47659436
0,0,0.46864238
0,0,0.43495676
0,0,0.4308031
0,0,0.427821
0,1,0.5111965
0,0,0.44505706
0,0,0.33800322
1,1,0.5344281
0,0,0.49849546
1,1,0.5198052
1,0,0.4866369
0,0,0.48604298
1,0,0.45424348
1,1,0.5186637
0,0,0.24743274
1,0,0.37038085
0,0,0.45353693
1,0,0.45492846
1,0,0.47462863
1,1,0.523353
1,0,0.43579438
1,0,0.47502533
1,0,0.4571505
0,0,0.4702859
0,0,0.46989033
0,0,0.4703161
0,0,0.48797396
0,0,0.47540066
0,0,0.49558187
0,0,0.4961374
0,1,0.5623416
0,1,0.5297225
0,1,0.5175347
0,1,0.5139382
0,1,0.63589525
0,1,0.5160342
0,1,0.64480305
0,0,0.49689364
0,1,0.5195563
0,0,0.49694237
0,1,0.525919
1,1,0.5219586
1,1,0.5494753
1,1,0.55256987
1,1,0.52940524
1,1,0.50931484
0,0,0.39810094
0,0,0.43809977
1,0,0.47948053
0,0,0.46072084
0,0,0.44846386
0,1,0.52005106
0,0,0.47715706
0,0,0.48389566
1,1,0.5007291
1,0,0.46840966
1,1,0.5667237
1,1,0.5487398
1,1,0.5238026
1,1,0.54930717
1,1,0.5032967
1,0,0.47948733
1,0,0.45991427
1,0,0.43790016
1,0,0.47858658
1,0,0.4419132
1,0,0.336129
0,0,0.37489873
1,1,0.50885254
0,0,0.36459824
0,0,0.3699879
0,0,0.44007558
0,0,0.49695432
1,0,0.4725667
0,0,0.466153
1,1,0.5060848
1,1,0.5887117
1,1,0.5346681
0,0,0.47527987
0,0,0.49827126
0,0,0.47001597
0,0,0.45661148
0,0,0.4816454
0,0,0.47735977
0,1,0.50105697
0,1,0.5173163
0,0,0.49919924
0,0,0.49176833
0,1,0.51988864
0,0,0.49525982
0,0,0.4574449
0,1,0.51734084
0,1,0.5131598
1,1,0.5026305
1,0,0.4710672
1,1,0.5066855
0,1,0.51225495
0,0,0.47195333
0,0,0.49479476
0,0,0.4658243
0,0,0.46669567
1,1,0.6766271
1,1,0.59251684
1,1,0.7092198
0,1,0.5584419
0,1,0.5522541
0,1,0.5056577
1,0,0.49863392
1,0,0.47600263
1,1,0.5135252
1,1,0.51671803
0,1,0.5357564
1,0,0.4945936
0,1,0.51584756
1,0,0.48413873
1,1,0.50906515
1,0,0.48650008
1,1,0.52050585
1,1,0.53127986
1,1,0.511008
1,0,0.4937067
0,1,0.51660955
1,0,0.49644524
1,0,0.49481264
1,0,0.49882072
1,0,0.48863032
0,0,0.47865933
0,0,0.4900797
0,0,0.48913547
0,1,0.5177275
0,0,0.49012792
1,0,0.49092796
1,1,0.5245513
1,0,0.48954168
1,0,0.49868488
1,0,0.49501738
1,1,0.5003425
1,0,0.47879478
1,0,0.46675825
0,0,0.4725297
0,0,0.48894316
0,0,0.48553446
0,1,0.50409365
0,1,0.5016482
0,0,0.48551548
0,0,0.48540038
0,1,0.50708544
0,0,0.49041045
0,1,0.54049796
1,0,0.46726903
1,1,0.5307169
1,0,0.49112687
1,1,0.51470935
1,1,0.5126405
1,0,0.47740048
1,0,0.49408728
1,0,0.49053606
1,0,0.49183846
1,1,0.51065034
1,0,0.48080462
1,0,0.48920754
1,0,0.4980809
1,0,0.48838663
1,0,0.4974051
1,0,0.48835132
1,0,0.48383754
1,0,0.48095647
1,0,0.47547933
1,0,0.47636452
1,0,0.456859
1,0,0.4784048
1,0,0.46578297
1,0,0.45830268
1,0,0.47295937
1,0,0.452244
1,0,0.48023
1,0,0.4204951
0,0,0.4267461
0,0,0.43454346
1,0,0.43454346
1,0,0.4347988
0,0,0.43371662
0,0,0.44227514
0,0,0.4398943
0,0,0.44986174
0,0,0.44986174
0,0,0.46596006
0,0,0.44942927
0,0,0.4279923
0,0,0.44932503
1,1,0.5228276
1,0,0.44849843
1,0,0.45810634
1,0,0.47704417
0,0,0.46595052
0,0,0.48332494
0,0,0.46413597
0,0,0.4728955
0,0,0.47093126
0,1,0.55825883
0,1,0.5491547
0,0,0.4613131
1,0,0.47974762
0,1,0.5123976
1,1,0.50750977
1,1,0.51649576
1,0,0.4650622
0,0,0.49639964
1,0,0.45418367
1,0,0.46542248
0,0,0.46926257
0,0,0.47828588
0,0,0.46262842
0,0,0.4469908
0,0,0.45487568
0,0,0.4739671
0,1,0.5093362
0,0,0.47603247
1,1,0.51770306
0,1,0.51981795
1,1,0.5203692
0,0,0.47856638
0,1,0.5018205
0,0,0.47696075
0,1,0.50749433
0,0,0.47733614
1,1,0.50356346
1,0,0.49322128
1,1,0.51712996
1,0,0.475849
1,0,0.48813933
1,0,0.4915391
1,1,0.5095573
0,0,0.4922118
0,0,0.49428886
1,0,0.49964863
1,0,0.49288425
1,0,0.49526358
1,0,0.48181522
1,0,0.48831835
1,1,0.50535685
1,1,0.5215117
1,0,0.49046895
1,1,0.50405544
1,0,0.48731565
1,0,0.49971434
1,1,0.51236147
1,0,0.46780738
0,0,0.4850959
0,0,0.45514548
0,0,0.4468473
0,0,0.4368887
0,0,0.41185588
1,0,0.39553103
1,0,0.47069576
1,1,0.51083165
1,0,0.48939312
1,0,0.4302977
0,0,0.3561879
0,0,0.40092602
0,0,0.4226067
0,0,0.40969095
0,0,0.42222443
0,0,0.39968958
0,0,0.44357315
0,0,0.45063454
0,0,0.4101205
0,0,0.41701597
0,0,0.42560077
0,1,0.51182985
1,1,0.5256248
1,0,0.44730073
1,0,0.48652774
1,0,0.49579585
0,0,0.48385188
0,0,0.47876838
0,0,0.46813205
0,0,0.45809308
0,0,0.4562152
0,0,0.4666188
0,0,0.44808298
0,0,0.44816178
0,0,0.49968728
0,0,0.46720475
1,0,0.4182528
1,0,0.40324232
1,0,0.45974618
0,1,0.50215733
1,1,0.5116407
0,0,0.476237
0,0,0.460596
0,0,0.4547515
1,1,0.50368774
1,0,0.4675778
1,1,0.5279961
1,1,0.55568594
1,1,0.5117962
1,0,0.47865114
1,0,0.49672958
1,0,0.44074768
1,0,0.43949437
0,0,0.36043715
0,0,0.36466235
0,0,0.44132596
0,0,0.44373187
0,0,0.43009892
0,1,0.5131272
0,1,0.52498215
0,1,0.5153458
0,1,0.5657006
0,1,0.53825486
0,0,0.48586246
0,1,0.5276235
1,1,0.58878165
1,1,0.50123644
1,1,0.5662321
1,1,0.53032416
0,1,0.5087838
0,0,0.46320626
0,0,0.49202436
0,0,0.47643667
0,0,0.48240155
1,0,0.473394
1,1,0.60308796
0,1,0.5441186
0,1,0.50043595
0,0,0.4690629
0,0,0.45269814
0,0,0.45576072
0,0,0.4719596
0,0,0.4670013
0,0,0.49233565
0,1,0.51098394
0,1,0.6567385
0,0,0.49264297
0,0,0.49038148
1,0,0.4881941
0,1,0.5003387
1,1,0.5182551
1,0,0.46489304
0,0,0.4994219
0,0,0.46931922
0,0,0.45612758
0,0,0.46615416
0,0,0.44347763
0,1,0.50724536
0,1,0.5395222
0,1,0.5400074
0,1,0.5218407
1,1,0.500385
0,1,0.6315579
0,1,0.61341226
1,1,0.65480983
0,1,0.6131199
0,1,0.57474554
0,1,0.6096798
0,1,0.59319675
0,1,0.5619364
0,1,0.518953
0,1,0.52390295
1,0,0.45589313
1,1,0.52768064
1,0,0.46438006
1,1,0.5178834
1,0,0.49227452
1,1,0.5291953
0,0,0.49595425
0,0,0.48895067
0,0,0.48082766
0,0,0.48009908
0,0,0.48461187
0,1,0.5009234
0,0,0.47044024
0,0,0.48127878
0,0,0.45511404
0,0,0.48360887
0,1,0.6158441
0,1,0.5421336
0,1,0.5239328
0,1,0.55958253
1,1,0.7507581
1,1,0.605175
1,1,0.731761
0,1,0.57494444
0,1,0.5423228
1,1,0.55432904
1,1,0.5122405
1,0,0.49279425
1,1,0.540574
1,1,0.50869286
0,1,0.5283672
0,1,0.5171847
0,1,0.5132465
1,0,0.49851128
1,1,0.5090557
1,1,0.5357575
1,1,0.52147824
1,1,0.5671345
1,1,0.5610369
0,1,0.5239587
0,1,0.5163073
0,1,0.5211161
0,1,0.516826
1,1,0.5008851
0,0,0.4875086
0,0,0.47300726
0,1,0.5379557
0,0,0.4855125
0,0,0.46958578
0,0,0.46999237
1,0,0.48585093
1,1,0.5355841
0,1,0.52268314
1,0,0.49441716
1,0,0.49538994
1,1,0.5611413
1,0,0.47262496
1,0,0.48737568
1,0,0.49578953
1,0,0.47977415
0,1,0.5047788
0,0,0.47398427
0,0,0.48539153
0,0,0.46770537
0,0,0.48351243
0,0,0.44015446
0,0,0.48083693
0,0,0.49709764
1,0,0.48074347
1,1,0.53290397
1,1,0.51920706
1,1,0.5099806
0,1,0.52141917
1,0,0.4848871
0,0,0.49634197
0,0,0.4963228
0,0,0.4962756
1,1,0.5034677
1,0,0.48021626
1,0,0.47609347
1,0,0.47793597
1,1,0.50493425
0,1,0.5338044
0,0,0.46825707
0,0,0.46900976
0,0,0.4752789
0,0,0.49387994
1,1,0.5023737
1,0,0.45715043
1,0,0.4694228
1,0,0.45847777
1,0,0.4867541
1,0,0.47969988
0,0,0.4715647
0,0,0.45923436
0,0,0.47082525
0,0,0.4642024
0,0,0.44605744
1,0,0.48399794
1,0,0.48817638
1,0,0.4780606
1,0,0.46242216
1,0,0.48100853
0,0,0.4877262
0,0,0.48751307
1,0,0.4825221
0,0,0.49461365
1,0,0.4859808
1,0,0.45653003
1,1,0.5045918
1,0,0.489878
1,0,0.46049812
0,0,0.4594063
0,0,0.48006052
0,0,0.47138855
0,0,0.48006052
0,0,0.4611216
0,0,0.44648898
0,1,0.55480105
0,1,0.5568554
0,1,0.50070786
0,1,0.5111108
0,1,0.54875505
1,0,0.49831364
1,1,0.5017015
0,1,0.50254464
0,0,0.4703594
1,0,0.4545723
1,0,0.47273985
0,0,0.48302415
1,0,0.4793324
1,0,0.47930235
0,1,0.5020371
0,1,0.5093134
0,0,0.4938305
0,0,0.4761312
0,0,0.47228265
1,1,0.50035375
1,0,0.47570616
1,1,0.5006959
1,0,0.48042205
1,0,0.4823453
1,1,0.51101124
1,0,0.48318675
0,0,0.49979898
0,0,0.49374703
0,0,0.48621348
0,0,0.47790146
0,0,0.4989749
0,0,0.48083207
0,0,0.47465917
0,0,0.4562857
0,0,0.4670637
0,0,0.45691496
0,0,0.47299516
0,0,0.45624822
0,0,0.48021516
1,0,0.47912157
1,0,0.43826494
0,1,0.53934586
1,0,0.47416314
1,0,0.4713275
0,0,0.4821477
1,0,0.47545195
1,0,0.47620597
1,0,0.48623663
0,0,0.4960161
0,0,0.4738857
0,0,0.47864538
0,1,0.50023687
0,0,0.4583533
0,0,0.46329182
0,0,0.47977623
0,0,0.48031107
1,1,0.55345726
1,1,0.52149624
0,1,0.5037573
1,1,0.50927746
0,1,0.5294803
0,0,0.48944137
0,0,0.4840985
0,0,0.48252377
1,0,0.46804678
1,0,0.48963928
1,0,0.4761464
1,0,0.48634213
1,0,0.49101624
0,0,0.4853166
0,0,0.49654186
0,0,0.48219404
0,1,0.50202847
0,0,0.48963705
1,1,0.5098723
1,1,0.55322194
1,0,0.4993002
1,0,0.4827881
1,0,0.486846
1,1,0.5073415
0,0,0.47668365
0,0,0.49393123
0,1,0.5008214
0,0,0.48751748
0,0,0.4852211
0,0,0.48600087
0,0,0.48795664
1,1,0.5346532
0,0,0.47830284
1,1,0.5343654
1,1,0.5222898
1,1,0.5126967
1,0,0.45743573
1,0,0.48074356
1,0,0.4699157
1,0,0.46833602
1,0,0.47146082
1,0,0.49889725
0,0,0.32864177
0,0,0.40249953
0,0,0.42431512
1,0,0.43594205
1,0,0.39516258
1,1,0.5099505
1,1,0.50807166
0,1,0.51550967
0,0,0.4538654
1,0,0.49051782
1,0,0.48287258
0,0,0.4861697
1,1,0.54834485
1,1,0.50896585
0,0,0.4629769
0,0,0.4797078
1,1,0.6617754
0,0,0.4678436
1,0,0.48154023
0,1,0.54885924
0,0,0.4917296
1,0,0.4538012
1,1,0.58922
0,0,0.4476487
0,1,0.5352184
0,0,0.48388326
0,0,0.48910034
0,0,0.46438265
0,1,0.5224768
1,1,0.6380835
1,1,0.520179
1,1,0.61633885
0,1,0.5112497
0,1,0.5433029
1,0,0.4735835
0,0,0.4924767
0,0,0.4830932
1,0,0.46636552
1,1,0.5180002
1,0,0.47870734
1,1,0.5269529
1,1,0.50320065
1,0,0.45635948
1,0,0.4729428
1,0,0.49203694
0,0,0.48921484
0,0,0.4945116
1,0,0.4933166
0,0,0.49094775
0,1,0.5088799
1,1,0.511941
1,0,0.45127586
1,0,0.46439296
0,0,0.45944414
0,0,0.49233833
1,0,0.4832353
0,1,0.5296014
0,0,0.48150557
1,1,0.5014572
1,1,0.52294546
1,0,0.48226145
1,0,0.46478412
1,1,0.5096476
1,0,0.4921079
1,0,0.49493256
1,0,0.48215434
1,1,0.5089782
1,0,0.48744893
0,1,0.50498766
0,0,0.49687397
0,0,0.47822502
0,1,0.5016468
0,0,0.48862895
0,0,0.49111313
0,1,0.5267464
0,0,0.4909911
0,1,0.51648265
0,0,0.48176712
0,0,0.47652462
0,0,0.483477
0,1,0.53923935
0,0,0.47027114
0,0,0.47426352
1,1,0.7696043
1,1,0.6976672
1,1,0.599993
1,1,0.5603936
1,1,0.5400475
1,1,0.51397717
1,0,0.48864335
0,0,0.4452163
0,0,0.47787508
1,0,0.47005263
0,0,0.469892
0,0,0.48123768
0,0,0.4882187
1,0,0.48677516
1,0,0.47243974
1,1,0.5054072
1,1,0.5439743
1,0,0.4921381
1,1,0.5204169
1,1,0.50919527
0,0,0.4202098
0,0,0.32289797
0,0,0.38441122
0,0,0.42020398
0,0,0.44659024
0,0,0.496543
0,1,0.5224049
0,0,0.49734282
0,1,0.55135226
1,1,0.50572485
1,1,0.5115187
1,0,0.48724484
1,0,0.47357455
1,1,0.51237917
1,0,0.48444328
0,0,0.47554165
1,0,0.47809157
0,0,0.4847298
0,0,0.48571816
0,0,0.48472807
0,0,0.46410713
0,0,0.47184417
0,0,0.49956062
0,0,0.4825523
0,0,0.46682644
0,1,0.5020516
0,1,0.51669306
0,0,0.4644884
0,0,0.46277022
1,1,0.5052401
1,1,0.510502
1,1,0.51704353
1,1,0.5387873
1,0,0.47962573
1,0,0.47944963
1,0,0.46722135
1,0,0.49559364
1,0,0.49014425
1,0,0.49315923
1,0,0.49440044
1,0,0.48750478
1,1,0.50718826
0,1,0.5068223
1,0,0.47174498
1,0,0.48383263
1,0,0.48928344
1,1,0.51049745
1,0,0.47457927
1,0,0.47234616
1,0,0.4677722
1,0,0.4762729
1,1,0.5191471
1,0,0.4719752
1,0,0.48742503
0,1,0.5050805
0,0,0.48680487
1,0,0.4885016
1,0,0.4763245
1,1,0.5058722
1,0,0.49963132
1,1,0.54910916
1,1,0.51190704
1,1,0.50582504
0,0,0.48736975
0,0,0.4883642
0,0,0.4745144
0,0,0.48860756
0,0,0.47599503
1,0,0.46785727
1,1,0.51175493
1,0,0.48342606
1,0,0.496617
1,1,0.50092894
0,0,0.47866663
0,0,0.4740341
0,0,0.4936881
0,0,0.4972373
0,0,0.49714312
0,1,0.5196368
1,1,0.5523524
1,0,0.48720363
1,0,0.49214062
1,1,0.5172829
1,0,0.49383458
1,1,0.50342256
0,0,0.45872074
0,0,0.477258
1,0,0.4693979
1,0,0.4765059
0,0,0.48920068
0,0,0.47652513
0,0,0.45919105
0,1,0.5243925
0,0,0.47420582
0,0,0.4975733
0,0,0.47720596
0,0,0.47229025
0,1,0.50971264
0,1,0.59252965
0,0,0.47580808
0,0,0.470361
1,0,0.49486378
1,0,0.4726263
1,0,0.47714412
0,1,0.5167156
1,0,0.4914094
1,0,0.4686592
1,0,0.4973199
1,0,0.48564357
1,0,0.4695414
1,0,0.4766496
1,0,0.49775577
0,0,0.48742503
0,0,0.4606072
1,0,0.47959206
1,0,0.47134733
1,0,0.48443347
1,0,0.45715508
1,0,0.48427534
1,1,0.5003995
1,0,0.46328312
1,0,0.4559479
1,0,0.49586332
1,0,0.48361802
1,0,0.48358542
1,0,0.46477702
1,0,0.48824394
1,0,0.47576863
1,0,0.48759383
0,0,0.48245782
0,0,0.4847786
0,0,0.4716937
0,0,0.37753788
0,0,0.48431113
1,1,0.5191353
1,1,0.5062361
0,0,0.4911109
0,1,0.5267856
0,1,0.5046993
0,0,0.47138098
0,0,0.47650546
0,0,0.46465164
1,0,0.46624285
0,0,0.48758584
0,1,0.5354216
0,0,0.495918
0,0,0.46747205
0,0,0.48139676
0,0,0.48729274
1,1,0.5460498
1,1,0.5178722
1,0,0.48994482
1,0,0.49968836
1,0,0.4974054
1,0,0.48072824
1,0,0.4646837
1,0,0.4140835
1,0,0.47944844
0,0,0.45966274
0,0,0.45941344
0,0,0.44920775
0,0,0.4419777
0,0,0.4782586
0,0,0.44506264
0,0,0.44115308
1,1,0.5080567
0,1,0.50621897
1,1,0.519837
0,1,0.5156336
0,0,0.45360127
1,0,0.48635447
1,0,0.4984624
1,0,0.48140427
1,1,0.5041309
1,1,0.51435995
1,0,0.49960512
1,0,0.4752319
1,0,0.46692866
1,0,0.44980365
1,0,0.44261727
1,0,0.48597693
0,1,0.5122019
0,0,0.4889719
0,0,0.49719396
0,0,0.4592677
0,0,0.44583043
0,0,0.49898544
0,0,0.44569653
1,1,0.5255628
0,0,0.4768856
0,0,0.43201765
0,0,0.42183417
1,0,0.47805724
0,0,0.4587333
0,0,0.40751436
0,0,0.40314704
0,0,0.42403996
0,0,0.42481244
0,0,0.44615218
0,1,0.537293
1,1,0.5418139
1,1,0.5345468
1,1,0.5045274
1,1,0.5252223
1,0,0.49073365
1,0,0.4782763
1,0,0.48966068
1,1,0.50397456
1,0,0.48288164
1,0,0.4938315
1,1,0.5042776
1,0,0.49431777
1,0,0.47806928
1,0,0.49109215
1,1,0.5046031
1,0,0.48793682
0,1,0.5074704
0,0,0.49013433
0,0,0.4639421
0,0,0.48071888
0,0,0.48134094
0,0,0.46553612
1,0,0.46307206
1,0,0.46204653
1,0,0.47406292
1,0,0.46869567
1,0,0.48430455
1,1,0.53352135
1,0,0.48586214
1,1,0.51014996
0,0,0.42719334
0,0,0.3261553
0,0,0.41811344
0,0,0.40469217
1,0,0.40259153
1,0,0.4425347
1,0,0.493958
1,1,0.50587815
1,0,0.4287894
0,0,0.4287
1,0,0.41004753
1,0,0.42907977
1,0,0.4394081
1,0,0.44348708
1,0,0.43829945
0,0,0.35898465
0,0,0.36376724
0,0,0.44862512
0,0,0.3522618
1,0,0.42238823
0,0,0.4546934
0,1,0.50094813
0,0,0.4773074
0,0,0.44031304
0,0,0.31065023
0,0,0.4729678
0,0,0.44188777
0,0,0.43455383
0,0,0.4222314
1,1,0.6425987
1,0,0.48120752
1,0,0.47403315
0,0,0.49714383
0,0,0.48510712
0,0,0.38703105
1,0,0.36933818
1,0,0.40574235
1,0,0.45044625
1,0,0.49476838
1,0,0.47488177
1,0,0.3303188
1,0,0.43357688
1,0,0.4378267
1,0,0.43361884
1,0,0.4564633
1,0,0.4644894
1,0,0.49035
0,0,0.44629315
0,0,0.4560275
0,0,0.4185844
0,0,0.42265898
0,0,0.4228447
0,0,0.4176059
0,0,0.4212798
1,0,0.44175354
1,0,0.43385148
1,0,0.40367597
0,0,0.44304654
0,0,0.39851904
1,0,0.40986052
1,0,0.40289697
1,0,0.39164242
1,0,0.39502606
1,0,0.41457796
1,0,0.3929572
1,0,0.39967018
1,0,0.4340913
0,0,0.4271683
1,0,0.409698
1,0,0.43569693
1,0,0.4279207
0,0,0.41554666
0,0,0.40075943
0,0,0.34534353
0,0,0.3960351
0,0,0.3987208
0,0,0.47132963
0,0,0.47785807
0,1,0.525184
1,1,0.5407684
1,1,0.51813
1,0,0.45727393
1,0,0.46432304
1,0,0.49994385
1,1,0.50818944
1,0,0.47834358
1,0,0.48243374
1,0,0.4682306
1,0,0.46707588
1,1,0.5210191
0,1,0.52468294
0,1,0.53935236
0,1,0.5378296
0,0,0.4869805
0,0,0.4898841
0,1,0.5059605
1,1,0.5229171
0,0,0.49568465
0,0,0.47800297
0,0,0.48605087
0,0,0.4949009
0,0,0.48462304
0,0,0.48839745
0,1,0.5837591
0,1,0.52069634
1,0,0.46595985
1,0,0.47187942
1,0,0.4851794
1,0,0.45296943
1,0,0.4770232
0,0,0.48314795
1,0,0.46213132
1,0,0.47181886
1,0,0.4820789
1,1,0.5166726
1,0,0.4848302
1,0,0.47935784
1,0,0.48835775
1,0,0.46372765
1,0,0.48508698
1,0,0.486342
1,0,0.47782546
1,0,0.4880949
1,0,0.49348852
1,0,0.4595338
1,0,0.48128915
1,0,0.4855963
0,0,0.46822622
0,0,0.45813903
0,0,0.4537438
0,0,0.44242182
1,0,0.42295232
1,0,0.4681793
1,0,0.4540271
0,0,0.4619406
0,0,0.4788202
0,0,0.44038385
0,0,0.462271
0,0,0.45659718
0,0,0.4546708
0,0,0.46303403
0,0,0.4486075
0,0,0.45429006
1,0,0.49638873
0,0,0.41521424
1,0,0.46053302
1,0,0.4844918
0,1,0.5075722
1,0,0.44560337
1,0,0.4575545
1,0,0.46764132
1,0,0.4482991
1,0,0.47580144
1,0,0.49622768
0,0,0.48356444
0,0,0.46794084
0,0,0.48467207
0,0,0.465484
0,0,0.47311664
1,0,0.48164973
1,0,0.4602986
1,1,0.5285795
1,0,0.4435944
1,0,0.4450671
0,0,0.47768784
0,0,0.4828107
0,0,0.47570884
0,0,0.48828974
1,0,0.46241146
1,0,0.43155992
1,0,0.4493635
1,0,0.4662213
1,0,0.48016217
1,0,0.48471355
1,0,0.48960522
0,0,0.46704778
0,0,0.4614535
1,0,0.47171915
0,0,0.47413537
0,0,0.46850237
1,0,0.49151638
0,0,0.46362272
0,1,0.52053547
0,0,0.48639187
0,0,0.49286392
0,0,0.47538978
1,1,0.571161
1,0,0.47403324
1,0,0.46160015
0,0,0.4878253
0,0,0.46041012
1,0,0.43684086
1,0,0.41597757
1,0,0.42706758
1,0,0.4013486
1,0,0.46652892
1,0,0.4546294
0,0,0.41988504
0,0,0.4420459
0,0,0.44302493
0,0,0.46098992
0,0,0.4552112
0,0,0.46351105
0,0,0.46035343
1,0,0.46040204
0,0,0.40424073
0,0,0.49956372
0,0,0.42915395
0,0,0.4632184
0,0,0.47400153
0,0,0.48233303
0,0,0.46377775
0,0,0.41826615
1,0,0.40829667
1,0,0.457668
0,0,0.4154759
1,1,0.50472933
0,0,0.4376095
0,0,0.38336664
0,0,0.3616571
1,0,0.470141
1,0,0.3391737
1,0,0.42970973
1,0,0.40290144
1,0,0.3989695
1,0,0.34878278
1,0,0.3735232
1,0,0.41890192
1,0,0.4360552
1,0,0.42055622
0,0,0.4194921
0,0,0.4290485
0,0,0.44908857
0,0,0.41635948
0,0,0.40613124
0,0,0.43751654
0,0,0.43645835
0,1,0.5573679
0,0,0.49429172
0,0,0.47605258
0,0,0.44985577
0,1,0.5531956
0,0,0.4288773
0,0,0.4431266
0,0,0.4676501
0,0,0.49574333
0,0,0.47064394
0,1,0.56240374
0,1,0.5205858
1,1,0.63946736
1,1,0.538411
1,1,0.565765
1,1,0.57741916
1,0,0.49835593
1,0,0.48721424
1,0,0.4633524
1,0,0.47724572
1,0,0.48411041
1,0,0.46837074
1,0,0.47331873
0,0,0.4449227
1,0,0.46417245
1,0,0.43801063
1,0,0.4664609
1,1,0.5028443
1,1,0.5254612
1,1,0.5088938
0,0,0.4631459
0,0,0.4581506
0,0,0.4385268
0,0,0.43160388
1,0,0.43078265
1,1,0.5015911
1,0,0.45153335
1,1,0.5267108
1,0,0.4732554
1,1,0.51297194
1,0,0.45138794
0,0,0.44124103
0,0,0.4312862
1,0,0.42906818
1,0,0.4180019
1,0,0.42565566
1,0,0.49441087
1,0,0.46145064
0,0,0.3961492
0,0,0.3898149
0,0,0.41611657
0,0,0.4185415
1,0,0.42020702
1,0,0.48712686
1,0,0.39376575
1,0,0.48006028
1,0,0.41455942
0,0,0.40098017
0,0,0.40691698
0,0,0.39358175
0,0,0.38322443
0,0,0.42513382
0,0,0.49223807
0,1,0.50094354
0,0,0.47900578
0,0,0.48487633
0,0,0.48606607
0,0,0.41939273
0,0,0.40032497
0,0,0.4364244
0,0,0.41579098
1,1,0.62081933
1,1,0.54246736
1,1,0.7243226
1,1,0.59330887
0,1,0.5761894
1,1,0.5323407
1,0,0.49964547
1,0,0.49747956
1,0,0.47858548
1,0,0.46541187
1,0,0.49866834
1,0,0.46196148
1,0,0.48950008
1,0,0.45997256
1,0,0.48500997
1,0,0.43457735
1,0,0.35727602
1,0,0.42313075
1,0,0.40295416
0,0,0.3611127
1,0,0.28137934
1,0,0.46338794
1,0,0.39544895
0,0,0.44262314
1,1,0.53053105
0,0,0.34177458
0,0,0.3945691
0,0,0.40201017
1,0,0.4320335
1,0,0.41186032
0,0,0.4755939
0,0,0.46425754
0,0,0.47558588
0,0,0.40900192
0,0,0.4122398
0,0,0.49280792
0,0,0.41680813
0,0,0.42555144
0,0,0.41676784
1,1,0.5180636
0,0,0.46735638
1,0,0.4577878
1,0,0.49269712
0,0,0.44295564
0,0,0.41519266
0,0,0.41381824
0,0,0.41592425
0,0,0.41444823
0,0,0.4239846
0,0,0.39916793
1,0,0.41750386
1,0,0.3938744
0,0,0.39567524
1,0,0.41860473
1,0,0.43379828
1,0,0.42972472
1,0,0.44245738
1,0,0.43777063
1,0,0.42987177
1,0,0.43999997
1,0,0.430432
1,0,0.44643736
1,0,0.42103022
1,0,0.42025727
1,0,0.43015912
1,0,0.440108
1,0,0.46032462
1,0,0.43958977
1,0,0.43827784
1,0,0.4441704
1,0,0.44756433
1,0,0.49882534
1,0,0.44175828
1,0,0.42718613
1,0,0.42143205
0,0,0.4063285
0,0,0.39587152
0,0,0.42782715
0,0,0.38654742
0,0,0.42246208
0,0,0.4562539
1,1,0.50080836
1,0,0.47812602
0,0,0.44320437
1,0,0.4096018
1,0,0.40957
0,0,0.4307969
0,0,0.42077005
0,0,0.4708748
0,0,0.42888263
0,0,0.42111182
0,0,0.4126654
1,0,0.46719903
1,0,0.47261962
1,0,0.4982451
1,0,0.4249072
1,0,0.46767187
1,0,0.38276035
1,0,0.4064996
0,0,0.42054158
1,0,0.41464883
0,0,0.40432778
0,0,0.4125863
1,0,0.4134625
1,0,0.49047962
1,0,0.39884815
1,0,0.4086937
1,0,0.44776154
1,0,0.41398725
0,0,0.41569126
0,0,0.4200572
0,0,0.41740382
0,0,0.3980853
0,0,0.3879824
0,0,0.46082836
0,0,0.3870759
1,1,0.50160015
1,0,0.47870225
1,0,0.43668774
1,0,0.46638298
1,0,0.4299998
1,0,0.40629306
0,0,0.42112574
0,0,0.41589266
0,0,0.38766456
0,0,0.4149089
0,0,0.42949298
0,0,0.45157212
0,0,0.48383915
0,0,0.4521364
0,1,0.50157285
0,0,0.47306553
0,0,0.4391319
0,0,0.4343514
0,0,0.46914798
0,0,0.40740997
0,0,0.42382187
0,0,0.4477819
0,0,0.46155044
0,0,0.4371841
0,0,0.37626895
0,0,0.37440717
0,0,0.46668974
1,0,0.43149152
1,0,0.4946462
1,0,0.4466075
1,0,0.43409526
0,0,0.39330456
0,0,0.40608191
0,0,0.40377837
1,0,0.42263618
0,0,0.4282745
1,0,0.4286817
1,0,0.41346928
0,0,0.43795723
1,0,0.42039487
1,0,0.4102431
1,0,0.4084471
1,0,0.42345586
1,0,0.4398105
1,0,0.4407589
0,0,0.4514253
1,0,0.45468533
1,0,0.42792645
0,0,0.4789862
1,0,0.433138
1,0,0.42147988
1,0,0.40387425
0,0,0.40489906
0,0,0.40644732
0,0,0.45217243
0,0,0.4541239
0,0,0.41767642
1,0,0.25225604
1,0,0.29736456
1,0,0.39468187
1,0,0.35058832
1,0,0.34159487
0,0,0.35473466
0,0,0.3839987
0,0,0.3891984
0,0,0.40210214
0,0,0.37652296
1,0,0.47095954
0,0,0.46686572
1,1,0.5372467
1,0,0.47677454
1,1,0.60137945
1,0,0.41207495
1,0,0.4028187
0,0,0.3967401
0,0,0.3809151
0,0,0.39302245
0,0,0.3764391
0,0,0.34923238
0,0,0.36651525
0,0,0.37395868
0,0,0.42493233
0,0,0.3658693
0,0,0.42493922
0,0,0.43379948
0,0,0.417146
1,0,0.48704705
0,0,0.40667665
0,0,0.42658648
0,0,0.4819096
0,0,0.42771167
0,0,0.3748257
0,0,0.4754716
1,0,0.4069281
1,1,0.5260543
0,0,0.42479792
1,0,0.4714564
1,0,0.43152857
1,0,0.44812104
1,0,0.44845116
1,0,0.40171716
1,0,0.41534522
0,0,0.42194197
1,0,0.4451192
1,0,0.41931483
1,0,0.42781082
1,0,0.43171415
1,0,0.40960103
1,0,0.41873676
1,0,0.38730386
1,0,0.41521332
1,0,0.4199065
1,0,0.37765035
1,0,0.3766055
0,0,0.41568145
0,0,0.3934817
0,0,0.39495462
0,0,0.26144645
0,0,0.42417818
0,0,0.43395066
0,1,0.51540726
0,0,0.4224905
0,0,0.42843455
0,0,0.41672543
0,0,0.42400992
0,0,0.4082274
0,0,0.43722808
1,0,0.4932667
1,1,0.5067028
1,0,0.429909
1,0,0.4152159
1,0,0.4418101
0,0,0.40126744
0,0,0.41913894
0,0,0.40364933
0,0,0.38695604
0,0,0.39943328
0,0,0.44152066
0,0,0.4063216
0,0,0.3851203
0,0,0.37560046
0,0,0.40321022
0,0,0.40530434
0,0,0.4315568
0,0,0.42793772
0,0,0.45421225
0,0,0.4265528
0,0,0.4320969
0,0,0.4057309
0,0,0.4136445
0,0,0.43527982
0,0,0.43027303
0,0,0.4113545
1,1,0.630716
1,0,0.45766613
1,1,0.66914
1,0,0.47429168
1,0,0.49047273
1,0,0.44478595
1,0,0.43199036
1,0,0.41120023
1,0,0.43314973
1,0,0.42633316
1,0,0.4314612
1,0,0.44519344
1,0,0.43936497
1,0,0.42404035
1,0,0.4309876
1,0,0.4028163
1,0,0.42641827
1,0,0.4284546
0,0,0.44434133
0,0,0.4279868
0,0,0.434263
0,0,0.37601873
0,0,0.4068273
0,0,0.42191356
0,0,0.4119875
0,0,0.45700517
0,0,0.39267597
0,0,0.43500835
0,0,0.45023412
0,0,0.4553412
0,0,0.43085778
0,0,0.4310274
0,0,0.4493372
1,0,0.4169843
1,0,0.42060515
1,0,0.4350953
1,0,0.42975995
1,0,0.43201122
1,0,0.4047774
1,0,0.41514215
1,0,0.39579573
1,0,0.43187562
0,0,0.40090522
0,0,0.39716232
0,0,0.40983263
0,0,0.4095154
0,0,0.41883197
0,0,0.40156963
1,0,0.41082034
1,0,0.42681232
1,0,0.43508393
1,0,0.42588952
1,0,0.4512767
0,0,0.43306333
0,0,0.41056487
0,0,0.41233167
0,0,0.4345115
0,0,0.40267342
1,0,0.40873054
1,0,0.38057637
1,0,0.42271107
1,0,0.44307524
1,0,0.38477185
1,0,0.4269338
1,0,0.40483582
1,0,0.42429587
1,0,0.40373456
0,0,0.42500058
0,0,0.42948094
0,0,0.4192042
1,0,0.42034364
1,0,0.41939482
1,0,0.3883577
1,0,0.39310238
1,0,0.38503996
1,0,0.44090503
1,0,0.4199464
1,0,0.4129598
1,0,0.4144945
0,0,0.41544372
0,0,0.34707102
0,0,0.43310437
0,0,0.45999223
0,0,0.45573923
0,0,0.4794956
1,0,0.47365597
1,0,0.43295917
1,0,0.40570483
1,0,0.3910291
1,0,0.42629677
1,0,0.42427304
1,0,0.4402486
1,0,0.3709424
1,0,0.42993474
1,0,0.42607668
0,0,0.4118791
0,0,0.42614487
0,0,0.42190886
0,0,0.43479848
0,0,0.4311821
0,0,0.42134094
0,0,0.47354808
1,0,0.46637926
1,0,0.46750256
1,0,0.44990793
1,0,0.43005148
1,0,0.41397095
1,0,0.46170798
1,0,0.4126104
0,0,0.4126741
1,0,0.4390085
1,0,0.39520654
0,0,0.42191488
0,0,0.40380937
1,0,0.42066023
0,0,0.43348098
0,0,0.37908998
1,0,0.41690826
1,0,0.39601207
0,0,0.38768333
0,0,0.39632308
0,0,0.4239161
0,0,0.41325742
0,0,0.408653
0,0,0.4101448
0,0,0.38860932
0,0,0.42140052
0,0,0.40733504
0,0,0.43311045
0,0,0.46086988
1,0,0.43428853
1,0,0.38843095
1,0,0.4475105
1,0,0.3903043
1,0,0.38600498
1,0,0.39961216
1,0,0.4181933
1,0,0.3987331
1,0,0.42184445
1,0,0.39139023
1,0,0.41274726
0,0,0.4100516
0,0,0.43029755
0,0,0.4102393
0,0,0.42032492
0,0,0.4241978
1,0,0.41052336
1,0,0.45394522
1,0,0.40818164
1,0,0.49160004
1,0,0.4935885
1,0,0.37021542
1,0,0.409262
1,0,0.41762543
1,0,0.44780913
0,0,0.43425846
0,0,0.43358597
0,0,0.46786678
0,0,0.46189946
0,0,0.4599198
0,0,0.46831217
0,0,0.43835223
0,0,0.46564376
0,0,0.44989374
0,0,0.3889745
0,0,0.40863046
0,0,0.4155901
0,0,0.38744617
0,0,0.45228198
0,0,0.39967677
0,0,0.41339916
1,0,0.43995422
1,0,0.3946867
1,0,0.46211475
1,0,0.4368241
1,0,0.42086864
1,0,0.39064905
1,0,0.38381413
0,0,0.38725287
0,0,0.3843319
0,0,0.38361174
0,0,0.4095249
0,0,0.4094935
0,0,0.38405925
0,0,0.38045618
0,0,0.38461772
1,0,0.40191647
1,0,0.39420858
1,0,0.37894475
1,0,0.38612258
1,0,0.41829193
1,0,0.40552986
0,0,0.41657203
0,0,0.42689627
0,0,0.41029567
0,0,0.41054073
0,0,0.42621022
0,0,0.39769223
0,0,0.4114148
0,0,0.42418894
0,0,0.42414147
0,0,0.43215156
1,0,0.43498084
1,0,0.43456635
1,0,0.42076156
1,0,0.4332621
1,0,0.44828096
0,0,0.21648115
1,0,0.40048543
1,0,0.4080232
1,0,0.4131039
1,0,0.40879565
1,0,0.45578927
1,0,0.41224343
0,0,0.45411164
0,0,0.4156945
0,0,0.4076598
0,0,0.4106642
1,0,0.40923887
1,0,0.43114525
1,0,0.42567837
1,0,0.43274385
1,1,0.50669336
1,0,0.415199
1,0,0.4183791
1,0,0.40846583
1,0,0.36433065
0,0,0.43044537
0,0,0.41002035
0,0,0.41339833
0,0,0.40181908
0,0,0.4155136
1,0,0.44159144
0,0,0.42999998
0,0,0.42382088
1,0,0.41718674
1,0,0.43368807
1,0,0.39695847
1,0,0.4432609
1,0,0.4271435
1,0,0.41006297
0,0,0.37298217
1,0,0.4016634
1,0,0.4210523
1,0,0.38829386
1,0,0.4172559
1,0,0.4282068
1,0,0.42367178
0,0,0.43204525
0,0,0.43603343
0,0,0.3946318
0,0,0.42874226
0,0,0.41353014
0,0,0.43537396
0,0,0.44374496
1,0,0.39315638
1,0,0.39856791
1,0,0.39280888
1,0,0.4121755
0,0,0.40549555
0,0,0.41281298
0,0,0.4047837
0,0,0.41348124
0,0,0.3923559
0,0,0.40340716
0,0,0.4200902
0,0,0.422891
0,0,0.45851725
0,0,0.42596304
0,0,0.45201883
0,0,0.43434173
0,0,0.44945142
1,0,0.46953094
1,0,0.47660878
0,0,0.44821274
0,1,0.5020899
0,0,0.48251143
0,0,0.41809538
0,0,0.43400094
1,1,0.57887304
1,1,0.50153995
1,1,0.6231147
1,0,0.4553098
0,0,0.4520848
1,0,0.4329387
1,0,0.41932568
1,0,0.42461374
1,0,0.4299455
1,0,0.46377027
0,0,0.41298893
0,0,0.4187021
0,0,0.44244477
0,0,0.44388384
0,0,0.43842795
1,1,0.5745559
1,1,0.5059798
1,0,0.49505162
1,1,0.6440463
1,1,0.51495224
1,0,0.43893254
1,0,0.39874995
1,0,0.4613257
1,0,0.45305458
1,0,0.45112884
1,0,0.445514
1,0,0.44637987
1,0,0.4566469
1,0,0.447057
0,0,0.43025017
0,0,0.4254542
0,0,0.42741546
1,0,0.43872476
1,0,0.42717683
1,0,0.42204207
1,0,0.4288272
1,0,0.4366726
1,0,0.41971117
0,0,0.41569015
0,0,0.39583275
0,0,0.4101343
0,0,0.41122133
0,0,0.4060751
0,0,0.40761507
0,0,0.40565932
0,0,0.4068272
0,0,0.40559945
0,0,0.42030597
1,0,0.4185152
1,0,0.42907536
1,0,0.46567768
1,0,0.41308865
1,0,0.40925908
1,0,0.44430697
1,0,0.42355302
1,0,0.39446893
1,0,0.43060476
0,0,0.41467023
0,0,0.39389628
0,0,0.41276208
0,0,0.42637134
0,0,0.4150967
0,0,0.41457072
0,0,0.42980626
0,0,0.41774762
0,0,0.40219507
0,0,0.43332833
0,0,0.41845766
0,0,0.41864735
0,0,0.43747145
0,0,0.44723892
0,0,0.411602
0,0,0.4430371
0,0,0.44767675
0,0,0.41086188
0,0,0.46942973
0,0,0.42986616
1,0,0.4698627
1,0,0.39260405
1,0,0.37115148
1,0,0.40638646
0,0,0.41314334
0,0,0.4509627
1,0,0.41169813
1,0,0.3928459
1,0,0.42399424
1,0,0.4527494
0,0,0.4971172
0,0,0.47657824
0,0,0.4263158
1,0,0.4072618
1,0,0.41234142
1,0,0.48278084
1,0,0.4824797
1,0,0.46905422
0,0,0.43914214
0,0,0.4252807
0,0,0.4517047
0,0,0.42401752
0,0,0.44475496
0,0,0.46248227
0,0,0.4421227
0,0,0.46154115
1,0,0.48428485
0,0,0.4991241
0,0,0.41573122
0,0,0.4266804
0,0,0.46325445
0,0,0.452517
0,0,0.41864097
0,0,0.4164386
0,0,0.3870056
0,0,0.40822837
1,0,0.43508103
0,0,0.4473133
0,0,0.45919836
0,0,0.4541354
0,1,0.5012255
0,0,0.44155255
0,0,0.44511864
0,1,0.5141307
0,0,0.4658756
0,0,0.48818842
1,0,0.44256225
0,0,0.4558908
0,0,0.47582638
1,0,0.4783592
0,0,0.44133762
0,0,0.46965545
1,1,0.5074657
0,0,0.45400673
0,0,0.42682746
0,0,0.4050087
0,0,0.41943505
0,0,0.39406002
0,0,0.39273936
0,0,0.40563813
0,0,0.39383554
0,0,0.4468759
0,0,0.43453905
1,0,0.41434243
1,0,0.45998943
1,0,0.43686253
1,0,0.4017118
1,0,0.46910936
1,0,0.415111
0,0,0.42602995
0,0,0.42896563
0,0,0.4443228
0,0,0.44667402
0,0,0.42768174
1,0,0.4182174
1,0,0.4550177
1,0,0.47521225
1,0,0.44467485
1,0,0.4484958
0,0,0.40471628
0,0,0.45323685
0,0,0.48597866
0,1,0.50747216
0,1,0.5080972
0,0,0.49909398
0,0,0.47274485
0,0,0.45544764
0,0,0.4403695
0,0,0.4403724
0,0,0.4295424
0,0,0.41562667
0,0,0.43645912
0,0,0.4103545
1,0,0.3810277
1,0,0.41497728
1,0,0.40496126
1,0,0.4011493
1,0,0.37913314
1,0,0.35886884
1,0,0.3531855
1,0,0.37491786
0,0,0.37109572
0,0,0.3876923
0,0,0.3958913
0,0,0.39330074
0,0,0.37719357
0,0,0.42454997
0,0,0.43094924
0,0,0.46282944
1,0,0.4387305
1,1,0.5511581
1,1,0.6477852
1,0,0.45014825
1,0,0.43448514
1,0,0.4019983
1,0,0.37836254
1,0,0.40064093
0,0,0.42885423
1,0,0.41274622
0,0,0.41211423
0,0,0.41095772
0,0,0.4296161
1,0,0.4599949
0,0,0.4237103
1,0,0.43567684
1,0,0.47244772
0,0,0.4957227
0,0,0.40281832
1,0,0.39849737
1,0,0.42123216
0,0,0.41336885
1,0,0.48592967
1,0,0.4568864
1,0,0.39606106
0,0,0.41826835
1,0,0.45156348
0,0,0.40906733
0,0,0.4019671
0,0,0.38779774
0,0,0.39580294
0,0,0.4148796
1,0,0.41027647
1,0,0.45887944
1,0,0.4819633
1,1,0.5021904
1,0,0.46231195
1,0,0.4114476
1,0,0.41165316
0,0,0.4047194
0,0,0.3913678
0,0,0.41204727
0,0,0.4026509
0,0,0.39828944
0,0,0.41727743
0,0,0.44084942
1,0,0.4526983
1,0,0.45099816
1,0,0.4702995
1,0,0.39836094
1,0,0.37161657
1,0,0.4116234
0,0,0.41879717
0,0,0.4101157
0,0,0.4075517
0,0,0.3957199
0,0,0.40750477
1,0,0.4145413
1,0,0.43408683
1,0,0.41890827
1,0,0.45166492
1,0,0.43360978
1,0,0.4148847
1,0,0.41651925
1,0,0.4176077
1,0,0.41360256
0,0,0.4058334
1,0,0.39465943
1,0,0.41503674
1,0,0.41748533
1,0,0.43164834
1,0,0.40346193
0,0,0.37825006
0,0,0.38364133
0,0,0.39736384
0,0,0.39092833
0,0,0.37081966
0,0,0.44285926
0,0,0.39541936
0,0,0.3733392
0,0,0.42718813
0,0,0.4008374
0,0,0.3638253
0,0,0.4195442
0,0,0.43364346
0,0,0.45220545
0,0,0.42217708
0,0,0.45683137
0,0,0.43574354
0,0,0.4389117
0,0,0.4165062
0,0,0.44085997
0,0,0.41499296
1,0,0.45796844
1,0,0.48176932
1,1,0.61362404
1,1,0.5296775
0,0,0.42628896
0,0,0.41004673
0,0,0.3860767
1,0,0.3663206
1,0,0.3979795
1,0,0.4238093
1,0,0.4332095
1,0,0.46702573
1,0,0.44056937
1,0,0.39284685
1,0,0.4051529
1,0,0.4045899
1,0,0.4143412
1,0,0.3654888
1,0,0.4046009
0,0,0.3995257
0,0,0.39713857
0,0,0.38228682
1,0,0.37659693
0,0,0.39732978
0,0,0.40919453
0,0,0.4484507
0,0,0.40496716
0,0,0.36370286
0,0,0.35386962
0,0,0.36420143
0,0,0.4548454
0,0,0.4403314
0,0,0.4563544
1,0,0.467279
1,0,0.48138022
0,0,0.43045565
0,0,0.45727104
0,0,0.41053477
1,0,0.45202175
1,0,0.41056243
1,0,0.47326377
1,0,0.45005193
1,0,0.44987816
1,0,0.41004416
1,0,0.42669854
0,0,0.40727597
0,0,0.42633906
0,0,0.40365228
0,0,0.40672326
1,0,0.4044119
1,0,0.40391245
1,0,0.39159343
1,0,0.37980038
1,0,0.38026735
1,0,0.41507626
1,0,0.4120426
1,0,0.41628003
1,0,0.41745833
1,0,0.42415565
0,0,0.3859525
1,0,0.4209197
1,0,0.4096286
1,0,0.42036882
1,0,0.39702675
1,0,0.4178899
1,0,0.38263097
0,0,0.40077236
0,0,0.4170214
0,0,0.37726325
0,0,0.37491927
1,0,0.389668
1,0,0.387458
1,0,0.3937972
1,0,0.37939048
1,0,0.37929535
1,0,0.3787461
0,0,0.38599646
0,0,0.43732262
1,0,0.39620757
1,0,0.46625084
1,0,0.44894955
1,0,0.41640547
1,0,0.44688505
1,0,0.41178977
1,0,0.43731296
1,0,0.47565037
0,0,0.38801014
0,0,0.43542477
0,0,0.43997103
1,0,0.46188197
0,0,0.43000516
1,0,0.4525892
1,0,0.43201646
0,0,0.42693064
1,0,0.4096669
1,0,0.46065417
1,0,0.45165518
0,0,0.4465558
0,0,0.45035163
0,0,0.439103
0,0,0.43270814
0,0,0.41520885
0,0,0.3971404
0,0,0.45081922
1,0,0.47171974
1,0,0.41840497
0,0,0.41923857
1,0,0.41403267
1,0,0.41824067
1,0,0.40014136
1,0,0.41278228
1,0,0.41274476
0,0,0.40097618
1,0,0.39227867
1,0,0.41163468
0,0,0.40054888
1,0,0.41276792
1,0,0.42711124
0,0,0.37484774
0,0,0.40085447
1,0,0.43971527
0,0,0.41851035
0,0,0.41444045
0,0,0.42537382
0,0,0.41038686
0,0,0.36706427
1,0,0.4108041
1,0,0.40944123
0,0,0.4054166
1,0,0.43944928
1,0,0.40322998
1,0,0.41807538
1,0,0.39253014
1,0,0.4362181
1,0,0.41396594
1,0,0.40237516
1,0,0.38677663
0,0,0.4121935
0,0,0.4130971
1,0,0.42116213
1,0,0.414842
1,0,0.39060125
1,0,0.41367805
1,0,0.41484192
1,0,0.4202377
0,0,0.4209304
0,0,0.42447868
0,0,0.43331468
0,0,0.42815933
0,0,0.41285005
0,0,0.4268474
0,0,0.3860703
1,0,0.4143385
0,0,0.42016813
1,0,0.47626808
1,0,0.43042228
1,0,0.43383396
1,0,0.3936281
1,0,0.43112382
1,0,0.39742464
1,0,0.39586353
1,0,0.39550823
1,0,0.38391152
1,0,0.37344038
1,0,0.4178485
1,0,0.4216336
1,0,0.42258734
1,0,0.41764107
1,0,0.4341794
1,0,0.38658112
1,0,0.43708113
1,0,0.4999289
0,0,0.4169564
0,0,0.38555798
0,0,0.35207862
0,0,0.42140156
0,0,0.35512283
0,0,0.39490864
0,0,0.35561398
0,0,0.3934692
0,0,0.36513358
0,0,0.37778768
0,0,0.35759202
0,0,0.4110698
0,0,0.41310328
0,0,0.43321487
0,0,0.42951632
1,0,0.4695391
0,0,0.42661217
0,0,0.47847387
0,0,0.41677803
1,0,0.4904475
1,0,0.43138373
1,0,0.44897905
1,0,0.47101212
1,0,0.4486234
1,0,0.4274821
0,0,0.4481998
1,0,0.40131462
1,0,0.409017
1,0,0.4323923
0,0,0.38160086
1,0,0.43473944
0,0,0.45659187
0,0,0.4126265
0,0,0.41739693
0,0,0.43483534
0,0,0.42372638
0,0,0.4933939
0,0,0.42253545
0,0,0.43773708
0,0,0.4323309
1,0,0.48595637
1,0,0.4312153
1,0,0.4391154
1,0,0.47141948
1,0,0.43555364
0,0,0.40001762
0,0,0.3930564
0,0,0.37243155
0,0,0.41626662
1,0,0.35085845
1,0,0.4354414
1,0,0.4432583
1,0,0.4688389
1,0,0.43148017
0,0,0.35851583
0,0,0.38486716
0,0,0.3434164
1,0,0.41239873
1,0,0.41052684
1,0,0.44186375
1,0,0.44133222
1,0,0.40650934
1,0,0.41797218
1,0,0.428198
1,0,0.47199848
0,0,0.42655566
0,0,0.34316167
0,0,0.41882318
0,0,0.37827116
0,0,0.3947354
0,0,0.44653422
0,1,0.5010419
0,0,0.44342923
0,0,0.44772235
1,0,0.42833126
0,0,0.43222806
0,0,0.4166865
0,0,0.42932856
0,0,0.4287152
0,0,0.40315193
0,0,0.43701273
1,0,0.41445896
1,0,0.4689958
1,0,0.42076793
1,0,0.40920815
1,0,0.41549566
0,0,0.41329944
1,0,0.40070742
1,0,0.39145988
1,0,0.38758957
0,0,0.40466475
1,0,0.42768863
1,0,0.405615
0,0,0.36839908
0,0,0.37285176
0,0,0.38200527
0,0,0.41519216
0,0,0.39322215
0,0,0.39918947
0,0,0.41178504
0,0,0.43115303
0,0,0.42580914
0,0,0.40372384
0,0,0.43087354
0,0,0.42281657
0,0,0.36659992
0,0,0.43256882
1,1,0.52850324
1,0,0.43620965
1,1,0.57848775
1,0,0.45889345
1,0,0.44091365
1,0,0.47039422
1,0,0.44302484
1,0,0.43336847
1,0,0.4742723
1,0,0.42167124
0,0,0.49651352
0,0,0.39649042
0,0,0.40976694
1,0,0.41424128
1,0,0.43025756
1,0,0.44839415
1,0,0.43492404
1,0,0.43443677
1,0,0.43532255
1,0,0.43192425
0,0,0.45719218
0,0,0.40521803
0,0,0.45935658
1,0,0.42680663
0,0,0.4400212
0,0,0.4178282
0,0,0.4058266
0,0,0.41725507
0,0,0.40359735
0,0,0.43681258
0,0,0.43837073
0,0,0.44800046
0,0,0.47525272
1,0,0.40783957
1,0,0.42938966
1,0,0.47796583
1,0,0.39470765
1,0,0.40638235
1,0,0.43300444
1,0,0.4780032
0,0,0.44614398
1,0,0.45676512
1,0,0.43853366
1,0,0.44904867
0,0,0.44108364
0,0,0.4686569
0,1,0.5096495
0,0,0.45163506
1,0,0.4626765
1,0,0.46793255
1,0,0.47499374
1,1,0.51209384
1,0,0.47402382
0,0,0.48271534
0,0,0.40530318
0,0,0.43057987
0,0,0.42668143
1,0,0.3853519
1,0,0.40834418
1,0,0.40862346
1,0,0.4534091
1,0,0.46254542
1,0,0.43733132
1,0,0.42619342
1,0,0.43671787
0,0,0.41758153
0,0,0.4244835
0,0,0.423161
0,0,0.3919555
0,0,0.4234627
1,0,0.4131554
1,0,0.38996166
1,0,0.3861516
1,0,0.40693685
0,0,0.4135803
0,0,0.41956136
0,0,0.4263534
0,0,0.42434436
1,0,0.40213937
1,0,0.41701037
0,0,0.41235378
0,0,0.38028538
0,0,0.39149073
0,0,0.39682758
0,0,0.40709406
1,0,0.42483068
1,0,0.4325989
1,0,0.38097954
1,0,0.41739914
1,0,0.4410419
1,0,0.4245168
1,0,0.42226353
1,0,0.4211059
0,0,0.41456997
0,0,0.42061594
0,0,0.43629366
0,0,0.43328753
0,0,0.43873137
0,0,0.45456904
0,0,0.4405597
0,0,0.4107067
0,0,0.4279809
0,0,0.48545432
1,0,0.45972058
1,0,0.431897
1,0,0.41198924
1,0,0.46456754
1,0,0.40690237
1,0,0.40630946
0,0,0.4014813
0,0,0.42071527
0,0,0.43555555
0,0,0.40546426
0,0,0.41902536
0,0,0.45750073
0,0,0.4581478
0,0,0.41485956
0,0,0.4271704
0,0,0.40384325
0,0,0.4401314
0,0,0.4232398
0,0,0.44019687
0,0,0.43000764
0,0,0.40271056
0,0,0.3953865
0,0,0.45579392
1,0,0.43843892
0,0,0.40315795
1,0,0.43242395
1,1,0.50988454
1,0,0.47792742
1,0,0.38822818
1,0,0.39575148
1,0,0.39310804
1,0,0.38314348
1,0,0.40334383
1,0,0.40603667
1,0,0.44475293
1,0,0.46393257
0,0,0.46459612
1,0,0.4115259
1,0,0.4232557
0,0,0.4940576
0,0,0.47682822
0,0,0.4516013
0,0,0.41190216
1,0,0.48261037
0,0,0.46094546
0,0,0.42168626
0,0,0.39006034
0,0,0.40776062
0,0,0.40725833
1,0,0.41612214
1,0,0.3989002
1,0,0.45158002
1,0,0.4574859
0,0,0.4079678
0,0,0.44911185
0,0,0.4154425
0,0,0.4281932
0,0,0.4101448
0,0,0.39054322
0,0,0.44545978
0,0,0.45521256
0,0,0.45458466
0,0,0.42134026
0,0,0.46258953
0,0,0.4083927
0,0,0.46956953
0,0,0.46047425
1,0,0.43997595
1,0,0.42978945
1,0,0.4663114
1,0,0.44275564
1,0,0.41408882
1,0,0.45940447
1,0,0.4482555
1,0,0.4404404
0,0,0.45884228
0,0,0.45250946
0,0,0.43516716
0,0,0.45689023
0,0,0.4493295
0,0,0.40531856
0,0,0.4224611
1,0,0.47579443
0,0,0.45479113
1,1,0.50077105
0,0,0.48603815
0,0,0.4646345
1,0,0.42084858
1,1,0.51092744
1,0,0.4644118
1,0,0.44906983
1,0,0.42968324
1,0,0.4157651
1,0,0.39304534
0,0,0.33717227
0,1,0.5289649
0,0,0.4543581
0,0,0.4414199
0,0,0.4417043
0,0,0.48683065
0,1,0.55424243
0,0,0.41850525
0,0,0.3958181
0,0,0.41894948
0,0,0.40665713
0,1,0.56426316
0,0,0.4938176
0,1,0.50288785
0,0,0.47525036
0,1,0.5892937
0,0,0.43526188
0,1,0.5077937
0,0,0.45321137
0,1,0.50235254
0,0,0.47463244
0,0,0.47885135
0,0,0.48830077
1,1,0.59922934
1,1,0.53121287
1,1,0.6071991
1,0,0.49253905
1,0,0.4894102
1,1,0.55224884
1,1,0.5406139
1,1,0.59106433
1,1,0.56147057
1,1,0.5378502
1,1,0.5433147
1,1,0.58353156
1,1,0.55115813
1,1,0.56234217
1,1,0.56895065
1,1,0.5415934
1,1,0.5562526
1,1,0.5403371
0,1,0.5535062
0,1,0.5634927
0,1,0.5659493
0,1,0.5554385
1,1,0.56761074
1,1,0.56649613
1,1,0.52108216
1,1,0.5837323
1,1,0.5190619
1,1,0.5460357
0,0,0.38771456
0,0,0.44346684
0,0,0.3731844
0,0,0.3999504
0,0,0.41237742
1,0,0.44058537
1,1,0.50561553
1,0,0.48577577
1,0,0.41974437
1,0,0.38872623
0,0,0.398903
0,0,0.39185318
1,0,0.39252287
1,0,0.38247988
1,0,0.38655996
1,0,0.4104928
1,0,0.37413824
0,0,0.3714904
0,0,0.38868687
0,0,0.39250717
0,0,0.39399865
0,0,0.37654728
1,0,0.46018392
1,0,0.46646893
1,0,0.45805296
1,0,0.4297218
0,0,0.43854132
0,0,0.42430198
0,0,0.37089914
0,0,0.38938108
0,0,0.38493508
1,1,0.66728777
1,0,0.46098217
1,1,0.6934778
1,0,0.48781982
1,1,0.52552813
1,0,0.40788147
0,0,0.43507653
1,0,0.40211168
0,0,0.38130316
1,0,0.4116418
1,0,0.39665735
1,0,0.40469006
1,0,0.38783726
1,0,0.40447885
1,0,0.39196363
1,0,0.37760505
0,0,0.37666178
1,0,0.38020223
1,0,0.4070789
1,0,0.40497044
1,0,0.4131553
1,0,0.41880235
1,0,0.4655097
1,0,0.4043088
1,0,0.4068715
1,0,0.40765297
0,0,0.35112906
0,0,0.3860094
0,0,0.4132215
0,0,0.42504185
0,0,0.4285801
0,0,0.42277727
0,0,0.45763686
0,0,0.47668228
0,0,0.496822
0,0,0.47992647
1,1,0.54644483
1,0,0.47417173
1,0,0.480106
1,0,0.43864316
1,0,0.41943392
0,0,0.44541946
0,0,0.39395407
0,0,0.40639457
0,0,0.4012834
0,0,0.40968522
0,0,0.44117856
1,0,0.42747
1,0,0.4626372
1,0,0.4908492
1,0,0.4900871
1,0,0.4742161
1,0,0.44442362
1,0,0.40590554
1,0,0.43271163
1,0,0.42960218
1,0,0.4282784
0,0,0.44784662
0,0,0.4209917
1,0,0.44249526
1,0,0.4538204
1,0,0.42220268
0,0,0.46430686
1,0,0.48505926
0,0,0.44281268
1,0,0.3926914
1,0,0.42500606
1,0,0.4318582
1,0,0.38985157
1,1,0.50486934
1,0,0.47435868
1,0,0.39191183
0,0,0.42381784
1,0,0.39016375
0,0,0.39837804
1,0,0.3947624
1,0,0.42167023
1,0,0.4220172
1,0,0.3888465
1,0,0.42619476
1,0,0.46905753
1,0,0.40900934
1,0,0.38673183
1,0,0.41454458
0,0,0.41520214
0,0,0.4717974
0,0,0.3973921
0,0,0.39627114
0,0,0.388377
1,0,0.42947075
1,0,0.45848668
0,0,0.4613817
0,0,0.40137976
0,0,0.36301768
0,0,0.39798188
0,0,0.40297306
0,0,0.3914916
0,0,0.41396785
0,1,0.5801413
0,0,0.46073076
0,0,0.45952427
1,0,0.44635516
1,0,0.45052013
1,0,0.4316134
1,0,0.45539436
1,0,0.46428183
0,0,0.40151957
1,0,0.42557243
1,0,0.40989962
0,0,0.42221415
0,0,0.42048138
0,0,0.39716583
0,0,0.4285685
0,0,0.4356964
0,0,0.48177713
0,0,0.42027718
0,0,0.3963306
1,0,0.48680997
1,0,0.4800671
1,0,0.48088402
1,0,0.4480423
0,0,0.437941
0,0,0.4214164
0,0,0.4302464
0,0,0.40890956
0,0,0.42113423
1,0,0.42428404
1,0,0.3870169
1,0,0.42682442
1,0,0.4409542
1,0,0.48453617
1,0,0.40849364
1,0,0.39839196
1,0,0.42798087
1,0,0.40452126
1,0,0.42059487
0,0,0.43083197
1,0,0.4111329
1,0,0.42813966
1,0,0.46195003
1,0,0.41899234
1,0,0.4349475
1,0,0.4266251
1,0,0.401395
1,0,0.44849935
1,0,0.43371758
1,0,0.41950256
1,0,0.43917838
1,0,0.4493467
1,0,0.44650275
0,0,0.42636228
1,0,0.48340723
0,0,0.34376708
0,0,0.3660631
0,0,0.46555147
1,0,0.4903647
1,0,0.4280416
1,1,0.5142168
0,1,0.61067086
1,0,0.4304486
1,0,0.42167777
1,0,0.42349914
0,0,0.4232805
0,0,0.42681864
0,0,0.41912058
0,0,0.38561842
0,0,0.3905255
0,0,0.4023419
0,0,0.4859853
0,0,0.49543896
0,0,0.44333822
1,0,0.484501
0,0,0.4576767
1,0,0.44692358
0,0,0.41457358
1,0,0.45660758
0,0,0.39943573
0,0,0.40965688
0,0,0.39440012
0,0,0.41702986
0,0,0.40108234
0,0,0.3846688
0,0,0.4095249
0,0,0.40518376
0,0,0.3812228
0,0,0.3994703
0,0,0.4042585
0,1,0.6603706
0,0,0.4474219
0,0,0.48358858
0,0,0.48035926
1,1,0.55014026
1,0,0.40331367
1,0,0.46486837
1,0,0.42938492
1,0,0.44073027
0,0,0.42137954
0,0,0.41255257
1,0,0.40089777
1,0,0.4389733
1,0,0.46276543
1,0,0.44725645
1,0,0.442179
0,0,0.46058056
1,0,0.43478587
1,0,0.43298924
0,0,0.39853558
0,0,0.44493684
0,1,0.53731114
0,0,0.43442285
0,0,0.44481897
0,0,0.49125755
0,1,0.6065944
0,0,0.46368188
0,1,0.54082936
0,0,0.49014005
0,0,0.48648596
0,0,0.43663663
0,1,0.5705848
0,1,0.5198623
1,1,0.57060957
1,1,0.5539835
1,1,0.5862561
0,1,0.5233042
1,0,0.46785915
1,0,0.43814048
1,0,0.44046497
1,0,0.45454028
1,0,0.48369366
1,0,0.46449322
1,0,0.433258
1,0,0.43710536
1,0,0.46481508
1,0,0.42997107
1,0,0.43152404
1,0,0.45554778
1,0,0.43184215
1,0,0.4717651
0,0,0.41581488
0,0,0.4161081
0,0,0.42407256
0,0,0.37578106
0,0,0.43319178
1,1,0.5090951
1,0,0.4880263
1,0,0.44445905
1,0,0.46719003
1,0,0.4294047
1,0,0.43036675
0,0,0.4397785
1,0,0.43408102
1,0,0.42839903
1,0,0.41715872
1,0,0.45189425
1,0,0.4344675
0,0,0.41900778
0,0,0.4408692
0,0,0.44058898
0,0,0.4408018
1,0,0.4339926
1,0,0.4465684
1,0,0.49376202
1,0,0.46679118
0,0,0.4395827
0,0,0.4183396
0,0,0.41545886
0,0,0.3890371
0,0,0.42030835
0,0,0.43133897
0,1,0.5035975
0,1,0.5063686
0,0,0.466718
0,0,0.48518157
0,0,0.47032812
0,1,0.523827
0,0,0.45402837
0,1,0.5318439
0,0,0.45213524
0,0,0.4464956
1,1,0.7355906
1,1,0.5045104
1,1,0.5264884
0,1,0.56379193
0,1,0.5175512
1,0,0.47547647
1,0,0.46706265
1,0,0.4474022
1,0,0.45644587
1,0,0.44012564
0,1,0.5253354
0,1,0.5049759
0,1,0.5382518
1,1,0.51183283
1,1,0.5258947
1,1,0.55712396
1,1,0.5215965
1,1,0.54769576
1,1,0.5699333
1,1,0.51808006
0,1,0.5790378
1,1,0.5672777
0,1,0.58800685
1,1,0.5163159
1,1,0.55034345
0,1,0.5419493
0,1,0.51925415
1,1,0.5068755
1,1,0.50731725
1,1,0.5036861
1,1,0.5296627
1,1,0.51992214
1,1,0.5416502
0,0,0.44804057
0,0,0.47837347
0,0,0.4971178
1,1,0.5103698
1,0,0.4713089
1,0,0.4840472
0,0,0.4805388
1,0,0.47142744
1,0,0.4879778
1,0,0.47204298
1,0,0.45293587
1,0,0.47762385
1,0,0.4605596
1,0,0.47907516
1,0,0.44947714
0,0,0.42373314
1,0,0.4093424
1,0,0.4394278
1,0,0.4587779
1,0,0.47838792
1,0,0.43134058
1,0,0.4187391
0,0,0.48501375
0,0,0.44644415
0,0,0.42330244
1,0,0.4244521
0,0,0.4367704
1,0,0.47616062
1,0,0.46733025
1,0,0.42385888
1,0,0.41651794
1,0,0.41185883
1,0,0.42355824
1,0,0.43966088
0,0,0.45205742
0,0,0.45536166
0,0,0.4367821
1,0,0.42700836
1,0,0.4340578
1,0,0.43806434
1,0,0.40254548
1,0,0.43223172
1,0,0.4084711
0,0,0.45193666
1,0,0.42594367
1,0,0.4490899
1,0,0.43148088
1,0,0.4202242
1,0,0.4450838
1,0,0.43467093
1,0,0.42719075
1,0,0.4482395
1,0,0.42876223
1,0,0.4725922
1,0,0.42675617
1,0,0.4356671
1,0,0.43576384
1,0,0.43230826
1,0,0.41738248
1,0,0.42076397
0,0,0.4323857
1,0,0.4480959
0,0,0.44298628
0,0,0.45850262
0,0,0.4698008
0,1,0.57106274
0,0,0.43357468
0,0,0.4328056
1,0,0.4841831
0,0,0.48218855
1,0,0.4628978
1,1,0.55423665
0,1,0.58793277
1,0,0.40945333
1,0,0.4174849
1,0,0.40835539
1,0,0.4351104
1,0,0.42686355
1,0,0.41497228
1,0,0.43149704
1,0,0.41300222
1,0,0.4062728
1,0,0.42914474
1,0,0.37287292
0,0,0.4086124
0,0,0.43464714
0,0,0.41543877
1,0,0.41262206
1,0,0.41584325
1,0,0.45838583
1,0,0.44922256
1,0,0.4910833
0,0,0.44103727
1,0,0.44997332
1,0,0.42741373
0,0,0.4110807
0,0,0.41125095
1,0,0.44903824
0,0,0.41504094
1,0,0.4103055
1,0,0.42790183
1,0,0.4001251
1,0,0.41548023
1,0,0.4363764
1,0,0.3984203
1,0,0.42289084
1,0,0.41697532
1,0,0.44871026
0,0,0.41406757
1,0,0.41822177
1,0,0.42545903
1,0,0.4015282
0,0,0.4227632
0,0,0.42338264
0,0,0.40069184
0,0,0.39731526
0,0,0.38016173
0,0,0.44039592
0,0,0.42364928
0,0,0.43396887
0,0,0.4682857
1,0,0.451027
1,0,0.43547338
1,0,0.43853793
1,0,0.43214846
0,0,0.4669675
0,0,0.4769482
1,0,0.46346182
1,0,0.46117797
0,0,0.44254687
0,0,0.39264476
0,0,0.4467043
0,0,0.43961883
0,0,0.43344864
0,0,0.40288594
0,0,0.43776193
0,0,0.41756848
0,0,0.4205957
0,0,0.41986117
1,0,0.44957548
1,1,0.50022435
1,0,0.44824743
1,0,0.45373335
1,0,0.42225572
1,0,0.4909214
0,0,0.44370767
0,0,0.43657705
0,0,0.45699143
0,0,0.4402454
0,0,0.44389194
0,0,0.45460472
0,0,0.41132307
0,0,0.49249476
0,0,0.4882141
1,1,0.6682639
1,1,0.5090015
1,1,0.5165899
1,1,0.5181359
1,1,0.5960695
1,0,0.4144933
0,0,0.37060347
0,0,0.27729324
1,0,0.35670316
0,0,0.34234616
0,0,0.35047254
0,0,0.4823534
0,0,0.46227944
0,0,0.45133442
0,0,0.48529547
1,0,0.4679304
0,1,0.5140801
0,0,0.47324616
0,0,0.48751438
0,0,0.48241454
0,0,0.43668222
0,0,0.46879384
0,1,0.5190684
0,0,0.4907669
0,0,0.49925414
0,1,0.5920088
0,0,0.4775864
0,1,0.5797123
0,1,0.54554766
0,0,0.49059296
0,0,0.47993895
0,1,0.6243374
0,1,0.54254353
0,1,0.64584666
0,1,0.5624324
1,1,0.60212445
1,1,0.6397168
1,1,0.61984724
1,1,0.6380628
1,1,0.62486863
0,1,0.6088014
0,1,0.5200515
0,1,0.5145373
0,1,0.50811434
0,1,0.5221303
0,1,0.5070999
1,1,0.5420146
1,1,0.5928277
1,1,0.5347534
1,1,0.590343
1,1,0.5945118
1,1,0.51337016
1,1,0.52950925
1,1,0.50928426
1,0,0.48352078
1,1,0.5000522
0,0,0.45225552
1,1,0.5117866
1,1,0.5163839
1,0,0.46526352
1,0,0.4365632
1,0,0.48963767
1,0,0.48532772
1,0,0.4815869
1,0,0.47786617
1,0,0.4842274
1,0,0.46838915
0,0,0.4151134
0,0,0.38259253
0,0,0.429262
0,0,0.4641388
0,0,0.45727548
1,1,0.51344204
1,0,0.4818736
1,0,0.40065584
0,0,0.40171233
1,0,0.47650367
0,0,0.42103988
0,0,0.4566881
0,0,0.45598713
0,0,0.4584501
0,0,0.42231897
0,1,0.5073097
0,1,0.5132511
0,0,0.44226173
0,1,0.5000595
0,1,0.50120693
0,1,0.52410454
0,1,0.5047205
0,0,0.49685153
0,0,0.48724133
0,1,0.5229373
1,1,0.6954795
1,1,0.6303291
1,1,0.7572827
0,1,0.65237397
1,1,0.59323305
1,1,0.5303162
0,1,0.5119271
1,1,0.5196776
0,1,0.5102373
0,1,0.5312533
0,1,0.5126896
0,0,0.49819574
0,1,0.50769335
1,1,0.52216154
1,1,0.53927153
1,1,0.57680064
1,1,0.53109103
1,1,0.64143234
1,1,0.5451612
1,1,0.5229932
0,1,0.53564924
0,1,0.524934
0,1,0.51250315
0,0,0.49692202
1,1,0.5128128
1,0,0.48681313
1,0,0.49104914
1,1,0.51652014
1,1,0.532678
0,0,0.4655654
0,0,0.45408782
0,0,0.48699695
0,0,0.4907197
0,1,0.5048951
0,1,0.55945855
0,0,0.49210876
1,1,0.62768453
1,1,0.52977175
1,1,0.5702779
1,1,0.5144002
1,1,0.5342716
0,1,0.5111715
1,0,0.4940894
1,0,0.4985392
1,1,0.5025115
1,0,0.4951882
1,0,0.4925247
1,1,0.50032973
1,1,0.51053846
1,1,0.5057275
1,0,0.48939922
1,0,0.46175912
0,0,0.42037806
0,0,0.3358006
0,0,0.43948272
0,0,0.45941278
0,0,0.4156625
0,0,0.4590501
0,0,0.4314579
0,0,0.423196
1,0,0.45420575
1,0,0.41669935
0,0,0.40805784
0,0,0.47654584
1,0,0.47992295
1,0,0.41537985
1,0,0.46111006
1,0,0.4749436
1,0,0.43810764
1,0,0.44651398
1,0,0.46126634
1,0,0.4453228
1,0,0.4503719
1,0,0.44111407
0,0,0.45801374
0,0,0.44574666
0,0,0.46420532
0,0,0.45048338
1,0,0.44298527
1,0,0.47750944
1,0,0.45353281
1,0,0.46806142
1,0,0.45247424
1,0,0.460124
0,0,0.45136058
1,0,0.48155484
1,0,0.4692019
1,0,0.46441123
1,0,0.4575318
1,0,0.4958537
1,0,0.4860284
1,0,0.46527818
0,0,0.46820694
0,0,0.45217988
0,0,0.4578181
1,0,0.48035848
1,0,0.47732332
1,0,0.48073485
1,1,0.54726154
1,0,0.48162362
1,0,0.44096586
1,0,0.43716952
1,0,0.43688783
1,0,0.4319459
1,0,0.43298277
1,0,0.41541213
1,0,0.43005544
1,0,0.43117297
1,0,0.45552552
1,0,0.45560202
0,0,0.3377541
1,0,0.38425204
1,0,0.3916
0,0,0.32993156
0,0,0.39471453
0,0,0.469888
0,0,0.42106217
0,0,0.4259037
0,0,0.48512253
0,1,0.529421
1,1,0.57642376
0,1,0.5247413
0,0,0.48787054
0,1,0.501917
0,1,0.57808137
0,0,0.44574732
0,1,0.53610057
0,0,0.46965823
0,0,0.482026
1,1,0.55890065
1,1,0.50490344
1,0,0.47409305
1,0,0.46832973
1,0,0.4653587
1,0,0.45815578
1,0,0.4629253
0,0,0.44002673
1,0,0.45412078
1,0,0.46227562
1,0,0.4455485
1,0,0.4388246
1,1,0.5256728
1,0,0.46417195
1,0,0.46561596
1,0,0.46087936
1,0,0.45637107
1,0,0.46116287
1,0,0.4610554
0,0,0.45634288
0,0,0.46262413
0,0,0.45819077
0,0,0.44845983
0,0,0.45687655
0,1,0.57652825
1,1,0.62739974
0,0,0.46766895
0,0,0.48808026
0,0,0.48453733
0,1,0.53033507
0,0,0.48260316
0,0,0.47571868
0,0,0.45724323
0,0,0.49570936
0,0,0.47940665
0,0,0.49652234
0,1,0.527248
0,0,0.461351
0,0,0.45784825
0,1,0.5320004
0,0,0.47415328
0,1,0.5019153
1,1,0.5375404
1,1,0.52923197
1,1,0.5097749
1,1,0.5197942
1,1,0.514835
1,1,0.50912076
1,0,0.49703744
0,0,0.48402718
0,0,0.4517497
0,0,0.47054034
0,0,0.4712545
0,0,0.47088262
1,0,0.41714782
1,0,0.42403057
1,0,0.42486003
1,0,0.4131297
0,0,0.43424422
0,0,0.4385488
0,0,0.42703635
1,0,0.4256647
1,0,0.45757884
1,0,0.41801718
1,0,0.4255776
1,0,0.439087
1,0,0.39721084
1,0,0.4436474
1,0,0.4152067
1,0,0.43106678
0,0,0.41778582
1,0,0.43890643
0,0,0.43162778
0,0,0.43150222
0,0,0.44449532
1,0,0.41352558
1,0,0.44147646
1,0,0.4297474
1,0,0.44161427
1,0,0.427761
1,0,0.45857003
1,0,0.4186546
1,0,0.4237532
1,0,0.46257597
1,0,0.45565087
0,0,0.45350626
0,0,0.45190224
0,0,0.45447162
0,0,0.4347453
0,0,0.4614541
0,0,0.4651733
0,0,0.44437966
0,0,0.4417246
0,0,0.39656523
0,0,0.41550517
1,0,0.41450337
1,0,0.4485381
1,0,0.4481189
1,0,0.449767
0,0,0.47039485
0,0,0.44184944
0,0,0.4302122
1,0,0.44142494
0,0,0.41205826
1,0,0.44456843
0,0,0.49890876
0,0,0.46438032
0,0,0.44693592
0,0,0.43866983
0,0,0.41073096
0,0,0.4300722
1,0,0.43021697
1,0,0.40173286
0,0,0.40830225
0,0,0.4197487
0,0,0.4415569
0,0,0.439365
0,0,0.42076895
0,0,0.41272655
0,0,0.42888692
0,0,0.41374546
1,0,0.4322228
1,0,0.375194
1,0,0.4483306
0,0,0.4206004
0,0,0.4468365
0,0,0.43563288
0,0,0.43622088
0,0,0.42666668
0,0,0.426579
1,0,0.43002677
1,0,0.41740647
1,0,0.41695037
1,0,0.42927492
1,0,0.42611998
0,0,0.44561747
0,0,0.42915606
1,0,0.41972366
0,0,0.4109982
1,0,0.41875446
1,0,0.43855077
1,0,0.42323494
1,0,0.4344826
1,0,0.4239842
1,0,0.43007174
0,0,0.41475287
0,0,0.44439387
0,0,0.43048915
0,0,0.4315158
0,0,0.44242826
1,0,0.47333407
1,0,0.45152906
1,0,0.43660846
1,0,0.4191653
1,0,0.428434
1,0,0.4317926
1,0,0.4315758
0,0,0.4181159
1,0,0.43267092
1,0,0.42344368
1,0,0.45838857
0,0,0.431915
0,0,0.4053019
0,0,0.4214034
0,0,0.43161604
0,0,0.45241204
0,0,0.432294
1,0,0.4427794
1,0,0.41863838
1,0,0.40142044
1,0,0.38505796
1,0,0.46205145
1,0,0.43899664
0,0,0.4389966
0,0,0.44507936
0,0,0.4530674
0,0,0.4503216
0,0,0.44910926
0,0,0.4259518
0,0,0.42578334
0,0,0.41505858
1,0,0.43284318
1,0,0.433482
1,0,0.43209025
1,0,0.43366402
1,0,0.44682336
1,0,0.4267356
1,0,0.43079343
1,0,0.4427223
1,0,0.43826163
1,0,0.44321424
1,0,0.42537066
1,0,0.44814962
1,0,0.44035068
1,0,0.44102362
1,0,0.43759078
1,0,0.40848854
1,0,0.43737334
1,0,0.41184738
1,0,0.44386536
0,0,0.4285474
0,0,0.43293348
0,0,0.43805704
0,0,0.43067294
1,0,0.43152928
1,0,0.4531603
1,0,0.42592952
1,0,0.43099183
1,0,0.43776956
1,0,0.42159715
0,0,0.40780842
1,0,0.4056099
1,0,0.4207659
0,0,0.41824234
0,0,0.4410633
0,0,0.4249172
0,0,0.43988705
0,0,0.4174477
0,0,0.41113073
0,0,0.41861132
0,0,0.4006243
0,0,0.42027757
0,0,0.41481426
0,0,0.42072564
0,0,0.43013495
0,0,0.44783512
0,0,0.4575614
1,0,0.42749757
1,0,0.45114255
1,0,0.4406274
1,0,0.4447052
1,0,0.44476613
0,0,0.44056326
0,0,0.45392454
0,0,0.46694735
0,0,0.48393708
0,0,0.42608315
0,0,0.4774063
0,0,0.4679623
0,0,0.4652021
1,0,0.46814668
1,0,0.4342295
1,0,0.40232867
0,0,0.44385028
0,0,0.44367436
0,0,0.42717814
0,0,0.44372413
0,0,0.44056275
0,0,0.41669148
0,0,0.43949878
0,0,0.482328
0,0,0.4552679
0,0,0.4476477
0,0,0.4397846
0,0,0.4381801
0,0,0.43457314
0,0,0.45807558
0,0,0.43637484
0,0,0.46789852
0,0,0.45142302
0,0,0.43132347
0,0,0.46119472
0,0,0.46294653
0,0,0.4839397
0,0,0.4768359
0,0,0.45757684
0,0,0.4568408
0,0,0.43879136
0,0,0.46740025
0,0,0.44703314
0,0,0.45623532
1,0,0.45346367
1,0,0.45467362
1,0,0.4215491
1,0,0.45114625
1,0,0.38399437
1,0,0.36377785
1,0,0.35690293
1,0,0.43639773
1,0,0.4526081
1,0,0.4385274
1,0,0.44117007
0,0,0.44064164
0,0,0.46843073
0,0,0.47217032
0,0,0.47146946
1,0,0.46417296
1,0,0.46522626
1,0,0.47478217
1,0,0.46018568
1,0,0.4792592
1,0,0.46310756
1,0,0.4665094
1,0,0.46607485
1,0,0.45113865
0,0,0.42198437
0,0,0.42129079
0,0,0.42129079
1,0,0.4298032
0,0,0.4318061
0,0,0.42397088
1,0,0.4240295
1,0,0.42767015
0,0,0.4548699
0,0,0.43336588
1,0,0.4471884
0,0,0.46786937
0,0,0.4594535
0,0,0.4286971
0,0,0.4278496
0,0,0.45860028
0,0,0.43162537
0,0,0.4229929
0,0,0.43624794
0,0,0.42494673
0,0,0.4447882
0,0,0.42294404
0,0,0.42460033
1,0,0.42492706
1,0,0.4190947
0,0,0.42342407
1,0,0.42116654
1,0,0.41494912
0,0,0.42642397
0,0,0.44234657
1,0,0.4233785
1,0,0.41199878
1,0,0.45192352
0,0,0.4286336
0,0,0.42809814
0,0,0.42877626
0,0,0.43386823
0,0,0.44186857
1,0,0.4752118
1,0,0.45851454
1,0,0.4576349
1,0,0.47158358
0,1,0.5079513
1,0,0.45184785
0,0,0.4333411
1,0,0.4563706
1,0,0.45692268
1,0,0.4677551
1,0,0.4472522
1,0,0.45555204
1,0,0.43698195
1,0,0.45186588
1,0,0.45097375
1,0,0.4090319
1,0,0.41788915
1,0,0.41882595
1,0,0.48987153
1,0,0.45559132
1,0,0.43662995
1,0,0.4325183
0,0,0.4527976
1,0,0.4234367
0,0,0.4330122
1,0,0.41862354
1,0,0.4132413
1,0,0.4176227
0,0,0.4328227
1,0,0.45659217
0,0,0.4323965
0,0,0.418794
0,0,0.42789143
0,0,0.4220801
0,0,0.4134521
0,0,0.4760478
0,0,0.49891707
0,0,0.46416897
0,0,0.42048368
0,0,0.47083706
0,0,0.46709898
1,0,0.4774626
1,0,0.46085784
1,0,0.4706987
1,0,0.48586935
0,0,0.49054316
0,0,0.4565538
1,0,0.45356685
1,0,0.4733711
1,0,0.4227505
1,0,0.41004777
1,0,0.49533165
1,0,0.43783098
0,0,0.46985957
1,0,0.43732387
1,0,0.43150458
0,0,0.41816813
1,0,0.4333951
0,0,0.4325341
0,0,0.4468979
0,0,0.42160907
0,0,0.42374253
0,0,0.4365617
0,0,0.43385333
0,0,0.43232897
0,0,0.43011582
0,0,0.4325341
0,0,0.43689775
1,0,0.42518675
0,0,0.4442262
0,0,0.43249148
0,0,0.43964538
1,0,0.44633788
0,0,0.44928065
1,0,0.4400566
0,0,0.4515467
1,0,0.43998584
1,0,0.45236805
1,0,0.44380477
1,0,0.44935915
1,0,0.45326337
1,0,0.46784925
1,0,0.4635353
1,0,0.4732796
1,0,0.48925033
1,0,0.4804714
1,0,0.44215617
1,0,0.43890727
1,0,0.44481134
1,0,0.43479836
1,0,0.44131178
0,0,0.42472115
0,0,0.42710105
0,0,0.4329841
0,0,0.42782474
0,0,0.4189178
1,1,0.57108545
1,0,0.47060898
0,0,0.4725579
0,0,0.4304083
1,0,0.43443686
0,0,0.42601922
1,0,0.41433465
1,0,0.41732213
1,0,0.42257997
1,0,0.42292103
1,0,0.42192292
1,0,0.41547385
1,0,0.42806512
1,0,0.42276925
1,0,0.43345332
1,0,0.42153016
1,0,0.41758063
1,0,0.45197865
1,0,0.4340509
1,0,0.43016428
0,0,0.43049303
0,0,0.43237358
1,0,0.41210073
1,0,0.4462432
1,0,0.41392183
1,0,0.4239379
1,0,0.4184314
0,0,0.4326921
0,0,0.41925842
0,0,0.4450935
0,0,0.43372342
1,0,0.4282475
1,0,0.42050415
1,0,0.41534972
0,0,0.4231383
1,0,0.4458017
0,0,0.47159478
0,0,0.4460458
0,0,0.47638562
0,0,0.4518729
0,0,0.44475913
0,0,0.41927174
0,0,0.43485588
0,0,0.43213883
0,0,0.4354978
0,0,0.44144797
1,0,0.43893582
1,0,0.43076313
1,0,0.42263064
1,0,0.43517193
0,0,0.43993774
0,0,0.4388975
0,0,0.43673307
0,0,0.43326995
0,0,0.4163215
1,0,0.45267153
1,0,0.44038072
1,0,0.49386644
1,0,0.47771436
1,0,0.44924876
1,0,0.45018825
1,0,0.44024426
0,0,0.4503287
0,0,0.43843874
0,0,0.4363066
0,0,0.43588877
1,0,0.42570382
1,0,0.42866302
1,0,0.42570382
1,0,0.4334782
1,0,0.4052683
0,0,0.43716878
0,0,0.42829806
0,0,0.44868657
0,0,0.45002103
0,0,0.43255347
0,0,0.4351358
0,0,0.4277378
0,0,0.4421818
1,0,0.45006898
1,0,0.44622618
1,0,0.4421818
0,0,0.42053586
0,0,0.4122369
0,0,0.44082528
0,0,0.4441265
0,0,0.44080338
0,0,0.43426597
0,0,0.4354699
1,0,0.42844462
1,0,0.4311445
1,0,0.44102585
1,0,0.42509353
0,0,0.4134307
0,0,0.4407351
0,0,0.42056018
0,0,0.4407351
0,0,0.450626
0,0,0.4231785
0,0,0.4510665
0,0,0.47914883
0,0,0.46938583
0,0,0.41917595
0,0,0.4432078
0,0,0.38692462
0,0,0.42625326
0,0,0.44846615
0,0,0.4502971
0,0,0.45714784
0,0,0.4547292
0,0,0.44675738
0,0,0.44162163
0,0,0.44811466
0,0,0.4513202
0,0,0.44831422
0,0,0.418991
0,0,0.44062144
0,0,0.44484502
0,0,0.46113038
1,0,0.44735473
1,0,0.46021092
1,0,0.46699324
1,0,0.4758685
1,0,0.4703602
1,1,0.51272774
1,0,0.47747308
1,0,0.4784885
1,0,0.47707537
1,0,0.4962477
1,0,0.45155585
1,0,0.46049544
1,0,0.48219442
0,0,0.4658912
0,0,0.47445366
0,0,0.45296752
0,0,0.45843327
0,0,0.47416568
0,0,0.46806434
1,0,0.46093598
1,0,0.44621992
1,0,0.45575172
1,0,0.46723822
1,0,0.4590363
0,0,0.46449414
1,0,0.46188828
0,0,0.4688038
0,0,0.4803881
0,0,0.4803881
0,0,0.45778626
0,0,0.46255872
0,0,0.44027933
0,0,0.45088568
0,0,0.46106228
0,0,0.46474376
0,0,0.48760432
1,0,0.46897677
1,0,0.46369398
1,0,0.4608004
1,0,0.4575483
1,0,0.45676938
1,0,0.45895216
0,0,0.45999384
0,0,0.46447206
0,0,0.45865452
0,0,0.46839157
0,0,0.470502
0,0,0.46689817
0,0,0.46756387
0,0,0.4498016
1,0,0.45230794
1,0,0.46000192
1,0,0.46588087
1,0,0.47810867
1,0,0.47293228
0,0,0.47445816
0,0,0.49784225
0,1,0.5042787
0,0,0.48421228
0,0,0.49041858
0,0,0.47246614
0,0,0.48190826
0,0,0.4744317
0,0,0.47414288
0,0,0.45620012
0,0,0.46182042
0,1,0.5018377
0,1,0.5543514
1,1,0.5936402
1,1,0.5218719
1,0,0.47491878
1,0,0.4944251
1,1,0.5816893
1,0,0.46119705
1,0,0.45146412
0,0,0.45199415
1,0,0.46769503
1,0,0.4833977
0,0,0.4559699
0,0,0.46168202
1,0,0.48128176
0,0,0.47384748
0,0,0.46673658
0,0,0.4680993
0,1,0.54344946
0,0,0.44944084
0,0,0.46566248
0,1,0.5055066
0,0,0.48759001
0,1,0.547402
0,1,0.5286886
0,1,0.5195142
0,1,0.50602025
0,1,0.5587394
0,1,0.51082915
0,1,0.5444347
0,0,0.49397346
0,1,0.52631515
0,0,0.49644282
0,1,0.6176984
0,1,0.5514758
1,1,0.58116007
1,1,0.531263
1,1,0.66065127
1,1,0.5067271
1,1,0.5140591
0,0,0.4849385
0,0,0.40019286
0,0,0.48449564
0,0,0.4640354
0,0,0.49034467
0,0,0.49596798
0,0,0.47817606
0,1,0.5194813
0,1,0.5077861
0,1,0.5712951
1,1,0.56919193
1,1,0.5744096
1,1,0.5229522
1,1,0.5092445
1,1,0.52364385
0,0,0.4780809
0,0,0.47443023
0,0,0.45747623
1,0,0.4655801
1,0,0.4789162
0,0,0.47848
1,1,0.5050043
1,1,0.5037057
0,0,0.48564342
0,0,0.46440557
0,0,0.46427152
1,0,0.4676117
1,0,0.48045358
1,1,0.5019279
1,1,0.5629802
1,1,0.50855285
1,1,0.55901986
0,0,0.47175798
0,0,0.4685456
0,0,0.450883
0,0,0.45239577
0,0,0.4560408
0,0,0.46465313
0,1,0.502294
0,1,0.5267267
0,0,0.43205488
0,0,0.45482245
0,0,0.4562583
0,0,0.47171226
1,0,0.49602264
0,0,0.48423153
1,0,0.45563507
1,0,0.4881241
1,0,0.48888946
0,0,0.48712024
0,0,0.49817002
0,0,0.49581426
0,0,0.48471648
0,0,0.4818836
1,1,0.5182128
1,1,0.53504044
1,1,0.5867805
1,1,0.58474433
1,1,0.5597004
1,0,0.4842309
0,0,0.42618448
1,0,0.4516725
1,0,0.48250267
0,0,0.3367247
0,0,0.4539855
0,0,0.48088038
0,0,0.44323787
1,0,0.44530502
1,0,0.45459497
1,1,0.5206122
1,1,0.63306576
1,1,0.50058
1,0,0.478318
0,0,0.40413588
1,0,0.44181746
1,0,0.45576355
1,0,0.45131984
1,0,0.43301067
1,0,0.4639148
1,0,0.46854863
0,0,0.43593273
0,0,0.4358184
0,0,0.40498933
0,0,0.4336935
0,0,0.47595948
1,0,0.4757461
1,0,0.47229844
1,0,0.46923554
1,0,0.4972056
1,0,0.48863238
1,0,0.43183702
0,0,0.46108663
0,0,0.4518978
1,0,0.4553426
0,0,0.46628278
0,0,0.46728757
1,0,0.46050525
0,0,0.4761999
0,0,0.47100353
0,1,0.5144738
0,0,0.48649314
0,0,0.47184035
1,1,0.5076664
1,1,0.5376775
1,0,0.4437405
1,1,0.5054878
1,1,0.5385978
0,0,0.46484986
0,0,0.46038136
0,0,0.46189773
0,0,0.44245037
1,0,0.44723186
1,0,0.4510629
1,0,0.45917866
1,1,0.51956284
1,1,0.50359714
0,0,0.47173995
0,0,0.47227484
0,0,0.4578201
0,0,0.47155306
1,0,0.4358666
1,0,0.46166438
1,0,0.46157816
1,0,0.46130636
1,0,0.48287252
1,0,0.43255013
1,0,0.46479422
0,0,0.45050448
0,0,0.47475755
1,0,0.443109
0,0,0.45928702
0,0,0.42881647
0,0,0.4662755
1,0,0.47741428
0,0,0.47371233
1,0,0.45718542
1,0,0.42713812
1,0,0.432535
1,0,0.4817232
1,0,0.47146198
1,0,0.3919607
0,0,0.37796915
0,0,0.3387457
0,0,0.34283563
1,0,0.3892484
0,0,0.38726288
0,0,0.4322228
0,0,0.46093386
0,0,0.49193352
1,0,0.45774475
0,0,0.43782207
0,0,0.46624634
0,1,0.51221216
0,0,0.46937
0,0,0.44228768
0,0,0.413561
0,1,0.5089316
1,0,0.44184792
1,0,0.4726994
1,0,0.44056046
1,0,0.48809242
1,0,0.43484673
1,0,0.45055375
1,0,0.40898103
0,0,0.43191525
0,0,0.46328557
0,0,0.39650345
0,0,0.41760215
0,0,0.41552493
0,0,0.42615044
0,0,0.40868947
0,0,0.47799578
0,0,0.4887581
0,0,0.45728758
0,0,0.4811897
0,0,0.48471788
0,0,0.4432075
0,0,0.45315427
0,0,0.47057262
0,0,0.46729434
1,0,0.46319377
1,0,0.47561845
1,0,0.47186986
1,0,0.4995368
1,1,0.5211123
1,0,0.4944118
1,0,0.4839139
1,0,0.44288573
1,0,0.4411587
1,0,0.41316947
1,0,0.41635966
0,0,0.39750278
1,0,0.3824268
1,0,0.4169471
1,0,0.4024072
1,0,0.42890614
1,0,0.46083266
0,0,0.4364702
0,0,0.42845222
1,0,0.43254465
1,0,0.4201813
0,0,0.4305026
0,0,0.44699422
0,0,0.42544904
0,0,0.42610258
0,0,0.4130429
0,0,0.45211974
0,1,0.5124242
1,1,0.5684914
1,0,0.4910922
1,0,0.48729607
1,0,0.4103713
1,0,0.41733858
1,0,0.4172938
0,0,0.42297283
0,0,0.394376
1,0,0.42055792
1,0,0.40156913
1,0,0.4205446
1,0,0.39834046
1,0,0.4255313
0,0,0.40550762
0,0,0.41720834
0,0,0.41951194
0,0,0.40029716
1,0,0.40345845
1,0,0.42528048
1,0,0.4045236
1,0,0.46176127
1,0,0.42069104
1,0,0.41965047
0,0,0.3570571
0,0,0.40547156
0,0,0.41277307
0,0,0.41119796
0,0,0.40742815
0,0,0.44304577
1,0,0.40122294
1,0,0.40400797
1,0,0.4044304
0,0,0.4025491
0,0,0.42151776
0,0,0.4085548
0,0,0.40132332
0,0,0.40765527
0,0,0.47874936
1,0,0.41829586
1,0,0.41947126
1,0,0.40748718
1,0,0.40564293
1,0,0.4118128
1,0,0.40247756
1,0,0.4254282
1,0,0.41266954
1,0,0.402685
1,0,0.42693245
1,0,0.4112554
0,0,0.4291354
0,0,0.4045613
0,0,0.39920515
0,0,0.4194291
0,0,0.39967617
1,0,0.36740503
0,0,0.45075062
0,0,0.414684
0,0,0.4144389
1,0,0.42943442
0,0,0.3990813
0,0,0.401895
0,0,0.38958472
0,0,0.38641435
0,0,0.37174
0,0,0.42840943
0,0,0.4744575
0,0,0.42593876
0,0,0.45217305
0,0,0.45330694
1,0,0.461789
1,0,0.42225176
1,0,0.4421831
1,0,0.43345538
1,0,0.42698988
1,0,0.41879216
0,0,0.4307421
0,0,0.42160937
0,0,0.41213772
0,0,0.404282
0,0,0.4008148
0,0,0.43488845
0,0,0.41519016
0,0,0.42572907
1,0,0.44012657
1,0,0.41514173
0,0,0.41901705
0,0,0.4269685
0,0,0.3835962
0,0,0.44478378
0,0,0.41213357
0,1,0.500081
0,0,0.43764976
0,0,0.4224808
0,0,0.42359903
0,0,0.42971706
0,0,0.42167974
1,0,0.39573103
1,0,0.41393787
1,0,0.3879237
0,0,0.4292963
1,0,0.41263407
0,0,0.3986552
1,0,0.4075663
1,0,0.3855789
1,0,0.4092481
1,0,0.39615095
1,0,0.3902778
0,0,0.4319361
0,0,0.4122364
1,0,0.4037383
0,0,0.38377368
0,0,0.41670966
0,0,0.39236626
0,0,0.42787176
1,0,0.41890445
1,0,0.42860752
1,0,0.40162918
1,0,0.37869146
1,0,0.3961316
1,0,0.4256704
0,0,0.40803224
0,0,0.40344775
0,0,0.4120195
0,0,0.4118317
0,0,0.40346435
1,0,0.39845338
1,0,0.4224334
1,0,0.42888886
0,0,0.41887397
0,0,0.44044158
1,0,0.42034295
0,0,0.4199586
1,0,0.41063154
0,0,0.3986108
0,0,0.3917741
0,0,0.4118978
0,0,0.40490913
0,0,0.4053662
1,0,0.42193663
1,0,0.37484732
1,0,0.41039097
0,0,0.43750414
0,0,0.39475507
0,0,0.40879703
0,0,0.41699597
0,0,0.4033205
0,0,0.38508964
0,0,0.383203
0,0,0.41541886
1,0,0.40555066
0,0,0.4078235
1,0,0.38704607
1,0,0.3799039
1,0,0.40231195
1,0,0.4053662
1,0,0.38444692
1,0,0.47206265
1,0,0.41089907
1,0,0.43008718
1,0,0.42973584
0,0,0.43596318
0,0,0.41252548
0,0,0.4261424
0,0,0.4089047
0,0,0.3987988
0,0,0.41683593
0,0,0.42025262
0,0,0.43464974
0,0,0.41099763
0,0,0.42053583
0,0,0.44807187
0,0,0.40945756
1,0,0.45391104
1,0,0.40009513
1,0,0.43276206
0,0,0.3959118
1,0,0.39039427
1,0,0.3973989
0,0,0.4238851
1,0,0.42984137
1,0,0.37546954
1,0,0.42497107
1,0,0.40470123
1,0,0.38073534
0,0,0.4279147
0,0,0.40938485
1,0,0.4102795
1,0,0.4133856
1,0,0.4133856
1,0,0.4020491
1,0,0.4015938
1,0,0.39494684
1,0,0.4023702
1,0,0.41409796
1,0,0.44695687
0,0,0.39882934
1,0,0.41958213
1,0,0.39818087
1,0,0.4055478
0,0,0.44187742
0,0,0.3860889
0,0,0.38706067
0,0,0.38465378
0,0,0.38598418
0,0,0.3854599
0,0,0.4047911
0,0,0.36937863
0,0,0.37236118
0,0,0.3780034
0,0,0.36836305
0,0,0.36413366
0,0,0.33694625
0,0,0.4114828
0,0,0.37183896
0,0,0.4012371
0,0,0.37011823
0,0,0.37631133
1,0,0.43102047
0,0,0.38637346
0,0,0.36885986
0,0,0.37587667
0,0,0.40571597
0,0,0.4242851
1,0,0.4071508
1,0,0.4086381
1,0,0.4072698
1,0,0.37646362
1,0,0.3977755
0,0,0.46404514
1,0,0.44410655
1,0,0.4635947
0,0,0.45204705
0,0,0.4601722
0,0,0.40315595
0,0,0.41761452
0,0,0.39730835
0,0,0.40885955
0,0,0.4282978
0,0,0.38701165
0,0,0.38820058
0,0,0.37375405
0,0,0.40588123
0,0,0.37879065
0,0,0.40926686
1,0,0.374353
1,0,0.38524875
1,0,0.35991228
1,0,0.36943024
0,0,0.3922626
0,0,0.3785145
0,0,0.37882516
0,0,0.37958238
0,0,0.36619738
0,0,0.39854428
1,0,0.43675134
1,0,0.40567398
1,0,0.38527063
1,0,0.3892449
1,0,0.36348507
1,0,0.3959526
0,0,0.42092404
0,0,0.4048191
0,0,0.4126102
0,0,0.4084214
0,0,0.3974949
0,0,0.42038998
1,0,0.41015947
1,0,0.4305642
1,0,0.3973086
1,0,0.3805187
0,0,0.38766226
0,0,0.39949915
0,0,0.40905058
0,0,0.40230292
0,0,0.39425567
0,0,0.38322955
0,0,0.4037177
0,0,0.39818507
0,0,0.40904137
1,0,0.45899397
1,0,0.42122075
0,0,0.4007365
0,0,0.40607598
0,0,0.39795172
0,0,0.41902128
0,0,0.39920288
0,0,0.3960356
0,0,0.41644815
0,0,0.39012703
0,0,0.36418158
0,0,0.43991494
1,0,0.4541836
1,0,0.4194324
1,0,0.44394523
1,0,0.44800305
1,0,0.32019955
1,0,0.47976047
1,0,0.40396705
0,0,0.48317468
0,0,0.43757972
0,0,0.42871693
0,0,0.40687695
0,0,0.42199045
0,0,0.41655326
0,0,0.4433039
0,0,0.44687885
0,0,0.45007667
0,0,0.40895638
0,0,0.3436585
1,0,0.44143087
1,0,0.4966991
1,0,0.44560984
1,0,0.44977018
1,0,0.44982275
0,0,0.4973781
0,0,0.41911015
0,0,0.4128569
0,0,0.48459098
0,0,0.46345583
0,0,0.4727848
1,0,0.47018784
0,1,0.5111816
1,1,0.5265347
1,1,0.53364694
1,1,0.5114881
0,1,0.50113493
0,1,0.5095235
0,0,0.44881523
0,0,0.41177106
0,0,0.40494946
0,0,0.42048076
0,0,0.4313887
0,0,0.4404315
0,0,0.4437593
0,1,0.50498533
0,0,0.47999403
0,1,0.5145119
0,1,0.5077028
0,1,0.50648683
0,1,0.5166598
0,1,0.531837
0,0,0.4962238
0,1,0.5505998
0,1,0.5406049
0,1,0.5561833
0,1,0.55028456
0,1,0.6084307
1,1,0.5410281
1,0,0.4818435
1,1,0.52968967
1,1,0.51199174
0,1,0.55613416
0,0,0.47630805
0,1,0.50382894
0,0,0.49958605
0,0,0.49469137
0,0,0.48978257
1,0,0.47072613
1,1,0.52968514
1,0,0.49579
1,1,0.54326224
1,1,0.51656973
1,1,0.5045719
1,1,0.5221109
0,1,0.51396966
0,0,0.48621213
0,1,0.501455
1,1,0.5026603
1,0,0.4979608
1,0,0.4741104
1,0,0.49503356
1,0,0.46195218
1,0,0.45861778
0,0,0.47552878
1,0,0.46357805
0,0,0.46108723
0,0,0.44950902
0,0,0.41105524
0,0,0.43982172
0,0,0.44710514
0,0,0.43702576
0,0,0.4331809
0,0,0.4629721
1,0,0.43311948
1,0,0.47621354
0,0,0.42419505
0,0,0.43003118
0,0,0.46329975
0,0,0.45965528
0,0,0.42954612
0,0,0.45726985
0,0,0.4423957
0,0,0.439699
0,0,0.49387872
0,1,0.5369618
0,1,0.52018934
0,1,0.5038154
0,0,0.4856235
0,1,0.53038985
0,1,0.5464313
0,1,0.53286433
0,1,0.5073252
0,0,0.48513
1,1,0.5890045
1,1,0.5570472
1,1,0.576143
1,1,0.5708712
1,1,0.5372243
1,1,0.5364403
1,0,0.48058504
1,0,0.4652956
1,0,0.44622007
1,0,0.4638205
0,0,0.47413194
0,0,0.47280318
0,1,0.5002384
0,0,0.45509934
0,0,0.474078
1,0,0.18390484
1,0,0.48044863
1,1,0.5502169
1,1,0.5395599
1,0,0.47793707
1,0,0.42248088
1,0,0.46699598
1,0,0.46384177
0,0,0.47218338
0,0,0.44705805
0,0,0.4544277
0,0,0.49020445
0,0,0.4575763
0,0,0.44599617
0,0,0.4527112
0,0,0.47097757
0,0,0.45820934
0,0,0.48175627
1,0,0.46361598
1,0,0.48245922
1,0,0.4634673
1,0,0.47219348
1,0,0.4611716
1,1,0.50284666
0,0,0.34770614
0,0,0.44970423
0,0,0.44999453
1,0,0.45012376
1,0,0.44644088
1,0,0.412275
1,0,0.44802898
1,0,0.4670611
1,0,0.44156364
1,0,0.39094016
1,0,0.36102164
1,0,0.4553661
1,0,0.1699162
1,0,0.2195017
0,0,0.16828881
0,0,0.2575805
0,0,0.3362482
0,0,0.31599537
0,0,0.434011
1,0,0.45078075
1,0,0.4533269
0,0,0.4999864
0,0,0.46068248
0,0,0.46600345
0,0,0.4552224
0,0,0.40833706
0,0,0.47776166
0,0,0.48095328
1,0,0.47319505
1,1,0.51145995
1,0,0.4883858
0,0,0.43175307
1,1,0.52091146
1,0,0.45233697
1,1,0.50136375
1,0,0.3949909
1,0,0.4167275
1,0,0.40136912
1,0,0.4339678
1,0,0.4597421
0,0,0.3852441
1,0,0.49298006
1,0,0.49042752
0,0,0.43396318
1,0,0.47672644
1,0,0.46306247
1,0,0.44713658
1,0,0.475297
1,0,0.48155692
1,0,0.439516
1,0,0.4825433
1,0,0.42381835
0,0,0.4414103
0,0,0.35216075
0,0,0.39561173
0,0,0.40801018
0,0,0.43200725
1,1,0.54806304
1,1,0.50356853
1,0,0.42413577
1,0,0.4194131
1,0,0.41269165
0,0,0.39234552
1,0,0.41651836
1,0,0.44511676
1,0,0.394573
0,0,0.41029093
1,0,0.4578743
0,0,0.34957755
0,0,0.42625323
0,0,0.42315844
0,0,0.45258644
0,0,0.4544813
0,0,0.48898134
0,0,0.48152608
0,0,0.47108093
0,1,0.5172381
0,0,0.46893784
1,0,0.47701347
1,0,0.45347074
0,0,0.4985858
1,1,0.50070953
0,0,0.46537584
0,0,0.47795194
0,0,0.49051493
0,0,0.39030012
0,0,0.38680595
0,0,0.42083296
0,0,0.3857958
1,0,0.4590294
1,1,0.5497386
1,0,0.47132552
1,0,0.47573885
1,0,0.44978538
1,0,0.48678002
1,1,0.5095256
1,0,0.44989392
0,0,0.4768116
0,0,0.43620455
0,0,0.4155377
0,0,0.4021194
1,0,0.43993244
1,0,0.4253141
1,0,0.41061547
1,0,0.4190708
1,0,0.4531192
1,0,0.4500742
1,0,0.4439959
0,0,0.3558936
0,0,0.30453753
0,0,0.35800678
0,0,0.40611935
1,0,0.41884083
0,0,0.42089438
0,0,0.39803416
1,0,0.4418321
1,0,0.46292135
0,0,0.47772497
1,0,0.45485905
1,1,0.56081593
1,0,0.46225753
0,0,0.4456277
0,0,0.47062266
0,0,0.48410466
0,0,0.47749504
0,1,0.5020731
0,0,0.47268593
0,1,0.50151414
0,0,0.49904352
0,1,0.52701086
0,0,0.41839898
0,0,0.39712074
1,0,0.42654622
1,0,0.46024945
1,0,0.40819088
1,0,0.44186983
1,0,0.4185986
1,0,0.44391733
0,0,0.39950022
0,0,0.413056
0,0,0.41617903
0,0,0.42247117
0,0,0.4456938
0,0,0.4477595
1,0,0.37139216
1,0,0.38768607
1,0,0.40504783
1,0,0.4005259
1,0,0.37950268
1,0,0.38093668
1,0,0.35827512
1,0,0.4255672
1,0,0.4282524
1,0,0.37997943
1,0,0.4176984
0,0,0.38754398
0,0,0.40591583
1,0,0.34673485
1,0,0.48150694
1,0,0.34462187
1,0,0.34204084
1,0,0.39099574
1,0,0.4026525
0,0,0.3674518
0,0,0.3643654
0,0,0.40599033
0,0,0.42022285
0,0,0.39780092
0,0,0.43679252
0,0,0.42008257
0,0,0.42518935
0,0,0.40568882
1,0,0.47142488
1,0,0.43294013
0,0,0.43801448
0,0,0.46073052
0,0,0.43799737
0,0,0.42068002
0,0,0.426698
0,0,0.37605077
0,0,0.4363123
0,0,0.41589376
0,0,0.45706266
1,0,0.46054927
1,0,0.4644566
1,0,0.4544339
1,0,0.47914052
1,0,0.4190006
1,0,0.44041097
1,0,0.4214079
0,0,0.44377565
0,0,0.43342447
0,0,0.47594246
0,0,0.42876655
0,0,0.43194062
0,0,0.44216445
0,0,0.45465872
0,0,0.41636178
0,0,0.4573217
1,0,0.45047182
0,0,0.4226148
0,0,0.43451795
0,0,0.4339273
0,0,0.41572088
0,0,0.43061647
0,0,0.41498685
1,0,0.4148526
1,0,0.39727724
1,0,0.40542835
1,0,0.42155054
1,0,0.41460645
1,0,0.44432068
1,0,0.4295933
1,0,0.44443417
1,0,0.4150959
1,0,0.47222364
0,0,0.39650095
1,0,0.41572088
0,0,0.39351824
0,0,0.41415808
0,0,0.39051902
0,0,0.4216915
0,0,0.41880068
0,0,0.42028087
0,0,0.43955162
0,0,0.41880068
0,0,0.41572088
1,0,0.40967336
1,0,0.4103346
1,0,0.4129848
1,0,0.41099536
0,0,0.42723086
0,0,0.44819358
0,0,0.4132597
0,0,0.40812144
0,0,0.39448553
1,0,0.4173995
1,0,0.40489766
1,0,0.44823584
1,0,0.43223643
1,0,0.4290935
1,0,0.37893832
1,0,0.3909189
1,0,0.36025345
1,0,0.36326298
1,0,0.39990214
1,0,0.41858992
0,0,0.39659137
0,0,0.40795895
0,0,0.4154005
0,0,0.41077253
0,0,0.41232237
0,0,0.4284257
1,0,0.4285725
1,0,0.4284257
1,0,0.41408673
1,0,0.41400972
1,0,0.4103305
0,0,0.457972
1,0,0.42623377
0,0,0.42423862
1,0,0.40299073
1,0,0.406916
0,0,0.40637326
1,0,0.3921943
1,0,0.39797804
1,0,0.39146307
1,0,0.40264374
1,0,0.40041795
1,0,0.4327845
1,0,0.4360102
1,0,0.43021998
1,0,0.45284325
0,0,0.4132878
0,0,0.41830924
0,0,0.41815862
0,0,0.40398657
0,0,0.418146
1,0,0.40589303
1,0,0.38566944
1,0,0.40613163
1,0,0.40843284
0,0,0.42403045
0,0,0.4142093
0,0,0.43524918
0,0,0.4115766
0,0,0.39122373
1,0,0.3996371
1,0,0.40717587
1,0,0.4105838
1,0,0.43529308
1,0,0.4361905
0,0,0.4319854
0,0,0.41453302
0,0,0.40777385
0,0,0.4122658
0,0,0.41194
0,0,0.43940026
0,0,0.41152483
0,0,0.42706972
1,0,0.47226977
0,0,0.43585733
0,0,0.42643416
0,0,0.4126991
0,0,0.41298333
0,0,0.41085315
1,0,0.41884285
1,0,0.3977949
1,0,0.39437476
1,0,0.4171233
1,0,0.42015007
1,0,0.42442474
0,0,0.4160714
0,0,0.44149402
0,0,0.40281266
0,0,0.41696158
0,0,0.39945692
0,0,0.4003021
0,0,0.398131
1,0,0.40678
1,0,0.43672898
1,0,0.41811943
1,0,0.43268815
1,0,0.41624302
1,0,0.42895457
1,0,0.41927242
1,0,0.41927242
1,0,0.43951896
1,0,0.42835265
1,0,0.41793537
1,0,0.4331262
1,0,0.4288657
1,0,0.42880845
0,0,0.4311355
0,0,0.47371855
0,0,0.3830624
0,0,0.40319794
0,0,0.46790445
0,0,0.3945224
0,0,0.4181906
0,0,0.45436615
1,0,0.48508388
1,0,0.49905586
1,0,0.42554536
1,0,0.39534655
0,0,0.39939696
0,0,0.43242183
0,0,0.39608648
1,0,0.39028603
0,0,0.38360697
1,0,0.3944088
1,0,0.41925734
1,0,0.4234632
0,0,0.31446528
1,0,0.3284581
1,0,0.2943558
0,0,0.29441968
1,0,0.39643255
1,0,0.3205353
1,0,0.35479385
1,0,0.37370706
1,0,0.3778559
1,0,0.42384773
1,0,0.4002977
1,0,0.39996842
1,0,0.4466178
1,0,0.42456177
1,0,0.40789545
1,0,0.4068092
1,0,0.35664153
1,0,0.31521508
0,0,0.31718436
0,0,0.33283097
0,0,0.3429964
0,0,0.36231938
1,0,0.34691814
1,0,0.37888604
1,0,0.41797942
1,0,0.38599095
1,0,0.4104603
1,0,0.4515574
1,0,0.49667397
1,1,0.55236965
1,0,0.4596014
1,0,0.44450793
1,0,0.4049319
1,0,0.45456135
1,0,0.38169453
0,0,0.33981788
0,0,0.35131058
0,0,0.3161917
0,0,0.34799588
0,0,0.33446148
0,0,0.39338088
0,0,0.37560838
0,0,0.38346276
1,0,0.37184587
1,0,0.39749488
1,0,0.45633185
1,0,0.45021686
1,0,0.41613093
0,0,0.4135251
0,0,0.39099005
0,0,0.36390656
1,0,0.40476558
1,0,0.37645015
1,0,0.3696244
1,0,0.34984672
1,0,0.42123276
1,0,0.38691825
1,0,0.44467345
1,0,0.3776676
0,0,0.39049867
0,0,0.35801616
0,0,0.38208213
0,0,0.40350643
1,0,0.37747544
1,0,0.40951225
0,0,0.43329874
0,0,0.4471876
0,0,0.3902275
0,0,0.42499125
0,0,0.411723
0,0,0.45643467
0,0,0.44678423
1,0,0.46116725
0,0,0.46097767
0,0,0.4661329
0,0,0.43770325
0,0,0.43192562
1,0,0.42277464
1,0,0.45846382
1,0,0.47519076
1,0,0.43135113
1,0,0.4387282
1,0,0.43513256
1,0,0.43161747
0,0,0.4500815
1,0,0.44054446
1,0,0.4447832
1,0,0.4266172
1,0,0.43568778
1,0,0.43450817
1,0,0.44661412
0,0,0.44644797
0,0,0.45435867
0,0,0.4637314
0,0,0.45356548
0,0,0.43328536
0,0,0.43479848
0,0,0.44806397
1,0,0.48565146
1,0,0.49415877
0,0,0.4687933
0,0,0.47063324
0,0,0.45886153
0,0,0.4891158
0,0,0.48040196
0,1,0.5064334
0,1,0.51779246
0,0,0.4988859
0,0,0.47394124
1,0,0.47543082
1,0,0.46213725
1,0,0.45986828
1,0,0.45231965
1,0,0.45148104
1,0,0.47625214
1,0,0.47854462
1,0,0.472431
1,0,0.47147596
0,0,0.457489
0,0,0.48372892
0,0,0.4836725
0,0,0.4778235
1,0,0.46543214
1,0,0.45058957
1,0,0.45418292
1,0,0.4467555
1,0,0.45443863
0,0,0.459294
0,0,0.44760537
0,0,0.4687713
0,0,0.46731332
0,0,0.4481061
1,0,0.4600439
1,0,0.4840666
1,0,0.42398426
1,0,0.4615455
1,0,0.46512952
0,0,0.47863016
1,0,0.46404776
1,0,0.46272326
1,0,0.46272326
0,0,0.47863016
1,0,0.47090715
1,0,0.46145898
1,0,0.45435268
1,0,0.42866978
1,0,0.4450764
1,0,0.45664638
1,0,0.45194542
1,0,0.46372208
1,0,0.4386303
1,0,0.46911258
1,0,0.4710567
1,0,0.4640881
1,0,0.45787695
1,0,0.46583378
0,0,0.4370692
0,0,0.45905513
0,0,0.46469957
0,0,0.4474732
0,0,0.45158213
0,0,0.46166754
0,0,0.4818195
0,0,0.46018615
0,0,0.4524662
0,0,0.47502542
1,1,0.6417093
1,0,0.48073244
1,1,0.5016362
1,0,0.4565362
0,0,0.44750306
0,0,0.4819571
0,0,0.47445977
0,0,0.46675274
0,0,0.48053825
0,0,0.4701267
0,0,0.44931486
0,0,0.45861962
0,0,0.47756034
0,0,0.48172364
0,0,0.48637202
0,1,0.5114008
0,0,0.4788039
1,0,0.41580266
1,0,0.45967948
1,0,0.4812558
0,0,0.45910713
0,0,0.47627783
0,0,0.45004794
0,0,0.45874643
0,0,0.446775
0,0,0.45080677
0,0,0.45009303
0,0,0.4421884
0,0,0.45809248
0,0,0.4406602
1,0,0.4440451
1,0,0.455274
1,0,0.4573515
1,0,0.43148395
1,0,0.45505354
1,0,0.4589389
1,0,0.47891936
1,0,0.4770837
1,0,0.4645374
1,0,0.47433624
0,0,0.4795101
0,0,0.42650393
0,0,0.45205867
0,0,0.4200175
0,0,0.4374936
0,0,0.42429778
0,0,0.4135198
0,0,0.45324716
1,0,0.4451643
1,0,0.47557864
1,0,0.45427823
1,0,0.4591698
1,0,0.4906304
1,0,0.45137674
0,0,0.465528
0,0,0.4500665
0,0,0.42304465
0,0,0.44556454
1,0,0.42706758
1,0,0.42109177
1,0,0.41955325
1,0,0.43686175
0,0,0.4374936
0,0,0.4339817
0,0,0.44026557
0,0,0.4563632
1,0,0.45772555
1,0,0.41548708
1,0,0.4287056
1,0,0.42403418
1,0,0.41472507
1,0,0.417979
1,0,0.43535826
1,0,0.44300255
0,0,0.45013744
0,0,0.46296912
0,0,0.44769135
0,0,0.4398342
0,0,0.46077937
0,0,0.43518198
1,0,0.4474296
1,0,0.4369103
1,0,0.41973093
1,0,0.44182357
0,0,0.4193102
1,0,0.43616736
1,0,0.4227824
1,0,0.42421207
1,0,0.43471256
1,0,0.43856058
1,0,0.428017
1,0,0.44577974
1,0,0.43770286
0,0,0.43594238
0,0,0.45142147
1,0,0.43770257
1,0,0.43891287
1,0,0.45142147
1,0,0.42410687
1,0,0.44870734
1,0,0.4471313
1,0,0.45394138
1,0,0.41475323
1,0,0.44936985
1,0,0.46622866
0,0,0.43642232
0,0,0.44827673
1,0,0.4487651
0,0,0.44638643
0,0,0.45866385
1,0,0.43792677
1,0,0.43212652
0,0,0.4478276
0,0,0.4417149
0,0,0.43973857
0,0,0.45296377
0,0,0.40934914
0,0,0.45131227
0,0,0.4135162
0,0,0.44312847
0,0,0.36077893
0,0,0.44108555
0,0,0.42781907
0,0,0.42951772
0,0,0.44348168
1,0,0.45269936
1,0,0.43984225
0,0,0.407776
1,0,0.4355201
1,0,0.44670758
1,0,0.4595375
0,0,0.43429232
0,0,0.4244968
0,0,0.4338861
0,0,0.46206984
1,0,0.43797898
1,0,0.43446618
1,0,0.4169218
1,0,0.4492475
1,0,0.44666138
1,0,0.44356906
1,0,0.44332838
1,0,0.45936793
1,0,0.437857
1,0,0.4563632
0,0,0.43283907
0,0,0.44932353
0,0,0.43455824
0,0,0.44823775
0,0,0.45133054
0,0,0.43220744
0,0,0.4222672
0,0,0.44245186
0,0,0.4418184
1,0,0.47277966
1,0,0.47962782
0,0,0.4122089
1,0,0.4449445
0,0,0.4420668
0,0,0.4605048
0,0,0.45658833
0,0,0.4339817
0,0,0.43614295
0,0,0.42029715
0,0,0.43074787
0,0,0.44498038
0,0,0.43124542
0,0,0.4454996
1,0,0.4302324
1,0,0.4492475
1,0,0.42440447
1,0,0.4465116
1,0,0.4606573
1,0,0.45596457
1,0,0.44948032
0,0,0.4858814
0,0,0.45066756
0,0,0.44020024
0,0,0.4264784
0,0,0.41628182
0,0,0.46606258
0,0,0.4745032
0,0,0.4598823
1,0,0.45614654
1,0,0.434338
1,0,0.43980166
0,0,0.44763756
0,0,0.46216506
0,0,0.4406287
1,0,0.43393412
1,0,0.42918175
1,0,0.48695996
1,0,0.43620178
1,0,0.43286818
1,0,0.43987206
1,0,0.43688112
0,0,0.46595663
1,0,0.4542034
1,0,0.44112048
1,0,0.42615116
1,0,0.4378262
1,0,0.43054223
1,0,0.44301042
1,0,0.43409103
1,0,0.44306368
0,0,0.44771594
0,0,0.4399229
0,0,0.41795737
0,0,0.32135773
1,0,0.24466906
1,0,0.38049904
1,0,0.39395213
1,0,0.3836766
1,0,0.4019829
0,0,0.40367022
0,0,0.4312789
0,0,0.44941637
0,0,0.40944797
0,0,0.41213325
0,0,0.43680182
0,0,0.4123622
0,0,0.41359
0,0,0.43631083
0,0,0.4373453
0,0,0.47700825
1,0,0.44199616
1,0,0.41193104
0,0,0.48780176
0,0,0.46659473
0,0,0.43566886
0,0,0.43505883
1,0,0.45597205
1,0,0.421606
1,0,0.42397156
0,0,0.466052
0,0,0.44417018
1,0,0.44234073
1,0,0.4409038
1,0,0.41888392
1,0,0.4553745
1,0,0.4457765
0,1,0.51266825
0,0,0.49385598
0,0,0.461475
1,0,0.44747806
1,0,0.43263316
1,0,0.48025784
1,0,0.4481558
1,0,0.46663564
1,0,0.46532613
0,0,0.4729339
1,0,0.48172992
1,0,0.46349788
1,0,0.47851765
0,0,0.47386295
1,0,0.457422
0,0,0.4745681
0,0,0.4702435
0,0,0.47260574
0,0,0.43846238
1,0,0.41241273
0,0,0.4413142
0,0,0.42574307
0,0,0.4337696
0,0,0.41689923
0,0,0.4111807
0,0,0.40390176
0,0,0.4314396
1,0,0.4118049
1,0,0.41970834
0,0,0.43301365
1,0,0.43833253
1,0,0.440724
0,0,0.44248092
0,0,0.43101692
0,0,0.42205966
0,0,0.45267397
0,0,0.46583483
0,0,0.45530456
1,1,0.5670799
1,0,0.46993023
1,0,0.4332554
1,0,0.47138086
1,0,0.4381117
1,0,0.4841271
0,0,0.4504623
0,0,0.46037322
0,0,0.45244807
0,0,0.44283777
0,0,0.46280393
0,0,0.4562686
0,0,0.4525206
0,0,0.4536201
0,0,0.4497971
0,0,0.4664238
1,0,0.45293978
1,0,0.4680798
1,0,0.4385096
1,0,0.45114413
0,0,0.44568002
0,0,0.46601316
0,0,0.46738577
0,0,0.4395983
0,0,0.4620838
0,0,0.43612674
0,0,0.45332408
0,0,0.45054722
0,0,0.44049615
0,0,0.45054722
1,0,0.44735846
1,0,0.43197387
1,0,0.44706124
1,0,0.43313202
1,0,0.45606387
0,0,0.4598634
0,0,0.48245016
0,0,0.4790658
0,0,0.4829121
0,0,0.45802864
0,0,0.4643672
0,0,0.46341148
0,0,0.46543276
0,0,0.45051813
0,0,0.44629884
1,0,0.4607646
0,0,0.44882646
0,0,0.44842952
1,0,0.4526515
1,0,0.449963
1,0,0.446775
1,0,0.44969872
1,0,0.43438354
0,0,0.46407604
0,0,0.450215
0,0,0.44961557
1,0,0.4487021
1,0,0.41904974
1,0,0.4307392
1,0,0.4311072
1,0,0.44000974
1,0,0.416704
1,0,0.42896527
1,0,0.4667798
0,0,0.4546882
0,0,0.44964182
0,0,0.45142147
1,0,0.44638765
1,0,0.43577927
1,0,0.4299227
1,0,0.44515076
0,0,0.42330945
0,0,0.42891166
0,0,0.44964182
0,0,0.45869857
0,0,0.46033686
0,0,0.42151257
0,0,0.44105282
0,0,0.43603814
1,0,0.4430736
1,0,0.45783558
1,0,0.43717188
0,0,0.432672
0,0,0.413906
0,0,0.44964182
1,0,0.4488679
1,0,0.4426792
0,0,0.4517005
1,0,0.436381
1,0,0.43287113
1,0,0.436381
1,0,0.446854
1,0,0.436381
0,0,0.4188897
0,0,0.46980527
1,0,0.4311072
0,0,0.4546882
0,0,0.46265402
0,0,0.41142324
0,0,0.4417843
0,0,0.4430386
0,0,0.4731526
1,0,0.47381026
1,0,0.42470175
1,0,0.4143602
0,0,0.43717188
0,0,0.42828345
0,0,0.42959213
1,0,0.46401915
0,0,0.42828345
1,0,0.42795554
1,0,0.4179951
1,0,0.43592528
0,0,0.4467162
1,0,0.40864265
1,0,0.43712956
0,0,0.4190794
1,0,0.42891166
0,0,0.4299227
1,0,0.43391088
0,0,0.41595292
1,0,0.413906
1,0,0.42828345
1,0,0.42720205
1,0,0.4205418
1,0,0.43178445
1,0,0.44393033
1,0,0.44259354
1,0,0.46269396
1,0,0.4490548
0,0,0.454752
0,0,0.44679204
0,0,0.45078075
0,0,0.43841675
0,0,0.4102711
1,0,0.42503518
1,0,0.44481927
1,0,0.45497072
1,0,0.3974829
1,0,0.43894154
1,0,0.4175583
1,0,0.44626945
1,0,0.43622088
1,0,0.44626945
1,0,0.4617336
1,0,0.43101487
1,0,0.43350098
0,0,0.46696407
1,0,0.45100078
0,0,0.45714027
0,0,0.42560145
0,0,0.43672398
0,0,0.43989724
0,0,0.4476176
1,0,0.44344142
1,0,0.44247147
1,0,0.45848262
0,0,0.4356203
0,0,0.44178116
0,0,0.45142147
0,0,0.44964182
0,0,0.43736964
0,0,0.4533173
0,0,0.44189414
0,0,0.43472007
1,0,0.44383478
1,0,0.40438268
1,0,0.457785
1,0,0.44480318
1,0,0.41794428
0,0,0.4568709
0,0,0.4316933
0,0,0.46544623
0,0,0.44272453
0,0,0.44679204
0,0,0.41441858
1,0,0.43717188
1,0,0.43144235
0,0,0.43972227
0,0,0.44244984
0,0,0.43258542
0,0,0.4301529
0,0,0.44643322
1,0,0.40880755
0,0,0.42652982
0,0,0.458917
0,0,0.46273273
0,0,0.44848275
0,0,0.45194894
0,0,0.44444492
1,0,0.42338985
1,0,0.4598562
1,0,0.46298483
1,0,0.44502455
1,0,0.46057242
1,1,0.5071417
1,0,0.4865407
1,0,0.4582801
1,0,0.47010425
1,0,0.43997002
1,0,0.44437578
1,0,0.46516672
1,0,0.45091853
0,0,0.4549259
0,0,0.47031626
0,0,0.4599086
0,0,0.4753439
0,0,0.46284166
0,0,0.46575236
0,0,0.47348014
0,1,0.5070759
0,0,0.45488533
1,1,0.5452935
0,1,0.5140684
1,0,0.4784457
0,0,0.45196107
0,0,0.45557973
0,0,0.4957942
0,0,0.48450392
0,0,0.41194564
0,0,0.4392266
0,0,0.46911266
0,0,0.4598468
0,0,0.44139394
1,1,0.50691897
1,1,0.5653049
1,0,0.47024962
1,0,0.47149357
1,0,0.44439715
1,1,0.51252234
1,0,0.44793698
1,0,0.4636833
1,0,0.47357595
1,0,0.45699772
1,0,0.45385748
1,0,0.4522109
1,0,0.44441053
0,0,0.43813425
0,0,0.33625466
0,0,0.33731592
0,0,0.40208328
0,0,0.43621445
0,0,0.4357526
0,0,0.44443843
1,0,0.4291612
0,0,0.41063124
1,0,0.45272633
0,0,0.49609652
0,0,0.43907607
0,0,0.42756456
0,0,0.43559512
0,0,0.4379296
0,0,0.44147435
0,0,0.44722676
1,0,0.46963388
1,0,0.4789758
0,0,0.44664797
1,0,0.45123836
1,0,0.42863744
1,0,0.43271965
1,0,0.43271965
1,0,0.43525723
1,0,0.44698277
1,0,0.43254668
1,0,0.47803044
0,0,0.44431305
0,0,0.43031594
0,0,0.43953988
0,0,0.46702948
0,0,0.4457054
0,0,0.43175834
0,0,0.43757433
0,0,0.4695413
0,0,0.43641916
0,0,0.46073624
0,0,0.44053543
0,0,0.45543382
0,0,0.45627218
0,0,0.42644674
0,1,0.55070126
1,1,0.6079129
1,1,0.55412143
1,1,0.6665236
1,0,0.49749044
1,0,0.4493765
1,0,0.48152983
1,0,0.48290008
1,0,0.46135512
1,0,0.42988998
1,0,0.45224375
1,0,0.45872912
1,0,0.47333875
1,0,0.4663565
1,0,0.481257
1,0,0.4444127
1,0,0.44594827
1,0,0.43770054
1,0,0.45014587
1,0,0.4513412
0,0,0.44231042
1,0,0.43120036
1,0,0.45206976
1,0,0.4435688
1,0,0.43661714
1,0,0.45206976
0,0,0.44989243
0,0,0.45373386
0,0,0.45460293
0,0,0.4331974
1,0,0.4532606
1,0,0.46332693
1,1,0.5036257
1,0,0.44162962
1,0,0.45119125
1,0,0.47739047
1,0,0.45721686
1,0,0.4560768
1,0,0.46626794
1,0,0.4564668
0,0,0.46903938
0,0,0.47343814
0,0,0.47704256
0,0,0.46974686
0,0,0.47712427
0,0,0.4484474
0,0,0.47544202
0,0,0.49463674
1,0,0.46063155
1,0,0.4996599
1,0,0.4582483
1,0,0.45095727
1,0,0.46999305
1,0,0.45629314
1,0,0.45743322
1,0,0.47200325
1,0,0.47592217
1,0,0.49017048
1,0,0.43877274
1,0,0.47304
1,0,0.4563996
1,0,0.4800342
0,0,0.44877443
0,0,0.4566649
0,0,0.44979188
0,0,0.43923867
1,0,0.44828087
1,0,0.48013204
1,0,0.45949456
1,0,0.4611787
1,0,0.464821
1,0,0.47997174
0,0,0.45551142
0,0,0.46953788
0,0,0.4537956
0,0,0.4522339
0,0,0.42925906
0,0,0.4196403
1,0,0.44230613
1,0,0.4451473
1,0,0.44636363
1,0,0.4212246
1,0,0.44221434
1,0,0.43004343
0,0,0.43716815
1,0,0.43963996
1,0,0.4458963
1,0,0.43047398
1,0,0.45479435
1,0,0.43685776
1,0,0.42638925
1,0,0.43143597
1,0,0.4371338
0,0,0.45021212
0,0,0.45579985
0,0,0.4510012
0,0,0.46156126
0,0,0.44894046
0,0,0.4926184
0,0,0.48046997
0,0,0.47623798
1,0,0.43791273
0,0,0.44940442
1,0,0.46289402
1,0,0.4323735
1,0,0.42402187
1,0,0.45741725
1,0,0.43431026
1,0,0.4479106
1,0,0.4524347
0,0,0.4694291
1,0,0.4533805
1,0,0.44033158
1,0,0.4373778
1,0,0.4395071
1,0,0.43763927
1,0,0.4463426
0,0,0.46246067
0,0,0.39853346
0,0,0.44477275
0,0,0.43884793
0,0,0.42835528
1,0,0.43690085
0,0,0.4925065
0,0,0.47101307
0,0,0.45790014
0,0,0.48546505
1,0,0.45477596
1,0,0.45209205
1,0,0.47620505
1,0,0.4568284
1,0,0.47084403
0,0,0.46991837
0,0,0.4657296
0,0,0.46526262
0,0,0.46804544
0,0,0.44893274
0,0,0.4543696
1,1,0.59149426
1,0,0.4825479
1,0,0.4564174
1,0,0.46672037
1,0,0.47783017
1,0,0.46051604
1,0,0.4654222
1,0,0.45568764
0,0,0.4671855
0,0,0.45574388
0,0,0.45252335
0,0,0.4662523
0,0,0.4577727
0,0,0.44616175
0,0,0.4776729
0,0,0.4811796
1,1,0.62663203
1,1,0.5570473
1,1,0.52624327
1,0,0.48188618
1,0,0.4650092
1,0,0.47574213
0,0,0.48717603
0,0,0.472974
0,0,0.47533622
0,0,0.46964356
0,0,0.45842886
0,0,0.46054277
0,0,0.47053555
0,0,0.47854665
1,0,0.4545655
1,0,0.4974392
1,0,0.49300882
1,0,0.47915167
1,0,0.47940722
1,0,0.48622948
0,0,0.46692702
0,0,0.47734952
0,0,0.48257044
0,0,0.48526168
0,0,0.4770599
0,0,0.46584722
0,0,0.4858439
0,0,0.48594376
0,0,0.4881407
1,0,0.2793583
1,0,0.32316965
1,0,0.3263614
0,0,0.3157298
1,0,0.37383506
1,0,0.38011125
0,0,0.33826497
0,0,0.41600493
0,0,0.45877096
0,0,0.39415497
0,0,0.4197411
0,0,0.43825525
0,0,0.49075955
0,0,0.4603496
1,1,0.52610433
0,0,0.46614778
1,1,0.54237616
1,0,0.47698113
0,0,0.46899837
0,0,0.43957508
0,0,0.4945744
0,0,0.4573578
0,0,0.4655102
0,0,0.44536975
0,0,0.48516035
1,1,0.5362579
0,0,0.40219685
0,0,0.47587216
0,0,0.3942888
0,0,0.45543382
0,0,0.40306646
0,0,0.47734272
0,0,0.47468174
0,0,0.4624155
0,0,0.46176526
0,0,0.49388865
0,0,0.49514535
0,1,0.523491
1,1,0.51301426
0,1,0.5166796
0,0,0.4974827
1,0,0.49665517
1,1,0.5121805
1,0,0.4823286
1,1,0.5146572
1,0,0.46771792
1,0,0.48543084
1,0,0.46495935
1,0,0.48362863
1,1,0.50715804
0,0,0.46606195
1,0,0.48357558
1,0,0.46885356
1,0,0.4845861
1,0,0.48825973
1,0,0.4838835
1,0,0.49836192
1,0,0.48413137
0,0,0.46485695
0,0,0.41903642
0,0,0.3963115
0,0,0.46110377
0,0,0.4443003
0,0,0.49127504
0,0,0.456292
1,0,0.39907274
1,0,0.4439286
1,0,0.4403528
1,0,0.44266677
1,0,0.46223065
0,0,0.4658818
0,0,0.47063318
0,0,0.47781467
0,0,0.4604563
0,0,0.43744746
0,0,0.4458242
1,0,0.4290982
1,0,0.43746746
1,0,0.42891553
1,0,0.43558177
1,0,0.42663673
1,0,0.4794932
0,0,0.45557815
0,0,0.44968107
1,0,0.4082932
0,0,0.43309462
0,0,0.4143352
0,0,0.4425361
0,0,0.43254143
0,0,0.43305442
1,0,0.4082794
0,0,0.43041405
0,0,0.44246814
1,0,0.4923579
1,0,0.45463413
1,0,0.47056088
1,1,0.60271674
1,0,0.4978919
1,0,0.49474388
1,0,0.44476062
0,0,0.47077385
1,0,0.44767216
1,0,0.45014244
0,0,0.43274152
1,0,0.45487523
1,0,0.44306144
1,0,0.43129703
1,0,0.43434116
0,0,0.44930428
0,0,0.44206095
0,0,0.41692328
0,0,0.37763706
0,0,0.42084634
1,0,0.489007
1,0,0.41671544
1,0,0.45243108
1,0,0.44759294
1,1,0.50535905
1,0,0.46791688
1,0,0.44779524
1,0,0.425428
1,0,0.49511912
1,0,0.4353772
1,0,0.40249363
1,0,0.44477192
0,0,0.40523463
0,0,0.35988167
0,0,0.40870023
0,0,0.43997827
0,0,0.4169788
1,0,0.438879
1,0,0.43438974
1,0,0.486319
1,0,0.44859797
1,0,0.4542238
1,0,0.45897067
0,0,0.43012363
0,0,0.4195513
0,0,0.32997787
0,0,0.4236989
0,0,0.37074688
0,0,0.4458218
0,0,0.42929336
0,0,0.4652918
0,0,0.49970633
1,1,0.51666105
1,0,0.4692224
0,1,0.50564337
0,0,0.4468797
0,0,0.4400945
0,0,0.4432342
0,0,0.41588044
0,0,0.35116622
0,0,0.4230267
0,0,0.44440582
1,0,0.44618157
1,0,0.4435537
1,0,0.413264
0,0,0.45139945
1,0,0.44354537
0,0,0.4551432
0,0,0.45981684
1,0,0.43381196
1,0,0.44496292
1,0,0.47088382
1,0,0.4354796
1,0,0.4410468
0,0,0.498859
0,0,0.45639512
0,0,0.46771497
0,0,0.46432614
0,0,0.455463
0,0,0.41925406
0,0,0.46241254
0,0,0.43749198
1,0,0.45203087
1,0,0.44583926
1,0,0.43580806
1,0,0.4456165
1,0,0.4834207
0,0,0.49359724
1,0,0.47344387
1,0,0.4715208
0,0,0.48335764
0,0,0.45641917
1,0,0.45630822
0,0,0.42740187
1,0,0.43583262
1,0,0.44351822
0,0,0.4186051
0,0,0.44630387
0,0,0.42569217
0,0,0.4291878
0,0,0.46609047
0,0,0.47707558
0,0,0.464038
0,0,0.44206148
0,0,0.4354146
0,0,0.45792106
0,0,0.48833552
0,0,0.45730594
1,0,0.45928344
0,0,0.46633545
1,0,0.47748926
1,0,0.4681328
0,0,0.47724196
0,0,0.48597682
0,0,0.46856445
0,0,0.47531304
0,0,0.47111723
0,0,0.46270287
0,0,0.49245757
0,0,0.44953573
0,0,0.48855463
0,0,0.49030033
0,0,0.45226312
1,0,0.45401677
1,0,0.43779385
1,0,0.4692791
1,0,0.40672424
1,0,0.4790069
1,0,0.4881031
0,0,0.48577288
1,0,0.45445582
1,0,0.46704897
1,0,0.46409658
1,0,0.4706888
1,0,0.4436456
1,0,0.4614481
1,0,0.4563757
1,0,0.45033598
1,0,0.45681968
1,0,0.46883136
1,0,0.4614739
1,0,0.45441538
1,0,0.4650528
1,0,0.45709604
1,0,0.46401715
0,0,0.4634243
0,0,0.45028424
0,0,0.4345109
0,0,0.4567252
0,0,0.4382327
0,0,0.44391704
0,0,0.39406994
0,0,0.45129374
0,0,0.4449552
0,0,0.46285018
0,0,0.49139047
0,0,0.46181068
1,1,0.6046245
1,0,0.4818654
1,1,0.5059009
1,0,0.48277467
1,0,0.46724665
1,0,0.4823553
1,0,0.47263747
1,0,0.47638056
0,0,0.48709399
1,0,0.48683074
0,0,0.4789727
0,0,0.45306063
0,0,0.45441538
0,0,0.45659637
1,0,0.4799006
1,0,0.45805368
1,0,0.46029595
1,0,0.4434392
1,0,0.46916074
1,0,0.45269606
1,0,0.44559124
1,0,0.4702009
1,0,0.46247345
1,0,0.46950635
0,0,0.42486107
0,0,0.36933392
0,0,0.43665123
0,0,0.44684535
0,0,0.4289801
0,0,0.39407977
0,0,0.41065803
0,0,0.4133977
0,0,0.4925246
0,0,0.46246642
0,0,0.41289836
0,0,0.41994846
1,0,0.41768697
1,0,0.45901543
1,0,0.40481985
1,0,0.4260449
1,0,0.4140423
1,0,0.3944268
1,0,0.39741644
1,0,0.39763921
1,0,0.38893282
1,0,0.40970182
1,0,0.4078873
1,0,0.3750852
1,0,0.36929607
1,0,0.38518813
1,0,0.4021651
1,0,0.35648167
1,0,0.3943497
0,0,0.37789288
0,0,0.35752514
0,0,0.37601948
0,0,0.40688846
1,0,0.44422284
1,1,0.5338859
1,1,0.5025419
1,0,0.41057014
0,0,0.46677762
0,0,0.4113038
0,0,0.35295194
0,0,0.40411097
0,0,0.40347397
0,0,0.46709636
0,0,0.46768793
0,0,0.49764967
0,0,0.4646361
1,0,0.45104882
1,0,0.41987887
1,0,0.40551051
0,0,0.465299
0,0,0.3859001
0,0,0.44650847
0,0,0.36622775
1,0,0.40327418
1,0,0.41915953
1,0,0.4024428
1,0,0.45672512
1,0,0.4275331
1,0,0.45836794
1,0,0.42383617
1,0,0.39255413
1,0,0.40448898
1,0,0.39027643
0,0,0.40736917
1,0,0.40229365
1,0,0.4227703
1,0,0.4023503
1,0,0.42620718
1,0,0.4280441
0,0,0.42698383
0,0,0.4157506
0,0,0.42519972
0,0,0.41616872
1,0,0.42107874
0,0,0.39914185
1,0,0.41363204
1,0,0.41241115
0,0,0.43295312
0,0,0.40453073
0,0,0.40640512
0,0,0.35941133
0,0,0.39658555
1,0,0.40484756
0,0,0.39775166
0,0,0.39932334
1,0,0.3838574
0,0,0.41225594
0,0,0.38762727
0,0,0.39261776
0,0,0.39515665
0,0,0.391107
0,0,0.40274283
0,0,0.38472566
0,0,0.38558426
0,0,0.38293612
0,0,0.37564543
1,0,0.4009984
1,0,0.41583374
1,0,0.40837932
1,0,0.37605956
1,0,0.4205114
1,0,0.41110128
0,0,0.3485499
0,0,0.44728288
0,0,0.4087617
0,0,0.4015329
0,0,0.46639374
0,1,0.5034929
0,0,0.4687998
0,0,0.45893797
0,0,0.49469906
0,0,0.45527956
0,0,0.36683872
1,0,0.4082802
1,0,0.38433126
1,0,0.39538342
1,0,0.3960661
1,0,0.39277306
1,0,0.40441388
0,0,0.38910553
0,0,0.4192324
0,0,0.38641617
0,0,0.39193067
0,0,0.37794274
1,0,0.40652367
0,0,0.3874557
0,0,0.38127255
0,0,0.3762406
0,0,0.3986348
0,0,0.40131244
0,0,0.390323
0,0,0.4095694
1,0,0.40875718
0,0,0.3989469
0,0,0.38941014
1,0,0.4107157
1,0,0.37571594
1,0,0.39659163
1,0,0.39551
1,0,0.38102373
1,0,0.41107264
0,0,0.3852014
0,0,0.4107765
0,0,0.42443207
0,0,0.40471214
0,0,0.37613332
0,0,0.39910585
0,0,0.38913825
0,0,0.3917714
1,0,0.3979143
1,0,0.40330118
1,0,0.40492463
1,0,0.39473566
1,0,0.3948561
1,0,0.3864294
1,0,0.4130183
1,0,0.3975989
1,0,0.41199872
1,0,0.40113553
1,0,0.39659163
1,0,0.39659163
1,0,0.38119203
0,0,0.38000843
0,0,0.40516877
0,0,0.40386966
0,0,0.39920104
0,0,0.39920104
1,0,0.42068607
1,0,0.39853558
1,0,0.41307524
1,0,0.39491913
1,0,0.41044807
1,0,0.40493673
0,0,0.3836881
1,0,0.42428002
0,0,0.41613606
0,0,0.42958742
0,0,0.374855
1,0,0.38195065
0,0,0.41994727
1,0,0.3647101
1,0,0.38335374
1,0,0.40974838
1,0,0.38820937
1,0,0.37636065
0,0,0.40837693
0,0,0.38520205
0,0,0.39963073
0,0,0.39770544
1,0,0.38143283
1,0,0.4140722
1,0,0.40367955
1,0,0.39004004
1,0,0.3936972
1,0,0.39752057
0,0,0.4255269
0,0,0.41413507
0,0,0.3752955
0,0,0.39680955
0,0,0.40946332
0,0,0.41560343
0,0,0.39945045
0,0,0.3747265
0,0,0.40230525
1,0,0.4109324
1,0,0.39827657
1,0,0.4082856
1,0,0.41692543
1,0,0.3686805
1,0,0.38418826
0,0,0.4283822
0,0,0.41111356
0,0,0.40131244
0,0,0.40030202
0,0,0.39322606
0,0,0.42124042
0,0,0.40090114
0,0,0.41650438
0,0,0.4047024
0,0,0.39844668
1,0,0.3905481
1,0,0.40585724
1,0,0.3939529
1,0,0.401812
1,0,0.41306546
1,0,0.4069957
0,0,0.40900508
0,0,0.4244789
0,0,0.396471
1,0,0.40802738
1,0,0.39571765
1,0,0.38914865
1,0,0.383786
1,0,0.38789126
0,0,0.38309562
0,0,0.39170188
0,0,0.4070807
0,0,0.38238358
1,0,0.4013568
1,0,0.38721675
1,0,0.38620254
1,0,0.38991812
1,0,0.39332128
1,0,0.39669797
1,0,0.38520205
1,0,0.40439522
1,0,0.3900113
1,0,0.38428053
1,0,0.42045957
0,0,0.3830011
1,0,0.39915386
1,0,0.40512535
1,0,0.40936732
0,0,0.4017726
0,0,0.40418074
0,0,0.45570952
0,0,0.4208816
1,0,0.38759562
1,0,0.4620735
1,0,0.4548232
1,0,0.41219223
1,0,0.42175427
0,0,0.40472654
1,0,0.40518898
1,0,0.40990323
0,0,0.42070004
0,0,0.42291373
0,0,0.42732188
0,0,0.4377873
0,0,0.39743838
0,0,0.40854996
1,0,0.3973453
1,0,0.45455223
1,0,0.4562665
1,0,0.4615441
1,0,0.423517
0,0,0.42647728
0,0,0.4097196
0,0,0.37924922
0,0,0.37629226
0,0,0.42408732
0,0,0.4035295
0,0,0.44221234
0,0,0.4362836
0,0,0.2812914
1,0,0.33967325
0,0,0.20757304
1,0,0.25642872
1,0,0.37566113
1,0,0.4397587
1,0,0.3910248
1,0,0.4283895
1,0,0.44192976
0,0,0.36570293
1,0,0.28249213
0,0,0.35525277
0,0,0.33363092
0,0,0.3538079
0,0,0.3821738
0,0,0.38158613
0,0,0.39479324
1,0,0.35437962
0,0,0.39153627
0,0,0.4286074
0,0,0.45661822
0,0,0.39439252
0,0,0.42221627
0,0,0.46437904
0,1,0.5084881
0,1,0.53178144
0,0,0.47484845
0,0,0.47482163
0,0,0.47892156
0,0,0.47907418
1,0,0.47089693
1,1,0.5639448
1,0,0.46801013
0,0,0.44764128
0,1,0.5334769
0,0,0.4807721
0,0,0.40215102
0,1,0.51552355
0,0,0.49367148
0,0,0.48464456
0,1,0.5041624
0,1,0.50722694
1,1,0.58832395
1,0,0.4820555
0,0,0.49467373
0,0,0.47059667
0,1,0.5067293
1,0,0.49235925
0,0,0.4949871
0,1,0.5014702
0,0,0.4831253
1,0,0.49872556
1,0,0.49163955
1,1,0.54372275
1,0,0.48093954
1,0,0.4750524
0,1,0.50725234
0,0,0.48680747
0,0,0.4950863
0,0,0.4772843
0,0,0.48096767
0,0,0.45355433
0,0,0.49585235
0,0,0.4964491
0,0,0.48975238
0,0,0.49647945
1,0,0.4992772
1,1,0.5161277
1,0,0.49270627
0,1,0.5372463
0,0,0.48834246
0,1,0.5088484
0,1,0.50246155
0,0,0.47163174
1,1,0.5246312
1,0,0.4782303
1,0,0.48110756
1,1,0.5542817
1,0,0.48011842
1,0,0.4915754
1,0,0.49504343
1,0,0.49272746
0,1,0.5112432
0,1,0.5004753
1,0,0.49095953
0,1,0.55535984
0,0,0.49717918
0,1,0.5131278
0,0,0.4742974
0,1,0.50237334
0,0,0.48578414
0,0,0.47430685
0,0,0.49821776
0,1,0.53244704
0,0,0.4910129
0,1,0.5217928
1,1,0.64189124
1,1,0.5521357
1,1,0.5936925
1,1,0.55816644
1,1,0.5163637
0,1,0.5348885
0,1,0.50061744
1,0,0.49928743
1,1,0.5208377
1,0,0.4952956
1,1,0.5031982
1,0,0.49594018
1,1,0.50552815
1,1,0.5317296
1,1,0.5496448
1,0,0.48012102
1,1,0.5130591
1,1,0.5006815
1,1,0.51465374
0,1,0.5170659
0,1,0.51012987
1,1,0.5082127
1,1,0.501151
1,0,0.49855876
1,0,0.47388542
1,1,0.50651586
0,1,0.51265407
0,1,0.50011706
0,0,0.4793396
0,0,0.49009895
1,0,0.46418005
1,0,0.4850463
1,0,0.4962716
1,0,0.47950226
1,0,0.49311802
1,1,0.5007869
1,0,0.46723956
1,0,0.47277716
1,0,0.46811408
1,0,0.46869257
1,0,0.46613914
1,0,0.48110342
1,0,0.47561046
1,0,0.46735358
1,0,0.46494138
1,0,0.49155867
1,0,0.4666482
0,0,0.44767368
0,0,0.44289666
0,0,0.38635203
0,0,0.37903216
0,0,0.4218869
0,0,0.4168804
0,0,0.41712868
0,0,0.4329
0,0,0.40579072
1,0,0.41947588
1,0,0.43888995
1,0,0.43715766
1,0,0.41915342
1,0,0.44452503
1,0,0.4258381
0,0,0.44862023
0,0,0.44554466
0,0,0.4362207
0,0,0.4049107
1,0,0.45154345
1,0,0.4385053
1,0,0.44452128
1,0,0.45339525
1,0,0.4487772
0,0,0.47406518
0,0,0.4552121
0,0,0.48012415
0,0,0.4723442
0,1,0.51279765
1,0,0.47421193
1,0,0.45622554
1,0,0.47753984
1,0,0.45057303
1,0,0.47082934
1,0,0.46906602
1,0,0.46787
1,0,0.46309304
1,0,0.4644412
0,0,0.43838593
0,0,0.46820405
0,0,0.47415724
1,0,0.4666379
1,0,0.4592072
1,0,0.46647775
1,0,0.4792429
0,0,0.4771728
0,0,0.43260932
0,0,0.46790227
0,0,0.44444755
1,0,0.41406363
1,0,0.4407935
0,0,0.45520458
1,0,0.462919
1,0,0.43917722
1,0,0.45962548
1,0,0.43193063
1,0,0.46453312
1,0,0.4594996
1,0,0.44278112
1,0,0.4637714
1,0,0.45654655
1,0,0.43057647
1,0,0.44047394
1,0,0.44362453
1,0,0.4086495
1,0,0.44645676
1,0,0.438738
1,0,0.41774452
1,0,0.39862898
1,0,0.38813323
0,0,0.41704026
0,0,0.44216177
1,0,0.42499167
1,0,0.439302
1,0,0.4528291
1,0,0.40025628
1,0,0.41303045
1,0,0.39865506
1,0,0.45310098
1,0,0.41021934
1,0,0.37451485
1,0,0.3688139
0,0,0.31628674
0,0,0.33666173
0,0,0.38403234
0,0,0.4365686
0,0,0.4263661
1,0,0.47920105
1,0,0.40082142
1,0,0.4152601
1,0,0.43776157
1,0,0.47168046
1,0,0.4367007
0,0,0.39882115
0,0,0.41328916
0,0,0.42389706
0,0,0.4501807
1,0,0.45305297
1,0,0.49217546
1,0,0.47849485
0,0,0.48970285
0,0,0.4597968
0,0,0.4494834
0,0,0.3427651
0,0,0.41609555
0,0,0.40778187
0,0,0.4058054
1,0,0.47081098
1,0,0.43001717
1,0,0.46138492
1,1,0.50485307
0,1,0.5285229
0,0,0.4322346
0,0,0.44982603
0,0,0.4472661
0,0,0.44794756
0,0,0.49258968
0,0,0.4682331
0,0,0.46583864
0,0,0.46616286
0,0,0.46071377
0,0,0.47188336
0,0,0.49271876
0,0,0.48382366
1,0,0.49160966
1,0,0.46800563
1,0,0.47393143
1,0,0.4968708
0,0,0.48441496
0,0,0.45756027
0,0,0.47695085
0,0,0.46822518
0,0,0.43824267
0,0,0.46692374
0,0,0.4755747
0,0,0.46901894
0,0,0.39154518
0,0,0.40646026
0,0,0.458493
0,1,0.53625906
1,1,0.52941024
1,1,0.5085357
1,0,0.4737805
1,0,0.4423177
1,1,0.5048781
1,0,0.41962168
0,0,0.41198874
0,0,0.4041548
0,0,0.423724
0,0,0.33850035
0,0,0.43078026
0,0,0.37343433
1,0,0.37926194
1,0,0.36420327
1,0,0.34811872
1,0,0.38361257
0,0,0.38222298
0,0,0.37968236
0,0,0.34360254
0,0,0.36372635
0,0,0.41019702
1,0,0.4116772
0,0,0.45313302
0,0,0.43048367
0,0,0.39270362
0,0,0.40939146
0,0,0.44598895
0,0,0.39679417
0,0,0.406798
0,0,0.40527892
0,0,0.39599532
0,0,0.46397018
0,0,0.46253017
0,1,0.5021293
0,0,0.4550112
0,0,0.46072736
0,0,0.47680432
1,0,0.44903082
1,0,0.47978836
1,0,0.44646078
1,1,0.55293435
1,0,0.47646844
1,0,0.47470152
1,0,0.4707972
1,1,0.5037809
1,0,0.4673475
1,0,0.44461152
1,0,0.4750914
1,0,0.45594642
1,0,0.43582967
1,0,0.4525377
0,0,0.45460653
0,0,0.47391745
0,0,0.46212104
0,0,0.4604265
0,0,0.43543327
0,0,0.44711405
0,0,0.43465137
1,0,0.4543541
1,0,0.4537157
1,0,0.44246298
1,0,0.43724728
1,0,0.4405246
0,0,0.4446772
0,0,0.46427315
0,0,0.43594125
0,0,0.42874387
0,0,0.41339752
1,0,0.43766418
1,0,0.41118878
1,0,0.4064345
1,0,0.434534
1,0,0.4499126
1,0,0.46360028
1,0,0.44455326
1,0,0.47808006
1,0,0.43808082
1,0,0.40307388
1,0,0.43663186
1,0,0.4211693
1,0,0.42564392
1,0,0.42663625
1,0,0.43516922
0,0,0.4243023
1,0,0.3997355
0,0,0.4146727
0,0,0.41283306
0,0,0.41973555
0,0,0.41968414
0,0,0.41536933
0,0,0.41448435
0,0,0.41921267
1,0,0.45806012
1,0,0.46708086
1,0,0.49129906
1,0,0.47666672
1,0,0.48362693
1,0,0.43882185
0,0,0.4739348
0,0,0.4533327
1,0,0.44539675
1,0,0.44539675
1,0,0.45083177
1,0,0.432499
1,0,0.43102258
1,0,0.45518452
0,0,0.40279403
0,0,0.39934236
1,0,0.4200575
1,0,0.41790468
0,0,0.40999967
1,0,0.40979597
0,0,0.41013727
0,0,0.42556086
0,0,0.39807212
0,0,0.43771133
0,0,0.4129273
0,0,0.41687873
0,0,0.41040185
0,0,0.45775864
0,0,0.40178415
0,0,0.42644507
1,0,0.48243102
1,0,0.44786134
0,0,0.45083183
0,0,0.4965562
0,0,0.43766204
0,0,0.39715537
0,0,0.41762125
0,0,0.39878732
0,0,0.406961
0,0,0.4236119
0,0,0.40391016
0,0,0.43616655
1,0,0.4475063
1,0,0.44466063
1,0,0.45122147
1,0,0.45570686
0,0,0.4824365
0,0,0.47622752
1,0,0.42850587
1,0,0.4426967
1,0,0.4322656
1,0,0.430702
1,1,0.5048512
1,0,0.42171958
1,0,0.45185238
1,0,0.48771477
1,0,0.47100842
1,0,0.39698622
1,0,0.4075605
1,0,0.4317906
1,0,0.43381482
0,0,0.42113295
0,0,0.4132005
0,0,0.43641362
0,0,0.420322
0,0,0.40385696
0,0,0.42490512
1,0,0.42557192
1,0,0.39890954
1,0,0.41623762
1,0,0.39855283
0,0,0.44649523
0,0,0.429863
0,0,0.45355812
0,0,0.4525086
0,0,0.43165967
0,0,0.4217636
1,0,0.40582025
1,0,0.41643482
1,0,0.41659364
1,0,0.46282434
1,0,0.43059248
1,0,0.4037858
1,0,0.41926035
0,0,0.41926035
0,0,0.43375427
0,0,0.4312901
1,0,0.43245384
1,0,0.42139402
1,0,0.4185653
1,0,0.42636007
1,0,0.4029808
1,0,0.42727187
0,0,0.37320977
0,0,0.43257844
0,0,0.3827871
0,0,0.4217732
0,0,0.4217732
1,0,0.42302355
1,0,0.41554618
1,0,0.42521796
1,0,0.41224456
1,0,0.43179733
1,0,0.4357192
1,0,0.43532896
1,0,0.38826472
1,0,0.42205712
1,0,0.42314512
1,0,0.42113355
1,0,0.42118979
1,0,0.45184514
1,0,0.41239223
1,0,0.447173
1,0,0.43854243
1,0,0.42449385
0,0,0.48490083
1,0,0.4416194
1,0,0.41664222
1,0,0.4699658
1,0,0.47162706
1,1,0.50547713
1,0,0.43160325
1,0,0.4481777
0,0,0.42417505
0,0,0.41371143
0,0,0.4436815
0,0,0.4423328
0,0,0.44629133
0,0,0.49347866
0,1,0.5564717
0,1,0.536277
0,0,0.49287558
0,0,0.43142933
1,0,0.4068755
1,0,0.3645746
1,0,0.3830028
1,0,0.4123859
1,0,0.36898887
1,0,0.39058518
1,0,0.38974214
1,0,0.36978218
1,0,0.36656597
0,0,0.37750497
0,0,0.39893275
0,0,0.3778446
0,0,0.39333004
0,0,0.43331897
0,0,0.41408613
0,0,0.40481758
0,0,0.4566392
1,0,0.4246598
1,0,0.44546196
1,0,0.4081029
0,0,0.41703355
1,0,0.4378007
1,0,0.42449462
0,0,0.41522622
0,0,0.41425326
1,0,0.40967944
1,0,0.44488806
1,0,0.41184282
1,0,0.4233261
1,0,0.4377656
0,0,0.39245224
0,0,0.42481887
0,0,0.46080142
0,0,0.43729368
0,0,0.46271265
0,1,0.57185346
0,0,0.41950494
0,0,0.44953763
1,0,0.436318
1,0,0.39841542
1,0,0.43525827
1,0,0.48806491
1,0,0.4076929
0,0,0.40483263
0,0,0.41289893
0,0,0.43023083
0,0,0.4107383
0,0,0.42585814
0,0,0.4049864
0,0,0.41596666
0,0,0.44658205
0,0,0.43213606
0,1,0.59784824
0,1,0.6588303
0,1,0.535911
0,1,0.5194086
0,0,0.47599572
0,0,0.47496694
1,1,0.523923
1,1,0.5612091
1,1,0.5550641
1,1,0.56268543
1,1,0.5776484
1,1,0.53110754
1,1,0.5097457
1,0,0.46831864
1,0,0.4637438
1,0,0.4503861
1,0,0.41581
1,0,0.42921662
1,0,0.4152185
1,0,0.41375938
1,0,0.4199671
0,0,0.47531497
0,0,0.42148548
0,1,0.5081094
0,0,0.4604072
0,0,0.3639511
0,0,0.44223914
0,1,0.50794446
0,0,0.38698897
0,0,0.4103108
0,0,0.4071456
0,0,0.39749375
0,0,0.43447664
0,0,0.46918958
0,0,0.44144705
0,1,0.58579713
0,1,0.5928421
0,1,0.5518491
0,1,0.54629606
1,1,0.528166
1,1,0.511664
1,0,0.48553783
0,1,0.533554
0,0,0.42027712
0,1,0.50245297
0,0,0.4350673
1,0,0.4519626
1,0,0.46595043
1,0,0.43896946
1,0,0.46927705
1,0,0.46719632
1,0,0.44483352
1,0,0.45241708
1,0,0.43274996
0,0,0.44452056
0,0,0.39486885
0,0,0.4006796
0,0,0.400385
0,0,0.39224127
0,0,0.4200634
0,0,0.49599355
1,0,0.39655322
1,0,0.46426082
1,0,0.4904836
1,0,0.4499184
1,0,0.46394047
1,0,0.43835837
1,0,0.4818931
1,0,0.41473937
0,0,0.3894691
1,0,0.38397536
1,0,0.39811885
0,0,0.30568936
0,0,0.39109305
1,0,0.39468938
0,0,0.41253373
0,0,0.39851066
0,0,0.44828257
1,0,0.42107478
1,0,0.42688537
1,0,0.4188411
1,0,0.41601422
1,0,0.40690008
0,0,0.45577142
0,0,0.45220065
0,0,0.40446892
0,0,0.41668212
0,0,0.40831894
0,0,0.34962866
0,0,0.43496898
0,0,0.4511776
0,0,0.48934647
0,0,0.48343864
0,0,0.46755686
1,1,0.59048414
1,1,0.51462555
1,0,0.48183784
1,1,0.5011432
1,1,0.5082728
1,0,0.46987858
1,0,0.447911
1,0,0.47481784
1,0,0.4745365
1,0,0.44481558
1,0,0.45294264
1,0,0.45294264
1,0,0.426717
1,0,0.43601915
1,1,0.5147472
1,0,0.44572157
0,1,0.51322836
1,0,0.40028477
1,0,0.4629119
0,0,0.45671824
0,0,0.40942025
0,0,0.46848384
1,0,0.46286368
1,0,0.4663534
1,0,0.4663534
1,0,0.45795023
1,0,0.47709942
0,0,0.46270162
0,0,0.43600866
0,0,0.42597184
0,0,0.4424508
1,0,0.41894516
0,0,0.4618092
1,0,0.4408376
1,0,0.4259605
1,0,0.45890504
1,0,0.43829006
1,0,0.41859597
1,0,0.45120162
1,0,0.4534415
0,0,0.45120162
0,0,0.4522077
1,0,0.45176113
0,0,0.45407668
0,0,0.4352929
0,0,0.43678054
1,0,0.44058222
1,0,0.43350518
1,0,0.41463128
1,0,0.44644696
1,0,0.4518098
1,0,0.47111925
1,0,0.4564061
1,0,0.45685863
1,0,0.46068493
1,0,0.45257178
1,0,0.44501498
1,0,0.45364302
1,0,0.39312005
1,0,0.43452358
1,0,0.3900576
1,0,0.44452724
1,0,0.44146413
0,0,0.44009635
0,0,0.38830942
0,0,0.35605484
1,0,0.373281
1,0,0.43225524
1,0,0.3994545
1,0,0.42019027
1,0,0.41443446
1,0,0.41995248
1,0,0.43302613
1,0,0.3672187
0,0,0.36177522
0,0,0.41371965
0,0,0.41603473
0,0,0.4299143
0,0,0.41068178
0,0,0.48107702
1,0,0.41463825
1,0,0.3979952
0,0,0.4267685
0,0,0.46110427
0,0,0.45265257
0,0,0.4579309
0,0,0.45463067
0,0,0.4353476
0,0,0.46107295
1,0,0.47320157
1,0,0.45653045
1,0,0.46525773
1,0,0.45872787
0,0,0.46434695
0,0,0.44567522
0,0,0.43262333
0,0,0.44772536
0,0,0.455764
0,0,0.47320157
0,0,0.48026258
0,0,0.4134438
1,0,0.47351897
1,0,0.48475805
1,1,0.5052651
1,0,0.473111
1,0,0.46535105
1,0,0.49374372
1,0,0.43649197
1,0,0.45098525
1,0,0.43924224
0,0,0.46377546
0,0,0.45495176
0,0,0.46238452
0,0,0.44688952
0,0,0.4559262
0,0,0.4892237
0,0,0.4728507
1,1,0.53848135
1,1,0.50936186
1,0,0.4743532
1,0,0.44808957
1,0,0.45930716
1,0,0.48988727
0,0,0.49981874
0,0,0.46070406
0,0,0.44679427
1,0,0.4478233
1,0,0.45430288
1,0,0.4435589
1,0,0.45802605
1,0,0.46255904
1,0,0.44736022
0,0,0.48179588
1,0,0.45972013
1,0,0.45218349
1,0,0.3951238
1,0,0.42229712
1,0,0.41824108
1,0,0.42060596
1,0,0.37564674
1,0,0.36233273
1,0,0.3845823
0,0,0.3770098
1,0,0.34117547
1,0,0.3899079
1,0,0.3953718
0,0,0.34467903
0,0,0.38354796
0,0,0.38637152
0,0,0.38359123
0,0,0.40861192
0,0,0.44210237
0,0,0.4841346
0,0,0.46036282
1,1,0.56181955
1,1,0.50508654
1,1,0.50084007
1,1,0.51218665
1,0,0.4693286
1,0,0.44479874
0,1,0.5633219
0,0,0.43805885
0,0,0.44879276
0,0,0.45406562
0,0,0.45606273
0,0,0.44688848
0,0,0.46963388
0,0,0.43688628
1,0,0.45727
1,0,0.47924027
1,0,0.47404686
1,0,0.467078
1,0,0.46761608
1,0,0.46536547
1,0,0.46079585
1,0,0.44520918
1,0,0.42973766
0,0,0.4425514
0,0,0.4387657
0,0,0.44919446
0,0,0.43312347
0,0,0.43983227
0,0,0.43785545
0,0,0.4530757
0,0,0.4566219
0,1,0.5046042
0,0,0.47023052
0,1,0.5497223
0,0,0.43412942
0,0,0.4324888
0,0,0.41066596
0,0,0.48852083
1,0,0.3911136
1,0,0.41320628
1,0,0.38956538
1,0,0.45623595
1,0,0.39778668
0,0,0.41099876
0,0,0.407106
1,0,0.40394837
1,0,0.41616458
0,0,0.41193765
0,0,0.40796232
0,0,0.4261315
0,0,0.41556382
0,0,0.38681814
1,0,0.39666703
0,0,0.41102952
1,0,0.45773444
1,0,0.42257124
0,0,0.44784164
0,0,0.41409382
1,0,0.46546012
1,0,0.41690025
1,0,0.381576
1,0,0.45438954
0,0,0.47233436
0,0,0.3962009
0,0,0.4465154
0,0,0.3967567
0,0,0.38712376
0,1,0.52036923
0,0,0.47208735
1,1,0.5748048
1,1,0.55199045
1,1,0.5300777
1,0,0.45029545
1,1,0.51103514
1,0,0.42144042
1,0,0.42253458
1,0,0.41462937
1,0,0.40990207
1,0,0.4123139
1,0,0.41327712
1,0,0.4241455
1,0,0.41842797
1,0,0.41281375
1,0,0.3983778
1,0,0.4275948
1,0,0.38090926
1,0,0.45090356
1,0,0.40714687
1,0,0.38819814
1,0,0.40880287
1,0,0.3684945
1,0,0.36340755
1,0,0.36994568
1,0,0.3694183
1,0,0.3919798
0,0,0.45054173
0,1,0.51408523
0,0,0.36874
0,0,0.4440514
0,0,0.43096194
1,0,0.47393608
1,0,0.47116962
1,0,0.3929265
1,0,0.41120997
1,0,0.38140804
0,0,0.39337498
0,0,0.37098327
0,0,0.36241567
0,0,0.439642
1,0,0.42000386
0,0,0.43333176
0,0,0.39309013
0,0,0.4526253
0,0,0.42920688
0,0,0.49998462
0,0,0.49668628
1,0,0.4693802
1,0,0.3898599
1,0,0.4094755
1,1,0.50264174
0,0,0.4320631
0,0,0.37503216
0,0,0.40787074
0,0,0.4357378
0,0,0.36626166
1,0,0.35257578
1,0,0.42748317
1,0,0.44020241
0,0,0.40528044
0,0,0.39711094
1,0,0.3955105
1,0,0.42142382
1,0,0.43209288
1,0,0.40513134
1,0,0.4077794
1,0,0.42787006
1,0,0.43909606
1,0,0.45351025
1,0,0.4323909
1,0,0.49586993
1,1,0.5024355
0,0,0.4851153
0,0,0.4786
0,0,0.4913552
0,0,0.43991882
0,1,0.5089857
0,0,0.42543334
0,0,0.4530266
0,0,0.45726216
0,0,0.43852776
0,0,0.44709274
0,0,0.4290149
0,0,0.39861077
0,0,0.43484738
0,0,0.44052336
0,0,0.44748208
0,0,0.44826245
0,0,0.41680172
0,0,0.44943994
1,0,0.46639466
1,0,0.4621024
1,0,0.4176311
1,0,0.43095315
1,0,0.3993418
0,1,0.503376
0,0,0.44796926
0,0,0.42994535
0,0,0.43776304
0,0,0.4346918
0,0,0.41115215
0,0,0.41908023
0,0,0.43500572
1,0,0.3934005
1,0,0.43089974
1,0,0.45640913
1,0,0.45715123
1,0,0.41853648
1,0,0.442519
0,0,0.4242831
0,0,0.42398342
1,0,0.41138262
0,0,0.42655706
1,0,0.4021741
1,0,0.40570378
1,0,0.3985564
1,0,0.4538712
1,0,0.42366847
1,0,0.43696728
1,0,0.41914538
1,0,0.4406355
1,0,0.3963973
1,0,0.43910497
0,0,0.4283542
1,0,0.4745255
1,0,0.47106358
1,0,0.4664725
1,0,0.4721413
1,0,0.41269654
0,0,0.41198605
0,0,0.45558864
0,0,0.4350819
0,0,0.4306469
0,0,0.4380109
1,0,0.4022974
1,0,0.44310254
0,0,0.3865357
0,0,0.41204157
0,0,0.40501776
0,0,0.42364132
0,0,0.44184676
1,0,0.44032645
1,0,0.4591991
1,0,0.405879
1,0,0.41197425
1,0,0.40387577
1,0,0.42096835
1,0,0.4131646
1,0,0.4409041
0,0,0.4353869
1,0,0.42113605
0,0,0.4142628
0,0,0.4328698
0,0,0.4100909
0,0,0.41076156
0,0,0.399051
0,0,0.3964222
0,0,0.42792243
0,0,0.43354887
0,0,0.4487001
1,0,0.44068938
1,0,0.41298524
1,0,0.42507747
1,0,0.42575914
1,0,0.42797866
1,0,0.3997611
0,0,0.4409041
0,0,0.44778877
0,0,0.43489635
1,0,0.42123142
1,0,0.4414726
0,0,0.42887026
0,0,0.3963789
1,0,0.4125926
0,0,0.4358534
0,0,0.42657563
0,0,0.41598472
0,0,0.40534726
0,0,0.41646913
0,0,0.41388556
0,0,0.45059815
0,0,0.42671958
0,0,0.4460103
0,0,0.39395115
0,0,0.4296283
1,0,0.45071682
1,0,0.45786536
1,0,0.39612037
1,0,0.4014396
1,0,0.4067303
1,0,0.40776774
1,0,0.41377035
0,0,0.4328831
0,0,0.4390708
0,0,0.42023525
0,0,0.4170889
0,0,0.4109514
0,0,0.41396707
0,0,0.40060094
1,0,0.4052189
0,0,0.43018705
0,0,0.42167327
0,0,0.41312307
1,0,0.36097565
0,0,0.4172018
0,0,0.3676825
0,0,0.3923435
0,0,0.38226512
1,0,0.39072654
0,0,0.39493328
1,0,0.42440516
0,0,0.4261462
0,0,0.38450265
0,0,0.37678754
0,0,0.39173812
0,0,0.3789485
0,0,0.3791962
0,0,0.39520085
1,0,0.42287293
0,0,0.42381844
1,0,0.39930552
0,0,0.4090504
0,0,0.42732218
0,0,0.3670687
0,0,0.38938323
0,0,0.4360569
0,0,0.44133446
1,0,0.46302876
1,0,0.43829963
1,0,0.417436
1,0,0.41627577
1,0,0.3890756
1,0,0.40174803
1,0,0.40926373
0,0,0.40899828
0,0,0.41197687
0,0,0.39930362
0,0,0.40294525
0,0,0.39941746
1,0,0.46691984
1,0,0.41259527
1,0,0.4392152
1,0,0.45579088
1,1,0.5278234
0,0,0.44169888
0,0,0.4462731
0,0,0.43726432
0,0,0.45313445
1,0,0.43474615
1,0,0.46121186
1,0,0.47282284
1,0,0.49000904
1,0,0.46544108
0,0,0.38904786
0,0,0.40914395
0,0,0.43665227
1,0,0.4456099
1,0,0.4614709
1,1,0.514576
1,0,0.4758808
0,0,0.49421456
1,0,0.4425289
1,0,0.44978833
1,0,0.46102116
1,0,0.48188812
1,0,0.44832513
1,0,0.46342638
1,0,0.45081505
1,0,0.45403248
1,0,0.39027673
1,0,0.37315798
0,0,0.3970244
0,0,0.39010975
1,0,0.31975344
1,0,0.36467433
1,0,0.24035281
1,0,0.41958648
1,0,0.39134923
1,0,0.3031193
0,0,0.34752986
0,0,0.34625244
0,0,0.35570204
0,0,0.34698895
0,0,0.4039075
1,1,0.5522953
1,1,0.5041438
1,0,0.43098542
1,1,0.5046972
0,0,0.482261
0,0,0.43550438
0,0,0.4623685
0,0,0.44762868
0,0,0.46096978
1,1,0.5018825
1,1,0.50973076
0,1,0.53707695
1,1,0.5316347
0,1,0.5260849
0,0,0.44519883
0,0,0.42307562
1,0,0.46753645
1,0,0.41916192
1,0,0.4297794
0,0,0.29770482
1,0,0.38298082
0,0,0.3809029
0,0,0.3497304
0,0,0.40823862
0,0,0.4316881
0,0,0.41081053
0,0,0.41549852
0,0,0.4182721
1,0,0.48940197
1,0,0.43929756
0,0,0.45577094
0,0,0.41421068
0,0,0.43688864
0,0,0.41952363
0,0,0.4046643
0,0,0.43072984
0,0,0.39661008
0,0,0.41112664
0,0,0.4512172
0,0,0.40393135
0,0,0.42579198
1,0,0.47519115
1,0,0.47583687
0,0,0.47670048
0,0,0.49987438
0,0,0.44305885
0,1,0.5159077
0,0,0.45606482
0,0,0.45729417
0,0,0.48792666
0,0,0.48840818
1,0,0.47063503
1,0,0.48567873
0,1,0.5573707
0,1,0.5502957
0,0,0.45965075
0,1,0.5308477
0,0,0.47065234
1,1,0.50987244
1,0,0.444752
1,0,0.40554056
0,1,0.5319202
1,0,0.4317898
1,1,0.5190163
1,1,0.5305978
1,1,0.5069783
1,0,0.49836984
1,0,0.49041292
1,1,0.5054333
0,1,0.5218078
1,0,0.48186597
0,0,0.4818623
0,0,0.47097367
0,0,0.44479606
0,0,0.44342315
0,0,0.42429942
1,0,0.45214266
0,0,0.44344255
0,0,0.41403553
0,0,0.41192147
0,0,0.4174291
0,0,0.42461425
0,0,0.42334226
1,0,0.4271622
1,0,0.404152
1,0,0.4804254
1,0,0.43754572
1,0,0.4290741
1,0,0.4659231
0,0,0.44100323
1,0,0.45547467
1,0,0.44214526
1,0,0.4498532
1,0,0.44948322
1,0,0.4862367
1,0,0.4388987
1,0,0.45527008
1,0,0.44146025
1,0,0.41909796
0,0,0.41185802
0,0,0.41338244
1,0,0.41382986
1,0,0.4282671
1,0,0.39739078
1,0,0.42912704
1,0,0.45100412
1,0,0.44124362
1,0,0.44149193
1,0,0.39365587
1,0,0.40280285
1,0,0.41011658
1,0,0.38916785
1,0,0.38339376
1,0,0.37389484
1,0,0.35347438
1,0,0.36920828
1,0,0.3884887
0,0,0.40479285
0,0,0.36994186
0,0,0.42967004
0,0,0.40887314
0,0,0.39145783
1,0,0.3883128
1,0,0.40043846
1,0,0.3864299
1,0,0.41921395
1,0,0.39585635
0,0,0.37748462
0,0,0.41347146
1,0,0.38629708
1,0,0.39628556
1,0,0.37787837
1,0,0.39222348
1,0,0.382438
1,0,0.38903856
1,0,0.39391252
1,0,0.3697205
1,0,0.36555064
1,0,0.39413515
1,0,0.39609233
1,0,0.3854273
1,0,0.49744204
1,0,0.37713522
1,0,0.37820533
1,0,0.4097113
1,0,0.43293583
1,0,0.42067724
1,0,0.37889728
1,0,0.42125908
1,0,0.43734503
1,0,0.44088742
1,0,0.3970787
0,0,0.45131376
1,0,0.44502825
0,0,0.3927645
1,0,0.36946318
0,0,0.3587684
0,0,0.45175365
0,0,0.42633775
1,0,0.47049448
0,0,0.36869144
1,1,0.51548916
1,0,0.4535026
1,0,0.473294
0,0,0.40926036
0,0,0.48102427
0,0,0.40763012
0,0,0.4119248
0,0,0.43837807
0,0,0.43553165
0,0,0.42982274
0,0,0.43019164
0,0,0.42259368
0,0,0.4480667
0,0,0.39657927
0,0,0.39509958
0,0,0.37980533
0,0,0.43128228
0,0,0.38553196
0,0,0.39090934
1,0,0.43189636
1,0,0.49022645
1,0,0.39737543
1,0,0.3855192
1,0,0.41599163
1,0,0.37895912
0,0,0.3994697
0,0,0.39596376
0,0,0.3980185
0,0,0.3854543
0,0,0.4003872
1,0,0.39610636
1,0,0.42867908
1,0,0.39800403
0,0,0.41877168
0,0,0.400509
0,0,0.38346407
1,0,0.38859507
1,0,0.38995916
0,0,0.4009873
0,0,0.4056396
0,0,0.393237
1,0,0.40054908
1,0,0.40290594
1,0,0.3967549
1,0,0.46159396
1,0,0.4029695
0,0,0.38618618
0,0,0.40087953
0,0,0.40946972
0,0,0.394225
1,0,0.4024009
1,0,0.42480946
1,0,0.40986133
1,0,0.4254957
1,0,0.3638805
1,0,0.38620302
0,0,0.46077752
0,0,0.39985362
0,0,0.38753432
0,0,0.43777427
1,0,0.40089777
1,0,0.4181319
1,0,0.3983125
1,0,0.43423215
1,0,0.43091777
1,0,0.40123406
1,0,0.3903025
0,0,0.39105746
0,0,0.36679715
0,0,0.36943305
0,0,0.38710353
0,0,0.3775188
0,0,0.41257024
0,0,0.41784418
0,0,0.4079079
0,0,0.49156928
0,0,0.45208552
1,1,0.5408962
1,0,0.46857795
0,0,0.48545623
0,0,0.41418648
1,1,0.5063999
1,0,0.41437078
1,0,0.3825018
1,0,0.43112642
1,0,0.450625
1,0,0.4405602
1,0,0.4459664
1,0,0.46068665
1,0,0.41184646
0,0,0.44200796
0,0,0.36086112
0,0,0.321187
0,0,0.41981125
0,0,0.43508154
0,0,0.41418695
0,0,0.46505645
0,0,0.46920037
0,1,0.5612403
0,0,0.47352087
0,0,0.4814141
0,0,0.47344038
0,1,0.59862834
0,0,0.47719392
0,1,0.57698417
0,0,0.47481784
0,0,0.49778658
0,0,0.46100834
0,1,0.5185034
1,1,0.5055365
1,1,0.54600346
1,1,0.5062175
1,1,0.52037126
1,1,0.519361
1,0,0.49475262
1,0,0.48855338
1,0,0.48391786
0,1,0.5384752
0,0,0.48789686
0,0,0.4892444
0,0,0.47428203
0,0,0.46940285
1,1,0.5254448
1,0,0.49482006
1,1,0.52155197
1,0,0.47104228
1,1,0.5241276
1,1,0.51761174
1,0,0.46267486
0,0,0.47462475
1,0,0.4617877
1,0,0.46812657
1,0,0.48048505
1,0,0.48200613
1,0,0.47359845
1,0,0.48938358
1,0,0.43184802
0,0,0.4662375
0,0,0.34171614
0,0,0.28893504
0,0,0.34502572
0,0,0.35472342
0,0,0.41548744
1,0,0.42763656
1,0,0.47748765
1,0,0.39483264
1,0,0.43362623
0,0,0.4446866
0,0,0.45642164
0,0,0.41159955
0,0,0.44447064
0,0,0.41970313
1,0,0.44532225
0,0,0.4557315
0,0,0.4453037
0,0,0.44430345
0,0,0.44312108
0,0,0.45719945
0,0,0.3957101
0,0,0.45577782
0,1,0.52178556
0,0,0.45487243
0,0,0.49355257
0,0,0.44911915
0,0,0.4555928
0,0,0.46910384
0,1,0.51085854
0,0,0.4547787
0,0,0.4853286
1,1,0.6138625
1,1,0.52512175
1,1,0.65888244
1,1,0.5292796
1,0,0.49469906
1,0,0.49269018
1,0,0.45837805
1,0,0.452295
1,0,0.47923565
1,0,0.47091243
1,0,0.4377127
1,0,0.45316422
1,0,0.46741503
1,0,0.42339072
1,0,0.44975927
1,0,0.45358032
1,0,0.44643897
1,0,0.4004535
0,0,0.3739623
0,0,0.39119738
0,0,0.40941864
0,0,0.37699088
0,0,0.4417523
1,0,0.45107454
1,0,0.4376097
0,0,0.44563594
0,0,0.4394927
0,0,0.4659056
0,0,0.43565714
1,0,0.42418706
1,0,0.43369493
1,0,0.49213776
1,0,0.47925186
1,0,0.4541891
0,0,0.44904852
0,0,0.41881934
0,0,0.3870727
0,0,0.4210775
0,0,0.39778194
0,0,0.44091457
0,0,0.42481175
0,0,0.40962055
0,0,0.45075378
0,0,0.45191655
0,0,0.45275527
1,1,0.5006371
0,1,0.5050182
1,0,0.43905213
1,0,0.4578147
1,0,0.4651906
1,0,0.45019332
1,0,0.44728547
1,0,0.46135744
0,0,0.409449
1,0,0.43393955
1,0,0.44532612
1,0,0.42993706
1,0,0.4383338
1,0,0.4599407
1,0,0.44188383
1,0,0.44753927
1,0,0.43166178
1,0,0.4510692
1,0,0.45719787
1,0,0.45895848
1,0,0.35046902
1,0,0.4341154
1,0,0.33481604
1,0,0.43870893
1,0,0.40168723
1,0,0.39164186
0,0,0.3449411
0,0,0.46945804
0,0,0.33474985
0,0,0.34444892
0,0,0.37218305
0,0,0.45261574
0,0,0.4479123
1,0,0.4495096
1,0,0.4766675
1,0,0.40479752
1,0,0.42744383
1,0,0.4158536
0,0,0.43404806
1,0,0.441364
1,0,0.3837475
1,0,0.3950577
1,0,0.41532737
1,0,0.41971394
0,0,0.4522123
0,0,0.34902146
1,0,0.40523583
1,0,0.41147992
0,0,0.4206754
0,0,0.39908412
0,0,0.41139576
0,0,0.4202841
0,0,0.42078575
0,0,0.48624426
0,0,0.41289964
0,0,0.4186288
0,0,0.4808377
0,0,0.41789412
0,0,0.46249384
1,0,0.42778394
0,0,0.41381428
1,0,0.39804336
1,0,0.45076585
1,0,0.3850603
0,0,0.38663256
0,0,0.39064947
0,0,0.41534704
0,0,0.40725282
0,0,0.41975445
0,0,0.43643504
0,0,0.49862158
0,0,0.46268266
0,0,0.46585563
1,0,0.4870048
1,0,0.46758318
1,0,0.44187146
1,0,0.43191582
1,0,0.42190292
0,0,0.48401493
0,0,0.4645717
0,0,0.4677861
0,0,0.4738497
0,0,0.43701875
1,0,0.4873612
1,0,0.48952612
1,0,0.45505226
1,0,0.46924657
1,0,0.4398179
0,0,0.45000562
1,0,0.443474
1,0,0.4460782
1,0,0.44537774
1,0,0.4553598
1,0,0.46797618
1,0,0.47871968
1,0,0.47225037
1,0,0.46050465
1,0,0.46178007
1,0,0.41349036
0,0,0.39526778
0,0,0.40235996
0,0,0.40680292
0,0,0.42135307
0,0,0.45590767
0,1,0.57296646
0,1,0.50786453
0,0,0.4753888
1,0,0.4995599
0,0,0.48779678
1,1,0.5174487
1,0,0.44602594
1,0,0.3839766
1,0,0.37202573
1,0,0.3586584
1,0,0.4749944
1,0,0.4139142
1,0,0.37414908
1,0,0.40358046
1,0,0.40097174
1,0,0.45111665
1,0,0.45755178
1,0,0.39669716
1,0,0.3823507
0,0,0.39816666
0,0,0.37070215
0,0,0.39629278
0,0,0.3968101
0,0,0.36411715
1,0,0.48698336
0,1,0.5055897
0,1,0.5118761
1,1,0.53593814
1,0,0.48432192
0,0,0.45240054
0,0,0.48849806
0,0,0.41506335
0,0,0.38111922
0,0,0.4510077
0,0,0.40276358
0,0,0.45781285
0,0,0.4249758
0,0,0.43416572
1,0,0.42352745
0,0,0.39010426
1,0,0.3901733
1,0,0.392024
1,0,0.47766352
1,0,0.4502921
1,0,0.4194984
0,0,0.41169408
0,0,0.39481172
0,0,0.3947096
0,0,0.34154308
0,0,0.36933187
1,0,0.38965893
1,0,0.34324524
1,0,0.34746718
0,0,0.40276444
0,0,0.46768975
0,0,0.41834813
0,0,0.4126102
0,0,0.39651614
0,0,0.4040035
0,0,0.4275934
0,0,0.44812754
0,0,0.4510607
0,0,0.39025825
0,0,0.46134242
0,0,0.40452346
0,0,0.42745692
0,0,0.391479
0,0,0.39012638
0,0,0.44981384
0,0,0.471993
0,1,0.51957923
0,1,0.55106044
1,1,0.50834185
1,0,0.48240277
1,0,0.49358132
1,0,0.4397592
1,0,0.44578877
1,0,0.3919979
0,0,0.442781
0,0,0.36390898
0,0,0.42324418
0,0,0.3822585
0,0,0.36078265
0,0,0.39160872
0,0,0.38436213
0,0,0.421314
1,0,0.42255974
1,1,0.531158
1,0,0.47148028
1,1,0.5222092
1,1,0.5154412
1,0,0.42170647
0,0,0.4838673
0,0,0.4438576
0,0,0.45862234
0,0,0.4153176
1,0,0.38238138
1,0,0.46437204
0,1,0.50615066
1,0,0.43923524
1,0,0.43369406
0,0,0.46814418
0,0,0.4182537
0,0,0.35493806
0,0,0.42892233
0,0,0.4350134
0,0,0.46115953
1,0,0.40419883
1,0,0.42335844
0,0,0.49681264
1,0,0.449474
1,0,0.37466335
1,0,0.427015
1,0,0.38681608
1,0,0.3945774
0,0,0.48263052
0,0,0.46100026
0,0,0.46234244
0,0,0.45122933
0,0,0.4116764
0,0,0.45343813
0,0,0.45302248
0,0,0.40450466
0,0,0.38174602
1,0,0.38964528
0,0,0.46433607
1,0,0.46259668
1,0,0.43689084
1,0,0.43885624
1,0,0.4267592
1,0,0.4748007
1,0,0.4429496
0,0,0.42167222
0,0,0.45223728
0,0,0.4009342
0,0,0.41923892
0,0,0.38413256
0,0,0.433913
0,0,0.427153
0,0,0.4443643
0,0,0.42536718
0,0,0.3976813
0,0,0.39380148
1,0,0.37932095
1,0,0.44854107
1,0,0.4357819
0,0,0.42850152
1,0,0.4469983
0,0,0.4034846
0,0,0.38979056
0,0,0.37959257
0,0,0.3851597
0,0,0.3614594
0,0,0.38344067
0,0,0.41388667
0,0,0.41031602
0,0,0.37293914
0,0,0.4026135
0,0,0.3598117
0,0,0.35736394
0,0,0.3602973
0,0,0.39884716
0,0,0.37330645
0,0,0.4128811
0,0,0.34580198
0,0,0.33403784
0,0,0.36455142
1,0,0.40559986
1,0,0.4047966
1,0,0.35679704
0,0,0.36657256
0,0,0.41535625
0,0,0.42935503
0,0,0.40517947
0,0,0.42775938
1,0,0.42936605
0,0,0.4331262
0,0,0.37989166
0,0,0.44749227
1,0,0.36885637
0,0,0.4170561
1,0,0.39240777
1,0,0.3812555
1,0,0.3840349
1,0,0.42408937
1,0,0.35938776
0,0,0.4351155
1,0,0.42045748
1,0,0.44358277
1,0,0.43699953
1,0,0.43391973
1,0,0.37876022
0,0,0.44179708
1,0,0.46410826
1,0,0.41834405
1,0,0.41899514
1,0,0.42465094
1,0,0.3517632
1,0,0.43738616
1,0,0.44038332
1,0,0.40387693
1,0,0.41355714
0,0,0.46156573
0,0,0.44811198
0,0,0.4608318
0,0,0.40733737
0,0,0.42307293
0,0,0.380393
0,0,0.38682637
1,0,0.40370706
0,0,0.45880002
1,0,0.40386903
1,0,0.44354627
1,0,0.3870063
1,0,0.39616483
1,0,0.35945356
1,0,0.4506584
1,0,0.4144079
1,0,0.41138002
1,0,0.4152657
1,0,0.42654595
1,0,0.43229514
1,0,0.46145105
1,0,0.4159948
1,0,0.37728202
1,0,0.41202798
1,0,0.4784013
0,0,0.417258
1,0,0.41745108
1,0,0.42738688
0,0,0.42262003
0,0,0.4353324
1,0,0.42111608
0,0,0.4302252
1,0,0.42028803
0,0,0.40451434
0,0,0.43653998
1,0,0.38446248
0,0,0.4447091
0,0,0.47068352
0,0,0.46540827
0,0,0.41772875
0,0,0.43133506
0,0,0.41190955
0,0,0.46425033
0,0,0.42026564
0,0,0.41331035
0,0,0.42547306
0,0,0.3678604
0,0,0.39046413
0,0,0.4356031
1,0,0.43026808
1,0,0.41794315
1,0,0.42604777
1,0,0.4163071
1,0,0.3861222
1,0,0.422957
1,0,0.4301106
0,0,0.4648446
0,0,0.4118622
0,0,0.4308347
0,0,0.4148637
0,0,0.43231043
0,0,0.4386094
1,0,0.43763518
1,0,0.44931874
1,0,0.455584
1,0,0.38795584
1,0,0.40513527
0,0,0.4377399
1,0,0.3817714
1,0,0.4061281
1,0,0.41082317
1,0,0.4345667
1,0,0.4258244
0,0,0.48263052
0,0,0.45634317
0,0,0.42132857
0,0,0.40166047
0,0,0.44999322
0,0,0.4069267
0,0,0.46737963
0,0,0.44203967
0,0,0.4536576
0,0,0.46760732
1,0,0.46545196
0,0,0.4068928
0,0,0.3972623
0,0,0.43034497
0,0,0.42646146
0,0,0.3786961
0,0,0.46594355
0,0,0.43430042
0,0,0.45573467
1,0,0.4164243
1,0,0.36694744
1,0,0.39721444
0,0,0.43480584
1,0,0.36975262
1,0,0.43507582
0,0,0.41234905
0,0,0.412053
0,0,0.3579415
1,0,0.3902973
1,0,0.35961568
0,0,0.3390696
0,0,0.38746887
0,0,0.35651025
0,0,0.43682313
0,0,0.3807207
0,0,0.4035384
0,0,0.38056374
0,0,0.40365425
0,0,0.29365858
0,0,0.32844362
0,0,0.42397273
0,0,0.3894432
1,1,0.5462239
0,0,0.42147693
0,1,0.545154
1,1,0.52969915
1,1,0.56206244
1,0,0.45989984
1,0,0.4749511
1,0,0.47988474
1,0,0.4071818
1,0,0.30510497
0,0,0.24659066
0,0,0.3412795
1,0,0.36299598
1,0,0.35590956
1,0,0.39035636
1,0,0.43533605
1,0,0.43208006
1,0,0.44612652
0,0,0.4333288
0,0,0.43089452
0,0,0.30692875
0,0,0.342805
0,0,0.3992921
1,0,0.4115586
1,0,0.4959424
1,1,0.579052
1,1,0.6106337
1,1,0.522071
0,0,0.4339593
0,0,0.3941944
0,0,0.33505064
0,0,0.3619325
0,0,0.3342776
0,0,0.49416146
0,0,0.42553452
0,0,0.45462477
0,0,0.47656783
1,0,0.4964379
1,1,0.57972836
1,1,0.51070344
1,1,0.5416389
0,1,0.53191495
0,1,0.5186362
0,0,0.48393068
0,0,0.45844588
0,0,0.45429146
0,0,0.4927064
1,1,0.50305533
1,1,0.5445601
1,1,0.5574797
1,1,0.57393324
1,1,0.5114253
0,1,0.5080618
0,1,0.5259835
0,1,0.50750494
0,1,0.5134985
1,1,0.50100267
0,1,0.5101693
0,1,0.5437679
0,1,0.5369836
0,1,0.51068974
1,1,0.5485203
0,1,0.51308143
0,1,0.5352575
1,1,0.5262937
0,1,0.52372044
0,1,0.51695997
0,1,0.51088345
1,1,0.50449157
1,0,0.49168485
1,1,0.50774664
1,1,0.52309453
1,0,0.48894292
1,0,0.49071246
1,0,0.49869913
0,0,0.4983732
0,0,0.48873252
0,0,0.467306
0,0,0.46591687
0,0,0.4799557
0,0,0.46442088
0,1,0.52732944
0,1,0.5324468
0,1,0.56912255
0,1,0.5126914
0,1,0.52167124
0,1,0.5305863
0,1,0.65720034
0,1,0.5903064
1,1,0.53957397
1,1,0.51920074
1,1,0.5627103
1,1,0.6108492
1,1,0.678544
1,0,0.445017
1,0,0.41148534
0,0,0.3740369
0,0,0.4606495
0,0,0.33795086
0,0,0.2870341
0,0,0.35315418
0,0,0.49109524
0,0,0.45902818
0,0,0.45205852
0,0,0.46902668
0,1,0.5323897
1,1,0.51516557
1,1,0.62463117
1,1,0.53300065
1,1,0.5251756
1,0,0.47626534
1,0,0.49062085
0,0,0.4661844
1,0,0.46336982
1,0,0.4787377
1,0,0.48838818
1,0,0.48460245
1,0,0.48720092
1,0,0.4642003
1,0,0.48767823
1,0,0.476748
0,0,0.4302213
1,0,0.4617264
1,0,0.47819403
1,0,0.43998137
1,0,0.4326225
1,0,0.45490783
1,0,0.42270347
1,0,0.45706177
0,0,0.41808483
0,0,0.44259483
0,0,0.42942905
0,0,0.43790236
0,0,0.4477197
0,0,0.49333262
0,0,0.48811388
0,0,0.4719486
0,0,0.4888089
0,1,0.5029906
0,0,0.47560507
1,1,0.50647295
1,1,0.51300246
1,0,0.48419642
1,0,0.49959585
0,0,0.49328992
0,0,0.4991788
0,0,0.4965448
1,0,0.48726273
1,0,0.48904634
1,0,0.48133227
1,0,0.48532647
1,0,0.49347585
0,1,0.50742257
1,0,0.48133206
0,0,0.49499214
0,0,0.48347798
1,0,0.4776657
1,0,0.4990676
1,0,0.4796095
1,0,0.49451685
1,0,0.48215938
1,0,0.4658933
1,0,0.45816785
1,0,0.47908172
1,0,0.45755383
1,0,0.38983038
1,0,0.442587
1,0,0.4391629
0,0,0.43576184
0,0,0.44759974
0,0,0.4252973
1,0,0.41332778
1,0,0.4578955
1,0,0.438838
1,0,0.44760975
1,0,0.45643067
1,0,0.43669534
0,0,0.42265674
0,0,0.41615987
1,0,0.42177776
1,0,0.4173749
1,0,0.4179098
1,0,0.413803
1,0,0.4246329
0,0,0.41263187
0,0,0.42437238
0,0,0.4367713
1,0,0.4223746
1,0,0.419968
1,0,0.43080175
1,1,0.5140873
1,0,0.45802686
0,0,0.42468038
0,0,0.335834
0,0,0.44683948
0,0,0.41750258
0,0,0.4403404
0,0,0.46542975
0,0,0.48907718
0,0,0.46960855
0,0,0.45045987
0,0,0.4754278
0,0,0.48142746
0,0,0.46270227
0,0,0.44999197
0,0,0.4471235
0,1,0.520607
0,0,0.47113988
0,0,0.46400228
1,0,0.48025686
0,0,0.48294652
1,0,0.4663625
1,0,0.4809601
0,0,0.4152649
1,0,0.4659271
1,0,0.47492942
1,0,0.4659389
1,0,0.44708082
1,0,0.47503382
1,0,0.46343744
1,0,0.47301123
0,0,0.44569436
1,0,0.4632244
1,0,0.47909442
0,0,0.47732702
0,0,0.48103535
1,0,0.49480888
1,0,0.47966698
1,0,0.47058558
1,0,0.49461028
1,0,0.49512795
1,0,0.45851594
1,0,0.4763955
1,0,0.46586078
1,0,0.4567049
1,0,0.45913604
1,0,0.4589431
1,0,0.46108058
0,0,0.43931466
1,0,0.43279114
0,0,0.4278455
0,0,0.44982055
0,0,0.45314533
0,0,0.4523695
0,0,0.44348016
0,1,0.5414433
1,1,0.5745736
1,0,0.47518197
1,0,0.48692346
0,0,0.47902498
0,0,0.46668902
0,0,0.4476522
0,0,0.43509927
0,0,0.4435004
0,0,0.45302823
0,0,0.46421632
0,0,0.43394366
0,0,0.45762536
0,0,0.47429654
0,0,0.47974735
1,0,0.4897323
1,0,0.4526487
1,0,0.4749362
1,0,0.49163163
1,1,0.51158446
1,0,0.47351533
1,0,0.46405607
0,0,0.4810883
0,0,0.3813871
0,0,0.45048213
0,0,0.46165168
0,0,0.46250916
0,0,0.4397288
0,0,0.49070236
0,0,0.4834569
0,0,0.43954164
0,0,0.43467668
1,0,0.413072
1,0,0.44779116
1,0,0.47581074
1,0,0.46284
1,0,0.4502016
1,0,0.44939512
0,0,0.4156272
0,0,0.28807396
1,0,0.35408184
0,0,0.2408907
1,0,0.30522954
1,0,0.2227835
1,0,0.33512002
1,0,0.381042
1,0,0.3650036
1,0,0.36433846
1,0,0.3743022
1,0,0.3710471
0,0,0.37799174
0,0,0.43754333
0,0,0.41433814
0,0,0.406601
0,0,0.4225591
0,0,0.42500374
0,0,0.45667753
0,0,0.40825993
0,0,0.4150751
0,1,0.5021577
0,0,0.45578143
0,0,0.47183377
0,0,0.4346932
0,0,0.47432423
0,0,0.4362189
0,1,0.5811413
0,1,0.5140229
0,1,0.520763
0,1,0.5152493
1,1,0.537895
1,1,0.5920639
1,1,0.5171359
1,1,0.52698433
1,0,0.4622612
0,0,0.45455405
0,0,0.444002
0,0,0.4569082
1,0,0.4563131
1,0,0.44848937
1,0,0.42971134
1,0,0.43919137
1,0,0.46262679
1,0,0.45462358
1,0,0.46350273
1,0,0.44559753
1,0,0.4405405
1,0,0.45633316
1,0,0.44393685
1,0,0.44198173
1,0,0.4208718
1,0,0.39730647
1,0,0.42859164
1,0,0.43883663
1,0,0.4488355
1,0,0.44751635
1,0,0.43961194
0,0,0.4423776
0,0,0.44081944
0,0,0.46498916
0,0,0.40333545
1,0,0.46553
1,0,0.49773774
1,1,0.5066512
1,0,0.4982384
1,0,0.47790733
1,0,0.46464047
0,0,0.47706068
0,0,0.4068508
0,0,0.43031037
0,0,0.3423494
0,0,0.31695664
0,0,0.3102834
0,0,0.36946976
0,0,0.3807087
0,0,0.31603807
0,0,0.33426318
0,0,0.2996751
0,0,0.47766915
0,0,0.45740268
0,0,0.47400334
0,0,0.4624145
0,0,0.46776128
0,0,0.49331445
0,0,0.41854727
0,0,0.41793987
0,0,0.45613614
1,0,0.4559548
1,1,0.55918604
1,1,0.5385652
0,1,0.50100756
0,0,0.48978773
0,0,0.48642537
1,0,0.43839067
1,0,0.44626594
1,0,0.44105127
1,0,0.4418158
1,0,0.45664605
1,0,0.447073
1,0,0.46764112
1,0,0.44909155
1,0,0.44639876
1,0,0.47437906
1,0,0.47416905
1,0,0.4743432
1,0,0.42532662
1,0,0.43949732
0,0,0.43841106
0,0,0.4449225
0,0,0.44576925
0,0,0.4262225
0,0,0.41374055
0,0,0.4298453
0,0,0.4282614
0,0,0.44079104
0,0,0.44786847
0,0,0.4446757
1,0,0.45144543
1,0,0.4689481
1,0,0.4552749
1,0,0.44918275
1,0,0.456888
0,0,0.45394835
1,0,0.44663048
0,0,0.46615684
0,0,0.4549185
0,0,0.46346265
0,0,0.45449448
0,0,0.4661647
0,0,0.4533033
0,0,0.4503
0,0,0.4565164
0,0,0.48622903
0,0,0.49059522
1,0,0.45363566
1,0,0.4521673
1,0,0.45400614
1,0,0.44309926
1,0,0.47040832
1,0,0.47585517
0,0,0.4593916
0,0,0.47412091
0,0,0.4760289
1,0,0.46868226
1,0,0.43665797
1,0,0.44888747
1,0,0.4654897
1,0,0.46169737
1,0,0.45995623
1,0,0.4614275
0,0,0.47587925
1,0,0.46888763
1,0,0.46759248
1,0,0.47056723
1,0,0.4559053
0,0,0.45055956
1,0,0.43875915
1,0,0.47569644
1,0,0.43249878
1,0,0.43559018
1,0,0.4494861
1,0,0.4562827
1,0,0.45785487
1,0,0.44937047
1,0,0.43105736
1,0,0.42561966
1,0,0.4808926
0,0,0.44778767
0,0,0.43084434
1,0,0.41734102
0,0,0.4422633
0,0,0.43345913
1,0,0.42491326
1,0,0.42334437
1,0,0.43115178
1,0,0.44120595
1,0,0.45191243
1,0,0.4459697
1,0,0.4502593
1,0,0.41705045
1,0,0.4012177
1,0,0.4392011
1,0,0.44797328
0,0,0.41285363
0,0,0.33590382
0,0,0.24607119
0,0,0.2008927
0,0,0.34333372
0,0,0.3342104
1,0,0.40205255
1,0,0.29040852
1,0,0.3062498
1,0,0.37894574
1,0,0.4019096
1,0,0.38842407
0,0,0.35760933
0,0,0.38749313
1,0,0.47490484
1,0,0.48351467
1,0,0.44965127
1,0,0.44532442
1,0,0.44052655
1,0,0.44534925
0,0,0.4293886
1,0,0.41097823
1,0,0.39068025
0,0,0.3803382
0,0,0.39780697
0,0,0.42867652
0,0,0.41761947
0,0,0.4263803
0,0,0.43131006
0,0,0.4179337
0,0,0.40776858
0,0,0.4216041
1,0,0.38507444
1,0,0.39998153
1,0,0.3894693
1,0,0.4655559
1,0,0.46779168
1,0,0.47428545
1,0,0.45921695
1,0,0.49210852
1,0,0.46142852
0,0,0.4398607
0,0,0.4510791
0,0,0.45576063
0,0,0.44588503
0,0,0.43111762
0,0,0.42470008
0,0,0.435597
0,0,0.4399363
0,0,0.47106358
1,0,0.454343
0,0,0.43954816
0,0,0.44522023
0,0,0.45428702
0,0,0.47337168
0,0,0.4550108
0,0,0.46286714
1,0,0.48110333
1,0,0.4884384
1,0,0.48694977
0,0,0.48263648
0,0,0.47000954
1,0,0.44242033
0,0,0.47113433
0,0,0.45609
0,0,0.44175056
1,0,0.45930576
0,0,0.46815515
0,0,0.46732137
0,0,0.46898884
0,0,0.47340053
0,0,0.46404997
1,1,0.5226238
0,0,0.48572636
1,0,0.44356284
1,0,0.4778725
1,0,0.4606839
1,0,0.47255504
1,0,0.4694806
0,0,0.4803344
1,0,0.45905277
1,0,0.48559967
0,0,0.47015622
0,0,0.46575603
0,0,0.466656
0,0,0.32670265
0,0,0.43206796
1,0,0.43079495
1,0,0.43782803
1,0,0.43958625
0,0,0.4338112
0,0,0.45215392
0,0,0.45052835
0,0,0.4254279
0,0,0.43020964
1,0,0.473882
1,0,0.43995395
1,0,0.44366795
1,0,0.45500684
1,0,0.44804415
1,0,0.44970182
1,0,0.46013385
0,0,0.45341033
1,0,0.43522024
1,0,0.43294597
0,0,0.44616652
0,0,0.4420504
0,0,0.46609148
0,0,0.43053174
0,0,0.42258805
0,0,0.44852957
0,0,0.46444696
1,0,0.44075537
1,0,0.44075537
1,0,0.4206213
1,0,0.44126773
1,0,0.4418067
0,0,0.4475704
0,0,0.43003133
0,0,0.4394859
0,0,0.4427824
0,0,0.43625075
0,0,0.44502258
0,1,0.5260504
0,0,0.48209858
0,0,0.4706323
0,0,0.46141917
1,0,0.47417074
1,0,0.43262294
1,0,0.45396483
1,0,0.42583454
1,0,0.4692202
1,0,0.43950528
1,0,0.44622135
0,0,0.45353654
0,0,0.44881025
0,0,0.4397645
0,0,0.42872325
0,0,0.442925
0,0,0.44740093
0,0,0.45890245
1,0,0.45396626
1,0,0.45507655
1,0,0.45507655
1,0,0.44398978
1,0,0.44474512
0,0,0.43052557
0,0,0.4410573
0,0,0.44083923
0,0,0.45217627
0,0,0.44989735
1,0,0.419016
1,0,0.4423943
0,0,0.45316842
1,0,0.43707716
1,0,0.4377066
0,0,0.4704584
1,0,0.43143138
1,0,0.4384317
1,0,0.42888525
1,0,0.43841207
1,0,0.4665635
0,0,0.43440837
1,0,0.4286739
1,0,0.4386101
1,0,0.43988898
1,0,0.41588387
1,0,0.42735076
1,0,0.44676682
0,0,0.45601127
0,0,0.4541609
0,0,0.4520219
0,0,0.45010766
0,0,0.43167138
0,0,0.45105767
0,0,0.4233342
0,0,0.43837824
0,0,0.4405683
0,0,0.4544603
0,0,0.45879787
0,0,0.46055532
0,0,0.460863
0,0,0.46900025
1,1,0.604007
1,1,0.54692996
0,0,0.4843145
0,1,0.5210017
0,0,0.49205497
1,0,0.42839634
1,0,0.42596564
1,0,0.43386635
1,0,0.4366475
1,0,0.4268109
0,0,0.4268109
0,0,0.4614836
1,0,0.43377078
1,0,0.44344443
1,0,0.44184908
1,0,0.44937643
1,0,0.4578291
1,1,0.50943154
1,0,0.4599783
1,0,0.46005127
1,0,0.44598848
1,0,0.43214065
0,0,0.43640333
0,0,0.42015886
0,0,0.42535344
0,0,0.42772022
0,0,0.41919377
0,0,0.42331737
0,0,0.41904345
0,0,0.41709387
0,0,0.4062575
1,0,0.42307988
0,0,0.42255357
1,0,0.41176564
1,0,0.42182454
0,0,0.41702938
0,0,0.41702938
1,0,0.4031646
0,0,0.4304135
1,0,0.4573418
1,0,0.41609284
1,0,0.41967976
1,0,0.41967976
0,0,0.42357504
0,0,0.43695992
0,0,0.4731966
0,0,0.4235459
0,0,0.41572505
1,0,0.42173842
1,0,0.45053884
1,0,0.466691
0,0,0.42708164
0,0,0.41885507
0,0,0.43741015
0,0,0.4399703
1,0,0.4312588
1,0,0.45266396
1,0,0.44359252
1,0,0.45505136
1,0,0.45523736
1,0,0.442186
1,0,0.4792433
1,0,0.45254478
1,0,0.45835787
0,0,0.46046385
0,0,0.46520364
1,0,0.45287177
1,0,0.46401963
1,0,0.44484672
1,0,0.44270858
1,0,0.43831265
1,0,0.449348
1,0,0.40044728
1,0,0.41317105
0,0,0.4046033
0,0,0.44038934
0,0,0.41816697
0,0,0.40388224
0,0,0.39826426
0,0,0.40104428
0,0,0.4043564
0,0,0.40697306
0,0,0.40135717
0,0,0.40588653
0,0,0.39826426
0,0,0.41341993
1,0,0.39998832
1,0,0.39998832
1,0,0.38419545
1,0,0.4138307
1,0,0.41602907
1,0,0.40118322
1,0,0.40118322
1,0,0.39418802
1,0,0.4236881
0,0,0.38990173
0,0,0.41028643
0,0,0.3913544
0,0,0.43967488
0,0,0.41103485
0,0,0.42402163
1,0,0.41167462
1,0,0.41706863
1,0,0.4260339
1,0,0.42019182
1,0,0.4031245
0,0,0.38380307
1,0,0.41558105
1,0,0.40753925
0,0,0.42070425
0,0,0.40753925
1,0,0.40293705
1,0,0.4224573
0,0,0.45208266
1,0,0.4367228
1,0,0.4177538
0,0,0.47180963
0,0,0.4662868
1,0,0.44860458
1,0,0.44354936
1,0,0.45145923
1,0,0.45948198
1,0,0.4231256
0,0,0.45081285
0,0,0.4498964
1,0,0.44795167
1,0,0.45130998
1,0,0.46903938
1,0,0.45023108
1,0,0.44984314
1,0,0.46891826
1,0,0.43547717
1,0,0.4050193
1,0,0.4202881
1,0,0.43332344
0,0,0.43576315
0,0,0.40644842
1,0,0.3962649
1,0,0.370192
1,0,0.3853012
1,0,0.37175345
0,0,0.40078792
1,0,0.40307647
1,0,0.4059723
1,0,0.39000502
1,0,0.425481
0,0,0.39254278
0,0,0.40293288
0,0,0.39365447
0,0,0.4023473
0,0,0.42244232
0,0,0.43607545
1,0,0.44123602
0,0,0.43082166
1,0,0.45394203
1,0,0.4371811
1,0,0.43432155
1,0,0.43777382
1,0,0.40828106
1,0,0.42812204
1,0,0.39284205
1,0,0.45008814
1,0,0.45205066
0,0,0.45035774
0,0,0.42715585
0,0,0.41627735
0,0,0.42763343
0,0,0.44916195
0,0,0.45316812
0,0,0.43912452
0,0,0.44535127
1,0,0.46733516
1,0,0.45205495
1,0,0.45527205
1,0,0.45569992
1,0,0.43343288
1,0,0.4487506
0,0,0.4341979
0,0,0.40383962
0,0,0.33336252
0,0,0.3441072
0,0,0.39120623
0,0,0.47437263
0,0,0.39612266
0,0,0.41117015
1,0,0.43393898
1,0,0.43725073
0,0,0.41283962
0,0,0.4109725
0,0,0.4024116
0,0,0.4049263
1,0,0.43177006
1,0,0.42916998
1,0,0.41222584
1,0,0.41560823
1,0,0.41295844
1,0,0.42095983
1,0,0.42077708
1,0,0.4225153
0,0,0.2826278
0,0,0.23242906
0,0,0.21395412
0,0,0.20922925
1,0,0.24735615
1,0,0.24225308
1,0,0.26894197
1,0,0.3306861
1,0,0.34065458
1,0,0.31259096
1,0,0.30237988
1,0,0.2699236
1,0,0.31188583
1,0,0.3507254
0,0,0.2504106
0,0,0.32640502
0,0,0.317639
0,0,0.34983155
1,0,0.37191597
1,0,0.44093812
1,0,0.35658112
1,0,0.36718163
1,1,0.53465176
1,0,0.4108457
1,0,0.3385577
1,0,0.34026623
1,0,0.36031097
0,0,0.22944163
0,0,0.33758584
0,0,0.38932365
0,0,0.3945462
0,0,0.37560377
0,0,0.38612562
0,0,0.47859547
0,0,0.42242634
0,0,0.46033624
1,0,0.4509783
0,0,0.42687622
0,0,0.4565211
0,0,0.44448292
0,0,0.4391841
0,0,0.42647603
0,0,0.47187746
0,0,0.4482615
1,0,0.44413477
1,0,0.4477318
0,0,0.43157145
1,0,0.413592
1,0,0.42256635
1,0,0.43165305
1,0,0.45076895
1,0,0.4292461
1,0,0.417167
1,0,0.417167
1,0,0.43978524
1,0,0.43031278
0,0,0.38143378
0,0,0.38557735
0,0,0.36650598
0,0,0.41844228
0,0,0.38278577
0,0,0.3734076
1,0,0.36587358
0,0,0.45638776
0,0,0.47322345
0,0,0.4583411
0,0,0.4482158
0,0,0.45295563
1,0,0.4440133
1,0,0.4342041
1,0,0.43259487
0,0,0.44064984
0,0,0.45409
0,0,0.4298571
0,0,0.44688258
0,0,0.42364874
0,0,0.49385843
0,0,0.45892924
0,0,0.45387095
0,0,0.45091984
1,1,0.51397854
1,0,0.47297207
1,0,0.48320183
1,0,0.47732404
1,0,0.4653713
0,0,0.483646
0,0,0.43687782
0,0,0.44142994
0,0,0.45416898
0,0,0.44132784
0,0,0.45507762
1,0,0.44984427
1,0,0.43672734
1,0,0.4430561
1,0,0.46623644
1,0,0.45137668
0,0,0.49655086
0,0,0.4664848
0,0,0.42628908
0,0,0.43596035
0,0,0.41877255
0,0,0.42482585
1,0,0.4187352
1,0,0.42230272
1,0,0.46343765
1,0,0.45990103
1,0,0.45123103
1,0,0.45676067
1,0,0.4579188
1,0,0.42279202
1,0,0.44050792
0,0,0.44765472
0,0,0.43889293
0,0,0.44614998
0,0,0.45691118
0,0,0.47158378
1,0,0.45627165
1,0,0.464892
1,1,0.5018966
1,0,0.48557797
0,0,0.48879978
1,1,0.51539093
1,1,0.513505
1,1,0.5209655
1,1,0.5031367
1,0,0.42638573
0,0,0.42577028
0,0,0.43912184
1,0,0.44268373
1,0,0.45007294
1,0,0.4826428
1,0,0.4977666
0,0,0.47273836
0,0,0.48158348
0,0,0.47934902
0,0,0.47004515
0,1,0.5106619
0,0,0.47669673
0,0,0.43461895
0,0,0.49757996
0,1,0.5072745
0,0,0.4734575
0,0,0.48598397
0,1,0.51219714
0,0,0.45683864
0,0,0.4814508
1,0,0.49298802
1,0,0.44659755
1,0,0.45685187
1,0,0.46529412
1,0,0.4974787
0,1,0.5335979
1,0,0.46779883
1,1,0.51005626
1,1,0.50398797
1,0,0.47312912
0,0,0.4631699
1,0,0.46277082
1,0,0.4299893
1,0,0.43694067
1,0,0.4195291
1,0,0.34274155
1,0,0.3351946
0,0,0.3185255
0,0,0.23736115
0,0,0.29252473
0,0,0.28119418
0,0,0.33448687
0,0,0.33699554
0,0,0.35881236
0,0,0.39914802
0,0,0.4090415
1,0,0.40492076
0,0,0.47580144
0,0,0.39314726
0,0,0.44699645
0,0,0.4410302
0,0,0.42996603
0,0,0.47927552
0,0,0.4609868
0,0,0.4783904
0,1,0.5097987
1,1,0.5209623
1,0,0.44053122
1,0,0.43841463
1,0,0.38953245
1,0,0.37458548
1,0,0.3885125
1,0,0.38080814
0,0,0.38742208
1,0,0.39500198
1,0,0.45298332
1,0,0.45610943
1,0,0.43608052
1,0,0.47297072
0,0,0.40021944
1,0,0.37786478
1,0,0.40043798
1,0,0.43600395
1,0,0.43199778
1,0,0.42924553
1,0,0.39490014
1,0,0.40693828
1,0,0.4051096
0,0,0.41391295
0,0,0.38726917
0,0,0.4344825
0,0,0.43180588
0,0,0.42823973
0,0,0.4717859
0,0,0.45133802
0,0,0.42438433
0,0,0.4238971
1,0,0.450415
1,0,0.41803008
1,0,0.41821912
1,0,0.3964514
1,0,0.3899682
1,0,0.401641
1,0,0.40424773
0,0,0.37778115
1,0,0.4308862
1,0,0.4244125
1,0,0.41707033
1,0,0.40411416
1,0,0.44490513
0,0,0.39836964
0,0,0.35325068
0,0,0.3347613
0,0,0.36298066
0,0,0.41243485
0,0,0.44870284
0,0,0.42677146
0,0,0.44957426
1,0,0.46757218
1,0,0.4403197
0,0,0.40427205
1,0,0.37190443
0,0,0.37284204
0,0,0.40778917
0,0,0.38054532
0,0,0.40002146
0,0,0.42643824
0,0,0.41783074
0,0,0.44940948
0,0,0.4432221
0,0,0.4450629
0,0,0.44942695
0,0,0.46122378
1,0,0.44195145
1,0,0.46025506
1,0,0.448149
1,0,0.45127934
1,0,0.43796092
1,0,0.44805446
1,0,0.49866083
1,0,0.42605367
0,0,0.43531054
0,0,0.42957893
0,0,0.43767178
0,0,0.45242435
0,0,0.4490076
0,0,0.4389666
0,0,0.39331952
0,0,0.3997903
0,0,0.34995544
0,1,0.52888787
0,0,0.4707244
0,0,0.46427608
0,0,0.4332048
0,0,0.40378463
1,1,0.52576363
1,0,0.46096602
1,0,0.46835902
1,0,0.4547371
1,0,0.4709456
0,0,0.44351673
0,0,0.45869458
0,0,0.45248184
1,0,0.43643996
1,0,0.41362646
1,0,0.4208278
1,0,0.45365632
0,0,0.47701955
0,0,0.47570372
0,0,0.4027392
0,0,0.43522078
0,0,0.42149
0,0,0.48464707
0,0,0.47352013
0,0,0.46483904
0,1,0.50307196
0,1,0.5691598
0,0,0.4480552
0,0,0.48721394
0,0,0.47552752
0,1,0.5294249
0,0,0.44939756
0,0,0.47736862
0,0,0.4947101
0,1,0.54555005
0,1,0.5317174
1,0,0.47522187
1,1,0.51778096
1,0,0.47041395
1,1,0.5120991
1,0,0.48376802
0,1,0.5107633
0,0,0.4532842
0,0,0.47876674
1,0,0.48457256
0,1,0.5169306
1,0,0.49068978
1,1,0.50180095
1,0,0.4778553
1,0,0.46966302
1,0,0.49203712
1,0,0.48975557
1,0,0.47836018
1,0,0.49760777
0,1,0.53130203
0,0,0.48567265
0,0,0.46498448
1,0,0.48301765
1,0,0.47876957
0,0,0.46196336
1,1,0.5076454
1,0,0.4636787
1,0,0.4686237
0,0,0.45742205
0,0,0.4723436
1,0,0.49416313
0,0,0.48867223
1,0,0.483732
1,0,0.49356088
1,1,0.50118953
0,1,0.5018959
0,0,0.47011515
0,1,0.50221956
0,0,0.4803168
1,0,0.4675373
1,0,0.42951173
1,0,0.4384562
1,0,0.4829801
1,0,0.49605146
0,0,0.47144872
0,0,0.44143906
0,0,0.44832116
0,0,0.43161187
0,0,0.44856337
0,0,0.4881281
0,0,0.4508408
0,0,0.44677234
0,0,0.45411164
0,1,0.51490194
0,1,0.5141481
0,1,0.5427417
0,0,0.496854
0,1,0.50038284
1,1,0.6849547
1,1,0.53560144
1,1,0.61010885
1,1,0.5460527
1,0,0.49349734
1,1,0.50645345
1,0,0.48415148
1,0,0.4857127
1,0,0.48168987
1,0,0.4749683
0,0,0.4576798
0,1,0.5114668
0,0,0.48015228
0,0,0.48368427
1,0,0.48738945
1,0,0.47791287
1,0,0.47670594
1,0,0.49140882
1,1,0.5105088
0,1,0.5087367
0,0,0.46989065
0,0,0.4796587
1,0,0.47826138
1,0,0.48355022
1,0,0.47443452
1,0,0.4671655
0,0,0.47057703
0,1,0.5365121
0,0,0.4864326
0,1,0.5002442
1,0,0.48802087
1,0,0.48127952
1,1,0.5261572
1,0,0.4723968
1,0,0.48025522
1,0,0.4966919
0,0,0.32887685
1,0,0.33741185
1,0,0.39062944
0,0,0.43417588
0,0,0.3598532
0,0,0.3856766
0,0,0.36538443
0,0,0.39202443
0,0,0.3989014
0,0,0.49235946
0,0,0.46920696
0,0,0.442439
1,0,0.43617675
1,1,0.50683117
1,0,0.45736417
1,0,0.46655223
1,0,0.49078
1,0,0.4359647
1,0,0.4593463
1,0,0.44348785
0,0,0.44717917
0,0,0.43846098
0,0,0.42178294
0,0,0.4094624
1,0,0.42391902
1,0,0.46248293
0,0,0.38749406
1,0,0.42391336
1,0,0.42228007
1,0,0.43721154
1,0,0.45672202
1,0,0.4650658
1,0,0.4683866
1,0,0.44249287
0,0,0.43721154
0,0,0.4427607
0,0,0.40930063
0,0,0.44516838
0,0,0.44842866
0,0,0.41738567
0,0,0.40044138
0,0,0.4030711
0,0,0.420352
1,1,0.5048795
1,0,0.45346132
1,0,0.43406445
1,0,0.48808774
1,0,0.43461835
0,0,0.47813603
0,0,0.4502591
0,0,0.44538954
0,0,0.473669
1,0,0.42399624
1,0,0.4607751
1,0,0.43469685
1,0,0.44155413
1,0,0.42664704
0,0,0.467834
0,0,0.42221987
0,0,0.41937923
1,0,0.40712643
0,0,0.423696
0,0,0.451712
0,0,0.42489135
0,0,0.422051
0,0,0.42553708
0,0,0.42204514
1,0,0.48183098
1,0,0.45703405
1,0,0.430848
0,0,0.45625907
1,0,0.46757063
1,0,0.4324928
0,0,0.43935063
0,0,0.4678267
0,0,0.39815906
0,0,0.4509642
0,0,0.44348785
0,0,0.48343128
1,0,0.44786662
1,0,0.4481838
1,0,0.46399766
0,0,0.47978154
1,0,0.4372491
1,0,0.44357434
1,0,0.41441622
1,0,0.4293712
1,0,0.431272
1,0,0.46828142
1,0,0.44942656
1,0,0.44914964
1,0,0.44368428
1,0,0.4480852
1,0,0.45858634
1,0,0.46511862
1,0,0.46672577
0,0,0.42324945
0,0,0.42296007
0,0,0.3969867
0,0,0.41712594
0,0,0.43453905
0,0,0.40437362
1,0,0.4994226
1,0,0.4285701
1,0,0.42100394
1,0,0.44968832
0,0,0.462774
1,0,0.4217473
1,0,0.44334197
0,0,0.4446973
0,0,0.44669628
0,0,0.4388942
0,0,0.4238051
0,0,0.45064196
0,0,0.437045
0,0,0.4663621
0,0,0.49245578
0,0,0.45826808
1,1,0.55504483
1,1,0.5447573
1,0,0.4286272
1,0,0.4822701
0,0,0.46578234
1,0,0.4670272
1,0,0.45540172
1,0,0.46426657
1,0,0.45083377
0,0,0.43737152
0,0,0.46057847
0,0,0.4794548
0,0,0.42664054
0,0,0.42262742
1,0,0.46373904
1,0,0.4306948
1,0,0.4525382
1,0,0.43546957
1,0,0.46837834
1,0,0.46251628
0,0,0.45214695
0,0,0.46226957
0,0,0.44008878
1,0,0.43368658
0,0,0.45809603
0,0,0.43111208
0,0,0.42359608
0,0,0.42866987
0,0,0.48632494
0,0,0.4349255
0,0,0.42232937
0,0,0.4618171
0,0,0.46837094
0,1,0.50737965
0,0,0.46665078
0,0,0.4390496
0,0,0.40517184
1,0,0.49615884
1,0,0.41102028
1,0,0.43152606
1,0,0.4136613
1,0,0.38322344
0,0,0.38177016
0,0,0.39411575
1,0,0.40285718
1,0,0.39111516
1,0,0.40413448
1,0,0.42713174
1,0,0.42815745
0,0,0.42087257
0,0,0.4197459
0,0,0.40998605
0,0,0.39926237
0,0,0.41449648
0,0,0.42871743
0,0,0.43976587
0,0,0.46204776
0,0,0.40560433
0,0,0.4347915
0,0,0.42915586
0,0,0.39123422
0,0,0.38318214
0,0,0.39753813
0,0,0.39670035
0,0,0.49953824
0,0,0.48515156
1,1,0.5277552
1,0,0.49070868
1,0,0.4861027
1,0,0.43014866
0,0,0.42742667
1,0,0.40278962
1,0,0.41458228
1,0,0.42275482
1,0,0.39600018
1,0,0.41877994
0,0,0.42080083
0,0,0.42734674
0,0,0.431606
0,0,0.4685321
0,0,0.47941318
1,1,0.5070214
0,0,0.4887524
1,0,0.49930578
0,0,0.49996632
0,0,0.46862298
0,0,0.46879557
0,0,0.48210502
0,0,0.44797224
0,0,0.4681795
0,0,0.4573945
0,0,0.45569664
1,0,0.43254918
0,0,0.4225896
1,0,0.451603
0,0,0.45001283
1,0,0.4400584
1,0,0.43763003
1,0,0.41949466
0,0,0.49581003
1,0,0.47513202
1,0,0.46842754
1,0,0.45053855
1,0,0.42514732
1,0,0.44666952
1,0,0.4448069
1,0,0.4205955
1,0,0.42333686
1,0,0.43543273
1,0,0.42073163
0,0,0.42161343
0,0,0.43939206
0,0,0.3844317
0,0,0.4155869
0,0,0.41372594
0,0,0.41167066
0,0,0.4419214
0,0,0.41376227
0,0,0.39696136
0,0,0.40786904
0,0,0.413955
0,0,0.42132637
1,0,0.442182
1,0,0.42256635
1,0,0.4465188
1,0,0.48121428
1,0,0.4950231
1,0,0.4422335
1,0,0.45903248
0,0,0.43536338
1,0,0.4133367
0,0,0.41533774
0,0,0.4102255
0,0,0.43965396
0,0,0.42504543
0,0,0.4074774
0,0,0.4005578
0,0,0.3924003
0,0,0.40417185
0,0,0.42963132
0,0,0.47193092
0,0,0.46632683
1,0,0.4887127
1,0,0.4656284
1,0,0.4782644
0,0,0.43197682
1,0,0.44030675
1,0,0.4156533
1,0,0.42416793
1,0,0.42379725
0,0,0.42169762
0,0,0.4247027
0,0,0.43317553
0,0,0.43533882
0,0,0.42078093
0,0,0.438213
0,0,0.44878295
0,0,0.4072972
1,0,0.3732531
0,0,0.43996918
0,0,0.4178108
1,0,0.4315253
0,0,0.426948
0,0,0.4477393
1,0,0.4382553
1,0,0.4390642
1,0,0.43496248
1,0,0.4340362
1,0,0.43389484
0,0,0.43878603
0,0,0.46719423
0,0,0.4385197
0,0,0.46266332
0,1,0.5020014
1,0,0.49883032
1,0,0.42922902
1,0,0.47565252
1,0,0.47518796
1,0,0.49437335
1,0,0.4705638
0,1,0.5036475
0,0,0.46700513
0,0,0.4863539
0,0,0.458111
0,0,0.48316008
1,0,0.44803065
1,0,0.46031848
1,0,0.4566285
1,0,0.47955105
1,0,0.46635887
1,0,0.49507844
1,1,0.50074184
1,0,0.47607937
1,0,0.44796458
1,0,0.47935888
1,0,0.4447745
1,0,0.45475638
0,0,0.45083818
0,0,0.46680078
0,0,0.45391554
0,0,0.45737535
0,0,0.39690673
0,0,0.44155616
0,0,0.43639055
1,0,0.4534492
0,0,0.45405293
1,0,0.44183543
0,0,0.4015921
0,0,0.41770178
0,0,0.42271608
1,0,0.41769642
1,0,0.4186738
1,0,0.42165133
1,0,0.41457015
1,0,0.44274697
1,0,0.422963
1,0,0.43922356
1,0,0.41353884
1,0,0.40989855
0,0,0.45801765
0,0,0.44123062
0,0,0.4529077
0,0,0.40962785
0,0,0.42205587
0,0,0.42236754
1,0,0.4145095
1,0,0.43561897
1,0,0.4395961
1,0,0.44854093
1,0,0.42019317
0,0,0.42021823
0,0,0.44607586
0,0,0.42907703
0,0,0.4405662
0,0,0.40808797
0,0,0.42734465
0,0,0.3958666
0,0,0.42494535
0,0,0.41140148
0,0,0.4381456
0,0,0.41246307
0,0,0.40270206
0,0,0.4555304
0,0,0.43439743
1,0,0.45968017
0,0,0.45882353
1,0,0.47488964
1,0,0.4775568
1,0,0.45939255
0,0,0.47424543
0,0,0.4644724
0,0,0.46616295
0,0,0.46661222
0,0,0.45281276
0,0,0.4554815
0,0,0.47274897
0,0,0.47683266
0,0,0.46130443
0,0,0.46130443
0,0,0.45852396
1,0,0.46053222
0,0,0.445122
1,0,0.44325066
1,0,0.41114107
1,1,0.5017426
1,0,0.44794744
1,0,0.4437805
1,0,0.4664757
1,0,0.48365214
1,0,0.45553452
1,0,0.48313856
0,0,0.44659612
0,0,0.4586943
0,0,0.45679894
0,0,0.48256406
0,0,0.44794744
0,0,0.45272234
0,0,0.47720894
0,0,0.47327238
0,0,0.47953472
0,0,0.4801923
0,0,0.42158934
0,0,0.4602423
0,0,0.46699882
0,0,0.44921342
0,0,0.4492091
0,0,0.47069016
0,0,0.4609601
0,0,0.44943267
0,0,0.44416103
0,0,0.44835886
0,0,0.4436205
0,0,0.45869094
1,0,0.4709889
1,0,0.4872385
1,0,0.4587374
1,0,0.45595732
1,0,0.4562841
1,0,0.46233326
0,0,0.4663878
0,0,0.47473246
1,0,0.47971755
1,0,0.42430055
0,0,0.45978948
0,0,0.4709562
0,0,0.46056676
0,0,0.47525996
0,1,0.50421125
0,0,0.47879025
0,0,0.46741253
1,0,0.4796316
0,0,0.4600871
1,0,0.47583157
0,0,0.45700747
0,0,0.486818
0,0,0.44615215
1,0,0.47182643
1,0,0.44588864
1,0,0.4473939
1,0,0.460348
1,0,0.451829
1,0,0.46029198
1,0,0.47187513
0,0,0.4689041
1,0,0.46625075
1,0,0.46877936
0,0,0.44767043
0,0,0.4376242
0,0,0.47236186
0,0,0.46099612
0,0,0.43480885
0,0,0.46172383
0,0,0.4307687
0,0,0.45539147
0,0,0.44211766
0,0,0.47414443
1,0,0.44636947
1,0,0.444693
0,0,0.49866828
0,0,0.45848712
0,0,0.44736552
0,0,0.4814172
0,0,0.47040108
0,0,0.47118878
0,1,0.5002529
0,1,0.5005577
0,0,0.48159298
0,0,0.49603844
0,0,0.49142402
0,0,0.48805493
1,0,0.48565528
0,0,0.47255206
0,0,0.4911315
1,0,0.49981683
1,0,0.48569492
1,0,0.48235536
1,0,0.47125623
1,0,0.45797676
1,0,0.48641568
1,1,0.5074843
1,0,0.4713737
1,1,0.5032793
1,0,0.4563979
1,0,0.4619368
0,0,0.48017746
0,0,0.47172242
0,0,0.4660083
0,0,0.4835004
0,0,0.46906567
0,0,0.47487006
0,0,0.47262442
0,0,0.4755743
1,0,0.47707465
1,0,0.46921715
0,0,0.47503516
0,0,0.47738394
1,0,0.4696757
0,0,0.49371037
0,0,0.47571474
0,0,0.46839076
0,0,0.47888723
1,0,0.47080407
1,0,0.4629214
1,0,0.47738394
1,0,0.47571474
1,0,0.47571474
1,0,0.46647775
1,0,0.48144057
1,0,0.48739216
0,0,0.49375576
0,1,0.51089865
1,0,0.4736174
1,0,0.47615308
1,0,0.4660083
1,0,0.46440223
0,0,0.46199197
0,0,0.46197024
0,0,0.45474845
0,0,0.46862602
0,0,0.4409256
0,0,0.4565968
0,0,0.4511209
0,0,0.46777242
0,0,0.47345662
1,1,0.6289782
0,1,0.55035734
0,1,0.52982587
0,1,0.5025156
0,0,0.47999492
0,0,0.4656597
0,0,0.41989884
1,0,0.4298289
1,0,0.46408802
1,0,0.4892227
1,1,0.50392693
0,1,0.5161605
0,0,0.49993503
0,0,0.49174476
0,1,0.5070809
1,0,0.47288382
1,0,0.49320987
1,0,0.491966
1,1,0.5247756
1,1,0.519169
1,1,0.51034683
1,1,0.5414979
1,1,0.5093745
1,1,0.5008465
1,0,0.48778486
0,0,0.48947227
0,1,0.5032251
0,1,0.50048596
0,1,0.52639675
0,1,0.515291
0,0,0.48045617
0,0,0.4974194
0,1,0.5020281
0,1,0.5254907
1,0,0.4777123
1,0,0.4754362
1,0,0.4899589
1,1,0.50489783
0,1,0.50624454
0,0,0.49464613
0,1,0.50353855
0,0,0.4902444
0,0,0.47238186
0,1,0.5391814
0,0,0.47529906
0,0,0.48555222
0,0,0.4803178
1,1,0.51430255
1,0,0.48788372
1,0,0.45880193
1,0,0.49783468
1,0,0.49495503
1,1,0.50027823
1,0,0.48153514
1,1,0.5384972
0,1,0.5093745
0,0,0.48019603
1,1,0.5393138
0,0,0.48846212
1,0,0.48828685
1,1,0.5001434
1,1,0.5079457
1,0,0.48616934
1,1,0.5032251
0,1,0.53659964
1,0,0.4756932
1,1,0.50636286
1,0,0.47616768
1,0,0.48452923
1,0,0.49726635
1,0,0.47067684
1,0,0.49370804
0,0,0.48594934
0,0,0.49981326
0,0,0.49864495
0,0,0.4747502
0,0,0.4666335
0,0,0.46729767
1,0,0.47493973
1,1,0.5036707
1,1,0.5263873
1,0,0.47782087
1,0,0.46407506
0,0,0.47497272
0,0,0.4846159
0,0,0.49208623
1,0,0.4702778
1,0,0.44711247
1,0,0.46331412
1,0,0.46515092
1,0,0.47019923
1,0,0.48548174
1,0,0.48253807
1,0,0.44998404
1,0,0.49517447
1,0,0.4675724
1,0,0.46057525
0,0,0.44680503
0,0,0.44310066
0,0,0.45354995
1,0,0.45548803
1,0,0.4362939
1,0,0.45456994
1,0,0.4464175
1,0,0.4402842
0,0,0.40685898
0,0,0.44030443
1,0,0.4526813
1,0,0.45865738
1,0,0.4752271
1,0,0.46072954
1,0,0.46299407
0,0,0.44580075
1,0,0.4710429
1,0,0.46479967
1,0,0.46293807
1,0,0.43806133
1,0,0.48814568
0,0,0.46242246
0,0,0.42554894
1,0,0.43655306
0,0,0.4420079
1,0,0.43246248
1,0,0.43301934
0,0,0.42090288
0,0,0.44138572
0,0,0.44960433
0,0,0.4129759
1,0,0.41667047
1,0,0.46162558
0,0,0.44315076
0,0,0.46649182
0,0,0.42410278
0,0,0.4200864
0,0,0.4322529
0,0,0.46319103
0,0,0.442604
0,0,0.42068505
1,0,0.4573141
1,1,0.5111069
1,0,0.44727907
1,0,0.44260138
1,0,0.449374
1,0,0.4655921
1,0,0.464828
1,0,0.45648572
1,0,0.46649083
1,0,0.46649083
0,0,0.46752143
0,0,0.4604453
0,0,0.4312784
0,0,0.43205515
0,0,0.42862964
0,0,0.43131378
1,0,0.47674465
1,0,0.42646563
1,0,0.4218772
1,0,0.46470854
1,0,0.4203361
1,0,0.42005637
1,0,0.4019503
0,0,0.4468007
0,0,0.44132397
0,0,0.39897442
0,0,0.42004332
0,0,0.3991208
0,0,0.43103462
0,0,0.42572743
1,0,0.47848567
1,0,0.48437244
1,0,0.4336853
1,0,0.40175048
1,0,0.4325561
0,0,0.45478117
0,0,0.4524531
0,0,0.4211292
0,0,0.45513275
0,0,0.47448498
0,0,0.45772785
0,0,0.47353616
0,0,0.44349638
0,0,0.47033298
0,0,0.46128348
0,0,0.41955078
0,0,0.43249008
1,0,0.48645267
0,1,0.51288944
0,1,0.5274342
0,0,0.49533293
0,0,0.45634654
0,0,0.46374935
1,0,0.46494994
1,0,0.4757859
1,0,0.4633306
1,1,0.5037974
1,0,0.46838924
1,0,0.45635957
1,0,0.43442962
1,0,0.436994
1,0,0.44747567
1,0,0.47742242
0,0,0.43760043
0,0,0.44761568
0,0,0.4359267
0,0,0.48041892
0,0,0.45398638
0,0,0.48479652
0,0,0.4731024
0,1,0.5308085
0,1,0.51210195
0,1,0.53474987
0,1,0.52426344
0,1,0.52526456
1,1,0.5211639
0,1,0.51761216
0,1,0.5277607
0,0,0.49938402
0,0,0.49502572
0,0,0.4954571
0,0,0.48014227
0,1,0.5316291
0,0,0.47120377
0,1,0.500015
0,1,0.52529484
0,0,0.46882862
1,1,0.5120561
1,1,0.5214311
1,1,0.50382483
1,0,0.4728272
0,1,0.51555246
1,0,0.45038763
0,0,0.49196434
0,0,0.4661371
0,0,0.47916985
1,1,0.5048768
1,0,0.4670066
1,1,0.5011108
1,0,0.48945668
1,0,0.47719982
0,0,0.49680504
0,0,0.48194376
0,0,0.49294844
0,0,0.4806363
0,0,0.47272298
0,0,0.47160643
0,0,0.47674096
0,0,0.49218816
1,0,0.4740658
1,0,0.4803724
1,0,0.47305518
1,0,0.47240505
1,0,0.46944246
0,0,0.48828328
0,0,0.46488324
0,0,0.473642
1,0,0.4872077
1,0,0.46623343
1,0,0.463444
1,0,0.4666407
1,0,0.4671218
1,0,0.4890924
1,0,0.45651743
1,0,0.46898368
1,0,0.49514922
1,0,0.46520525
1,0,0.46190894
1,0,0.44599095
1,0,0.4724498
0,0,0.45875296
0,0,0.39828014
0,0,0.40276566
0,0,0.43501788
0,0,0.41933152
0,0,0.4446988
0,1,0.51501495
0,1,0.50606644
0,1,0.5320346
0,1,0.50001866
0,0,0.4827915
1,1,0.58695406
1,1,0.5130067
1,1,0.55712765
0,1,0.5354182
0,1,0.50184983
0,0,0.4679802
0,0,0.4534722
1,0,0.4360163
1,0,0.46308875
1,0,0.45178828
0,0,0.44632387
0,0,0.47523642
0,0,0.455238
1,0,0.47672057
1,0,0.48910713
1,0,0.47218925
1,0,0.46728137
1,0,0.46540198
1,0,0.48148522
1,0,0.46680468
1,0,0.48643982
1,0,0.47470996
1,0,0.48752892
1,0,0.47285092
1,0,0.46021256
0,0,0.44992265
0,0,0.48520362
0,0,0.4937817
0,0,0.48033044
0,0,0.4909278
1,0,0.4515097
1,0,0.49167773
1,0,0.46972263
1,0,0.45253995
1,0,0.47444698
1,0,0.4577282
1,0,0.47081983
1,0,0.48440444
1,0,0.49070632
1,0,0.45413512
1,0,0.49419808
1,0,0.48129976
1,0,0.46242017
1,0,0.46333528
1,0,0.45730498
0,0,0.4771907
0,0,0.45341867
0,0,0.4629825
0,0,0.4503085
0,0,0.45756033
1,0,0.4451858
0,0,0.45920137
1,0,0.45986292
1,0,0.4561383
1,0,0.47524768
1,0,0.48651463
1,0,0.454958
1,0,0.4567644
1,0,0.47024468
1,0,0.46777838
1,0,0.45497447
1,0,0.45139533
1,0,0.45382804
0,0,0.45351475
0,0,0.4561048
0,0,0.4580797
0,0,0.35712624
1,0,0.435026
1,0,0.43621734
1,0,0.4574438
1,0,0.43771598
1,0,0.47449276
0,0,0.40860355
0,0,0.31757915
0,0,0.32213345
0,0,0.43423647
0,0,0.4155802
0,0,0.42774767
1,0,0.45720387
1,0,0.4444554
1,0,0.4949572
1,0,0.47741005
1,0,0.49181667
0,0,0.4915641
0,0,0.4887946
0,0,0.47956458
0,0,0.4746306
0,0,0.44758245
0,0,0.45784807
1,0,0.48724246
1,0,0.47014663
1,0,0.49601725
1,0,0.4870069
0,0,0.46292344
0,0,0.44682536
0,0,0.44154167
0,0,0.46849248
0,0,0.45916748
0,1,0.5083316
0,0,0.4887785
1,0,0.45820734
1,0,0.48723057
1,1,0.513498
1,1,0.50509405
1,1,0.50055915
1,0,0.48689604
1,0,0.48307845
1,1,0.51546
1,0,0.48711967
0,1,0.5002145
0,0,0.48192298
0,0,0.4867443
0,1,0.5024889
0,0,0.48919305
0,0,0.48377895
0,0,0.4960139
0,1,0.5032905
0,1,0.5423529
1,0,0.49203625
1,0,0.47185862
1,1,0.5143777
1,1,0.5075095
1,0,0.4824835
1,0,0.49853042
1,0,0.4534419
1,0,0.49176142
1,0,0.48824275
1,0,0.44676253
1,0,0.4504645
1,0,0.41436052
1,0,0.3744033
1,0,0.29603708
1,0,0.44519612
0,0,0.42355815
1,0,0.45687467
1,0,0.38529822
0,0,0.40827334
0,0,0.35426924
1,0,0.46467075
1,0,0.39779407
1,0,0.3782735
1,0,0.4212155
1,0,0.4171617
0,0,0.37155378
1,0,0.36736462
1,0,0.41752502
0,0,0.38120458
0,0,0.42595026
0,0,0.42637974
0,0,0.4337498
0,0,0.42740378
0,0,0.48073575
0,0,0.4861064
0,0,0.4488022
1,0,0.495406
1,0,0.42537847
1,0,0.48551905
1,0,0.48112828
1,0,0.4661298
1,0,0.47270843
0,0,0.457802
0,0,0.4486902
0,0,0.44664264
0,0,0.42079732
0,0,0.42613322
0,0,0.4280067
0,0,0.40472382
0,0,0.37686
0,0,0.44832486
0,0,0.4480466
0,0,0.47264683
1,1,0.551876
1,1,0.5046407
1,1,0.50820136
1,0,0.4846748
0,0,0.47922274
1,0,0.45546713
0,0,0.48591667
0,0,0.4852005
0,0,0.4780858
0,0,0.47959304
0,0,0.4707471
0,0,0.45798653
0,0,0.43235397
0,0,0.4002958
0,0,0.4444856
0,0,0.45395863
0,0,0.44682243
0,0,0.40465638
0,0,0.42331225
0,0,0.38322
1,0,0.43696648
1,0,0.38330036
1,0,0.38338116
1,0,0.38209125
1,0,0.37882498
1,0,0.396813
1,0,0.39407817
1,0,0.40220314
1,0,0.41848388
1,0,0.4170429
1,0,0.42297843
0,0,0.43068692
0,0,0.41925585
0,0,0.41722578
0,0,0.39325652
0,0,0.39933005
0,0,0.405187
1,0,0.4132718
1,0,0.38052148
1,0,0.4080922
1,0,0.44897714
1,0,0.47872585
0,0,0.44021055
0,0,0.42852095
0,0,0.44890007
0,0,0.47648793
0,0,0.46607018
0,1,0.50677663
1,1,0.54399836
1,0,0.49473548
1,0,0.48796913
1,0,0.46749225
0,0,0.4538449
1,0,0.44926357
1,0,0.47357535
1,0,0.4644929
0,0,0.45787826
1,0,0.43039948
1,0,0.4825014
1,0,0.47195163
0,0,0.46760085
0,0,0.45274374
0,0,0.46107724
1,0,0.48707426
1,0,0.4372056
1,0,0.496896
1,0,0.43942416
1,0,0.4728213
0,0,0.4744402
1,0,0.47476825
1,0,0.45103937
1,0,0.4394713
1,0,0.44977877
1,0,0.423676
1,0,0.44396544
1,0,0.42722303
1,0,0.3934833
1,0,0.40434417
0,0,0.410009
0,0,0.40674627
1,0,0.42981032
0,0,0.40216035
0,0,0.4315053
0,0,0.41510507
0,0,0.43163204
0,0,0.43201825
1,0,0.40676758
0,0,0.46775198
1,0,0.40247548
1,0,0.40860555
1,0,0.40289688
1,0,0.44040912
1,0,0.43590924
0,0,0.4355885
0,0,0.4466063
0,0,0.45847535
0,0,0.4373663
0,0,0.41668645
0,0,0.44473848
0,0,0.41665986
0,0,0.41281334
0,0,0.42519912
0,0,0.42452866
0,0,0.41291413
0,0,0.45824134
0,0,0.43899223
0,0,0.42050758
0,0,0.42526576
1,1,0.50515
1,0,0.48014018
0,0,0.4820936
0,0,0.48542118
0,0,0.47207066
0,0,0.43993914
1,0,0.4345908
1,0,0.42427725
1,0,0.47181603
1,0,0.47488618
0,0,0.46551415
0,0,0.46478772
0,0,0.46954158
1,0,0.48632622
0,0,0.4832897
1,0,0.44940096
1,0,0.46236578
1,0,0.47300467
1,1,0.5233831
1,0,0.48300874
0,1,0.5065887
1,0,0.44188836
0,0,0.4047573
0,0,0.43712312
0,0,0.46254128
0,0,0.43486696
0,0,0.48173663
0,0,0.44305956
0,0,0.44795612
0,0,0.37072438
0,0,0.44594043
1,0,0.47105384
1,0,0.44573435
1,0,0.4587486
1,0,0.45986918
1,0,0.4657595
1,0,0.44560203
1,0,0.45592391
1,0,0.46734202
1,0,0.43506467
1,0,0.4377669
1,0,0.49360642
1,0,0.44789076
0,0,0.44253492
0,0,0.4497753
0,0,0.4453084
0,0,0.41978654
0,0,0.42153785
1,0,0.43651918
1,0,0.48526347
1,0,0.46936223
1,0,0.48126978
1,0,0.4831494
0,0,0.45776618
0,0,0.4058467
0,0,0.4458971
0,0,0.43752015
1,0,0.42999053
1,0,0.44833404
1,0,0.43294334
1,0,0.437373
1,0,0.41487157
1,0,0.44164804
1,0,0.42194214
1,0,0.43935466
0,0,0.45704782
1,0,0.41867995
1,0,0.40068284
1,0,0.3931881
1,0,0.42461511
1,0,0.4188867
1,0,0.44132775
1,0,0.42149928
1,0,0.4285995
0,0,0.42906812
0,0,0.4124668
0,0,0.39430535
0,0,0.38022232
1,0,0.39742702
1,0,0.42907804
1,0,0.41887882
1,0,0.409383
1,0,0.4486213
1,0,0.4135675
0,0,0.4326182
1,0,0.45355654
1,0,0.43135464
1,0,0.4261392
1,0,0.4395946
1,0,0.43116105
1,0,0.43567276
1,0,0.40125838
1,0,0.4490031
1,0,0.44064295
1,0,0.44071522
0,0,0.43459603
0,0,0.3979162
0,0,0.41067258
0,0,0.41780794
0,0,0.40403193
0,0,0.41759616
0,0,0.39674455
0,0,0.40588504
1,0,0.43774074
1,0,0.45421383
1,0,0.41418418
0,0,0.35423914
1,0,0.44038397
1,0,0.4179842
0,0,0.45355517
0,0,0.45433697
0,0,0.44036287
0,0,0.44441077
0,0,0.4330247
0,0,0.46326506
0,0,0.43090895
1,0,0.40707234
1,0,0.43241206
1,0,0.4701203
1,0,0.43442357
1,0,0.43541157
0,0,0.47335157
1,0,0.44655323
1,0,0.4205123
1,0,0.4584082
1,0,0.44175148
1,0,0.4256532
1,0,0.43698996
1,0,0.4563131
0,0,0.42765078
1,0,0.42320395
1,0,0.41647997
1,0,0.40969858
1,0,0.39273727
1,0,0.40788624
1,0,0.41741836
0,0,0.4190452
0,0,0.39326817
0,0,0.40234283
0,0,0.4022263
1,0,0.423106
1,0,0.39001274
1,0,0.46842948
1,0,0.41746777
1,0,0.44511208
0,0,0.44154325
1,0,0.42065403
1,0,0.42195326
1,0,0.40825877
1,0,0.4306619
1,0,0.38710225
1,0,0.41619688
1,0,0.4305803
0,0,0.49414474
1,0,0.41630536
1,0,0.43259487
1,0,0.44065693
0,0,0.42908287
0,0,0.46081606
0,0,0.46910265
0,0,0.4169673
0,0,0.40853932
0,0,0.4155948
1,0,0.45749837
1,0,0.480202
1,0,0.46098715
1,0,0.47139436
1,0,0.4839987
1,0,0.44754136
1,0,0.4532896
0,0,0.38077337
1,0,0.44438148
1,0,0.43229523
1,0,0.46427438
1,0,0.44033283
1,0,0.47707272
1,0,0.43109086
0,0,0.44032747
0,0,0.4517912
0,0,0.42571738
0,0,0.40287548
0,0,0.41750646
0,0,0.4896105
0,1,0.53668517
0,0,0.49943915
0,0,0.41920102
0,0,0.4504985
0,0,0.4598835
1,0,0.4785278
0,0,0.4973698
0,0,0.45314237
1,0,0.44831997
1,0,0.48474416
1,0,0.49307418
1,0,0.48596302
1,0,0.4693565
1,0,0.399101
1,0,0.41470838
1,0,0.46939233
1,0,0.42220846
1,0,0.38101614
0,0,0.32671875
0,0,0.37998688
0,0,0.3911504
0,0,0.38478005
1,0,0.44586098
1,0,0.44563365
1,1,0.5242058
0,0,0.46005467
0,0,0.42381048
0,0,0.45733806
0,0,0.43311402
0,0,0.43601093
0,0,0.486527
0,0,0.46900782
0,0,0.4317456
1,1,0.5236534
1,0,0.44969708
0,0,0.42137673
0,0,0.44019797
0,0,0.41535082
0,0,0.4296065
0,0,0.43334216
0,0,0.47829524
0,0,0.42912722
0,0,0.4726403
1,1,0.50079566
1,1,0.52682364
0,0,0.43471697
0,0,0.4668421
0,0,0.42952186
0,0,0.44377002
0,0,0.48229024
1,0,0.46718976
1,0,0.47053903
1,0,0.47943428
1,0,0.4493956
1,0,0.42270914
1,0,0.4731202
1,0,0.45008215
1,0,0.42121175
1,0,0.4344554
1,0,0.4714072
1,0,0.45269448
1,0,0.47220147
1,0,0.44415626
1,0,0.43047237
1,0,0.4186355
1,0,0.42551744
0,0,0.41873807
0,0,0.3988022
0,0,0.2662242
0,0,0.38436922
0,0,0.41402695
0,0,0.46780905
0,1,0.5090758
0,0,0.45804456
0,0,0.45400319
0,0,0.4600062
1,1,0.5265358
1,0,0.4878398
1,1,0.57561976
1,1,0.5176014
1,1,0.5477063
0,1,0.533551
0,0,0.47126138
0,0,0.40566698
0,0,0.44245973
0,0,0.46085227
0,0,0.44832906
0,0,0.39798927
0,0,0.43664718
0,0,0.43625745
1,0,0.4738896
1,1,0.52219343
1,1,0.51700157
1,0,0.49200335
1,1,0.56495637
0,1,0.51176465
0,1,0.5082728
1,0,0.4804398
0,0,0.45662218
1,0,0.47944173
1,0,0.46265444
1,0,0.4823794
0,1,0.50967515
0,1,0.5152768
0,0,0.47491828
1,0,0.45947492
1,0,0.48934785
1,0,0.49667674
0,0,0.48174077
0,0,0.45149407
0,0,0.45743966
0,0,0.46954757
1,0,0.4598039
1,0,0.4524793
0,0,0.45416257
0,0,0.45756894
0,0,0.43660426
0,0,0.48306042
0,1,0.5017136
0,0,0.47419596
0,0,0.47103745
0,0,0.47953525
0,0,0.48363513
0,0,0.48302588
0,0,0.4806698
1,0,0.47332007
1,0,0.48295835
1,1,0.50430787
1,0,0.496063
1,0,0.4428648
1,0,0.4761824
1,0,0.46734837
1,0,0.49215946
1,0,0.447418
1,0,0.48776752
1,0,0.4630736
1,0,0.48108864
1,0,0.4616831
0,0,0.33298507
0,0,0.47541448
0,0,0.43148324
0,0,0.43858913
1,0,0.44473776
1,0,0.47487736
1,0,0.42473269
1,0,0.46838707
1,0,0.4104216
0,0,0.4597985
0,0,0.42727622
0,0,0.4399208
0,0,0.432681
0,0,0.45456746
0,0,0.4198511
0,0,0.44094118
1,0,0.44273508
1,0,0.45083034
1,0,0.37958086
1,0,0.4131878
1,0,0.43491197
1,0,0.42871004
1,0,0.44002387
1,0,0.4428766
1,0,0.41151547
1,0,0.43403035
0,0,0.4570759
1,0,0.45805603
1,0,0.44826132
1,0,0.4467533
1,0,0.4431612
0,0,0.40196347
1,0,0.41319773
1,0,0.40982533
0,0,0.4464733
0,0,0.42733568
1,0,0.4424271
1,0,0.43644598
1,0,0.4169072
1,0,0.40512535
1,0,0.44336325
1,0,0.391565
1,0,0.4232866
0,0,0.40829206
0,0,0.39426658
0,0,0.38988188
0,0,0.42551103
0,0,0.39065477
0,0,0.4020186
0,0,0.45802075
0,0,0.46613425
0,0,0.42825335
0,0,0.47861212
0,0,0.46332765
1,0,0.46019417
1,0,0.47302306
1,0,0.40482044
1,0,0.43606973
1,0,0.45485324
1,0,0.42780763
1,0,0.41894102
1,0,0.42976108
0,0,0.41033652
1,0,0.40661165
1,0,0.43872556
0,0,0.4192648
1,0,0.4084378
1,0,0.48679906
1,0,0.43242687
0,0,0.46707982
1,0,0.42140138
1,0,0.42520994
0,0,0.40632993
0,0,0.42748663
0,0,0.4055854
1,0,0.4307294
1,0,0.4214332
1,0,0.4344504
1,0,0.41733655
1,0,0.42267835
1,0,0.42303422
1,0,0.42033792
1,0,0.41324386
0,0,0.3695724
0,0,0.41283625
0,0,0.43219563
0,0,0.3769595
0,0,0.38998976
0,0,0.4206734
0,0,0.4429787
0,0,0.46907097
0,0,0.46728975
1,1,0.51837957
1,0,0.45523727
1,0,0.40723866
1,0,0.40228698
1,0,0.39450338
1,0,0.39824614
1,0,0.41518506
1,0,0.40162176
1,0,0.40667892
1,0,0.40863603
1,0,0.42048603
1,0,0.39373487
1,0,0.4118401
1,0,0.3847228
0,0,0.42806616
0,0,0.42954645
0,0,0.42977887
0,0,0.4126557
1,0,0.4252508
1,0,0.40573326
1,0,0.43176088
1,0,0.44513068
1,0,0.43647403
0,0,0.4209852
0,0,0.42119554
0,0,0.4200998
0,0,0.40967357
0,0,0.37781003
0,0,0.42139935
1,0,0.4708789
1,0,0.4787674
1,0,0.46199095
1,0,0.46010077
1,1,0.5332297
1,0,0.49753055
1,0,0.45434862
1,0,0.44468012
1,0,0.44874406
1,0,0.46248233
1,0,0.46899432
0,0,0.43525136
0,0,0.41013435
0,0,0.41183776
0,0,0.4395848
0,0,0.42126805
1,0,0.4573112
1,0,0.45067585
1,0,0.4393036
1,0,0.45036083
1,0,0.4788015
0,0,0.43986338
0,0,0.42575857
0,0,0.45458132
0,0,0.45392197
0,0,0.43002978
0,0,0.44687694
0,0,0.42506734
0,0,0.4478045
1,0,0.480897
0,0,0.4245501
0,0,0.4626376
0,0,0.4540311
0,0,0.45366648
0,0,0.4819432
0,0,0.46627226
0,1,0.5255196
0,1,0.5442301
0,0,0.4993074
0,0,0.47232717
0,0,0.46251833
1,0,0.49210438
1,0,0.4629239
1,0,0.49663875
1,1,0.5461206
0,1,0.51000553
0,0,0.4985825
0,0,0.46445566
0,0,0.48458958
0,0,0.4759293
1,0,0.48550916
1,0,0.4918466
1,0,0.47621045
1,0,0.48698607
1,0,0.4800882
1,0,0.47031584
1,0,0.4927263
1,0,0.45783064
0,0,0.4568883
0,0,0.46900195
0,0,0.46900195
0,0,0.46116227
0,0,0.4637561
0,0,0.46955743
0,0,0.45307365
1,0,0.45559213
0,0,0.45307365
1,0,0.46010062
1,0,0.4502031
1,0,0.47817233
1,0,0.49218222
1,0,0.47865474
1,1,0.50453043
0,0,0.4653059
0,0,0.46134016
0,0,0.46934712
0,1,0.50236374
0,0,0.46149462
1,0,0.44342473
1,0,0.4135269
1,0,0.43721285
1,0,0.4683153
1,0,0.43346262
1,0,0.440725
1,0,0.4498408
1,0,0.45649505
1,0,0.4790641
0,0,0.46166134
0,0,0.4645397
1,1,0.51244706
0,0,0.4827882
0,0,0.47401974
0,0,0.48350373
0,1,0.5038995
0,1,0.5125098
0,0,0.4387922
1,1,0.63074344
1,1,0.564309
1,1,0.52674556
0,1,0.56326777
0,1,0.51692253
0,0,0.39462376
0,0,0.42601293
0,0,0.453686
0,0,0.44772452
1,0,0.43770424
0,0,0.46161145
0,0,0.46130306
1,0,0.46928754
1,0,0.45015737
1,0,0.47622633
1,1,0.5404914
1,1,0.5053174
1,0,0.46640965
1,0,0.46620032
1,0,0.4680596
1,0,0.4601773
0,0,0.47297016
1,0,0.46090958
0,0,0.46911326
0,0,0.46571487
0,0,0.46054682
0,0,0.4474107
0,0,0.42318785
0,0,0.44914243
0,0,0.44625244
1,0,0.45075202
0,0,0.45473346
0,0,0.4375356
0,0,0.46652633
0,0,0.4539914
0,0,0.4526513
1,0,0.44940847
1,0,0.47232977
1,0,0.46530378
1,0,0.46724072
0,0,0.40651432
0,0,0.43606526
0,0,0.44638065
0,0,0.46206373
0,0,0.44728178
0,0,0.4458434
0,0,0.45851654
0,0,0.45582226
1,0,0.46890107
1,0,0.48238647
1,0,0.49125835
1,0,0.46961495
1,1,0.5010658
1,0,0.4566738
1,0,0.47492367
1,0,0.4770505
1,0,0.4766094
1,0,0.4566738
1,0,0.438606
0,0,0.43007025
0,0,0.45982668
1,0,0.44280463
1,0,0.43369946
1,0,0.43517187
1,0,0.45742026
1,0,0.45134
1,0,0.4560266
1,0,0.458215
1,0,0.45146373
1,0,0.4624143
1,0,0.47207046
1,0,0.43795803
1,0,0.45437503
1,0,0.47121236
0,0,0.4636605
1,0,0.4657117
1,0,0.43381092
1,0,0.42026523
1,0,0.44760442
1,0,0.46080053
1,0,0.46566197
1,0,0.4396101
1,0,0.44602907
1,0,0.45371443
1,0,0.42347333
1,0,0.44882298
1,0,0.4524842
1,0,0.448493
1,0,0.44928923
1,0,0.464176
1,0,0.46155638
0,0,0.4586429
1,0,0.45912272
0,0,0.4630462
0,0,0.45597586
0,0,0.45909888
0,0,0.45107517
0,0,0.416704
0,0,0.44933307
0,0,0.48805863
1,0,0.4452691
1,0,0.4636627
1,0,0.46440187
1,0,0.4659232
1,0,0.45896953
1,0,0.43910244
0,0,0.46425393
1,0,0.4543198
0,0,0.46707708
0,0,0.44244617
0,0,0.45915544
0,0,0.43281877
0,0,0.48879308
0,0,0.4428564
1,0,0.47481072
0,0,0.4490802
1,0,0.45389217
0,0,0.4747359
1,0,0.45734614
1,0,0.45302355
1,0,0.4526384
1,0,0.43879652
1,0,0.4526384
1,0,0.4730919
0,0,0.468623
0,0,0.44787404
1,0,0.4552687
0,0,0.44985703
1,0,0.43166092
1,0,0.42196235
1,0,0.4361104
0,0,0.49363035
0,0,0.4571863
0,0,0.4568417
0,0,0.43162146
0,0,0.46169895
0,0,0.4493421
0,0,0.44899338
0,0,0.45521355
0,0,0.4419482
1,0,0.46824285
1,0,0.46351105
1,0,0.45658755
1,0,0.39439225
1,0,0.46013534
1,0,0.45708603
1,0,0.47030315
1,0,0.45501196
0,0,0.46387428
0,0,0.46496442
0,0,0.45203984
0,0,0.45956495
0,0,0.46114704
0,0,0.4465981
0,1,0.54135954
1,1,0.52989495
1,0,0.47634658
1,0,0.47412166
1,0,0.4613474
1,0,0.4744849
0,0,0.4650362
0,0,0.44683182
0,0,0.46500793
0,0,0.4408663
0,0,0.43401253
0,0,0.45707008
0,0,0.47036564
1,0,0.47874948
1,0,0.45502678
1,0,0.45182285
1,1,0.54255307
1,0,0.48361
1,0,0.47040725
1,0,0.46129993
1,0,0.4461962
1,0,0.460408
1,0,0.44734895
1,0,0.45817956
0,0,0.45334592
0,0,0.46016768
0,0,0.4552687
0,0,0.45267338
0,0,0.44944084
0,0,0.4223775
0,1,0.56588906
0,1,0.6711727
0,1,0.64600074
0,1,0.59272164
0,1,0.50266916
0,0,0.48375535
0,1,0.5562556
1,1,0.53864044
1,1,0.52340704
1,1,0.53906906
1,1,0.53093547
1,1,0.5500472
1,1,0.53325605
1,1,0.5528222
1,0,0.49974686
1,0,0.45491302
1,0,0.45241812
1,1,0.5196737
1,0,0.38525203
0,1,0.5593229
0,0,0.3537908
0,0,0.44354984
0,0,0.37375152
0,0,0.38934666
0,0,0.44605663
0,0,0.37851396
0,1,0.5516879
0,0,0.4562049
0,1,0.6260827
0,1,0.5022973
0,1,0.53657037
0,0,0.4768325
0,1,0.5131717
0,0,0.49716622
0,1,0.54830194
0,1,0.51006585
0,1,0.568001
0,1,0.53157556
0,1,0.5070438
0,0,0.47635487
0,0,0.43903258
1,1,0.57068855
1,0,0.47368655
0,1,0.5320772
0,0,0.4640646
0,0,0.47288898
0,0,0.4631656
0,0,0.46816638
0,0,0.47287092
1,0,0.480492
1,1,0.51952
1,0,0.47762063
1,1,0.51447195
1,1,0.5419294
1,1,0.50005347
1,0,0.49926877
1,0,0.4918387
0,0,0.4686789
0,0,0.47079456
0,0,0.46958098
0,0,0.45601204
0,0,0.46827474
0,1,0.50088423
1,0,0.4440116
1,0,0.47929186
1,0,0.47018078
1,0,0.4763884
1,0,0.43908387
0,1,0.5134805
0,0,0.47114763
0,0,0.4251023
0,0,0.45644706
0,0,0.4254176
0,0,0.4510012
0,0,0.42542687
1,0,0.49879822
1,0,0.44524083
1,0,0.448095
1,0,0.44290218
1,0,0.4448285
1,1,0.54442674
0,1,0.5365719
0,0,0.4388339
1,0,0.44153348
1,0,0.44227898
0,0,0.43137288
0,0,0.4598812
0,0,0.43665358
0,0,0.48708844
0,0,0.4546631
0,0,0.42436722
0,0,0.46134964
0,0,0.42738122
0,0,0.4266416
0,0,0.4282656
1,1,0.6696392
1,1,0.5289469
0,1,0.5150407
0,0,0.46410784
1,0,0.4597788
1,0,0.4518682
1,0,0.42153674
1,0,0.45794204
1,0,0.45605806
1,0,0.44918236
0,0,0.44638613
0,1,0.56857324
0,0,0.4507641
0,0,0.45173696
0,0,0.48356974
1,0,0.4559712
1,0,0.4270133
1,0,0.45615688
0,1,0.53893083
1,0,0.47503436
0,0,0.43051115
0,0,0.42888263
1,0,0.4270133
1,0,0.43770736
1,1,0.55375415
1,0,0.44200253
1,0,0.39602005
0,0,0.49374402
0,0,0.43266842
0,0,0.43405762
0,0,0.43315795
0,0,0.41697308
1,0,0.42955887
1,0,0.49028182
1,0,0.40785593
1,0,0.46520954
1,0,0.42751592
0,0,0.45881256
1,0,0.43291563
1,0,0.43108532
0,0,0.4127695
0,0,0.43636304
0,0,0.4331788
0,1,0.5346709
0,0,0.3960404
0,0,0.46810234
0,0,0.49921992
0,0,0.43021184
0,0,0.46517634
1,0,0.4612698
1,0,0.43307462
1,0,0.42290837
1,0,0.49744287
1,0,0.4721871
1,0,0.43770736
1,0,0.44951645
1,0,0.42762062
1,0,0.3947666
1,0,0.4496297
1,0,0.46196276
1,0,0.46373972
1,0,0.44587708
0,0,0.40682003
0,0,0.4015811
0,0,0.4214466
0,0,0.44578627
0,0,0.41355097
1,0,0.42751858
1,0,0.39641914
1,0,0.48946455
1,0,0.4917054
1,0,0.46778193
1,0,0.45900282
1,0,0.45201313
0,0,0.45800596
0,0,0.4324304
0,0,0.4446988
0,0,0.45230716
0,1,0.5121905
0,1,0.521785
1,0,0.43043083
1,0,0.43651325
1,0,0.4631132
1,0,0.43934065
1,0,0.4327345
1,0,0.4553204
0,0,0.47173813
0,0,0.46203592
0,0,0.41933078
1,0,0.45631042
1,0,0.42089546
1,0,0.45805663
1,0,0.42618638
0,0,0.42618638
0,0,0.43122998
0,0,0.49509797
0,1,0.5275099
0,0,0.47427318
0,1,0.51219994
0,1,0.50648415
1,1,0.5055235
1,1,0.54072124
1,0,0.4780242
1,0,0.47289288
1,0,0.45740288
1,0,0.44815192
1,0,0.4816319
1,0,0.46038303
1,0,0.43148524
1,0,0.430165
0,0,0.45933634
0,0,0.42965552
0,0,0.44996652
0,0,0.37717244
0,0,0.38511744
0,0,0.39788213
0,0,0.39475074
1,1,0.60451806
0,0,0.45818436
1,1,0.5035784
1,1,0.52472705
1,0,0.49462426
1,0,0.45311877
1,0,0.46905085
0,0,0.46483913
1,0,0.42961088
1,1,0.5003882
1,0,0.45481926
1,0,0.43206492
1,0,0.47303265
1,0,0.45956087
0,0,0.4523093
0,0,0.49346617
0,0,0.45287368
0,0,0.45518264
0,0,0.4286965
0,0,0.39187142
1,0,0.46951056
1,1,0.5465618
1,0,0.46752092
1,0,0.43053016
1,0,0.4237395
1,0,0.46627438
1,0,0.44073722
1,0,0.44213527
1,0,0.45830467
0,0,0.45537496
0,0,0.46236032
0,0,0.4416097
0,0,0.44130787
0,0,0.47462448
0,0,0.4569332
0,0,0.4570807
0,0,0.46430814
0,0,0.4893481
0,0,0.46329057
0,0,0.42579004
0,0,0.47104517
0,0,0.49659854
0,0,0.46360645
0,0,0.43996742
0,0,0.46674514
0,0,0.44859645
0,0,0.47670054
0,0,0.43434632
0,0,0.43968233
0,0,0.49871585
0,0,0.4656842
0,1,0.5092564
1,0,0.4462894
1,0,0.47451967
1,0,0.47152987
1,1,0.53268933
1,0,0.4683995
1,1,0.5153015
0,0,0.42971754
0,0,0.42779982
0,0,0.4088858
0,0,0.4208757
0,0,0.39257365
0,0,0.4554153
0,0,0.46534136
0,1,0.5435487
0,0,0.44430122
0,0,0.38001773
0,0,0.4390018
1,0,0.44302922
1,0,0.42969918
0,0,0.40247232
0,0,0.39115205
0,0,0.35542238
0,0,0.4229146
1,0,0.40534145
1,0,0.44399872
1,0,0.4127102
1,0,0.43002722
1,0,0.46227935
1,0,0.424923
1,0,0.42341003
0,0,0.4823345
0,0,0.48359025
0,0,0.4774758
0,0,0.42871964
0,0,0.44100693
0,0,0.39409566
0,0,0.4021917
0,0,0.41984853
0,0,0.4003011
1,0,0.40261757
1,0,0.3741866
1,0,0.3828362
1,0,0.45289278
1,0,0.46977022
0,0,0.40350255
0,0,0.44132584
0,0,0.47323087
0,0,0.43091932
0,0,0.44218564
0,0,0.47866789
1,0,0.48250887
1,0,0.47524422
1,0,0.40229142
1,0,0.44427928
1,0,0.44217387
1,0,0.44730935
1,0,0.44704574
1,0,0.44026405
1,0,0.4491266
1,0,0.44151676
1,0,0.42009044
1,0,0.4107934
1,0,0.43907285
1,0,0.44770437
1,0,0.406193
1,0,0.37404072
1,0,0.4038255
1,0,0.4219736
1,0,0.42675072
0,0,0.4364504
0,0,0.42291036
1,0,0.40277177
0,0,0.4324064
1,0,0.42508295
1,0,0.42686594
1,0,0.42051896
1,0,0.41904905
1,0,0.41801167
0,0,0.4163223
0,0,0.42563444
0,0,0.42162165
0,0,0.4233203
0,0,0.43672553
0,0,0.4256138
0,0,0.48417372
1,0,0.47389367
1,0,0.41764617
0,0,0.38732144
0,0,0.38091302
0,0,0.384498
0,0,0.4136575
0,0,0.42122447
1,0,0.40417907
1,0,0.3681763
1,0,0.42769596
0,1,0.50414115
0,0,0.40930113
0,0,0.39711824
0,0,0.4148639
0,0,0.41855705
1,0,0.45143265
0,0,0.39163235
0,0,0.43367857
0,0,0.4143459
0,0,0.39547944
0,0,0.41090003
0,0,0.4316611
0,0,0.418676
0,0,0.45290312
0,0,0.44039482
0,0,0.42523256
1,0,0.48616907
1,0,0.43395913
0,0,0.46235833
0,0,0.3991585
1,0,0.4430315
1,0,0.47082764
1,0,0.424646
1,0,0.42342222
1,0,0.4078272
1,0,0.3948951
1,0,0.37501365
1,0,0.42095393
1,0,0.39391673
1,0,0.44208887
1,0,0.4518459
0,0,0.44723737
1,0,0.4282001
0,0,0.4354982
1,0,0.45605183
0,0,0.3877151
1,0,0.4427134
0,0,0.40201703
0,0,0.4132026
0,0,0.38595328
0,0,0.455649
0,0,0.44204405
0,0,0.42756525
0,0,0.41738704
0,0,0.4306214
0,0,0.44238684
0,0,0.4302275
0,0,0.44237903
0,0,0.44662467
1,0,0.4373628
0,0,0.48795852
0,0,0.44246748
0,0,0.45629948
0,0,0.43672746
0,0,0.43644622
0,0,0.43303624
0,0,0.41745082
0,0,0.4280608
0,0,0.42569146
0,0,0.36035818
0,0,0.4486491
0,0,0.39632395
1,0,0.43847147
1,0,0.42660436
1,0,0.42091498
1,0,0.4574633
1,0,0.45089668
0,0,0.484005
0,0,0.41162944
0,0,0.44185257
0,0,0.43136272
0,0,0.43999916
0,0,0.41752383
0,0,0.422545
0,0,0.435994
0,0,0.40962777
1,0,0.422757
1,0,0.4339224
1,0,0.46679112
1,0,0.43809435
1,0,0.42798167
1,0,0.393802
1,0,0.44387928
0,0,0.44790927
0,0,0.4326696
0,0,0.3868888
0,0,0.4359572
0,0,0.41550195
0,0,0.376827
0,0,0.43003023
0,0,0.4239742
0,0,0.40615562
0,0,0.3962924
1,0,0.42819643
1,0,0.44679716
1,0,0.43222308
0,0,0.48437497
1,0,0.39092574
0,0,0.43902725
0,0,0.43513197
1,0,0.40695587
1,0,0.39814237
1,0,0.49020502
1,0,0.40474823
1,0,0.4365875
1,0,0.44360322
1,0,0.43941095
1,0,0.4476907
1,0,0.394162
1,0,0.47237244
1,0,0.49462688
1,0,0.48406386
1,0,0.41285607
1,0,0.40841424
1,0,0.40616938
1,0,0.39350954
1,0,0.3905073
1,0,0.38867408
1,0,0.33501956
1,0,0.4146649
1,0,0.40426356
1,0,0.47369534
1,0,0.3524999
1,0,0.37543753
1,0,0.37226468
1,0,0.39899698
1,0,0.39011973
0,0,0.42410874
0,0,0.42348036
0,0,0.41513622
0,0,0.33302417
1,0,0.41917303
1,0,0.4024824
1,0,0.396152
0,0,0.37417978
0,0,0.37617877
0,0,0.42694566
0,0,0.38758385
0,0,0.3965607
0,0,0.45595622
0,0,0.3468468
1,0,0.44115824
1,0,0.37616077
1,0,0.40100342
1,0,0.4061379
1,0,0.39000034
1,0,0.4192611
1,0,0.42903867
1,0,0.41539326
1,0,0.43024513
1,0,0.3967694
0,0,0.42939982
0,0,0.41965592
1,0,0.41594455
0,0,0.40417314
0,0,0.43208042
0,0,0.48029315
0,0,0.42909873
0,0,0.44318923
0,0,0.43679097
0,0,0.47450808
0,0,0.4126238
0,0,0.43392366
0,0,0.3901686
0,0,0.3967817
1,0,0.39124414
1,0,0.35386375
1,0,0.3680169
1,0,0.42377704
1,0,0.39961755
1,0,0.434278
1,0,0.43640757
1,0,0.43048164
1,0,0.4130318
1,0,0.42475685
1,0,0.42831433
1,0,0.4075043
1,0,0.3603165
1,0,0.43527484
1,0,0.39155853
0,0,0.408073
0,0,0.40520445
1,0,0.42207715
0,0,0.43112713
1,0,0.40548858
1,0,0.39392856
1,0,0.43429503
1,0,0.43498206
1,0,0.41104066
1,0,0.44143304
1,0,0.4146786
1,0,0.3886786
1,0,0.35270053
0,0,0.46559095
0,0,0.39093813
0,0,0.41788626
0,0,0.42431718
0,0,0.42614087
1,0,0.47355413
1,0,0.48762766
1,0,0.49782145
1,0,0.43934628
0,1,0.50007015
0,0,0.45866877
0,0,0.48108143
0,1,0.5106975
0,0,0.46343678
1,0,0.4786591
1,1,0.5015332
1,0,0.49852723
0,1,0.53047085
0,0,0.45499384
1,0,0.49651828
1,1,0.52455616
1,1,0.51778305
1,1,0.5261344
0,0,0.46696937
0,1,0.51400656
0,0,0.43990913
0,1,0.52353686
0,0,0.44500214
0,0,0.38902572
1,1,0.50104916
1,1,0.5038668
1,0,0.49758008
1,1,0.50993633
1,1,0.501176
1,0,0.42761025
0,0,0.4721769
0,0,0.48786905
0,0,0.45723405
1,0,0.41600415
1,0,0.44265294
1,0,0.45806867
1,0,0.4287894
1,0,0.42715776
1,0,0.4538003
1,0,0.4225257
0,0,0.4610284
1,1,0.5002746
1,0,0.44012433
0,0,0.43081734
0,0,0.47399265
1,0,0.4399516
0,0,0.48608017
0,0,0.47759175
0,0,0.48706394
1,1,0.5044881
1,1,0.52627206
1,0,0.4306776
1,1,0.5220038
1,1,0.5289255
1,1,0.5009636
1,0,0.45905632
1,0,0.45077872
0,1,0.50657415
0,0,0.43696374
0,1,0.5028779
0,0,0.47748134
0,1,0.5280503
0,0,0.39948118
0,1,0.59187394
0,1,0.5121386
0,1,0.50528145
0,0,0.49494034
0,0,0.4816726
1,1,0.5155805
1,0,0.48961824
1,1,0.50939214
1,0,0.48036456
1,0,0.4945611
1,0,0.443778
1,1,0.51091987
1,1,0.5238293
1,0,0.48267424
1,0,0.47951978
1,1,0.5272117
1,0,0.4701833
1,1,0.51480466
1,0,0.46575245
1,0,0.43543422
1,0,0.43274894
1,0,0.48989406
0,0,0.48795578
1,0,0.4398918
1,0,0.42070132
0,0,0.44106007
0,0,0.43121162
0,0,0.41691664
0,0,0.4302581
0,1,0.5234134
0,0,0.42904618
0,1,0.50630486
1,0,0.43818882
1,0,0.29778418
1,0,0.4610287
1,1,0.50283384
1,1,0.5515482
1,1,0.6254031
1,0,0.47041935
1,1,0.53331935
1,0,0.44175953
0,0,0.43222436
1,1,0.5370096
0,0,0.40690473
0,1,0.5082968
0,0,0.46235573
1,1,0.52651656
1,1,0.51561683
1,1,0.530066
1,1,0.5625559
1,0,0.47118646
1,1,0.5082717
0,0,0.49509823
0,0,0.46870142
0,0,0.49788633
0,1,0.51604044
0,1,0.52176726
1,0,0.47947875
1,1,0.51486814
1,0,0.48053107
1,0,0.47643498
1,0,0.47233137
0,0,0.41745293
0,0,0.45118973
0,0,0.45261306
0,0,0.4786945
1,0,0.427328
0,0,0.48315564
1,0,0.48055607
1,0,0.49223813
1,1,0.5027834
1,0,0.47582844
1,0,0.46635765
1,0,0.4953106
1,0,0.44075876
1,0,0.47340196
1,0,0.44905415
0,0,0.4087877
0,0,0.48767993
0,0,0.49288842
0,0,0.45239374
1,0,0.47293478
1,0,0.48685008
1,0,0.46313128
1,0,0.4552776
1,0,0.41240597
1,0,0.4249661
1,0,0.44523564
1,0,0.43239444
1,0,0.4801209
0,0,0.41342577
0,0,0.44084197
0,0,0.45941797
0,0,0.49990144
0,0,0.48387668
0,0,0.46140152
1,0,0.4089911
1,0,0.44569185
1,0,0.46909803
1,0,0.44598404
1,0,0.4399591
1,1,0.5163075
1,0,0.44496349
1,0,0.4154944
1,0,0.46736827
0,0,0.42113176
0,0,0.48405862
0,0,0.4865415
0,0,0.44546187
1,0,0.49451253
1,0,0.4174387
1,0,0.47960544
1,0,0.3844498
1,0,0.44270253
1,0,0.4737575
1,0,0.4476846
1,0,0.42376003
1,0,0.4582337
1,0,0.46663085
1,0,0.47080043
1,0,0.4823269
0,0,0.4794742
0,1,0.5248269
0,0,0.4916572
1,1,0.5585416
1,0,0.49836817
1,1,0.5774151
1,0,0.4705127
1,1,0.57281834
1,1,0.5488473
1,1,0.5854156
1,1,0.6553782
1,1,0.6530943
1,1,0.6307844
1,1,0.6395332
1,1,0.6376457
1,1,0.6329917
1,1,0.61547726
1,1,0.6344763
1,1,0.6077647
1,1,0.70323414
0,1,0.6166293
0,1,0.69774204
0,1,0.6778984
0,1,0.718526
1,1,0.6621351
1,1,0.7481156
1,1,0.6346496
1,1,0.5989824
1,1,0.66839635
1,1,0.69052297
1,1,0.69797593
1,0,0.41604248
1,0,0.42986926
1,0,0.36770588
1,0,0.3862665
0,0,0.41435435
0,0,0.34416905
0,0,0.36562908
1,0,0.34385827
0,0,0.3896356
0,0,0.30648607
0,0,0.31970873
1,0,0.33390898
0,0,0.3219214
1,0,0.28743884
1,0,0.3309187
1,0,0.34634483
0,0,0.37704793
0,0,0.29258657
0,0,0.34160662
0,0,0.35766137
0,0,0.31294483
1,0,0.32769054
1,0,0.2956194
1,0,0.25555748
1,0,0.25905925
0,0,0.30226868
0,0,0.29262048
0,0,0.28112036
0,0,0.4262418
0,0,0.43234974
0,0,0.38207716
0,0,0.33168104
1,0,0.3665209
0,0,0.30283636
0,0,0.40000892
1,0,0.3730465
1,0,0.35781148
1,0,0.43089283
1,0,0.3810162
1,0,0.41925338
1,0,0.4418953
1,0,0.40229616
1,0,0.43555844
1,0,0.39836895
1,0,0.43072158
1,0,0.3921102
0,0,0.40666044
0,0,0.34000286
1,0,0.356359
1,0,0.36938456
0,0,0.3636934
1,0,0.4501901
1,0,0.41051343
1,0,0.38709915
1,0,0.39792907
1,0,0.3605283
1,0,0.44289264
1,0,0.3873881
1,0,0.3910886
0,0,0.3812584
0,0,0.39376524
0,0,0.33256108
0,0,0.38162398
0,0,0.3811449
0,0,0.45564774
0,0,0.45697293
1,1,0.5013499
0,0,0.44215104
0,0,0.42116737
0,0,0.46049696
0,0,0.41834503
0,0,0.4535854
0,0,0.43792325
0,0,0.44007277
1,0,0.44362152
1,0,0.4147478
1,0,0.468483
1,0,0.4590739
1,0,0.4689836
0,0,0.44924104
1,0,0.4561131
1,0,0.44426626
1,0,0.47552457
1,0,0.4170431
1,0,0.37901902
1,0,0.40397248
1,0,0.42361137
1,0,0.46448082
1,0,0.47063577
1,0,0.4528281
1,0,0.47735885
1,0,0.49444947
1,0,0.43021592
1,0,0.47867155
1,0,0.44028586
0,0,0.47948405
0,0,0.47530195
0,0,0.4404316
0,0,0.4758509
0,0,0.46251884
0,0,0.42777064
0,0,0.4686905
0,0,0.4445835
0,1,0.50530046
0,0,0.4429895
1,0,0.45385602
1,0,0.49224055
0,1,0.5074906
0,0,0.46045762
0,0,0.47646055
0,0,0.4795782
0,0,0.44724458
1,0,0.44881397
0,0,0.49229193
1,0,0.49075392
1,1,0.5036222
1,0,0.48860312
1,0,0.451014
1,0,0.45107114
1,0,0.4942952
1,0,0.4426764
1,0,0.49053848
0,1,0.5021922
0,1,0.50619024
0,1,0.53551924
0,0,0.47214556
0,0,0.45741776
0,0,0.45919243
0,0,0.43316412
0,0,0.47672784
0,0,0.47629315
0,0,0.42754015
0,1,0.50770706
0,0,0.49335685
1,0,0.48717844
1,1,0.5015204
1,0,0.4934652
1,0,0.39187816
1,0,0.3920641
1,0,0.41116703
1,0,0.40685287
1,0,0.39358097
1,0,0.3982491
1,0,0.39884967
1,0,0.40404272
1,0,0.4507581
1,0,0.4653929
1,0,0.42363137
1,0,0.45098674
1,0,0.44050625
1,0,0.4517549
0,0,0.4735189
0,0,0.47167394
1,0,0.45545775
0,0,0.47114846
0,0,0.4586387
0,0,0.43666542
0,0,0.40060923
0,0,0.41108215
0,0,0.4897979
1,0,0.4138239
1,0,0.48280576
1,0,0.40374708
1,0,0.43184516
1,0,0.46877527
1,0,0.45968765
0,0,0.4817057
0,0,0.470967
0,0,0.47960714
1,0,0.41228327
1,0,0.4232094
1,0,0.40755543
1,0,0.39861965
1,0,0.40454742
1,0,0.3904118
1,0,0.41270873
1,0,0.40158302
1,0,0.40135267
1,0,0.41173714
1,0,0.47238287
1,0,0.46181056
1,0,0.41682142
1,0,0.4558272
1,0,0.4022138
1,0,0.42321354
1,0,0.38213682
1,0,0.41960633
1,0,0.41232508
0,0,0.40678516
0,0,0.41942948
0,0,0.44452038
0,0,0.4614732
0,0,0.46600446
1,0,0.41989288
0,0,0.44954592
0,0,0.46085095
0,0,0.46716774
0,0,0.4399591
0,0,0.43004546
0,0,0.47197393
1,0,0.47270864
1,0,0.3721313
1,0,0.3554032
1,0,0.437325
1,0,0.39169973
1,0,0.4225661
1,0,0.46007982
0,0,0.47103736
0,0,0.47054505
0,0,0.45314738
0,0,0.43271598
0,0,0.4351402
0,0,0.42505297
1,0,0.37675816
1,1,0.5108433
1,1,0.50243425
1,1,0.50104386
1,0,0.4864163
0,0,0.42258263
0,0,0.41356432
0,0,0.410748
0,0,0.3952431
1,0,0.37702313
1,0,0.3799821
0,0,0.38514304
1,0,0.38949242
1,0,0.38514847
1,0,0.38109735
1,0,0.38126516
1,0,0.40184548
1,0,0.38251838
1,0,0.43160215
0,0,0.41775727
0,0,0.44057816
0,0,0.4479329
0,0,0.43080062
0,0,0.39724153
0,0,0.47028136
0,0,0.4479243
0,0,0.48631433
1,1,0.5054612
1,0,0.49561265
1,0,0.49159923
1,0,0.46851665
0,0,0.4624039
0,0,0.45469263
0,0,0.3980943
0,0,0.40012118
0,0,0.38732225
1,0,0.3901826
1,0,0.4425514
1,0,0.45079234
1,0,0.4675625
1,0,0.49640334
1,0,0.46499643
0,0,0.4694445
0,0,0.47242165
0,0,0.4587372
0,0,0.45166928
0,0,0.45856076
0,0,0.39068198
1,0,0.48424277
0,0,0.46187404
0,0,0.4588928
0,0,0.47062024
0,0,0.44562986
0,0,0.41017136
0,0,0.45968422
0,0,0.44692695
0,0,0.44639555
0,0,0.4521796
0,0,0.4025403
0,0,0.39768106
0,0,0.38710997
0,0,0.44927272
0,0,0.43451673
0,0,0.42933625
0,0,0.4559029
0,0,0.49925
1,0,0.46684948
1,0,0.4700306
1,0,0.4012243
1,0,0.39668068
1,0,0.38181818
1,0,0.439791
1,0,0.45075998
1,0,0.47415158
1,0,0.4766406
1,0,0.48959094
0,0,0.48948666
1,0,0.47807652
0,0,0.47450194
0,0,0.46065468
0,0,0.47306708
1,0,0.43008274
1,0,0.467555
1,0,0.46381623
1,0,0.48158887
1,0,0.46205577
1,0,0.4640165
1,0,0.4746306
1,0,0.47354874
1,0,0.4775908
1,0,0.47179386
0,0,0.46450287
0,0,0.47572082
0,0,0.45363635
0,0,0.45323658
0,0,0.4399464
0,0,0.37911987
0,0,0.3820558
0,0,0.42541865
0,0,0.38505754
0,0,0.4012351
0,0,0.43721822
1,0,0.4431338
1,0,0.38862553
1,0,0.42467776
1,0,0.40236747
1,0,0.378779
0,0,0.44948292
0,0,0.4051441
0,0,0.40701482
1,0,0.40701482
1,0,0.4075942
1,0,0.39210585
1,0,0.3884226
1,0,0.3655167
1,0,0.408302
1,0,0.4073839
1,0,0.3932097
1,0,0.34993103
1,0,0.41358042
0,0,0.44122952
0,0,0.39837033
0,0,0.42562062
0,0,0.40701482
0,0,0.40363306
0,0,0.39230675
0,0,0.3849336
0,0,0.38920006
0,0,0.37165087
0,0,0.38192716
0,0,0.3879034
0,0,0.38211915
0,1,0.5047823
0,1,0.52764404
1,0,0.48488683
1,0,0.4963443
1,0,0.4362552
1,0,0.42517093
1,0,0.4503037
1,0,0.41420782
1,0,0.4169008
1,0,0.4225937
1,0,0.44063166
1,0,0.43858677
1,0,0.42670676
1,0,0.44822654
1,0,0.43197277
1,0,0.43161932
1,0,0.41312334
1,0,0.39865255
0,0,0.42502272
0,0,0.38560128
0,0,0.4142696
0,0,0.39808428
0,0,0.4232011
0,0,0.43445337
0,0,0.49010077
0,0,0.48328412
0,1,0.51509184
0,1,0.6293731
0,1,0.5283722
0,1,0.55500174
0,1,0.5340297
0,1,0.52062804
0,0,0.45567676
0,0,0.45394403
0,0,0.45214733
0,1,0.5249366
0,1,0.62666625
1,1,0.50581646
1,1,0.5048821
1,0,0.48378426
1,1,0.5361898
1,1,0.5090509
0,1,0.5219645
0,1,0.52834827
0,1,0.52928376
0,1,0.5151151
0,1,0.5147471
1,0,0.4943933
1,0,0.4652868
1,1,0.5220941
1,0,0.44990966
1,1,0.5091781
1,0,0.4788372
1,0,0.44991252
0,1,0.5113556
1,0,0.46330112
0,0,0.47862905
0,0,0.43661132
0,0,0.431895
0,0,0.44987544
0,0,0.49359542
0,0,0.43701583
1,0,0.42342675
1,0,0.42833558
1,0,0.44748545
0,0,0.4516977
1,0,0.44612852
0,0,0.46829492
0,0,0.43582296
0,0,0.40618342
0,0,0.4435933
1,0,0.4300192
1,0,0.4334812
1,0,0.4512838
1,0,0.38073894
1,0,0.44164324
1,0,0.4150935
1,0,0.4287256
1,0,0.42281547
1,0,0.43073884
0,0,0.440541
1,0,0.4392385
1,0,0.43067428
1,0,0.44732878
0,0,0.4474725
0,0,0.4645566
0,1,0.5003838
0,1,0.5005468
0,0,0.4969024
0,0,0.4523643
0,1,0.5017833
0,1,0.52208364
0,1,0.5143021
0,1,0.5205572
1,1,0.7012221
1,1,0.55594796
1,1,0.6743519
1,1,0.530375
1,1,0.5934554
0,1,0.5458831
1,1,0.5161072
1,1,0.5024005
1,0,0.47833735
1,0,0.39828765
0,0,0.40221766
0,0,0.42193916
0,0,0.46579584
1,0,0.47275504
1,0,0.4390177
1,0,0.4359099
1,0,0.46378493
1,0,0.4964503
1,0,0.48867598
1,0,0.46413454
1,0,0.44438416
1,0,0.4361632
1,0,0.45785257
1,0,0.45466778
1,0,0.43268707
1,0,0.44986415
0,0,0.45164508
0,1,0.5208944
0,0,0.47977155
0,0,0.45225975
1,0,0.4900809
1,1,0.5227161
1,1,0.52998644
1,1,0.55556655
1,1,0.509139
1,1,0.54570615
1,1,0.522207
1,1,0.5183327
1,1,0.50563073
1,0,0.4912608
0,1,0.5210562
0,1,0.5070968
0,1,0.52156496
0,1,0.50139505
0,1,0.518207
0,1,0.53106916
0,0,0.49386412
0,0,0.49757448
1,1,0.53261137
1,1,0.5520648
1,1,0.5408753
1,1,0.53564185
1,1,0.514726
1,0,0.47424516
1,0,0.48045266
1,0,0.47422084
1,0,0.45634046
1,0,0.49344555
1,1,0.5302628
1,1,0.50139505
1,1,0.5063026
1,1,0.530468
0,1,0.5035385
1,0,0.4990124
0,0,0.44106516
0,0,0.3995277
1,0,0.40684378
1,0,0.44079995
1,0,0.4562472
1,0,0.4224986
1,0,0.41146758
1,0,0.44804642
0,0,0.42889684
1,0,0.39161468
0,0,0.41874617
1,0,0.43493348
0,0,0.4132618
1,0,0.4532463
1,0,0.4338315
1,0,0.43444112
1,0,0.43115568
1,0,0.44063953
0,0,0.42387488
0,0,0.43280047
0,0,0.41723552
0,0,0.44449705
0,0,0.43728846
1,0,0.41720477
1,0,0.44125748
1,0,0.43977207
1,0,0.43112004
1,0,0.44877172
1,0,0.41690603
0,0,0.43070576
0,0,0.43194965
0,0,0.4370662
0,0,0.43735752
0,0,0.4477436
1,0,0.43028504
1,0,0.45997983
1,0,0.4558041
1,0,0.44581535
1,0,0.45895615
1,0,0.44462386
1,0,0.4559044
1,0,0.39801103
1,0,0.43307987
1,0,0.42392194
1,0,0.45023185
1,0,0.43679222
0,0,0.44435206
0,0,0.4575647
0,0,0.45353633
0,0,0.44560233
0,0,0.45480692
0,0,0.4569776
0,0,0.4669755
0,1,0.5471261
0,0,0.48779234
0,1,0.51338166
0,0,0.45544568
1,0,0.47059318
1,0,0.47694516
1,0,0.45335102
0,0,0.46354803
1,0,0.44850895
1,0,0.48228818
1,0,0.4465652
1,0,0.42921522
1,0,0.45088062
1,0,0.4519418
1,0,0.45495984
0,0,0.47456193
0,0,0.45688403
0,0,0.46209154
1,0,0.45437354
1,0,0.45104972
1,0,0.4470839
1,0,0.4773311
1,0,0.46455526
1,0,0.45765254
1,0,0.45104972
1,0,0.46377724
1,0,0.43570226
1,0,0.459102
1,0,0.46636465
1,0,0.46773216
0,0,0.461851
0,0,0.4670855
0,0,0.46876788
0,0,0.4557434
0,0,0.42948368
0,0,0.44758472
0,0,0.44353813
1,1,0.57174826
1,1,0.5220407
1,0,0.4838062
1,0,0.44631118
1,0,0.44183403
0,0,0.4672163
1,0,0.4584953
0,0,0.44883344
1,0,0.44332948
0,0,0.4292372
0,0,0.44779295
0,0,0.4330309
0,0,0.44055936
0,0,0.42192653
0,0,0.4800782
1,1,0.50767744
1,0,0.47783384
1,0,0.49760517
1,0,0.48713675
1,0,0.45958418
0,0,0.44170728
0,0,0.43832913
0,0,0.44863242
0,0,0.47009805
0,0,0.46067595
0,0,0.43866646
0,0,0.44753116
0,0,0.4460184
0,0,0.47947463
0,0,0.3834137
0,0,0.420881
1,0,0.3612991
1,0,0.45322612
1,0,0.4030053
0,0,0.41059923
0,0,0.3953197
0,0,0.38583347
1,0,0.43547964
1,0,0.404539
1,0,0.46032062
0,0,0.40241697
1,0,0.45843676
1,0,0.42009085
0,0,0.40454203
0,0,0.41260672
0,0,0.4405329
0,0,0.41786817
0,0,0.4003508
0,0,0.45400074
0,0,0.46757364
0,0,0.37863922
0,0,0.4307892
0,0,0.45381495
0,0,0.415173
0,0,0.427782
0,0,0.44440535
0,0,0.4553002
0,0,0.41475528
0,1,0.5255982
0,0,0.45784077
0,1,0.5028225
0,0,0.46340528
0,0,0.48265648
0,0,0.45979658
0,0,0.48068076
0,0,0.4508485
1,1,0.52121526
1,1,0.51175594
1,0,0.4797191
1,0,0.45227653
0,0,0.3813417
1,0,0.424665
1,0,0.40478036
0,0,0.44531298
0,0,0.3872334
0,0,0.4145703
0,0,0.4035935
0,0,0.39814675
0,0,0.41713315
1,0,0.4400252
1,0,0.4164249
1,0,0.38667956
1,0,0.48653513
1,0,0.44396394
1,0,0.41045913
1,0,0.4194688
0,0,0.40847614
0,0,0.39261818
0,0,0.4073388
0,0,0.39546305
1,0,0.38488373
1,0,0.40293804
1,0,0.44155133
1,0,0.46317577
1,0,0.43551618
0,0,0.40922832
0,0,0.40072495
0,0,0.42145833
0,0,0.41861194
0,0,0.4180401
0,0,0.4679218
1,0,0.47812545
0,0,0.48632088
1,0,0.4461242
0,0,0.4482797
0,0,0.40594468
0,0,0.3743638
1,0,0.38442558
0,0,0.411703
0,0,0.4173137
0,0,0.3863104
0,0,0.40443367
0,0,0.3910676
0,0,0.40469238
0,0,0.3900738
0,0,0.40012783
1,0,0.46923506
1,0,0.4442943
1,0,0.49870214
1,0,0.46042004
0,0,0.47338814
0,0,0.4154766
0,0,0.400991
0,0,0.3880524
0,0,0.3883907
0,0,0.3512312
1,0,0.40245873
1,1,0.631857
1,1,0.5146156
1,0,0.48621213
1,0,0.48130438
1,0,0.39459702
1,0,0.40410233
1,0,0.44187033
1,0,0.43221226
0,0,0.43870592
0,0,0.42913425
1,0,0.41277888
1,0,0.39806536
1,0,0.4250618
1,0,0.4774896
1,0,0.46974245
1,0,0.4541022
1,0,0.45059654
1,0,0.45110968
0,0,0.4625061
0,0,0.3946008
0,0,0.43292296
0,0,0.43338394
0,0,0.44341522
0,0,0.42541558
0,0,0.44599962
0,0,0.4382122
0,0,0.4409401
0,0,0.4377367
0,0,0.4324048
0,0,0.4796153
0,0,0.4868154
0,0,0.46412233
1,0,0.4230508
0,0,0.4172692
1,0,0.42911607
1,0,0.43829322
1,0,0.43828458
1,0,0.40235832
1,0,0.3901184
1,0,0.42915294
1,0,0.42318976
0,0,0.4087665
0,0,0.4326815
0,0,0.4167349
0,0,0.3980248
0,0,0.40291005
1,0,0.40333366
1,0,0.4759699
1,0,0.40386155
1,0,0.42857096
1,0,0.44712916
1,0,0.40643442
1,0,0.42249945
0,0,0.409147
0,0,0.4820742
0,0,0.409735
0,0,0.40840787
0,0,0.40310296
1,0,0.40662926
1,0,0.38620716
0,0,0.4103045
1,0,0.41147745
1,0,0.39452943
1,0,0.41367632
1,0,0.39720196
1,0,0.4098181
1,0,0.4322014
1,0,0.4118368
1,0,0.39827377
1,0,0.4265783
1,0,0.40439254
1,0,0.41663417
0,0,0.4230447
0,0,0.407505
0,0,0.42275247
1,0,0.4043486
1,0,0.41299653
1,0,0.40553984
1,0,0.4225604
1,0,0.433242
0,0,0.40338683
0,0,0.36570203
0,0,0.39667806
0,0,0.40022215
0,0,0.40070364
1,0,0.39270645
1,0,0.40686408
1,0,0.42047843
1,0,0.41714373
1,0,0.40684018
1,0,0.36294636
0,0,0.35950667
0,0,0.34794936
0,0,0.2940599
0,0,0.32582313
0,0,0.37787122
0,0,0.43719566
0,0,0.409491
0,0,0.4377633
0,0,0.44607368
1,0,0.45130378
1,0,0.44753066
1,0,0.44713908
1,0,0.3928813
1,0,0.39053795
1,0,0.4016195
1,0,0.38169122
1,0,0.3935171
1,0,0.39307287
1,0,0.40279698
0,0,0.41566926
0,0,0.41761094
1,0,0.41010687
0,0,0.4030276
1,0,0.39197534
1,0,0.41525757
1,0,0.40219536
1,0,0.41956273
1,0,0.40680677
1,0,0.41029525
1,0,0.4076567
1,0,0.41531414
1,0,0.40278414
1,0,0.38519242
1,0,0.40434837
0,0,0.41509572
0,0,0.42144126
0,0,0.42625785
0,0,0.39090434
0,0,0.42109457
1,0,0.45785287
1,0,0.43134838
0,0,0.4221583
0,0,0.467502
0,0,0.45445773
0,0,0.40675226
0,0,0.36150894
1,0,0.4529849
1,0,0.4246149
1,0,0.4651929
0,0,0.45902056
0,0,0.41166645
0,0,0.4176081
0,0,0.42718577
0,0,0.4328139
0,0,0.40986666
0,0,0.38160086
0,0,0.44333005
0,0,0.43895087
0,0,0.41434765
0,1,0.5049187
0,0,0.4676937
1,1,0.52511525
1,0,0.47886917
0,1,0.526293
0,0,0.42216936
0,0,0.41923705
0,0,0.40469363
0,0,0.3999043
0,0,0.41799927
0,0,0.4220848
0,0,0.4134893
0,0,0.4371231
0,0,0.42183995
0,0,0.39351282
0,0,0.41963226
0,0,0.456437
0,0,0.4485737
0,0,0.4670366
1,0,0.458322
1,0,0.449874
1,0,0.45914096
0,0,0.41067818
1,0,0.38235015
1,0,0.3835398
1,0,0.38293943
0,0,0.37960464
0,0,0.395095
0,0,0.35753042
0,0,0.41110536
0,0,0.39276996
0,0,0.43482608
0,0,0.4279909
1,0,0.44607309
0,0,0.47771955
1,0,0.4590273
0,0,0.45738512
0,0,0.433238
1,0,0.42319784
1,1,0.50583196
1,0,0.4134133
1,0,0.45647806
1,0,0.44517055
1,0,0.44677272
1,0,0.43857253
1,0,0.438933
1,0,0.42219254
1,0,0.41616493
1,0,0.4501205
1,0,0.42714342
1,0,0.42235807
0,0,0.35944575
0,0,0.38782263
0,0,0.43442595
0,0,0.40749982
0,0,0.4377657
0,1,0.56253594
0,1,0.5097119
0,0,0.49407804
0,0,0.415835
1,1,0.545597
1,0,0.45480564
1,0,0.4841901
0,0,0.41648936
0,0,0.44435292
1,0,0.39975554
1,0,0.39466617
1,0,0.40522766
1,0,0.4757308
1,1,0.5031983
1,0,0.39740825
0,0,0.4551764
0,0,0.39728954
0,0,0.2740542
1,0,0.3293707
0,0,0.42014414
1,0,0.48948604
0,0,0.47158805
1,0,0.4824708
0,0,0.40608165
0,0,0.4708519
0,0,0.41395617
1,0,0.43575022
1,0,0.40210438
1,0,0.49162245
1,0,0.42086563
1,0,0.4095049
0,0,0.41510502
1,0,0.4199247
1,0,0.4169445
1,0,0.41458195
1,0,0.40775633
1,0,0.43278992
1,0,0.41924962
1,0,0.45066366
0,0,0.42575023
1,0,0.40288845
0,0,0.36716697
1,0,0.40611833
1,0,0.4128885
1,0,0.41549435
0,0,0.33194876
0,0,0.44220468
1,0,0.39620876
0,0,0.40917596
1,0,0.411212
0,0,0.4410092
1,0,0.41781664
0,0,0.41253906
0,0,0.40686053
0,0,0.4215278
0,0,0.4205362
0,0,0.40980422
0,0,0.3883003
0,0,0.3822744
0,0,0.44207472
0,0,0.45054442
0,0,0.45251337
0,0,0.464459
0,0,0.4810233
0,0,0.49705756
0,0,0.41669878
0,0,0.41266757
0,0,0.43777254
0,0,0.39344862
0,0,0.4658566
0,0,0.49863687
1,1,0.5055483
1,1,0.5236645
1,1,0.5197508
1,1,0.58917487
1,1,0.54136425
1,0,0.4519542
0,0,0.46803677
1,0,0.43590662
1,0,0.45987272
1,0,0.45879802
0,1,0.51298666
0,0,0.4932478
0,1,0.55330557
1,0,0.484413
1,1,0.50142175
1,1,0.517373
1,1,0.50796896
1,1,0.5454164
1,1,0.50446695
1,1,0.5211423
0,1,0.53053135
1,1,0.5021407
1,1,0.52458656
1,1,0.5185642
1,1,0.52503836
1,0,0.49459457
1,0,0.49553156
1,1,0.5237674
0,1,0.531898
0,1,0.5321963
0,0,0.44849187
0,0,0.4288843
0,0,0.41551748
0,0,0.4207384
1,0,0.43832374
1,1,0.5627125
1,0,0.4710548
1,0,0.42150614
1,0,0.44247007
1,0,0.4447491
0,0,0.4913909
0,0,0.4317017
0,0,0.4086831
0,0,0.41605932
0,0,0.3899757
0,0,0.43158415
0,0,0.39661294
1,0,0.41042152
1,0,0.3922243
1,0,0.49898794
1,0,0.42547736
1,0,0.44011787
1,0,0.42467892
1,0,0.4312255
1,0,0.41359863
1,0,0.41864532
1,0,0.44150263
1,0,0.41155237
1,0,0.41031662
1,0,0.39878118
1,0,0.41013297
1,0,0.4455012
0,0,0.43218234
0,0,0.42683026
0,0,0.40937188
1,0,0.39270398
1,0,0.42284474
1,0,0.389399
1,0,0.4012518
1,0,0.37902293
1,0,0.40422204
0,0,0.43925914
0,0,0.4289171
0,0,0.41502902
0,0,0.39746985
0,0,0.4123227
0,0,0.40534076
1,0,0.40393034
1,0,0.4130376
1,0,0.41656113
1,0,0.43748406
1,0,0.3984618
1,0,0.40563014
1,0,0.40360117
0,0,0.43031505
1,0,0.44547155
1,0,0.46874753
1,0,0.45426193
1,0,0.43636757
1,0,0.47014478
1,0,0.4368125
1,0,0.43928978
1,0,0.41732505
0,0,0.41277304
0,0,0.40424198
0,0,0.4049734
0,0,0.4326512
0,0,0.38231203
0,0,0.441116
0,0,0.42362797
1,0,0.39675677
1,0,0.4672305
1,1,0.5053524
1,0,0.40211123
1,0,0.42173982
1,0,0.43528053
0,0,0.4030138
1,0,0.39727816
1,0,0.39871812
0,0,0.42438358
0,0,0.38775364
0,0,0.3924347
0,0,0.42013597
0,0,0.3853802
0,0,0.4097555
0,0,0.40769708
0,0,0.4008778
1,0,0.4460287
0,0,0.43692827
0,0,0.39771006
0,0,0.42894843
0,0,0.4237249
1,0,0.41738883
1,0,0.4166502
0,0,0.4271807
0,0,0.42956802
1,0,0.43598402
0,0,0.4295448
0,0,0.41071278
1,1,0.5479979
1,0,0.4752894
1,0,0.41068527
1,0,0.41127303
0,0,0.40841338
0,0,0.39581087
0,0,0.4116828
0,0,0.4043355
1,0,0.40892556
1,0,0.44967282
1,0,0.42973703
1,0,0.48125193
1,0,0.4319617
1,0,0.4390725
0,0,0.41072395
1,0,0.4445865
1,0,0.43886197
0,0,0.45323905
0,0,0.41065446
0,0,0.41507617
0,0,0.4136671
0,0,0.3768507
0,0,0.40402395
0,0,0.41760337
0,0,0.4273757
1,1,0.5789945
1,1,0.5833181
1,0,0.4872575
1,1,0.5116274
0,0,0.45733023
1,0,0.40865427
0,0,0.4443515
0,0,0.39948803
0,0,0.38476464
0,0,0.40023765
0,0,0.42893815
0,0,0.4284778
0,0,0.42611858
0,0,0.40792724
0,0,0.42446497
0,0,0.44151887
0,0,0.42045033
1,0,0.44591588
1,0,0.44092968
1,0,0.46270502
1,1,0.5330142
1,0,0.492818
1,0,0.4899402
1,1,0.5005221
0,1,0.5139306
0,0,0.49944997
0,1,0.522965
0,0,0.49787804
0,0,0.48910096
0,0,0.47150937
0,0,0.43971387
0,0,0.49140796
0,1,0.54502815
0,0,0.49967894
0,1,0.504898
0,0,0.46762192
0,0,0.45287102
1,1,0.5554441
1,0,0.47879812
1,0,0.4534219
1,0,0.4662755
1,0,0.43130463
1,0,0.4639999
0,0,0.46643978
0,0,0.42678952
1,0,0.43294656
1,0,0.46892706
1,0,0.47582445
1,0,0.46774042
0,0,0.4994168
0,0,0.48594117
0,0,0.46099988
0,0,0.47893992
0,0,0.45922315
1,0,0.49048397
1,0,0.46723208
1,0,0.49076575
1,0,0.4649886
1,1,0.515548
0,0,0.49144226
0,0,0.48372623
0,0,0.47104406
0,0,0.47455844
0,0,0.4735866
0,1,0.53549963
0,1,0.5180369
0,1,0.55409485
0,1,0.51417047
1,1,0.515184
1,1,0.5117467
1,0,0.48703665
1,1,0.5156459
1,1,0.50401527
1,1,0.50281626
0,0,0.45673427
1,0,0.4877573
1,0,0.48130968
1,0,0.4726115
1,0,0.47465742
1,0,0.4850339
1,1,0.5044669
1,0,0.49481264
1,0,0.48920006
1,0,0.48610651
1,1,0.50267947
1,1,0.5007907
1,0,0.49101913
0,0,0.46889535
1,0,0.48168585
1,0,0.45790264
1,0,0.479986
1,1,0.5055222
1,0,0.4847237
1,1,0.5364
0,0,0.4727341
0,0,0.46429282
0,0,0.446606
1,0,0.46275198
0,0,0.46433258
1,0,0.43712258
1,1,0.5182958
1,0,0.4569989
0,0,0.48356834
0,0,0.43651208
0,0,0.47502494
1,0,0.46663865
1,0,0.45216575
1,1,0.50256443
1,0,0.45658898
1,1,0.5217552
1,0,0.48554558
0,0,0.4670736
0,0,0.4232447
0,0,0.4094385
0,0,0.38899317
1,0,0.41272986
1,0,0.45723012
1,0,0.4750783
1,0,0.47170132
1,1,0.50067323
0,0,0.46056765
0,0,0.45062083
0,0,0.46598014
0,0,0.46125254
0,0,0.4676656
1,1,0.5547733
1,1,0.64068615
1,1,0.51715624
1,1,0.5314329
1,1,0.52996814
0,0,0.4777031
1,0,0.4324268
1,0,0.46768445
0,0,0.45330733
1,0,0.46598366
0,0,0.47680762
0,0,0.4875189
0,0,0.44834056
1,0,0.47542965
1,0,0.47372198
1,1,0.50804746
1,0,0.48711628
1,0,0.49677122
1,0,0.49642292
1,0,0.47784755
1,0,0.4790581
1,0,0.47048467
1,0,0.48794398
1,0,0.46466652
0,0,0.44024372
0,0,0.47110486
0,0,0.442896
0,0,0.4561998
0,0,0.45666167
0,0,0.46196175
0,0,0.47296715
1,1,0.515904
1,0,0.4885102
1,0,0.47043154
1,0,0.48690265
1,1,0.5179649
1,0,0.48239034
1,0,0.4320908
1,0,0.2659451
1,0,0.4037568
1,0,0.3102275
1,0,0.25482708
1,0,0.2783738
1,0,0.28033754
0,0,0.34561446
0,0,0.2989987
0,0,0.39943546
0,0,0.43321577
0,0,0.35808128
1,1,0.5428344
1,0,0.48786917
1,0,0.47816995
1,0,0.430193
1,1,0.5404078
0,0,0.32589006
0,0,0.2757783
0,0,0.3505289
1,0,0.38376236
1,0,0.39299175
1,0,0.40560663
1,0,0.4013422
1,0,0.38511464
1,0,0.35764703
1,0,0.40183917
1,0,0.28591856
0,0,0.28112513
1,0,0.3156652
1,0,0.32807216
0,0,0.32502022
0,0,0.40837663
0,0,0.49551916
0,0,0.38823897
1,0,0.38849288
0,0,0.43461862
0,0,0.4193415
0,0,0.43048567
0,0,0.44462758
0,0,0.3921671
0,0,0.46070647
0,0,0.4203288
0,0,0.45652577
0,0,0.40197197
1,0,0.42283234
1,0,0.42878827
1,0,0.4513531
1,0,0.41209543
1,0,0.4347454
1,0,0.37838256
1,0,0.38476923
0,0,0.33345687
0,0,0.32453236
0,0,0.39880562
0,0,0.34769934
0,0,0.38737467
0,0,0.4474644
0,0,0.43211836
0,0,0.41624784
0,0,0.43448398
0,0,0.47023764
0,0,0.45050633
0,0,0.4271704
0,0,0.43553314
0,0,0.45997605
1,0,0.49595222
1,0,0.44531363
1,0,0.44879472
1,0,0.43246722
1,0,0.4311274
1,0,0.42099935
1,0,0.41406274
0,0,0.42570364
0,0,0.4302728
0,0,0.42162147
0,0,0.40683267
0,0,0.39467436
0,0,0.4491507
0,0,0.4119575
1,0,0.46583268
1,0,0.4351577
1,0,0.41716146
1,0,0.39022624
0,0,0.4039577
0,0,0.40612367
0,0,0.4065333
0,0,0.39761743
0,0,0.4049569
1,0,0.40641257
0,0,0.42536914
1,0,0.41250065
1,0,0.42677224
1,0,0.41445515
1,0,0.39504156
1,0,0.41641125
0,0,0.38512698
0,0,0.37889618
0,0,0.39753515
0,0,0.40567067
0,0,0.39801392
0,0,0.44975638
0,0,0.38612056
0,0,0.3966034
0,0,0.44694066
0,0,0.48462194
1,0,0.41343433
0,0,0.45672193
0,0,0.49757507
0,0,0.4240681
0,0,0.40130553
0,0,0.4296784
0,0,0.38955596
0,0,0.3994948
0,0,0.3950223
0,0,0.43504593
0,0,0.48518264
1,1,0.5070809
1,1,0.540909
1,0,0.47331494
1,0,0.39298
1,0,0.40823287
1,0,0.4225731
1,0,0.40088636
1,0,0.38970438
1,0,0.4328807
0,0,0.43220365
0,0,0.43331206
0,0,0.44394007
1,0,0.42025107
0,0,0.408298
1,0,0.41338894
0,0,0.42862839
1,0,0.46384853
0,0,0.42046735
0,0,0.42918596
1,0,0.4096096
0,0,0.42101765
1,0,0.4228943
1,0,0.49931678
1,0,0.43094128
0,0,0.39271075
0,0,0.42305958
0,0,0.42652982
0,0,0.40572062
0,0,0.41647378
0,1,0.52972424
0,0,0.45746037
1,0,0.4972761
0,0,0.48070532
1,1,0.54167706
1,0,0.48853922
1,1,0.50743365
1,0,0.48280224
1,1,0.5676942
1,0,0.45230833
1,0,0.4674735
0,0,0.32789007
1,0,0.3241929
1,0,0.38158843
1,0,0.37403506
1,0,0.39922768
1,0,0.478222
1,0,0.37626362
1,0,0.38073936
1,0,0.39127168
0,0,0.3883796
0,0,0.39528742
0,0,0.39411095
0,0,0.40994644
0,0,0.33144012
0,0,0.46995673
0,0,0.45645016
1,0,0.49517763
0,0,0.4685299
1,1,0.54525715
0,0,0.41354153
0,0,0.4060801
0,0,0.4283872
0,0,0.41043666
0,0,0.37927794
0,1,0.5099263
0,0,0.48274678
0,1,0.65458894
0,1,0.5159223
0,1,0.5061193
0,1,0.52605075
1,1,0.50362235
1,1,0.6737013
1,1,0.5564736
1,1,0.5651423
1,0,0.4973845
1,1,0.50517493
1,0,0.48650458
1,0,0.47885364
0,0,0.43406206
0,0,0.39713365
0,0,0.44988126
0,0,0.41630134
0,0,0.42540815
1,1,0.50648355
1,1,0.5007504
1,1,0.5030816
1,1,0.52036893
1,1,0.5179849
0,0,0.39593944
0,0,0.32090786
0,0,0.280744
0,0,0.38917887
1,0,0.497923
1,1,0.50136
1,0,0.4592045
0,0,0.49060914
0,0,0.49117276
0,0,0.44447303
0,0,0.43146312
0,0,0.4558321
0,1,0.5048123
0,0,0.46583718
0,0,0.4339272
0,0,0.44493288
0,1,0.5039302
1,0,0.48494536
1,0,0.43669292
1,0,0.47574386
0,0,0.4865677
0,0,0.43162665
0,0,0.4803463
0,0,0.44768438
0,0,0.44497436
0,0,0.42523292
0,0,0.44587326
1,0,0.49308166
1,1,0.5185332
1,1,0.50012314
1,0,0.46341532
1,0,0.47969672
0,1,0.5119669
1,0,0.48717415
1,1,0.5062907
1,0,0.49609315
1,0,0.4771856
1,1,0.59782743
1,0,0.46940315
1,0,0.36494544
0,0,0.32200107
0,0,0.42418364
1,0,0.38614458
1,0,0.4169673
1,0,0.41695294
1,0,0.43132693
1,0,0.4632865
1,0,0.37261698
0,0,0.42262417
0,0,0.40568382
0,0,0.4598766
0,0,0.4133226
0,0,0.45555642
0,0,0.47266096
0,0,0.48032692
0,0,0.4636581
0,0,0.46153414
0,0,0.40321818
0,0,0.45327774
1,0,0.41481295
1,0,0.43156964
1,0,0.4449353
1,0,0.40795654
1,0,0.3950354
1,0,0.4166954
1,0,0.413687
0,0,0.4016111
1,0,0.4109902
1,0,0.4097722
0,0,0.3995614
1,0,0.40841353
1,0,0.43193248
1,0,0.41419637
1,0,0.4280303
1,0,0.449468
0,0,0.43496203
1,0,0.41141263
1,0,0.38391235
1,0,0.391304
0,0,0.42301384
0,0,0.422194
0,0,0.43087983
0,0,0.4239965
0,0,0.42208162
1,0,0.42602557
1,0,0.4000337
1,0,0.40193775
1,0,0.4569756
1,0,0.45933786
1,0,0.43723902
1,0,0.41045895
1,0,0.4214128
1,0,0.3893787
1,0,0.4036836
1,0,0.4196859
1,0,0.40452915
1,0,0.42342004
1,0,0.40761986
1,0,0.4120058
1,0,0.3931344
1,0,0.44522968
1,0,0.43085387
1,0,0.4062838
1,0,0.42858627
1,0,0.43041423
0,0,0.43549106
0,0,0.41555083
0,0,0.4094503
1,0,0.40491065
1,0,0.3994561
1,0,0.44234207
0,0,0.46453837
0,0,0.4032047
0,0,0.39063406
0,0,0.39829195
0,0,0.4016473
0,0,0.41633323
0,0,0.41035873
0,0,0.45413336
0,0,0.37428284
1,0,0.42967233
0,0,0.41344544
0,0,0.39689043
1,0,0.38585576
1,0,0.39969456
1,0,0.39231646
1,0,0.44334626
1,0,0.39954466
0,0,0.409355
0,0,0.4075587
0,0,0.3902408
0,0,0.3987465
0,0,0.39064848
0,0,0.3664302
0,0,0.3949066
0,0,0.4406647
0,0,0.4406349
1,0,0.42117432
1,0,0.44593632
1,1,0.5061656
1,0,0.49353173
1,0,0.46336225
1,0,0.4354771
1,0,0.42533568
1,0,0.4193104
1,0,0.42361856
0,0,0.40293017
1,0,0.3970209
0,0,0.3859905
0,0,0.37545708
0,0,0.36735216
0,0,0.42601252
0,0,0.40179467
1,1,0.52376515
1,0,0.4654372
1,0,0.48651272
0,0,0.4695156
0,0,0.46082938
0,0,0.41599965
0,0,0.38849968
0,0,0.25866917
0,1,0.5248343
1,0,0.46164802
1,0,0.4698101
1,0,0.44734138
1,0,0.47073042
1,0,0.4178081
1,0,0.3832625
1,0,0.4288735
0,0,0.4101266
0,0,0.38949955
0,0,0.4123745
1,0,0.3922103
1,0,0.41388997
1,0,0.4007791
1,0,0.41711965
1,0,0.47281927
1,0,0.42145404
1,0,0.40466717
1,0,0.4518977
1,0,0.4285424
1,0,0.41060555
1,0,0.4398576
1,0,0.4017392
0,0,0.402868
0,0,0.4358747
0,0,0.42911062
0,0,0.40865543
0,0,0.40863118
1,0,0.4288606
1,0,0.41864368
1,0,0.44299653
1,0,0.4454146
1,0,0.45557943
0,0,0.4392656
1,0,0.43002158
0,0,0.42561764
0,0,0.4152752
0,0,0.41524264
1,0,0.4278479
0,0,0.4135878
0,0,0.4189364
0,0,0.4167019
0,0,0.4229879
0,0,0.4154807
0,0,0.4705537
0,0,0.42160067
0,0,0.3979901
0,1,0.5085716
0,0,0.4528594
0,0,0.4472986
0,0,0.42087924
1,0,0.4088263
1,0,0.3885515
1,0,0.39352098
0,0,0.39098603
0,0,0.39368972
0,0,0.46379033
0,0,0.42295086
0,0,0.42286098
0,0,0.45815894
0,0,0.44307262
1,0,0.46913692
1,1,0.51205623
1,1,0.5201209
0,0,0.4563121
0,1,0.5062005
0,0,0.46626016
1,0,0.45861396
1,0,0.44368958
1,0,0.44427213
1,1,0.51251453
1,0,0.48437956
1,0,0.469325
1,0,0.45978096
0,0,0.4644822
1,0,0.4385438
1,0,0.4525416
0,0,0.45623785
0,0,0.43384305
0,0,0.4834751
1,0,0.44497198
1,0,0.45639512
1,0,0.48871756
1,0,0.48879853
1,0,0.49750188
1,0,0.46614626
1,0,0.43555254
1,0,0.3379167
1,0,0.3122741
1,0,0.34309185
1,0,0.35974646
0,0,0.33690786
0,0,0.36481237
0,0,0.33054322
0,0,0.3396532
0,0,0.37082997
0,0,0.3775457
0,0,0.40872595
0,0,0.43066904
0,0,0.45555252
0,0,0.4207952
1,1,0.501711
1,0,0.4794495
0,1,0.5579783
0,0,0.48931062
0,1,0.55787414
0,0,0.48082322
0,0,0.49683425
0,0,0.49474755
1,0,0.4873941
1,1,0.5146987
1,1,0.50108904
1,0,0.48999348
1,0,0.4653332
1,0,0.4663942
1,0,0.4746856
1,0,0.45953876
0,0,0.45317617
0,0,0.48852333
0,0,0.47158593
0,0,0.45545492
0,0,0.48174775
1,1,0.5114262
0,1,0.5267604
0,0,0.46727476
1,0,0.46516475
1,0,0.48954424
1,0,0.45540336
1,0,0.46651718
1,0,0.46620575
1,0,0.44081894
0,0,0.4336347
0,0,0.45263883
0,0,0.40937212
0,0,0.44696134
1,0,0.39486757
1,0,0.40870667
1,0,0.45201966
1,0,0.42654344
1,0,0.44517466
0,0,0.39946604
0,0,0.43835545
0,0,0.43069682
0,0,0.4179955
0,0,0.40976095
0,0,0.4454139
0,0,0.49354228
0,0,0.4650362
0,0,0.44659847
0,0,0.45002642
0,1,0.5127389
0,0,0.4988296
0,1,0.5014974
0,1,0.5023054
0,0,0.46895337
1,1,0.649383
1,1,0.532673
1,1,0.56203264
1,1,0.5051769
1,0,0.48222873
1,0,0.48568153
1,0,0.4748633
1,0,0.49001834
1,0,0.4794584
1,0,0.45108435
0,0,0.46369696
0,0,0.46133366
0,0,0.47787663
1,0,0.48476937
1,0,0.49037272
1,0,0.48879695
1,0,0.49460584
1,0,0.4640501
1,0,0.469614
0,0,0.48855406
0,0,0.48009282
0,0,0.47601804
1,0,0.47557378
1,0,0.47806692
1,0,0.4552085
1,0,0.47626978
0,0,0.48141122
0,0,0.49612093
0,0,0.48427144
0,0,0.48202878
1,0,0.470508
1,1,0.5183912
0,0,0.49808398
1,0,0.46440506
0,0,0.47612524
0,0,0.4888169
1,0,0.48219636
1,0,0.45825136
1,0,0.468251
1,0,0.45800376
0,0,0.49726653
0,0,0.45820108
0,0,0.4796774
0,0,0.45851764
0,0,0.4288098
0,0,0.43770155
0,0,0.47008324
0,0,0.45991164
1,0,0.47171718
1,0,0.4968349
1,0,0.49081203
1,1,0.5058133
1,0,0.49063176
1,0,0.45721692
1,0,0.4565887
1,0,0.47933215
1,0,0.47093627
1,0,0.47216335
1,0,0.47216335
1,0,0.47089466
1,0,0.4800107
1,0,0.46760827
1,0,0.453462
1,0,0.47166556
1,0,0.46196175
1,0,0.4441835
0,0,0.40241778
1,0,0.39618018
1,0,0.4396252
1,0,0.4383349
1,0,0.4168501
1,0,0.46675724
0,0,0.45796144
0,0,0.4223725
0,0,0.4263425
0,0,0.44800746
0,0,0.45297727
0,0,0.44028604
0,0,0.44726756
1,0,0.47966638
1,0,0.416175
1,0,0.46296442
1,0,0.47776428
1,0,0.4676987
1,0,0.4785181
1,0,0.48193097
0,0,0.41952723
0,0,0.41576278
1,0,0.44942176
0,0,0.35596427
0,0,0.38809997
0,0,0.4096044
0,0,0.40652847
0,0,0.38374043
0,0,0.4698397
0,0,0.40607542
0,0,0.41139847
0,0,0.47398794
0,1,0.52478975
0,0,0.47333145
1,0,0.42022866
0,0,0.47591537
0,0,0.46188396
1,0,0.4714671
1,0,0.46186805
0,0,0.4828825
0,0,0.42919633
1,0,0.42739943
0,0,0.44529027
0,0,0.43692946
0,0,0.42776123
0,0,0.4369979
0,0,0.45308697
0,0,0.4209458
0,0,0.45298186
0,0,0.4377592
1,0,0.4277585
1,1,0.5212671
1,0,0.4659467
1,0,0.49111053
1,1,0.50906724
1,1,0.50874084
1,0,0.47504225
1,0,0.49018773
0,0,0.46480864
0,0,0.468252
1,0,0.45524874
1,0,0.4708101
1,0,0.48220655
1,0,0.4582952
1,0,0.42892998
1,0,0.46840674
1,0,0.45896205
0,0,0.42134008
1,0,0.45194378
1,0,0.42677906
1,0,0.4263664
1,0,0.40572223
1,0,0.4277661
1,0,0.44486648
1,0,0.43475536
1,0,0.45563635
1,0,0.44340944
1,0,0.4299863
1,0,0.4205069
0,0,0.43241987
0,0,0.41777784
0,0,0.41600567
0,0,0.4300333
0,0,0.44615775
0,0,0.41617796
0,0,0.43052667
0,0,0.45307404
0,0,0.42842352
1,1,0.5289147
1,0,0.46922597
0,0,0.4608679
0,0,0.4583281
0,0,0.4577288
0,0,0.44847462
0,0,0.43247908
0,0,0.4296329
0,0,0.43064165
0,0,0.46421432
0,0,0.46201262
0,0,0.4045506
0,0,0.46561494
0,0,0.46241105
0,0,0.43896237
0,0,0.44156194
0,0,0.44883707
1,0,0.47979164
1,0,0.47034818
1,0,0.43671334
1,0,0.49426767
0,0,0.4350704
0,0,0.43804458
0,0,0.47738004
0,0,0.44976383
0,0,0.42916024
0,0,0.4317679
0,0,0.4053977
0,0,0.43601272
1,0,0.447869
1,0,0.45116067
1,0,0.4726495
1,0,0.47778213
1,0,0.4724301
1,0,0.46724164
1,0,0.46402895
0,0,0.4048219
1,0,0.42532438
1,0,0.4349883
1,0,0.38242176
0,0,0.40562943
0,0,0.4131139
0,0,0.3958462
0,0,0.38702258
0,0,0.4471717
0,0,0.4672452
1,0,0.4251083
1,0,0.4156115
0,0,0.48046413
0,0,0.44988206
0,0,0.38035697
0,0,0.39526284
1,0,0.39721873
1,0,0.39618972
1,0,0.45833367
0,0,0.4108378
0,0,0.40859208
0,0,0.39262146
0,0,0.39955658
1,0,0.4203508
1,0,0.4470537
0,0,0.44104105
0,0,0.4261095
0,0,0.424864
0,0,0.4404634
0,0,0.42397794
0,1,0.55473554
0,0,0.47271088
0,0,0.4459901
0,0,0.47315562
1,0,0.4724641
1,0,0.45688874
1,0,0.46799985
1,0,0.47003445
1,0,0.44576594
0,0,0.45843828
1,1,0.51049966
0,1,0.5312896
0,1,0.5309911
1,1,0.50250334
1,1,0.50156206
1,1,0.50229
1,1,0.5037593
1,1,0.5034346
1,0,0.48419553
1,0,0.42757228
1,0,0.42435238
1,0,0.41391364
1,0,0.4049115
1,0,0.42471516
1,0,0.4614871
1,0,0.33403948
1,0,0.38667879
0,0,0.36008173
0,0,0.35168037
0,0,0.40980482
0,0,0.40479627
0,0,0.3776711
0,0,0.4711816
1,1,0.56703264
1,1,0.5121886
1,0,0.49086443
0,1,0.50483406
0,0,0.47307983
0,0,0.41433144
0,0,0.42459914
0,0,0.41799337
1,0,0.42732632
1,0,0.45816624
1,0,0.48640957
1,0,0.4611513
1,0,0.4004417
0,0,0.41460073
0,0,0.40611985
0,0,0.40414703
0,0,0.41605687
0,0,0.4169382
1,1,0.54032856
0,0,0.4724263
0,0,0.49607533
0,1,0.50662124
0,0,0.42226642
0,0,0.40089294
0,0,0.3820894
0,0,0.39422372
1,0,0.4666887
1,1,0.5160854
1,1,0.63854665
1,1,0.509869
0,0,0.4690035
1,0,0.44021904
1,0,0.41040176
1,0,0.39845225
1,0,0.41934603
1,0,0.3990792
1,0,0.39918214
1,0,0.40359798
1,0,0.4181146
1,0,0.42454875
1,0,0.42079115
1,0,0.40833664
1,0,0.42218786
1,0,0.43542162
0,0,0.4242021
0,0,0.4296839
0,0,0.41607535
1,0,0.4153857
1,0,0.42115295
1,0,0.42814508
1,1,0.50956947
1,0,0.4102547
0,0,0.46065143
0,0,0.439629
0,0,0.4226031
0,0,0.40752363
0,0,0.42439386
0,0,0.43120363
1,1,0.5704337
1,0,0.45794883
1,0,0.4832982
1,0,0.4799769
1,0,0.43026632
0,0,0.41438165
0,0,0.42009982
0,0,0.39951706
0,0,0.3988325
0,0,0.42257422
0,0,0.47255024
0,0,0.47144184
0,0,0.45929056
0,0,0.4470315
1,0,0.480359
1,0,0.4342437
1,0,0.38715515
1,0,0.46073705
1,0,0.38121593
1,0,0.41325846
1,0,0.41214013
1,0,0.41951555
1,0,0.42837092
1,0,0.40108415
1,0,0.40320164
1,0,0.42372668
1,0,0.418846
1,0,0.41978008
1,0,0.36847386
1,0,0.351665
1,0,0.42328227
1,0,0.39409652
0,0,0.40167654
0,0,0.4068838
0,0,0.40669113
0,0,0.42252722
0,0,0.4177278
0,0,0.4842759
0,0,0.45427796
0,0,0.44175082
0,0,0.49445155
1,0,0.4790988
1,0,0.44611147
1,0,0.43980324
1,0,0.44290113
1,0,0.39607197
1,0,0.4025562
1,0,0.40932047
1,0,0.43046644
1,0,0.3992283
1,0,0.41861653
1,0,0.41145897
1,0,0.4146545
1,0,0.35392687
0,0,0.40416843
1,0,0.42228553
1,0,0.42016873
0,0,0.4387765
0,0,0.40419883
0,0,0.44739902
1,0,0.4371975
0,0,0.43193105
0,0,0.46282285
0,0,0.43389446
0,0,0.42757455
0,0,0.40438673
0,1,0.5233937
1,0,0.45464265
1,0,0.44967964
1,0,0.48324126
1,0,0.45681456
1,0,0.4206217
1,0,0.38244867
0,0,0.37972242
0,0,0.39623785
0,0,0.4340034
0,0,0.4000183
0,0,0.4129568
1,0,0.3832705
1,0,0.41907796
1,0,0.4148183
1,0,0.42808875
1,0,0.43572477
0,0,0.39768192
0,0,0.40913388
0,0,0.42494798
1,0,0.40094668
1,0,0.42022723
1,0,0.41628298
1,0,0.47742915
1,0,0.43182197
1,0,0.4487629
1,0,0.43937936
0,0,0.39619747
0,0,0.37173587
0,0,0.45798296
0,0,0.44341442
0,0,0.41700625
0,0,0.4324421
0,0,0.43285763
0,0,0.44405118
1,0,0.46210796
1,0,0.47111177
1,0,0.43851236
1,0,0.44944072
0,0,0.47980258
1,0,0.41315392
0,0,0.42270032
0,0,0.4510917
0,0,0.43145773
0,0,0.44631243
0,0,0.4299247
0,0,0.43123096
0,0,0.43911716
0,0,0.44209084
1,0,0.47124746
0,0,0.44878986
0,0,0.45361128
0,0,0.45637515
1,0,0.45339593
1,0,0.4312192
1,0,0.4661123
1,0,0.45631698
1,0,0.44118914
1,0,0.46480843
1,0,0.41899598
1,0,0.44888353
1,0,0.43820983
1,0,0.43507478
1,0,0.4412067
1,0,0.43995515
1,0,0.4345893
1,0,0.41936874
1,0,0.4116793
1,0,0.4149886
1,0,0.41500166
1,0,0.4101715
1,0,0.42597452
0,0,0.41500166
1,0,0.36209813
0,0,0.42129624
1,0,0.40900955
1,0,0.40398785
1,0,0.4168477
1,0,0.4154519
1,0,0.42987746
0,0,0.37659472
0,0,0.35667858
0,0,0.4217221
0,0,0.40546435
0,0,0.41896155
0,0,0.41149962
0,0,0.4177052
0,0,0.49078557
0,0,0.4680506
0,1,0.53255767
0,0,0.44019833
0,0,0.44817346
0,0,0.4577811
1,1,0.53066224
1,0,0.4394593
1,0,0.43760574
0,0,0.42758614
1,0,0.4426013
1,0,0.42981088
0,0,0.4088812
0,0,0.40346703
1,0,0.41401803
1,0,0.4405882
1,0,0.4168882
1,0,0.40258005
1,0,0.43798855
1,0,0.43256184
1,0,0.41143984
1,0,0.41171914
1,0,0.42144686
1,0,0.43017673
0,0,0.3833658
0,0,0.38747245
0,0,0.41602927
1,0,0.44874844
0,0,0.41987845
0,0,0.46910843
0,0,0.42612547
0,0,0.43720272
0,0,0.42922252
0,0,0.4495926
0,0,0.4941285
0,1,0.52136374
0,0,0.448022
0,0,0.45198834
1,0,0.43424475
1,0,0.44153628
1,0,0.45304012
1,0,0.42541376
1,0,0.4371091
1,0,0.43130457
1,0,0.41863003
1,0,0.41125834
0,0,0.41539806
1,0,0.39556965
1,0,0.42295837
1,0,0.41836715
1,0,0.40664354
1,0,0.4160732
1,0,0.43318668
1,0,0.42992884
1,0,0.4348055
0,0,0.43838733
0,0,0.39710274
0,0,0.42005873
1,0,0.40129438
1,0,0.41936603
1,0,0.45093215
1,0,0.45917243
1,0,0.42282987
1,0,0.43516812
0,0,0.40313536
0,0,0.3951791
0,0,0.36596435
0,0,0.39797056
1,0,0.3890839
1,0,0.46793786
1,0,0.43109044
1,0,0.44784528
1,0,0.44070083
1,0,0.44569674
1,0,0.39744496
1,0,0.42345235
1,0,0.41222277
0,0,0.4347331
0,0,0.40590805
0,0,0.40735462
0,0,0.39387736
0,0,0.3851806
0,0,0.47019196
0,0,0.42561856
0,0,0.44249883
0,0,0.4117931
1,0,0.44655934
1,0,0.41678008
1,0,0.42442438
0,0,0.44278893
0,0,0.40364528
0,0,0.37071773
0,0,0.41244575
0,0,0.41607273
0,0,0.41653556
1,1,0.5396571
1,1,0.6394754
0,0,0.45881495
0,0,0.39730868
0,0,0.41316313
1,0,0.40915856
1,0,0.39899272
1,0,0.42255953
0,0,0.433008
0,0,0.40703797
0,0,0.42551717
0,0,0.4280365
1,0,0.4053409
1,0,0.4043079
1,0,0.46938035
1,0,0.46753082
1,0,0.46867755
1,0,0.43086746
1,0,0.4066118
0,0,0.42887297
0,0,0.39982933
0,0,0.40142596
0,0,0.42787308
0,0,0.39242867
0,0,0.47847226
0,0,0.3916079
0,0,0.39584836
0,0,0.45091
0,0,0.45668364
0,0,0.43586874
0,0,0.47372207
0,0,0.49503607
1,0,0.4717678
1,0,0.44289157
1,0,0.44982094
1,0,0.39564532
1,0,0.4207596
0,0,0.41405228
0,0,0.41981924
0,0,0.41735497
0,0,0.42228845
0,0,0.4041999
0,0,0.38799268
0,0,0.41383258
0,0,0.44675216
0,0,0.4365575
0,0,0.42236984
1,0,0.4428325
1,0,0.46945184
1,0,0.4494601
1,0,0.45270288
1,0,0.4376783
0,0,0.41737399
1,0,0.41917202
0,0,0.40643683
0,0,0.41105437
1,0,0.41775545
1,0,0.39422458
1,0,0.41711202
1,0,0.41200468
1,0,0.41135654
1,0,0.4330053
1,0,0.4358743
1,0,0.4132145
1,0,0.41966856
1,0,0.40952298
0,0,0.41945532
0,0,0.42823368
0,0,0.43425274
0,0,0.42886683
0,0,0.41348904
1,0,0.40118116
0,0,0.43213865
0,0,0.37139535
0,0,0.4332802
0,0,0.39334062
0,0,0.39432418
1,0,0.3914646
1,0,0.4096164
0,0,0.42972714
1,0,0.41232735
1,0,0.41426036
0,0,0.3969509
0,0,0.42478594
1,0,0.40732107
1,0,0.4731057
1,0,0.40336257
1,0,0.41028884
1,0,0.40827605
1,0,0.41741538
1,0,0.4570536
1,0,0.417013
1,0,0.42499623
1,0,0.41328487
1,0,0.4250176
1,0,0.41405302
0,0,0.4232991
0,0,0.42631635
0,0,0.41762757
0,0,0.41307142
0,0,0.41622278
0,0,0.42317936
1,0,0.49452558
1,0,0.4651984
1,0,0.43680203
1,0,0.42429602
1,0,0.4364761
1,0,0.4161073
1,0,0.42854792
1,0,0.410213
1,0,0.40716165
1,0,0.4028965
1,0,0.41449812
1,0,0.38577548
1,0,0.41020352
1,0,0.42020333
0,0,0.4238811
0,0,0.38708982
0,0,0.41665876
0,0,0.39613205
0,0,0.40997818
0,0,0.42601427
0,0,0.4355215
0,0,0.44192407
0,0,0.4084711
0,1,0.51092803
1,0,0.45702735
1,0,0.43024406
1,0,0.45383236
1,0,0.4513212
1,0,0.42479894
0,0,0.4279282
0,0,0.39069292
1,0,0.42189783
1,0,0.40709588
1,0,0.4223302
1,0,0.43968317
1,0,0.42452642
1,0,0.4358798
0,0,0.403784
1,0,0.40520898
0,0,0.427518
0,0,0.41428947
0,0,0.4093174
0,0,0.39489266
0,0,0.41581944
0,0,0.4440728
0,0,0.4109353
0,0,0.42399174
0,0,0.43075314
0,0,0.45756233
0,0,0.43797836
0,0,0.4278931
1,0,0.46628422
1,0,0.43198982
1,0,0.40922993
1,0,0.39820835
1,0,0.38808015
0,0,0.38242468
0,0,0.4193691
0,0,0.38684234
1,0,0.3944563
1,0,0.39499137
0,0,0.39085123
0,0,0.4460657
0,0,0.39000338
0,0,0.40031803
0,0,0.41856933
0,0,0.3941105
1,0,0.47214374
1,0,0.43899262
1,0,0.46765655
1,0,0.44113734
0,0,0.43607005
0,0,0.41203794
1,0,0.40620852
1,0,0.41485727
0,0,0.39247182
0,0,0.4063518
0,0,0.39682743
0,0,0.4147055
0,0,0.40530655
1,0,0.39989787
0,0,0.39130875
1,0,0.40825343
0,0,0.41964597
1,0,0.39511722
0,0,0.41167018
0,0,0.36398456
0,0,0.4077182
1,0,0.41716295
1,0,0.3926994
1,0,0.40594366
0,0,0.3937857
0,0,0.37872463
0,0,0.414491
0,0,0.38418514
0,0,0.36983448
0,0,0.38070402
1,0,0.4097518
0,0,0.428708
0,0,0.4425967
0,0,0.45892614
0,0,0.39310378
0,0,0.3736059
0,0,0.40707296
0,0,0.40080592
1,0,0.39185905
1,0,0.4514857
1,0,0.43881506
1,0,0.37816155
1,0,0.39545402
0,0,0.4411548
0,0,0.38231152
0,0,0.39569554
0,0,0.39522278
0,0,0.41153774
0,0,0.41750503
0,1,0.5009941
0,0,0.49383295
0,0,0.47275168
0,0,0.486936
1,1,0.5111857
1,0,0.48389834
1,0,0.425106
1,0,0.4747748
0,0,0.46357068
0,0,0.4185736
0,0,0.44471827
0,0,0.42359424
1,0,0.4306978
1,0,0.43310526
1,0,0.4007749
1,0,0.4453561
1,0,0.42624295
0,0,0.42472667
1,0,0.4153264
0,0,0.41184852
1,0,0.41300797
0,0,0.42473346
0,0,0.411315
0,0,0.40586838
1,0,0.39749888
1,0,0.4336058
1,0,0.43257487
1,0,0.41011474
1,0,0.4109059
1,0,0.40953764
0,0,0.4046451
0,0,0.41385314
1,0,0.39750424
0,0,0.43260363
0,0,0.38193375
1,0,0.4236347
1,0,0.40377024
1,0,0.43865204
1,0,0.40452394
1,0,0.40748015
1,0,0.40327746
1,0,0.4241247
1,0,0.4138764
0,0,0.41188535
0,0,0.4085956
0,0,0.43526545
0,0,0.41465572
0,0,0.4076296
0,0,0.44329718
0,0,0.4094291
0,0,0.40416002
0,0,0.440488
0,0,0.40110272
0,0,0.4136525
0,0,0.37708774
0,0,0.38891903
0,0,0.4356208
0,0,0.43133482
0,0,0.39272457
0,0,0.39811328
1,1,0.5337867
1,1,0.51410013
1,0,0.492041
1,1,0.5101391
1,0,0.46971625
1,0,0.4216206
0,0,0.43480715
1,0,0.40712315
1,0,0.43299055
1,0,0.4131405
1,0,0.40390027
0,0,0.39709213
0,0,0.43371892
0,0,0.42583552
0,0,0.40789092
0,0,0.3962403
1,0,0.41322145
1,1,0.5008449
1,0,0.42170504
1,0,0.45229244
1,0,0.42557484
0,0,0.43366656
0,0,0.41654792
0,0,0.41517076
0,0,0.4113753
0,0,0.40747976
0,0,0.41578943
1,0,0.4177874
0,0,0.40286925
0,0,0.41415432
0,0,0.4352801
0,0,0.42281836
0,0,0.4358232
0,0,0.43267608
1,0,0.43064517
1,0,0.4389179
1,0,0.47394198
1,0,0.46279094
1,0,0.48132378
1,0,0.4598129
0,0,0.4466941
0,0,0.46335956
0,0,0.44833684
0,0,0.47984362
0,0,0.3972626
0,0,0.40932316
0,0,0.48022848
0,1,0.54203093
0,0,0.4775223
0,0,0.4708027
1,0,0.45904028
1,0,0.4395534
1,0,0.49516007
1,0,0.40935805
1,0,0.43737257
0,0,0.45502588
0,0,0.46720335
1,0,0.4526596
0,0,0.47121188
0,0,0.45466167
1,0,0.41993785
1,0,0.42803416
1,0,0.47996244
1,0,0.4300252
1,0,0.4287995
1,0,0.44075382
1,0,0.48730066
1,0,0.44567534
1,0,0.44348785
1,0,0.45112365
1,0,0.44260874
1,0,0.47410226
0,0,0.44057733
0,0,0.40572286
0,0,0.41020542
0,0,0.4319657
0,0,0.41400763
1,0,0.42315385
0,0,0.4396997
1,0,0.4227846
1,0,0.41369918
1,0,0.4395291
1,0,0.43780714
1,0,0.40666494
1,0,0.4031341
1,0,0.43293425
0,0,0.45257765
0,0,0.4255326
0,0,0.4358444
1,0,0.42704105
1,0,0.42276812
1,0,0.42736024
1,0,0.41739777
0,0,0.39458957
0,0,0.42543525
0,0,0.42232987
0,0,0.42232987
0,0,0.42989996
0,0,0.451941
0,0,0.44252336
0,0,0.40642744
1,0,0.41610432
1,0,0.41468742
1,0,0.4365079
1,0,0.42015055
1,0,0.4131592
0,0,0.45079723
0,0,0.41292632
0,0,0.42495215
0,0,0.3946327
1,0,0.42298102
0,0,0.4190359
1,0,0.41912037
1,0,0.423309
1,0,0.41912037
0,0,0.45635787
1,0,0.43244675
1,0,0.4422244
1,0,0.43143433
1,0,0.4196099
1,0,0.41882753
0,0,0.46355346
0,0,0.41128463
0,0,0.42409116
0,0,0.44415364
0,0,0.43865508
0,0,0.4243716
0,0,0.42306754
0,0,0.448808
0,0,0.4437416
1,0,0.45425594
0,0,0.4201423
0,0,0.412176
0,0,0.412176
0,0,0.42554602
0,0,0.40677786
0,0,0.4097262
1,0,0.42650682
1,0,0.43679866
1,0,0.45165256
1,0,0.48691005
1,0,0.42099938
1,0,0.4719369
1,0,0.44331768
1,0,0.4425999
1,0,0.43017867
1,0,0.44117922
1,0,0.43187904
0,0,0.42608717
0,0,0.4278814
0,0,0.4486828
0,0,0.44078198
0,0,0.41942877
0,0,0.4365356
0,0,0.4488234
0,0,0.42020914
1,0,0.42420667
1,0,0.44145706
0,0,0.4094445
0,0,0.4061789
0,0,0.41218907
0,0,0.40977967
0,0,0.40930146
0,0,0.43665004
0,0,0.39939088
0,1,0.50563675
0,1,0.54215664
0,1,0.53192025
0,0,0.46602848
0,1,0.5102576
1,0,0.48126182
1,0,0.4820111
1,0,0.44834986
1,0,0.4966648
1,0,0.42501095
1,0,0.45992193
1,0,0.4717375
1,0,0.45597625
0,0,0.42053464
0,0,0.43596599
0,0,0.47287613
0,0,0.4466672
0,0,0.4496133
0,0,0.4613201
0,0,0.42721477
0,0,0.43762812
0,0,0.42236584
0,0,0.43288803
0,0,0.45309538
0,0,0.42022374
0,0,0.39107072
1,0,0.45286462
1,0,0.45388705
1,0,0.39070234
1,0,0.4291456
1,0,0.38600317
1,0,0.41344357
1,0,0.40425795
1,0,0.40696043
1,0,0.38053507
1,0,0.3931995
1,0,0.42595753
1,0,0.40976846
1,0,0.41056883
1,0,0.3975044
0,0,0.39527836
0,0,0.41973332
1,0,0.4053156
1,0,0.42171213
1,0,0.4053211
1,0,0.38596037
1,0,0.3876849
1,0,0.42605966
0,0,0.42655247
0,0,0.40333506
1,0,0.42376792
1,0,0.39637282
1,0,0.4143926
1,0,0.40018135
1,0,0.42408165
0,0,0.4379479
0,0,0.3980238
1,0,0.42675272
0,0,0.42337397
1,0,0.41857976
1,0,0.39869273
1,0,0.41823962
1,0,0.4178432
1,0,0.40382436
0,0,0.41603127
0,0,0.4187992
0,0,0.4245748
0,0,0.41394782
1,0,0.4000384
1,0,0.4240598
0,0,0.4193481
1,0,0.4094462
1,0,0.4465235
1,0,0.42858857
1,0,0.38726237
1,0,0.40729758
1,0,0.41496328
0,0,0.4308988
0,0,0.4055542
1,0,0.40629944
1,0,0.43134028
1,0,0.3933493
1,0,0.4321651
1,0,0.385902
1,0,0.42398074
1,0,0.4184404
1,0,0.41181648
0,0,0.42289722
0,0,0.42290848
0,0,0.42727947
0,0,0.4515866
0,0,0.40498996
0,0,0.4306552
0,0,0.3956354
1,0,0.40724665
0,0,0.404941
0,0,0.3870556
0,0,0.39365157
0,0,0.3820747
0,0,0.4082268
1,0,0.3991661
1,0,0.3704909
0,0,0.38857606
1,0,0.36873043
1,0,0.4077885
0,0,0.43356094
0,0,0.39858875
1,0,0.38230067
0,0,0.42121246
0,0,0.4140349
0,0,0.46901765
0,0,0.45214966
0,0,0.39363384
0,1,0.5457716
1,0,0.28242943
1,0,0.47644863
1,0,0.4476969
0,0,0.47477007
1,0,0.44515222
1,0,0.43068108
1,0,0.41234776
1,0,0.42295697
1,0,0.38779882
1,0,0.43464884
1,0,0.41306242
1,0,0.42788446
0,0,0.44539553
1,0,0.3986868
0,0,0.40582782
1,0,0.4293225
1,0,0.40189576
1,0,0.4244964
1,0,0.4427064
1,0,0.41146785
0,0,0.42001158
0,0,0.4011873
0,0,0.38364926
0,0,0.39796624
1,0,0.3964181
1,0,0.38529548
1,0,0.3942809
0,0,0.46173975
0,0,0.4035149
0,0,0.40273526
0,0,0.4031699
0,0,0.40732312
0,0,0.41251144
0,0,0.39202267
1,0,0.444765
0,0,0.44801378
1,0,0.43817025
1,0,0.41644692
1,0,0.4351697
1,0,0.40389276
1,0,0.37947014
1,0,0.4212747
1,0,0.42211005
1,0,0.41101462
1,0,0.42315048
1,0,0.41203204
1,0,0.40519407
1,0,0.44405907
0,0,0.4421845
0,0,0.42336386
0,0,0.4199532
1,0,0.41062748
1,0,0.43942207
1,0,0.40669456
1,0,0.38882214
1,0,0.42066488
1,0,0.39454934
1,0,0.43266055
0,0,0.4460918
0,0,0.4027696
0,0,0.40862727
1,0,0.40486458
1,0,0.3953914
1,0,0.45358136
1,0,0.46429387
1,0,0.42052647
0,0,0.4056503
0,0,0.40995976
0,0,0.4138735
0,0,0.40002128
1,0,0.40134567
0,0,0.43378296
0,0,0.37672338
0,0,0.43564376
0,0,0.39479458
0,0,0.40392563
0,0,0.4170712
0,0,0.37240562
1,0,0.42907718
1,0,0.39827818
1,0,0.41381827
1,0,0.42677972
1,0,0.38913727
1,0,0.42327556
1,0,0.38379657
1,0,0.39781553
1,0,0.38147974
0,0,0.40727004
0,0,0.42524314
1,0,0.41115862
0,0,0.3889882
1,0,0.38980645
1,0,0.37496543
1,0,0.40644348
1,0,0.39610937
1,0,0.41246706
1,0,0.43387914
1,0,0.41844153
1,0,0.393202
1,0,0.42142925
1,0,0.40879714
0,0,0.40329465
1,0,0.41041675
1,0,0.39890167
1,0,0.41360387
1,0,0.42169443
1,0,0.4238183
1,0,0.41522345
1,0,0.4508813
1,0,0.42159122
1,0,0.41381183
1,0,0.40768567
1,0,0.42993695
1,0,0.4329148
1,0,0.42974678
0,0,0.4463566
1,0,0.43472236
1,0,0.43899113
0,0,0.4180376
0,0,0.42453322
0,0,0.37181273
0,0,0.43265536
0,0,0.4102109
0,0,0.41159236
0,0,0.419614
0,0,0.45111945
1,0,0.4577897
1,0,0.44738993
1,0,0.41229513
1,0,0.42887184
1,0,0.43104392
1,0,0.42304346
1,0,0.40812144
1,0,0.40630952
1,0,0.43495628
0,0,0.4631365
0,0,0.40543452
0,0,0.43111804
0,0,0.44680506
0,0,0.43257576
0,0,0.47148842
0,0,0.4452778
1,0,0.42007792
0,0,0.45621815
0,0,0.45583075
0,0,0.42102548
0,0,0.39150238
0,0,0.45212057
0,0,0.39356774
0,0,0.44489154
0,0,0.42419976
0,0,0.42853636
1,0,0.4274786
0,0,0.40695044
1,0,0.44240978
1,0,0.45118484
1,0,0.41936958
1,0,0.46485588
1,0,0.4278965
1,0,0.4080027
1,0,0.4536951
1,0,0.40698764
1,0,0.45816654
1,0,0.41550723
1,0,0.43015873
1,0,0.4276858
1,0,0.39988193
0,0,0.4420843
1,0,0.43181753
0,0,0.43818554
0,0,0.41842902
1,0,0.40284124
1,0,0.40390736
1,0,0.40555406
1,0,0.4193922
0,0,0.41631064
1,0,0.3920001
0,0,0.45021513
0,0,0.41684964
0,0,0.40810308
0,0,0.41457638
0,0,0.41911188
0,0,0.42276776
0,0,0.4485479
0,0,0.41610366
1,0,0.4071814
0,0,0.42451397
1,0,0.4479135
0,0,0.4604728
0,1,0.50114983
0,0,0.39441323
1,0,0.49406382
1,0,0.40195355
1,0,0.42897093
0,0,0.43238923
1,0,0.4977557
0,0,0.4284914
0,0,0.42219588
0,0,0.4200999
0,0,0.44646892
1,0,0.43342298
0,0,0.42802
0,0,0.4439489
0,0,0.47602934
0,0,0.40779462
0,0,0.42959213
0,0,0.4296204
0,0,0.42015025
1,0,0.47286254
0,0,0.4489817
1,0,0.45116293
0,0,0.46922976
0,1,0.52359504
0,0,0.48930004
0,0,0.4676217
0,1,0.5117724
0,0,0.4461307
0,0,0.41465688
0,1,0.5007399
0,0,0.4836826
0,1,0.5259292
0,1,0.53390986
0,0,0.4874853
0,1,0.5287424
1,0,0.49317738
1,1,0.5003393
1,0,0.4847321
1,0,0.4762858
1,0,0.4251285
1,0,0.4601505
1,0,0.4714684
1,1,0.50599134
0,0,0.47378227
1,0,0.4566099
1,1,0.5297785
1,0,0.47933072
1,1,0.5672965
1,1,0.53226495
0,1,0.5216278
1,1,0.5333123
0,1,0.53864044
0,1,0.51653695
0,0,0.47535878
1,0,0.48861325
1,1,0.51400167
0,0,0.48811212
0,1,0.51655537
0,0,0.45475012
0,0,0.47604662
0,0,0.43613607
0,0,0.43440658
1,0,0.46724716
1,1,0.5018219
1,0,0.45765844
1,1,0.5024559
1,1,0.5387344
1,0,0.4812124
1,0,0.43706456
1,0,0.4660413
1,0,0.4540326
1,0,0.4714534
1,0,0.44521534
1,0,0.44827306
1,0,0.4356766
1,0,0.47138324
0,0,0.4744752
0,0,0.46680734
0,0,0.4547784
0,0,0.43722597
1,0,0.427553
0,0,0.45544967
1,0,0.43150753
1,0,0.4212565
0,0,0.4149031
0,0,0.4492525
0,0,0.45554066
0,0,0.4784501
0,0,0.44931516
0,0,0.4663847
0,1,0.56033623
1,1,0.51279604
1,1,0.5950416
1,1,0.58544993
1,1,0.52411765
1,0,0.47195897
1,0,0.46197894
1,0,0.47181445
1,0,0.48463494
1,0,0.48793188
1,0,0.48199788
1,0,0.4960006
1,1,0.5052569
0,0,0.48947576
1,0,0.47451678
1,0,0.4826579
1,0,0.4785311
1,0,0.45634383
1,0,0.44089112
1,0,0.46959245
1,0,0.46594396
1,0,0.464683
1,0,0.4744061
1,0,0.4694643
1,0,0.45148715
1,0,0.47355238
1,0,0.48048714
1,0,0.45056954
0,0,0.4633477
0,0,0.44916272
0,0,0.44800565
0,0,0.47445193
0,0,0.43871528
0,0,0.4437489
0,0,0.42610145
1,0,0.43784666
1,0,0.44209534
1,0,0.47642586
1,0,0.43292677
1,0,0.42815614
1,0,0.46076915
1,0,0.47522247
1,0,0.44762036
0,0,0.4668627
0,0,0.4561639
0,0,0.45511526
0,0,0.4351695
0,0,0.47150993
1,0,0.4495427
1,0,0.46049637
1,0,0.4564588
1,0,0.46775615
1,0,0.45402035
1,0,0.44691673
1,0,0.47035182
1,0,0.47112855
1,0,0.462737
1,0,0.4250966
1,0,0.41414446
1,0,0.42570746
1,0,0.4157955
1,0,0.4205452
1,0,0.42455444
1,0,0.41207802
1,0,0.41601267
1,0,0.42172453
1,0,0.4362748
1,0,0.41496274
1,0,0.4459246
1,0,0.43289852
1,0,0.41692555
1,0,0.40364593
1,0,0.41785243
1,0,0.4553624
0,0,0.45841563
0,0,0.4405191
1,0,0.43970022
0,0,0.40076023
0,0,0.38311425
1,0,0.40265882
1,0,0.41280743
1,0,0.40189824
1,0,0.38666221
1,0,0.43444753
1,0,0.4291497
1,0,0.41775253
0,0,0.4302876
0,0,0.4160548
0,0,0.40865237
1,0,0.4066744
0,0,0.40633214
0,0,0.40145034
0,0,0.4100254
0,0,0.40512526
0,0,0.40012822
0,0,0.4151061
0,0,0.41879466
0,0,0.3922643
0,0,0.42649162
0,0,0.4794971
1,0,0.38515404
1,0,0.39261958
1,0,0.3793393
1,0,0.39371106
1,0,0.40158632
1,0,0.39882272
0,0,0.45203677
1,0,0.40377125
1,0,0.40359262
0,0,0.4091695
0,0,0.38670996
0,0,0.38908944
0,0,0.37203947
0,0,0.40081573
0,0,0.426933
0,0,0.38762543
0,0,0.42778993
1,0,0.48065576
0,0,0.47174197
1,0,0.42751274
0,0,0.39627957
0,0,0.38117257
0,0,0.39805242
0,0,0.41156903
0,0,0.40694618
1,0,0.41394636
1,0,0.40422663
1,0,0.44606948
1,0,0.40811
1,0,0.4111545
1,0,0.39387512
1,0,0.43477347
1,0,0.41253012
0,0,0.44356817
0,0,0.4061687
0,0,0.40483755
0,0,0.38411066
0,0,0.40610668
0,0,0.42410934
0,0,0.41576254
0,0,0.3942787
1,0,0.4134968
1,0,0.3952475
1,0,0.3942787
1,0,0.4351752
0,0,0.37779456
0,0,0.40649736
0,0,0.4050274
0,0,0.39513445
0,0,0.41323924
0,0,0.41571084
0,0,0.38286677
0,0,0.46793672
0,0,0.4223945
1,1,0.5461233
1,0,0.48235822
1,0,0.45802036
1,0,0.4599748
1,0,0.39392558
1,0,0.38918263
0,0,0.39545858
0,0,0.4151867
0,0,0.40380484
0,0,0.3934946
0,0,0.38780272
0,0,0.390175
0,0,0.41659257
0,0,0.39995134
1,0,0.393389
1,0,0.40636566
1,0,0.40573028
1,0,0.4314135
1,0,0.44058338
1,0,0.48366198
0,0,0.4201966
0,0,0.40583217
0,0,0.42638484
0,0,0.41206297
0,0,0.43405542
0,0,0.41533437
0,0,0.42199257
0,0,0.40207157
0,0,0.41233057
0,0,0.31296626
0,0,0.2745702
0,0,0.35290155
0,0,0.46135578
0,1,0.50226074
0,0,0.41184837
0,0,0.4204426
0,0,0.44021773
1,1,0.51086724
1,0,0.43436393
1,0,0.4455684
1,0,0.45811802
1,0,0.47778603
1,0,0.3954089
0,0,0.39740983
0,0,0.40548974
1,0,0.41093045
1,0,0.4034878
0,0,0.38513938
0,0,0.43003842
0,1,0.54037476
0,0,0.3983197
0,0,0.40924975
1,0,0.4228668
1,0,0.42570528
1,1,0.5095589
0,1,0.56014013
1,0,0.42995667
0,0,0.35615334
1,0,0.42169464
1,0,0.41654074
1,0,0.42992717
0,0,0.41151717
0,0,0.43695036
0,0,0.41179925
0,0,0.41215503
0,0,0.4378145
1,1,0.53483224
1,1,0.5000066
1,0,0.4755918
1,0,0.46960863
1,0,0.4871123
1,0,0.42080238
1,0,0.4244641
1,0,0.425585
1,0,0.4216391
1,0,0.38708302
0,0,0.40356818
0,0,0.41046768
0,0,0.39655602
0,0,0.39216864
0,0,0.39085665
1,0,0.41897982
1,0,0.40241748
1,0,0.39734393
1,0,0.39975142
1,0,0.43757772
1,0,0.38037515
1,0,0.3643395
1,0,0.39350495
1,0,0.41160557
1,0,0.3912719
1,0,0.3989834
1,0,0.41674042
1,0,0.4458617
1,0,0.40286836
1,0,0.35955873
1,0,0.4172732
1,0,0.41182604
1,0,0.41458023
1,0,0.41138163
1,0,0.41412422
0,0,0.3967754
0,0,0.408705
0,0,0.40982708
0,0,0.40661374
0,0,0.42404363
0,0,0.40871966
1,0,0.4431379
1,0,0.4932616
1,0,0.49108604
1,0,0.469752
1,0,0.43699706
1,0,0.431996
0,0,0.43520272
1,0,0.41544974
1,0,0.41010943
0,0,0.43122092
0,0,0.4243596
0,0,0.43798617
0,0,0.42345706
0,0,0.41623378
0,0,0.49163157
0,0,0.45866337
0,0,0.47419226
0,0,0.4426969
1,0,0.4320255
1,0,0.4877922
1,1,0.6921409
0,1,0.5548422
0,0,0.42641273
0,0,0.40570343
1,0,0.41980982
1,0,0.4041999
1,0,0.40142924
1,0,0.45742878
1,0,0.4464945
1,0,0.42564172
1,0,0.43067878
1,0,0.4235567
1,0,0.4252728
1,0,0.41973108
1,0,0.40679014
1,0,0.419622
0,0,0.41964492
0,0,0.4282416
0,0,0.42211005
0,0,0.40361834
0,0,0.41913927
0,0,0.4451831
0,0,0.46055967
0,0,0.45664525
1,0,0.4684673
1,0,0.47073624
1,0,0.38877395
1,0,0.3648806
0,0,0.41883433
0,0,0.4178755
0,0,0.41932893
0,0,0.41908467
0,0,0.40580183
1,0,0.44487712
1,0,0.47217977
1,0,0.45261535
0,0,0.4913409
1,1,0.5002838
1,0,0.43445605
0,0,0.44974598
1,0,0.4276537
0,0,0.42945206
0,0,0.44711557
0,0,0.41600055
0,0,0.43202612
1,0,0.4255211
1,0,0.39154226
1,0,0.42057207
1,0,0.4467896
1,0,0.4519362
1,0,0.4309072
0,0,0.47792912
0,0,0.49659964
0,0,0.47951907
0,0,0.45417035
0,0,0.45705906
0,0,0.46354464
0,0,0.48029006
0,0,0.45704058
0,0,0.4895106
0,0,0.4867724
0,0,0.4081823
1,0,0.43010947
0,0,0.39821365
0,0,0.4034428
1,0,0.46365124
0,0,0.4044062
0,0,0.41291022
0,0,0.39426047
0,0,0.39428362
1,0,0.386817
1,0,0.43323103
0,0,0.4205974
1,0,0.4538598
1,0,0.44969144
1,0,0.42574167
1,0,0.43017077
1,0,0.43268985
1,0,0.4771856
1,0,0.41080847
1,0,0.45596138
1,0,0.47624803
1,0,0.47598764
1,0,0.4523976
1,0,0.4833622
1,0,0.44142947
1,0,0.4213361
0,0,0.4551443
0,0,0.44923365
0,0,0.43778142
1,0,0.408407
1,0,0.4390951
1,0,0.41829622
1,0,0.41881558
1,0,0.46874332
1,0,0.37558666
1,0,0.41349176
0,0,0.39577255
0,0,0.38539353
0,0,0.39180458
0,0,0.40112463
0,0,0.38820517
1,0,0.49264285
1,0,0.43767154
0,0,0.46111685
0,0,0.39911255
1,0,0.39030525
1,0,0.42595834
1,0,0.41749308
1,0,0.42214718
1,0,0.39535227
1,0,0.41232067
1,0,0.40362027
0,0,0.35870624
0,0,0.38384792
0,0,0.40193343
1,0,0.400457
1,0,0.3966994
1,0,0.45868513
1,0,0.4291701
1,0,0.43407235
0,0,0.4149459
0,0,0.34339637
0,0,0.42278093
1,0,0.4204091
1,0,0.41561356
1,0,0.40601647
1,1,0.50108594
1,0,0.4568781
1,0,0.41813216
1,0,0.42284107
1,0,0.40263084
1,0,0.4083618
1,0,0.42025074
1,0,0.4102428
1,0,0.41551113
1,0,0.4061773
1,0,0.41846275
0,0,0.37215772
1,0,0.4338357
1,0,0.41424894
1,0,0.42368993
1,0,0.42090213
1,0,0.47064632
1,0,0.41042867
0,0,0.40389466
0,0,0.4243631
0,0,0.39766288
0,0,0.42018363
0,0,0.3897494
0,0,0.4727351
1,1,0.51294446
1,0,0.4615646
1,1,0.50114596
1,0,0.45054406
1,0,0.4343523
0,0,0.46095812
0,0,0.41281894
1,0,0.44685295
1,0,0.41049185
1,0,0.43425184
1,0,0.4528744
1,0,0.41844976
0,0,0.42179918
0,0,0.41437027
0,0,0.42689344
0,0,0.4068318
0,0,0.40713808
1,0,0.49959525
0,0,0.45677277
0,0,0.42956567
0,0,0.44455957
1,0,0.41268554
1,0,0.4093271
1,0,0.43646398
1,0,0.4483422
0,0,0.41640753
0,0,0.4346337
0,0,0.42737722
0,0,0.41544974
0,0,0.41593564
0,0,0.44193554
0,0,0.43035427
0,0,0.4396345
0,0,0.44974637
0,0,0.46797326
0,0,0.47141546
0,0,0.41996804
0,0,0.43389508
1,0,0.4956064
1,0,0.46131513
1,0,0.44447863
1,0,0.44793147
1,0,0.42405987
1,0,0.3973668
1,0,0.44811305
1,0,0.4133246
1,0,0.4157799
1,0,0.43146935
1,0,0.41917348
1,0,0.4236067
0,0,0.45594785
0,0,0.46450618
0,0,0.4343346
0,0,0.42773086
0,0,0.42757472
0,0,0.45223644
0,0,0.47158507
1,0,0.45815995
0,0,0.42462265
1,0,0.43565127
0,0,0.45344865
0,0,0.43698588
0,0,0.39696324
0,0,0.38638398
0,0,0.40009263
0,0,0.43128607
0,0,0.4488552
0,0,0.44376084
0,0,0.4789465
0,0,0.43997338
1,0,0.45751813
1,0,0.45394257
1,0,0.44857186
1,0,0.443024
1,0,0.43497217
0,0,0.4337573
0,0,0.46057808
0,0,0.45623294
0,0,0.42953613
0,0,0.42597118
1,0,0.4344395
1,0,0.41509062
1,0,0.45194155
1,0,0.43247586
0,0,0.46600577
1,0,0.45554247
1,0,0.44574136
1,0,0.4161695
1,0,0.42281795
1,0,0.39136684
1,0,0.48209372
1,0,0.48816875
1,0,0.49117404
1,0,0.47969124
1,0,0.44225094
1,0,0.44287425
1,0,0.44555688
1,0,0.44463828
1,0,0.42784238
1,0,0.4470004
0,0,0.4557444
1,0,0.4481849
1,0,0.43389076
1,0,0.42967936
1,0,0.4019846
1,0,0.43362588
1,0,0.44161177
1,0,0.41569728
0,0,0.4160547
0,0,0.43888247
0,0,0.43912655
0,0,0.46170712
0,0,0.43179747
0,0,0.38048434
0,0,0.42327055
1,0,0.45249638
1,0,0.42250863
1,0,0.4201295
0,0,0.424559
0,0,0.41638088
0,0,0.42872533
0,0,0.4113856
1,0,0.4119495
1,0,0.41067988
1,0,0.3900364
0,0,0.41023347
0,0,0.43443617
0,0,0.40666074
0,0,0.4285697
0,0,0.4059206
0,0,0.43418974
0,0,0.4734483
0,0,0.45975617
0,0,0.4159933
0,0,0.39302224
0,0,0.39291334
0,0,0.4137612
0,0,0.41266477
0,0,0.4281149
0,0,0.4027752
0,0,0.3765857
1,0,0.3888242
1,0,0.42547032
1,0,0.4321837
1,0,0.42762926
1,0,0.4235969
0,0,0.44127572
0,0,0.40874946
0,0,0.3782744
0,0,0.36889684
0,0,0.4130134
0,0,0.36935365
0,0,0.4035061
0,0,0.4104662
0,0,0.42851236
0,0,0.3817807
0,0,0.41683
0,0,0.4230328
0,0,0.39830434
0,0,0.38028008
0,0,0.4184189
0,0,0.42597067
0,0,0.42792693
0,0,0.48110056
0,0,0.41487947
0,0,0.43895146
0,0,0.42744347
0,0,0.41188756
0,0,0.46056306
0,0,0.48471624
0,0,0.49788904
1,1,0.518866
0,0,0.45094573
1,0,0.4980773
1,1,0.5339694
1,0,0.47671214
0,0,0.46512976
1,0,0.41019315
0,0,0.41107017
0,0,0.40614608
0,0,0.41474897
1,0,0.419983
0,0,0.41645777
1,0,0.3993683
1,0,0.4123318
1,0,0.42250377
1,0,0.41295388
1,0,0.4060091
0,0,0.42379934
1,0,0.4187205
0,0,0.42761683
1,0,0.44268155
1,0,0.42921418
1,0,0.403688
1,0,0.44001666
1,0,0.4076064
1,0,0.42487845
1,0,0.40391374
0,0,0.45007637
0,0,0.43354082
0,0,0.4249749
0,0,0.4115336
0,0,0.39607736
0,0,0.39873114
0,0,0.40052888
1,0,0.41381225
0,0,0.37669086
1,0,0.3698555
1,0,0.39586288
1,0,0.37139183
1,0,0.42353514
1,0,0.38380858
1,0,0.39660022
1,0,0.38200554
1,0,0.37567028
1,0,0.3695942
1,0,0.37659457
1,0,0.42175958
1,0,0.4023434
1,0,0.39749768
1,0,0.40295327
1,0,0.36693808
0,0,0.43423954
0,0,0.43485144
0,0,0.42560226
1,0,0.46543047
0,0,0.43524522
1,0,0.39557695
1,0,0.43860182
1,0,0.4479965
1,0,0.41389897
0,0,0.38537017
0,0,0.4069915
0,0,0.392756
0,0,0.4070238
0,0,0.39415482
0,0,0.41127566
0,0,0.39178202
0,0,0.3726686
0,0,0.4147963
0,0,0.4208604
0,0,0.39323926
0,0,0.42472485
0,0,0.40039176
0,0,0.42254055
0,0,0.42998257
0,0,0.40953878
0,0,0.43416145
1,0,0.39366812
1,0,0.4202504
1,0,0.41008416
1,0,0.40428835
0,0,0.43544218
0,0,0.4622015
0,0,0.4282742
0,0,0.43871462
0,0,0.39080474
0,0,0.37488687
0,0,0.4131856
0,0,0.38701597
1,0,0.3895487
1,0,0.38422087
0,0,0.36758676
1,0,0.39065078
0,0,0.40453961
0,0,0.40967458
1,0,0.3735631
1,0,0.3760074
1,0,0.3587556
1,0,0.36660007
1,0,0.40491673
0,0,0.4100639
0,0,0.38326812
0,0,0.3837284
0,0,0.3399865
0,0,0.39084056
0,0,0.370045
0,0,0.37657315
0,0,0.4068333
0,0,0.43171582
1,0,0.40927985
0,0,0.39118665
0,0,0.3655729
0,0,0.35406378
0,0,0.34912798
0,0,0.36586902
0,0,0.35980392
0,0,0.36241063
0,0,0.37802666
0,0,0.36944774
0,0,0.36836776
0,0,0.3686967
0,0,0.388458
0,0,0.37771863
1,0,0.36803237
1,0,0.4079529
1,0,0.35764349
1,0,0.3438411
1,0,0.36284107
1,0,0.36853597
0,0,0.38198626
0,0,0.3749754
0,0,0.36921474
0,0,0.38698652
0,0,0.37325728
0,0,0.35414037
0,0,0.39153835
0,0,0.3622004
0,0,0.36159334
1,0,0.47465855
1,0,0.4805117
1,0,0.49731642
1,0,0.48290858
1,0,0.49704102
0,0,0.4393664
0,0,0.47596166
0,0,0.46817464
1,1,0.53699005
1,0,0.45547536
1,0,0.4738189
0,1,0.5021281
0,0,0.47898903
1,0,0.4659198
1,0,0.45588973
0,0,0.47722226
1,0,0.4665313
1,0,0.45497862
1,0,0.4965239
1,0,0.4869333
0,0,0.4853045
0,0,0.48502722
0,0,0.4837337
0,0,0.47512212
0,0,0.44917706
0,1,0.5757795
0,1,0.5225489
0,1,0.56936246
0,1,0.5499437
0,1,0.67479914
0,1,0.53816146
0,1,0.59782565
0,1,0.6243108
0,1,0.56212425
0,1,0.5204658
0,1,0.52220047
0,1,0.5312716
0,1,0.52647614
1,1,0.5247865
1,1,0.5631759
1,0,0.4680648
1,0,0.43655235
1,1,0.5297897
1,1,0.5169394
1,1,0.5119145
0,0,0.4129177
0,0,0.4143837
0,0,0.44731727
0,0,0.42439252
1,0,0.44426978
1,0,0.41270068
1,0,0.46139756
1,0,0.46634728
1,0,0.4396393
1,1,0.5042282
1,0,0.47304633
1,0,0.46490145
1,1,0.5227444
1,0,0.4661092
1,0,0.4817688
1,0,0.47325855
1,0,0.48641336
1,0,0.49993265
1,1,0.5128036
1,0,0.49483457
0,0,0.49695045
1,0,0.4982745
0,1,0.50903475
1,0,0.48998776
0,0,0.49378958
0,1,0.502852
0,0,0.47675124
0,0,0.48509958
0,0,0.49741173
0,1,0.51327604
0,1,0.50361496
1,1,0.50366664
1,1,0.54892856
1,0,0.4671784
1,0,0.46343586
1,1,0.50124145
1,0,0.47716552
0,0,0.4859353
0,0,0.44990373
0,0,0.4484655
0,0,0.44484058
0,0,0.48594388
0,1,0.6833709
1,1,0.56663597
0,1,0.54797894
1,1,0.5441263
0,1,0.576226
0,1,0.51260453
0,1,0.5076445
0,0,0.49743143
0,0,0.4991365
1,1,0.54381347
1,1,0.55462915
1,1,0.6183618
1,0,0.47397342
1,0,0.4625534
1,0,0.4922182
1,1,0.5041245
1,0,0.45588592
1,0,0.48286507
1,0,0.48524567
1,0,0.47794643
1,1,0.5385937
0,0,0.46696055
1,0,0.48727763
1,0,0.4856605
1,0,0.4842275
1,0,0.4635117
1,0,0.4855148
1,0,0.4811008
1,0,0.47663325
0,0,0.48803517
0,1,0.54335934
1,0,0.4740952
1,0,0.4637393
1,0,0.46773082
1,0,0.47816995
0,0,0.4374656
0,0,0.49373809
0,0,0.4796784
0,0,0.4485052
1,0,0.49421024
1,0,0.4989899
1,1,0.5191426
1,0,0.4998723
1,1,0.5073754
1,1,0.54021
1,0,0.49948746
0,0,0.49737126
0,0,0.46450505
0,0,0.47404343
0,1,0.531862
0,0,0.47775644
0,0,0.49787995
0,1,0.5351341
0,1,0.5075849
0,1,0.54087174
0,1,0.5360113
1,1,0.51780915
1,1,0.53141004
1,1,0.5265885
1,0,0.484727
1,1,0.5233384
1,0,0.48443705
1,0,0.49797854
1,1,0.5009284
1,0,0.4980598
1,1,0.5065784
1,0,0.49404135
1,0,0.49540895
1,0,0.48399863
1,0,0.48969835
0,0,0.46865323
0,0,0.48028424
0,0,0.41305563
0,1,0.56052935
0,0,0.41992012
1,0,0.48153967
1,0,0.4925541
1,1,0.5008141
1,0,0.48743987
1,1,0.5318697
0,0,0.47221273
1,0,0.44922882
1,0,0.47371057
1,0,0.48292577
1,0,0.4771747
1,1,0.5389544
1,0,0.46653566
1,0,0.45689037
1,0,0.45415795
1,0,0.4472786
1,0,0.4172824
1,0,0.40827715
1,0,0.43251565
0,0,0.40999037
1,0,0.44961262
1,0,0.44200483
1,0,0.43329927
0,0,0.44252554
1,0,0.46422514
0,0,0.4353111
0,0,0.45003363
1,0,0.43939316
0,0,0.452846
0,0,0.44566485
0,1,0.50636333
0,0,0.47997838
0,0,0.43956983
0,1,0.524771
0,1,0.50006956
0,0,0.49622706
0,0,0.49895677
0,1,0.61369956
1,1,0.55252516
1,1,0.5449269
0,0,0.495221
0,1,0.54491174
1,1,0.51683223
0,0,0.46226737
0,0,0.47020134
0,0,0.48782697
0,0,0.44945908
0,0,0.47519028
1,0,0.47348544
0,1,0.50669277
0,0,0.49934247
1,1,0.5327568
1,1,0.53976107
1,0,0.49800497
1,1,0.5226268
1,1,0.5142804
1,1,0.50858134
1,1,0.5035531
0,1,0.5056057
1,0,0.492301
0,0,0.47304547
1,0,0.49630412
0,1,0.5144381
1,1,0.5201255
0,1,0.5180586
1,1,0.51629484
1,1,0.5041271
0,1,0.50353426
0,1,0.5159988
1,0,0.4941385
0,1,0.5146356
0,1,0.506858
1,1,0.52251446
1,1,0.5282495
1,1,0.509757
1,1,0.5202245
1,1,0.50134856
0,0,0.49470863
0,0,0.47842738
1,0,0.49194035
1,1,0.50113773
0,1,0.51012987
0,0,0.49341822
0,0,0.49815467
0,1,0.5306688
0,1,0.5232744
0,1,0.5083792
0,1,0.5455435
0,1,0.51469725
1,1,0.65294206
1,1,0.6152474
0,1,0.56589717
1,1,0.54278386
0,1,0.55534196
0,1,0.5082616
1,1,0.51437485
1,1,0.5320202
1,1,0.51600564
0,1,0.5201365
0,1,0.5444491
0,1,0.52802473
0,1,0.5000354
0,1,0.5099401
0,1,0.5216159
1,1,0.5349307
1,1,0.53089905
1,1,0.5788092
1,1,0.59116226
1,1,0.56805927
1,1,0.5300889
1,0,0.48114753
1,0,0.42188722
1,0,0.41797343
0,0,0.4860038
0,0,0.49772456
0,0,0.44440103
0,0,0.3079637
0,0,0.36181208
0,0,0.3687072
0,0,0.40111622
1,0,0.4284128
0,0,0.48593035
1,1,0.5132534
0,0,0.49196303
0,0,0.40686598
0,0,0.40267688
0,0,0.47845948
0,0,0.40353066
0,0,0.48870412
0,1,0.50123346
1,0,0.4923453
0,0,0.43021795
0,0,0.40152466
1,0,0.4058619
1,0,0.45868498
1,0,0.42606577
1,0,0.41528675
1,0,0.42568508
0,0,0.4038499
0,0,0.39816678
0,0,0.3705783
0,0,0.4067434
0,0,0.38362604
0,1,0.5419106
0,0,0.4701082
0,0,0.4891591
0,0,0.49776438
1,1,0.570667
0,1,0.5043445
0,1,0.5079173
0,0,0.49010456
0,0,0.4531385
0,0,0.42827043
0,0,0.46891227
0,0,0.43322086
1,1,0.57171744
1,0,0.49515995
1,1,0.54348665
1,0,0.4924914
1,1,0.5704781
1,1,0.53228736
1,1,0.55470216
1,1,0.5413338
1,1,0.5100929
1,1,0.51744163
1,1,0.56224674
0,0,0.41937384
1,1,0.52194047
1,1,0.51803756
1,1,0.51799256
1,1,0.52021074
1,1,0.5251727
1,0,0.49483
1,0,0.49372947
1,1,0.55164266
1,1,0.5096363
0,1,0.5189372
0,1,0.5189372
1,0,0.4765576
1,0,0.48513708
1,0,0.4261637
1,0,0.44098717
1,0,0.44091123
0,0,0.41247815
1,0,0.3974872
1,0,0.4109291
1,0,0.4091897
1,0,0.41036183
1,0,0.43775007
1,0,0.38766384
1,0,0.45795155
1,0,0.35535237
1,0,0.38388756
0,0,0.33458593
0,0,0.38232172
0,0,0.38554594
0,0,0.4050088
0,0,0.38530934
0,1,0.5012344
0,0,0.48235357
0,0,0.44518262
0,0,0.42464668
0,0,0.47473046
0,0,0.40611514
0,0,0.4984323
0,0,0.4520105
1,0,0.47397557
1,0,0.43807003
0,0,0.44039038
0,0,0.4167284
0,0,0.38957673
0,0,0.3930449
0,0,0.37720713
0,0,0.42002928
0,0,0.20690146
1,1,0.52742976
1,1,0.51874965
0,1,0.61114746
0,1,0.5333553
1,1,0.5029004
1,0,0.4289093
1,0,0.39695182
1,0,0.42086062
1,0,0.39882496
0,0,0.41971588
0,0,0.41524598
0,0,0.4354406
0,0,0.4132451
0,0,0.4034136
1,0,0.24136256
1,0,0.49699172
1,1,0.6044842
1,1,0.54509366
1,1,0.5552672
1,1,0.5267025
1,1,0.5027202
0,0,0.49310166
0,0,0.36962858
1,0,0.49809033
1,0,0.49808288
1,1,0.5196756
1,1,0.5045716
0,0,0.4888199
0,1,0.5033269
1,1,0.5072449
0,0,0.49485284
0,0,0.48742843
1,0,0.4869033
1,1,0.54070044
1,0,0.4650022
1,0,0.46448705
1,0,0.4323498
1,0,0.41224968
1,0,0.38362145
0,0,0.41223484
0,0,0.40308583
0,0,0.40887293
1,0,0.42441577
0,0,0.43076542
0,0,0.4412382
0,0,0.43124878
1,0,0.396457
1,0,0.4133267
1,0,0.43952832
1,0,0.432675
1,0,0.43283924
1,0,0.42722234
1,0,0.3870063
1,0,0.41239682
1,0,0.4047473
0,0,0.4522109
0,0,0.4124072
0,0,0.4051882
0,0,0.4254561
0,0,0.4211186
1,0,0.41956973
0,0,0.43187132
0,0,0.38533616
1,0,0.39604476
1,0,0.3874222
1,0,0.39908892
1,0,0.47021487
1,0,0.40539363
1,0,0.42481494
0,0,0.40377888
0,0,0.40910706
0,0,0.40419197
1,0,0.4017
0,0,0.44849527
0,0,0.397236
0,0,0.4168143
0,0,0.375531
0,0,0.38093045
1,0,0.43304205
1,0,0.43183774
1,0,0.44539544
0,0,0.41935337
0,0,0.39464006
0,0,0.41082555
0,0,0.39725208
0,0,0.41489854
1,0,0.396026
1,0,0.397475
1,0,0.43171903
1,0,0.42789724
1,0,0.44965234
1,0,0.402488
1,0,0.40226722
1,0,0.41004705
1,0,0.41901824
1,0,0.41201743
1,0,0.35828957
1,0,0.35027248
1,0,0.36811233
1,0,0.32329544
1,0,0.33933252
1,0,0.35540345
1,0,0.43689257
0,0,0.3700307
0,0,0.30621338
0,0,0.39659476
1,0,0.405547
1,0,0.38908452
1,0,0.4233541
1,0,0.4270772
0,0,0.38040888
1,0,0.40977058
1,0,0.4112385
1,0,0.412318
0,0,0.39607546
1,0,0.45125285
0,0,0.3707772
0,0,0.41415325
0,0,0.42071182
0,0,0.4326453
0,0,0.41631752
0,0,0.447295
0,0,0.4742554
0,0,0.43804842
0,0,0.46080488
1,0,0.4693144
0,0,0.43294477
0,0,0.44618514
1,1,0.5185949
1,1,0.52634126
1,0,0.42325455
1,0,0.41216633
0,0,0.42513838
0,0,0.41809508
0,0,0.41513908
0,0,0.41974312
0,0,0.423229
0,0,0.26292548
0,0,0.28633362
0,0,0.30194715
0,0,0.31193873
0,0,0.48934567
1,1,0.5821481
0,1,0.5704933
0,1,0.537869
0,0,0.41005772
0,0,0.43748415
0,0,0.4348887
0,0,0.40847158
0,0,0.41185403
0,0,0.4418427
0,1,0.5307336
1,1,0.6271704
1,1,0.57930213
0,1,0.5039226
0,0,0.44633532
0,0,0.44037017
0,0,0.458536
0,0,0.44895992
0,0,0.43542305
1,0,0.44620302
1,0,0.4472083
0,1,0.51421684
0,0,0.48202544
0,0,0.4434326
0,0,0.46149573
0,0,0.4651008
0,0,0.46063554
1,0,0.4833763
1,1,0.52696323
1,1,0.5363425
1,1,0.51648515
1,0,0.49014372
1,0,0.47382396
1,1,0.5008829
1,1,0.52926135
0,1,0.5059422
0,1,0.5638731
0,1,0.5742079
0,1,0.50541323
0,1,0.5174374
0,0,0.43420097
0,0,0.42020765
0,0,0.4429424
1,0,0.48324248
1,1,0.50821954
1,0,0.46804887
1,0,0.44097224
1,0,0.45971712
1,0,0.46106625
1,0,0.4683555
1,0,0.44027334
1,0,0.42756656
1,0,0.49782524
1,0,0.49357122
1,1,0.543894
1,0,0.49501634
0,1,0.5566135
0,0,0.35072827
1,0,0.43058762
0,0,0.41484553
0,0,0.4040706
0,0,0.42561543
0,0,0.44182715
0,0,0.45172882
0,0,0.45561305
0,1,0.63978916
0,1,0.5378225
0,1,0.51955676
0,0,0.48961815
0,1,0.67975634
0,1,0.5658213
0,1,0.6143901
0,1,0.5698915
0,1,0.57979727
0,1,0.5271836
0,0,0.49463436
0,0,0.46989697
0,1,0.65788823
1,1,0.6602755
1,1,0.6260788
1,1,0.62767786
1,1,0.62426263
1,1,0.67431587
1,1,0.5662539
0,1,0.5402795
0,1,0.5352661
0,1,0.52089524
0,1,0.5641723
0,1,0.56491715
1,1,0.58779913
1,1,0.52091086
1,1,0.52837735
1,1,0.5461609
1,1,0.5479218
1,1,0.5420138
1,1,0.5348319
0,0,0.4933986
0,0,0.48927227
0,0,0.47449636
0,1,0.50118566
0,0,0.4686344
0,0,0.4784438
0,1,0.51379895
1,1,0.5045259
1,1,0.52843237
1,1,0.52686363
1,1,0.5815214
0,1,0.5715248
1,1,0.51543164
0,1,0.5383613
0,1,0.5244137
0,1,0.5274445
1,1,0.5228293
1,1,0.5371667
1,1,0.5453156
1,1,0.5574139
1,1,0.55300003
1,1,0.60716903
1,1,0.55270904
1,1,0.5232171
1,1,0.51899433
1,0,0.49811172
0,1,0.5353746
0,0,0.47921452
0,1,0.5465154
0,1,0.5546787
0,1,0.55226165
0,1,0.6492821
0,1,0.62011784
0,1,0.60350966
0,1,0.51008475
0,1,0.57371956
0,1,0.5429044
0,1,0.54724973
0,1,0.5190001
0,1,0.5931197
1,1,0.70649403
1,1,0.58127296
1,1,0.5244808
1,1,0.51817656
1,1,0.53530777
0,0,0.49945414
1,0,0.4973374
1,0,0.46768856
1,0,0.49900088
0,0,0.49294832
0,1,0.5176688
0,0,0.4938182
1,1,0.54353637
1,1,0.5184647
1,1,0.5519662
1,1,0.5981109
1,1,0.6348138
1,0,0.49580792
1,1,0.50250113
1,0,0.39957613
1,0,0.46497992
1,0,0.41925734
1,0,0.44448707
1,0,0.46470416
1,0,0.45601702
1,1,0.54211444
1,1,0.55888724
1,1,0.5123954
1,1,0.52707374
1,1,0.5216325
1,1,0.52796483
1,0,0.4949098
1,0,0.4886998
1,0,0.49948627
1,0,0.4730666
1,1,0.5173743
1,1,0.50254095
1,1,0.50629056
1,1,0.51933026
1,1,0.5155974
0,1,0.55792946
0,1,0.523963
0,1,0.5201064
0,0,0.49005908
0,1,0.5056671
1,1,0.51298225
1,1,0.537199
1,1,0.5074846
1,0,0.49090958
1,1,0.51084405
1,1,0.51352745
1,0,0.41890886
1,0,0.38059336
0,0,0.35324642
1,0,0.4147444
0,0,0.42652175
0,0,0.38570312
1,0,0.41922298
1,0,0.40702784
1,0,0.42134643
1,0,0.46290556
1,0,0.4888229
0,0,0.44584364
0,0,0.46117592
0,0,0.4510988
0,0,0.45657903
1,0,0.4462884
1,0,0.44583935
1,0,0.44813105
1,0,0.48548758
1,0,0.44793904
1,1,0.501069
1,0,0.41063452
1,0,0.39315966
1,0,0.32049656
1,0,0.30562314
1,0,0.34351072
0,0,0.2516255
0,0,0.27496266
0,0,0.31733835
0,0,0.25632453
0,0,0.42251927
0,0,0.42273876
0,0,0.47789678
0,0,0.3867732
0,0,0.3660308
0,0,0.49406773
0,0,0.46279973
0,0,0.4755741
1,1,0.55353475
0,1,0.54733264
0,1,0.5775197
0,1,0.5344989
0,1,0.517768
0,0,0.49267507
0,0,0.4962641
0,0,0.47943485
0,0,0.44047025
0,0,0.49975312
0,1,0.5169942
0,0,0.44523403
1,0,0.46765488
0,0,0.48785624
1,0,0.49468505
1,0,0.4695361
1,0,0.48539153
1,0,0.46837544
1,0,0.4734602
0,0,0.49194726
0,0,0.48454344
0,0,0.49423516
0,1,0.5076479
0,0,0.46099055
0,0,0.45575935
0,1,0.50840586
0,1,0.5188819
0,1,0.5463668
0,1,0.5852411
0,1,0.53505707
1,1,0.50637645
1,1,0.5506814
1,1,0.5405664
1,1,0.51658595
0,0,0.4931666
0,1,0.5050148
1,0,0.48848417
1,0,0.4989709
1,0,0.49556378
1,0,0.49546975
1,0,0.49059457
1,1,0.51814735
1,1,0.5115115
0,1,0.5387457
0,0,0.49094796
0,0,0.4553058
0,1,0.50167024
1,0,0.47753516
1,0,0.4926009
1,1,0.50797606
1,1,0.5884177
1,1,0.5067259
0,1,0.5254738
0,0,0.2708569
0,1,0.5045627
1,0,0.43563053
1,0,0.40164608
0,0,0.40664384
0,0,0.44035828
0,0,0.45644155
0,0,0.466055
0,0,0.46478587
0,0,0.47071984
0,0,0.44890535
0,0,0.4621622
1,1,0.5751001
1,1,0.5147867
0,1,0.5201951
0,0,0.4859378
0,0,0.48096442
0,0,0.46340328
0,0,0.45269173
0,0,0.45145246
0,0,0.45258638
0,0,0.49724737
0,1,0.51129293
0,1,0.5000278
0,1,0.5327675
0,1,0.5202988
0,1,0.521324
1,1,0.561785
0,1,0.54482746
0,1,0.5373775
1,1,0.56776893
1,1,0.52256066
0,1,0.51509005
1,0,0.49006343
1,0,0.49436462
1,1,0.50641584
0,0,0.49624813
0,0,0.4879987
0,0,0.4917226
0,0,0.48435795
0,1,0.5097266
0,0,0.32116982
0,0,0.3171737
1,0,0.3250888
1,0,0.3786938
1,0,0.47375107
1,0,0.43061864
1,0,0.43023577
0,0,0.37146175
0,0,0.43566525
0,0,0.39156133
0,0,0.4421403
0,0,0.36651266
0,0,0.4360653
0,0,0.44677863
0,0,0.4795199
0,0,0.4434091
0,1,0.51835907
0,1,0.5227347
0,1,0.54120445
0,1,0.5151419
0,0,0.47372958
0,0,0.4725445
0,0,0.46997115
0,0,0.47232264
0,0,0.49589938
0,0,0.49921563
0,0,0.4966331
0,1,0.50230014
0,1,0.5030521
0,1,0.51048684
0,1,0.5020191
0,1,0.5041496
0,0,0.49205697
0,1,0.52244353
0,0,0.4901137
0,1,0.53128076
1,1,0.559436
1,1,0.5625884
1,1,0.55100936
1,1,0.5509469
1,1,0.56995165
0,0,0.48661235
1,1,0.5041716
1,0,0.48861918
0,0,0.49644166
0,0,0.45819104
0,0,0.49191448
0,0,0.48295745
0,0,0.472611
0,1,0.5143899
1,0,0.49765274
1,1,0.5349332
1,1,0.5027924
1,0,0.49132133
1,0,0.49367097
1,0,0.4972919
1,0,0.47139838
1,0,0.49122915
1,0,0.46237415
1,0,0.4784693
1,0,0.4900647
1,0,0.48019317
1,0,0.4732687
1,0,0.48472488
1,0,0.46268848
1,0,0.44844526
1,0,0.48062128
1,0,0.47744915
1,0,0.45771345
0,0,0.46365288
0,0,0.4406422
0,0,0.46337155
0,0,0.4498466
1,0,0.43573898
1,1,0.5071513
1,0,0.47681996
1,0,0.48376328
1,1,0.53100836
1,0,0.46696526
1,0,0.47096834
1,0,0.4744119
0,0,0.44806316
0,0,0.46997577
1,0,0.44928792
1,0,0.4359694
0,0,0.45947346
1,0,0.48189753
0,0,0.45825675
0,0,0.4570341
0,0,0.46313998
0,0,0.46703124
0,0,0.46418723
0,0,0.4687799
0,1,0.51216614
0,1,0.50342816
0,0,0.49569127
1,0,0.47232705
1,1,0.5481018
1,1,0.5637974
1,1,0.5666297
1,1,0.5263552
1,0,0.48711458
0,1,0.5100377
1,0,0.4734452
1,0,0.48093525
0,1,0.5045463
0,0,0.44791338
0,0,0.45919594
0,0,0.49863416
0,0,0.45755807
0,0,0.43714824
1,1,0.5450669
1,0,0.49703968
1,1,0.51812094
1,1,0.522836
1,0,0.48426473
0,0,0.49499273
0,0,0.46914226
0,1,0.5190876
0,0,0.47653264
0,0,0.46290675
1,0,0.49941102
0,0,0.46334934
0,0,0.48016205
0,1,0.5008021
0,1,0.5051439
0,0,0.453333
0,1,0.506154
0,1,0.53629696
0,1,0.5471
1,1,0.5415167
0,1,0.56292844
1,1,0.56716794
1,1,0.50445604
1,1,0.5017544
1,0,0.46747494
1,0,0.46919268
1,0,0.49220556
0,1,0.5022211
1,0,0.47883582
1,0,0.49064794
1,0,0.48102772
1,0,0.46665573
1,0,0.47126004
1,0,0.4872916
1,0,0.4783474
1,0,0.48189276
1,0,0.48840523
1,0,0.46765807
0,0,0.4373877
0,0,0.4490528
0,0,0.4518801
0,0,0.4247811
1,0,0.42240915
1,0,0.4356072
0,0,0.45670202
0,0,0.45545655
0,0,0.46017808
0,0,0.45897081
0,0,0.44581205
0,0,0.43827775
0,0,0.45782557
0,0,0.47094035
1,0,0.49070817
1,0,0.45358458
1,0,0.4552823
1,0,0.44229272
1,0,0.44416627
1,0,0.4554519
0,0,0.42931882
0,0,0.4820814
0,0,0.45253012
0,0,0.44978225
0,0,0.48112097
0,0,0.47924304
1,1,0.52775615
0,1,0.517556
1,1,0.5111864
1,1,0.5327791
1,0,0.4843051
1,0,0.47633055
1,0,0.47274306
1,1,0.5173456
1,0,0.45697033
1,0,0.4781025
1,0,0.47469088
1,1,0.5214721
1,0,0.48355612
1,0,0.48725542
1,0,0.46356064
1,0,0.4916066
1,0,0.49755028
1,0,0.49936262
1,0,0.4933235
1,0,0.48243707
1,0,0.48294246
1,0,0.34869045
1,0,0.34911457
1,0,0.3539837
1,0,0.37959185
1,0,0.37857822
1,0,0.39999184
1,0,0.35882026
0,0,0.35555747
1,0,0.4049485
0,0,0.4155286
1,0,0.45849591
1,0,0.46188614
1,0,0.44814962
1,0,0.42912304
1,0,0.40934926
1,0,0.40989324
1,0,0.4337958
1,0,0.42033496
1,0,0.40917212
0,0,0.42455238
0,0,0.43730092
0,0,0.45310566
0,0,0.35823777
0,0,0.43139434
0,0,0.4091467
0,0,0.41763943
1,0,0.47374102
0,0,0.3867601
0,0,0.41085714
1,0,0.45951065
1,0,0.47033748
1,0,0.44245842
1,0,0.4677761
1,0,0.46140563
1,0,0.43732387
1,0,0.44641587
1,0,0.43978286
0,0,0.4011707
1,0,0.4280095
1,0,0.3761447
1,0,0.44323787
1,0,0.438317
1,0,0.4083074
1,0,0.43529192
1,0,0.41160506
1,0,0.4309411
0,0,0.41929907
1,0,0.4383684
0,0,0.3807894
0,0,0.44733927
0,0,0.38689002
0,0,0.42231074
0,0,0.41999343
0,0,0.42554307
1,0,0.4582217
1,0,0.43290755
1,0,0.463961
1,0,0.47988668
0,0,0.49360758
0,0,0.48554412
0,0,0.48189288
1,0,0.4750236
1,0,0.45589328
0,0,0.46294716
0,0,0.46033847
0,0,0.485655
0,0,0.47572136
0,0,0.45372766
0,0,0.48124844
1,0,0.48004997
1,0,0.46646303
1,0,0.48890954
1,0,0.47872257
1,0,0.46806934
1,0,0.4678874
1,0,0.4716448
1,0,0.47905558
0,0,0.47794905
0,0,0.4810362
0,1,0.5197864
0,0,0.46237037
0,0,0.47652528
0,0,0.4599666
1,0,0.4188952
1,0,0.406471
1,0,0.4090684
0,0,0.44502854
0,0,0.44007134
0,0,0.43312934
0,0,0.41546363
0,0,0.39333698
1,0,0.42349422
1,0,0.4097021
1,0,0.4784765
0,0,0.45092067
0,0,0.42535913
0,0,0.47029063
0,0,0.42401415
0,0,0.40677458
1,0,0.4274412
1,0,0.40199876
1,0,0.4571367
1,0,0.407722
0,0,0.42947653
0,0,0.41931224
0,0,0.43455595
0,0,0.41655934
0,0,0.41931224
0,0,0.47409305
0,0,0.4470556
0,0,0.45618474
0,0,0.44172135
1,0,0.47099534
0,0,0.41560924
0,0,0.36158136
0,0,0.3820736
0,0,0.39784288
0,0,0.39128184
0,0,0.4696057
0,1,0.50861686
0,1,0.5034873
0,0,0.49994814
0,1,0.5110752
0,0,0.45612583
1,0,0.4587669
1,0,0.49708232
1,1,0.5016117
1,1,0.53024065
1,0,0.47655246
1,0,0.4852775
0,1,0.5005217
1,1,0.5225215
0,0,0.4954743
0,0,0.49253386
0,0,0.4995181
1,0,0.47783798
0,1,0.5219335
1,1,0.5148778
1,0,0.47128034
1,0,0.49324235
1,0,0.48961654
1,0,0.48926815
0,0,0.47433054
0,0,0.4485052
0,0,0.42767295
0,0,0.42152944
1,0,0.46000808
0,1,0.511912
1,0,0.44898924
0,0,0.45093837
0,0,0.45248425
0,0,0.45941815
0,0,0.45273876
0,0,0.45783603
0,0,0.4554885
1,0,0.44882235
1,0,0.43591332
1,0,0.40775555
1,0,0.4364891
1,0,0.4424831
1,0,0.44059804
1,0,0.44203907
1,1,0.5070502
1,0,0.49083006
0,1,0.5082593
0,0,0.4981238
0,0,0.47713587
0,0,0.46574366
0,0,0.45212686
0,0,0.47038135
0,1,0.50082654
0,1,0.5002976
0,1,0.51634485
0,0,0.4812882
0,0,0.4890159
0,0,0.4759632
0,1,0.5519846
0,0,0.47896302
0,0,0.4752852
0,1,0.61274165
1,1,0.6010479
1,0,0.4932469
1,1,0.5446454
1,1,0.5913132
1,1,0.5092351
0,0,0.49164912
1,0,0.4361705
1,0,0.47296867
1,0,0.4685789
0,0,0.45093018
0,1,0.50394005
0,1,0.5474266
0,0,0.48162484
0,0,0.46430048
1,0,0.47413012
1,0,0.4343219
1,0,0.46112314
1,0,0.4035767
1,0,0.45807728
1,0,0.44827884
1,0,0.47236532
1,0,0.48260403
0,0,0.49727726
0,0,0.49522907
0,0,0.47165528
0,0,0.49619663
0,0,0.46982896
0,0,0.4704736
0,0,0.46218342
0,0,0.47306073
1,0,0.4551281
0,0,0.43936077
1,0,0.4476176
1,0,0.436892
1,0,0.46942317
1,0,0.46430048
1,0,0.46226132
1,1,0.52194923
1,0,0.48080352
1,0,0.4655376
0,0,0.48733202
0,0,0.46792418
0,1,0.5063193
0,1,0.50792116
0,1,0.50910777
1,0,0.4951721
1,0,0.49881524
1,0,0.48309875
1,1,0.5115855
1,1,0.5013317
1,1,0.55001575
1,0,0.49315217
1,0,0.47455844
1,0,0.41174605
1,0,0.37662515
1,0,0.42297578
0,0,0.42801702
1,0,0.4327268
1,0,0.44599152
1,0,0.41985697
0,0,0.47596318
0,0,0.41079792
0,0,0.4372182
0,0,0.42784038
0,0,0.42264053
0,0,0.4582689
0,0,0.46442357
0,0,0.46160576
1,0,0.4557592
1,0,0.42918938
1,0,0.43959644
1,0,0.42408028
1,0,0.43716896
0,0,0.4228213
1,0,0.42266932
0,0,0.43985516
1,0,0.43063208
1,0,0.43124035
1,0,0.4691161
1,0,0.48911923
1,0,0.44749525
1,0,0.45895153
1,1,0.50391275
1,0,0.46345305
1,0,0.4802992
0,0,0.4906755
0,0,0.49391913
0,1,0.54085606
0,0,0.49095556
1,0,0.49029127
1,0,0.48098803
1,0,0.44754976
0,0,0.48926622
1,0,0.4903237
1,0,0.47101524
1,0,0.40332136
1,0,0.44107825
1,0,0.4631562
1,0,0.4577289
1,0,0.4663758
1,0,0.4471436
1,0,0.44579092
1,0,0.43330312
1,0,0.43446782
0,0,0.45819944
0,1,0.5102732
0,0,0.43929252
0,0,0.45211408
0,0,0.4107704
1,0,0.4246229
1,0,0.44404888
0,0,0.43759638
0,0,0.40704224
0,0,0.44569418
0,1,0.5016666
0,0,0.42854872
0,0,0.43918604
0,0,0.40626255
1,0,0.45635876
1,0,0.49271414
0,0,0.41439754
1,0,0.4441564
0,0,0.45330983
0,0,0.4332939
0,0,0.44227192
0,0,0.44545874
0,0,0.45421225
0,0,0.4413807
1,0,0.4529943
1,0,0.46833193
1,0,0.42334208
1,0,0.41302073
1,0,0.41939232
1,0,0.4231567
1,0,0.41571334
1,0,0.43070143
0,0,0.47520906
0,0,0.46818227
0,0,0.45308414
1,0,0.44661927
1,0,0.4529448
1,0,0.43220118
1,0,0.4277496
1,0,0.43482548
1,0,0.4371347
0,0,0.48293424
0,0,0.4539657
0,0,0.43225056
0,0,0.45077795
0,0,0.44225976
0,0,0.43083522
0,0,0.4395464
1,0,0.44676358
1,1,0.58875656
1,1,0.5424085
1,0,0.49821123
1,0,0.44030407
1,0,0.45536655
1,0,0.44445795
1,0,0.4463837
0,0,0.4623776
0,0,0.46883616
0,0,0.4453387
0,0,0.4174463
0,0,0.43316475
0,0,0.42555103
0,0,0.41865778
1,0,0.4760598
1,0,0.4792811
1,0,0.41398335
1,0,0.47155377
0,0,0.42054307
0,0,0.44905332
0,0,0.44046822
0,0,0.44769764
0,0,0.4346927
0,0,0.41364017
0,0,0.41873604
0,0,0.4603453
0,0,0.44396406
0,0,0.41533494
0,0,0.40633878
1,0,0.41558936
1,0,0.42915186
1,0,0.40587783
1,0,0.4232812
1,0,0.4704036
1,0,0.4054401
1,0,0.42781776
1,0,0.44842157
1,0,0.42222816
1,0,0.43024397
1,0,0.29906157
1,0,0.39044827
0,0,0.38770023
0,0,0.28261924
0,0,0.40418366
1,0,0.35300538
1,0,0.3823862
1,0,0.41159213
1,0,0.40945917
1,0,0.44004557
0,0,0.42298415
0,0,0.39914253
1,0,0.40687293
1,0,0.4107895
0,0,0.41488582
0,0,0.4522346
0,0,0.40945897
0,0,0.4132211
0,0,0.4376879
0,0,0.41502547
0,0,0.4007042
0,0,0.39241725
0,0,0.43073565
0,0,0.43736142
0,0,0.4638713
0,0,0.44602007
1,0,0.4817141
1,0,0.4786367
0,0,0.49941143
0,0,0.46847138
0,0,0.44578645
0,0,0.45933148
0,0,0.4353897
1,0,0.4843732
1,0,0.4592772
1,0,0.47894397
1,0,0.45584852
1,1,0.5191018
0,0,0.49648356
1,0,0.47266325
1,0,0.45076913
1,0,0.44991812
1,0,0.4447488
1,0,0.4418681
0,0,0.42421022
0,0,0.41845882
0,0,0.4170372
0,0,0.43144515
0,0,0.4415666
0,0,0.43714556
0,0,0.4454524
0,1,0.5046385
1,0,0.447138
1,0,0.4318944
1,0,0.45219406
1,0,0.43603197
1,0,0.41925895
1,0,0.4714853
1,0,0.4503078
1,0,0.4687121
1,0,0.45735446
1,0,0.47146088
1,0,0.45623994
1,0,0.46162057
1,0,0.43622553
1,0,0.47267368
0,0,0.3986002
1,0,0.43025112
1,0,0.41773415
1,0,0.46849746
0,0,0.4236292
1,0,0.41347152
0,0,0.4043532
0,0,0.42454913
0,0,0.4075881
0,0,0.4311038
0,0,0.38240016
1,0,0.4324959
1,0,0.42307708
0,0,0.4163999
0,0,0.41953078
0,0,0.43065986
0,0,0.43649563
0,0,0.42366922
0,0,0.43450403
0,0,0.41095325
1,0,0.34040615
1,0,0.4316005
1,0,0.4064185
1,0,0.4203298
0,1,0.61989266
0,0,0.43865985
0,0,0.45704317
0,0,0.43715823
1,0,0.43028238
1,0,0.4200589
1,0,0.42971793
1,0,0.43033788
1,1,0.5066095
0,0,0.43286976
1,0,0.42674103
0,0,0.45388854
0,0,0.4671864
0,0,0.45362434
0,1,0.5145083
0,0,0.4266611
0,0,0.41609755
0,0,0.42124975
0,0,0.43010828
0,0,0.4333394
0,0,0.41920185
0,0,0.43995345
0,0,0.4231497
0,0,0.43249565
0,0,0.43171546
1,0,0.42867714
0,0,0.46005833
1,0,0.44814625
1,0,0.42681134
1,0,0.4499176
1,0,0.43484563
1,0,0.44134206
1,0,0.45224717
1,0,0.4439056
1,0,0.4529526
1,0,0.439133
1,0,0.44371468
1,0,0.43363947
1,0,0.45367545
1,0,0.46998763
0,0,0.47433844
0,0,0.47046682
0,0,0.44836473
0,0,0.45565447
0,0,0.43153042
0,1,0.5231765
1,0,0.42787856
1,0,0.41867027
1,0,0.43257168
0,0,0.40192676
1,0,0.42345884
1,0,0.4111143
1,0,0.4234733
1,0,0.43087345
1,0,0.430756
1,0,0.45281833
1,0,0.40546536
1,0,0.40310282
1,0,0.42525917
1,0,0.42253733
1,0,0.42673945
1,0,0.4288227
1,0,0.42317528
1,0,0.41173074
1,0,0.39768058
1,0,0.3999775
1,0,0.41083843
0,0,0.40952834
1,0,0.47150394
1,0,0.44064352
0,0,0.43874872
0,0,0.47964948
0,0,0.4853321
0,0,0.4446544
1,0,0.42965442
1,0,0.41579354
0,0,0.44017348
1,0,0.40748212
1,0,0.38302103
1,0,0.40661716
0,0,0.40852213
1,0,0.4099789
1,0,0.4697091
1,0,0.42006356
1,0,0.42212433
1,0,0.45665783
1,0,0.43121225
1,0,0.45421255
1,0,0.40636992
1,0,0.43559062
1,0,0.43250477
1,0,0.42349297
1,0,0.42207938
1,0,0.4657928
1,0,0.4380293
1,0,0.44905975
1,0,0.42834607
1,0,0.3851017
1,0,0.3746582
1,0,0.3848141
1,0,0.39933383
1,0,0.40594935
0,0,0.41020843
0,0,0.42439678
0,0,0.34227583
0,0,0.4181621
0,0,0.40232992
0,0,0.3849429
0,0,0.42724866
0,0,0.38805276
0,0,0.49642515
0,0,0.42613798
1,0,0.43483064
1,0,0.43651617
1,0,0.43403405
1,0,0.42619878
1,0,0.4679443
1,0,0.44334853
1,0,0.41454983
1,0,0.42638823
1,0,0.4346537
1,0,0.4429264
1,0,0.4613806
1,1,0.50979596
1,0,0.43443114
1,0,0.45117882
0,0,0.46381807
0,0,0.43820897
0,0,0.43030953
0,0,0.44723108
1,0,0.42337465
1,0,0.43804237
1,0,0.44244534
1,0,0.43897662
1,0,0.42871788
1,0,0.45243153
1,0,0.426602
1,0,0.3985143
1,0,0.42065758
1,0,0.44617608
1,0,0.4234221
1,0,0.4042801
0,0,0.41921124
0,0,0.41985223
0,0,0.40922585
0,0,0.43344694
0,0,0.40904817
0,0,0.45035556
0,0,0.42858624
0,0,0.44927448
1,0,0.4374949
0,1,0.5832923
1,0,0.43640316
1,0,0.42165515
1,0,0.45164302
1,0,0.37524182
1,0,0.41507345
0,0,0.41393605
0,0,0.4319252
0,0,0.42182526
1,0,0.41610694
1,0,0.44025555
1,0,0.355748
1,0,0.41885683
1,0,0.41662294
1,0,0.3631875
0,0,0.38442752
0,0,0.42625457
0,0,0.43576658
1,0,0.40792513
1,0,0.41921124
1,0,0.4246582
1,0,0.41468474
0,0,0.43686917
0,0,0.42049167
0,0,0.4489213
0,0,0.42914522
0,0,0.47763675
0,0,0.4503994
0,0,0.40511534
0,0,0.45992666
0,0,0.48626456
0,1,0.5043408
0,0,0.45928073
0,0,0.43334502
0,0,0.4016162
1,0,0.49602887
1,0,0.4081926
1,0,0.44261333
1,0,0.43454495
1,0,0.4137964
0,0,0.41420096
0,0,0.38857502
0,0,0.3992426
1,0,0.37682024
1,0,0.41898727
0,0,0.3955448
1,0,0.44662458
0,0,0.48534626
1,0,0.41490102
1,0,0.41997486
1,0,0.41395077
0,0,0.41472328
1,1,0.539941
0,0,0.4463889
0,0,0.45215163
0,0,0.40877435
0,0,0.47208092
0,0,0.42433116
0,1,0.53581053
0,0,0.4696878
0,0,0.47295564
0,0,0.47296497
0,0,0.4936875
0,0,0.4928996
0,1,0.52439654
0,0,0.4924744
1,0,0.49947578
1,0,0.4738142
1,0,0.43612728
1,0,0.45832014
1,0,0.45099455
1,1,0.5255327
0,0,0.4240134
0,0,0.42485324
1,0,0.40228325
1,0,0.4208343
1,0,0.39472938
1,0,0.39406535
1,0,0.42215788
1,0,0.40747368
1,0,0.41165975
1,0,0.4122448
1,0,0.41346964
1,0,0.41881114
0,0,0.48280758
0,0,0.43727177
0,0,0.45603338
1,0,0.45289984
1,0,0.44879213
1,0,0.40604138
1,0,0.45680496
1,0,0.45775372
0,0,0.4202152
0,0,0.44410822
0,0,0.43049446
0,0,0.40355283
0,0,0.41666126
1,0,0.4261334
1,0,0.48206678
1,0,0.45021468
1,0,0.4593059
1,0,0.4285182
1,0,0.43111673
1,0,0.4278876
1,0,0.4395837
1,0,0.42893115
1,0,0.44486427
1,0,0.4410546
0,0,0.446562
0,0,0.4139767
0,0,0.45714596
0,0,0.42577478
0,0,0.46243602
0,0,0.4143689
0,1,0.50073576
0,0,0.47286233
0,0,0.47750232
0,0,0.45191935
0,0,0.46380228
0,0,0.41663316
0,0,0.44089094
0,0,0.44212732
0,0,0.44224718
1,1,0.5647537
1,0,0.47059172
1,1,0.6337815
1,0,0.4748351
0,0,0.48551354
0,0,0.43854657
0,0,0.41701072
1,0,0.41840422
1,0,0.40751365
1,0,0.3966915
0,0,0.40151188
1,0,0.40242705
0,0,0.43668714
1,0,0.40119857
1,0,0.40417287
1,0,0.42079622
1,0,0.4355027
1,0,0.4111978
1,0,0.4680514
0,0,0.40520325
0,0,0.41832155
0,0,0.4161822
0,0,0.41298893
1,0,0.43848127
1,0,0.39397785
1,0,0.404368
0,0,0.39938232
1,0,0.40943533
0,0,0.416527
0,0,0.43560168
1,0,0.43699202
1,0,0.44529325
1,0,0.47108454
1,0,0.398257
1,0,0.39652425
1,0,0.44322804
1,0,0.43975458
1,0,0.44323403
1,0,0.40814677
1,0,0.4181744
0,0,0.43806434
0,0,0.44404277
0,0,0.44027218
0,0,0.44248417
0,0,0.42344004
0,0,0.42337328
0,0,0.40501598
1,0,0.39801365
1,0,0.4252272
1,0,0.4778146
1,0,0.40507618
1,0,0.45019212
1,0,0.44192314
1,0,0.4000562
1,0,0.4040721
0,0,0.42853296
0,0,0.44269177
1,0,0.42183858
1,0,0.4390803
1,0,0.44352865
1,0,0.3985258
1,0,0.4464483
1,0,0.42344004
1,0,0.44096252
1,0,0.43640217
0,0,0.3939285
0,0,0.44274047
1,0,0.4244995
1,0,0.43361315
1,0,0.41909164
1,0,0.41235423
0,0,0.44548622
0,0,0.4617699
0,0,0.49769717
0,0,0.41648048
0,0,0.41246337
1,0,0.384765
1,0,0.44464356
1,0,0.37999973
1,0,0.43873784
1,0,0.3962897
1,0,0.37946665
1,0,0.37430882
1,0,0.3985077
0,0,0.4249543
0,0,0.39391577
0,0,0.39446747
0,0,0.39452693
0,0,0.39878967
1,0,0.45384043
1,0,0.42810065
0,0,0.40938762
0,0,0.37314072
0,0,0.40513584
0,0,0.43080938
0,0,0.40079597
0,0,0.3794092
0,0,0.38856813
0,0,0.4795779
0,0,0.47464684
1,0,0.46455175
1,0,0.44867474
1,0,0.44887528
1,0,0.46376032
1,0,0.44288626
1,0,0.40506083
0,0,0.41694242
1,0,0.38875526
1,0,0.3935388
0,0,0.37908074
0,0,0.40550205
0,0,0.38857105
0,0,0.4113836
0,0,0.40589726
1,0,0.4452327
0,0,0.4145015
1,0,0.44438916
1,0,0.4752778
0,0,0.46980685
0,0,0.43731254
1,0,0.40087637
1,0,0.4392819
1,0,0.40864113
1,0,0.40315697
0,0,0.4084946
1,0,0.4245907
1,0,0.40906635
1,0,0.3705991
1,0,0.41579786
1,0,0.41359866
1,0,0.44081903
1,0,0.44614893
1,0,0.43954387
0,0,0.41408518
0,0,0.43843994
0,0,0.41315696
1,0,0.4116566
1,0,0.41135564
1,0,0.40614194
1,0,0.46126693
1,0,0.43558556
1,0,0.4282838
1,0,0.41221637
1,0,0.41840482
1,0,0.41988933
1,0,0.42968202
1,0,0.43541384
0,0,0.41648602
0,0,0.36972716
0,0,0.39951533
0,0,0.39197037
0,0,0.40353757
0,0,0.41068712
0,0,0.41998252
1,1,0.5621662
1,1,0.53510493
0,0,0.4471224
0,0,0.44363514
0,0,0.4159108
0,0,0.42363772
0,0,0.39585218
0,0,0.39204842
0,0,0.3922642
0,0,0.43968982
0,0,0.48004335
0,0,0.4448212
0,0,0.4483694
0,0,0.45604756
0,0,0.45500368
1,0,0.45140952
1,0,0.4520642
1,0,0.4539405
1,0,0.48021308
1,0,0.45532033
1,0,0.41071656
1,0,0.42116705
1,0,0.41857067
1,0,0.4372026
0,0,0.40899688
0,0,0.41673154
0,0,0.41790706
0,0,0.4166345
0,0,0.41349447
0,0,0.42698288
0,0,0.404966
0,0,0.4095959
1,1,0.5103743
1,0,0.4822651
1,1,0.5252615
1,0,0.410686
1,0,0.37649086
1,0,0.3877678
0,0,0.3693992
1,0,0.36610353
0,0,0.40681735
1,0,0.41149256
0,0,0.42714575
0,0,0.47970846
1,0,0.40951025
1,0,0.46816942
1,0,0.41921124
1,0,0.39688116
1,0,0.39643946
1,0,0.4211273
0,0,0.41568407
0,0,0.4168223
0,0,0.41125304
0,0,0.41934586
0,0,0.443227
0,0,0.42094627
0,0,0.38570717
0,0,0.46117514
0,1,0.5361484
0,0,0.49313232
0,0,0.4805248
0,0,0.49827516
0,0,0.46037054
0,0,0.40040264
0,0,0.4576859
0,0,0.43487322
0,1,0.5237091
0,0,0.47680578
1,0,0.4496267
1,0,0.45939642
1,0,0.45772237
1,0,0.43008453
1,0,0.40931544
1,0,0.4091614
1,0,0.43664598
0,0,0.43231985
1,0,0.44812706
0,0,0.44622257
0,0,0.4367368
0,0,0.44275996
1,0,0.47773728
1,0,0.44383624
1,0,0.42286304
1,0,0.4509961
1,0,0.4605801
0,0,0.45863283
1,0,0.40882045
1,0,0.43717617
1,0,0.43715954
1,0,0.41777667
1,0,0.42860678
1,0,0.4668193
0,0,0.43555
0,0,0.43626228
1,0,0.42741153
1,0,0.4448514
1,0,0.41089287
1,0,0.44447345
1,0,0.447838
0,0,0.46371603
0,0,0.43250608
1,0,0.45039496
1,0,0.41429353
1,0,0.42576617
1,0,0.40346777
1,0,0.47579402
1,0,0.44723448
1,0,0.40703937
0,0,0.45307022
0,0,0.41035187
0,0,0.41723898
1,0,0.4101474
1,0,0.41077736
1,0,0.3872821
1,0,0.38784498
1,0,0.4658874
0,0,0.41389954
0,0,0.42718196
0,0,0.45411724
1,0,0.41538826
0,0,0.45611504
0,0,0.48049363
0,0,0.41586548
0,0,0.46493116
0,0,0.41489515
0,0,0.47639138
1,1,0.5208243
1,0,0.49828643
1,0,0.47020048
1,0,0.48465347
1,0,0.48020318
1,0,0.4148955
1,0,0.41753912
0,0,0.41689903
0,0,0.42188781
0,0,0.3942625
0,0,0.44270837
0,0,0.40100363
1,0,0.42715576
1,0,0.44936538
1,0,0.44199046
1,0,0.45826286
1,0,0.48421463
1,0,0.44670495
0,0,0.4129629
0,0,0.39540613
0,0,0.40117785
0,0,0.41783452
1,0,0.42178488
1,0,0.4039652
1,0,0.3828707
0,0,0.38960585
0,0,0.374718
0,0,0.43539312
0,0,0.41298348
1,0,0.4395456
1,0,0.4349095
1,0,0.41814953
1,0,0.43397266
1,0,0.42897317
0,0,0.44236135
1,0,0.43516466
1,0,0.4447945
0,0,0.4614869
0,0,0.44513947
0,0,0.4417703
0,0,0.4640467
0,0,0.44597852
0,0,0.39764404
0,0,0.3924931
0,0,0.44118655
0,0,0.43922505
0,0,0.45174342
1,0,0.47991347
1,0,0.49366462
1,0,0.49683937
1,0,0.45214626
1,0,0.45971435
1,0,0.41383234
1,0,0.42421803
1,0,0.40731317
1,0,0.4155923
1,0,0.41455707
1,0,0.41617358
1,0,0.4170527
1,0,0.413426
1,0,0.4606969
0,0,0.45380676
1,0,0.42283082
1,0,0.42603695
1,0,0.43255213
1,0,0.43519464
1,0,0.4224567
1,0,0.4317583
1,0,0.4202242
1,0,0.41059777
1,0,0.44996744
1,0,0.42454842
1,0,0.44131142
0,0,0.4050189
0,0,0.4270443
0,0,0.42336404
0,0,0.45131314
0,0,0.43809995
1,0,0.4695134
1,0,0.4258341
1,0,0.38923872
0,0,0.40231827
0,0,0.42763308
0,0,0.44870484
0,0,0.45375693
0,0,0.44143185
0,0,0.40833163
1,0,0.41739875
1,0,0.4370902
1,0,0.4239968
1,0,0.46582994
1,0,0.37844497
0,0,0.39525637
0,0,0.4262558
0,0,0.43127382
0,0,0.41539878
0,0,0.45648432
0,0,0.49229354
0,0,0.47956306
0,0,0.44477144
1,0,0.47868326
1,1,0.51534015
1,0,0.46490866
1,0,0.4715577
0,0,0.49390483
0,0,0.4597467
1,0,0.43145478
0,0,0.45720255
0,0,0.42544273
1,0,0.41155815
1,0,0.4020955
0,0,0.43330982
1,0,0.41208696
1,0,0.45009685
0,0,0.43132794
0,0,0.4376179
0,0,0.44236386
0,0,0.46641633
0,0,0.43676737
1,0,0.4430008
1,0,0.4291084
1,0,0.41053104
0,1,0.50693274
0,0,0.41449985
0,0,0.42916903
1,0,0.42602214
0,0,0.4247391
1,0,0.42179665
1,0,0.43307254
1,0,0.41180104
1,0,0.40333816
0,0,0.4086582
0,0,0.42107204
0,0,0.41483238
1,0,0.41483238
1,0,0.42506498
1,0,0.403536
1,0,0.403775
1,0,0.4446638
1,0,0.41541055
1,0,0.40234438
1,0,0.42854923
1,0,0.4214975
1,0,0.4068097
1,0,0.40960985
1,0,0.41656047
1,0,0.41355267
0,0,0.43925604
0,0,0.43483314
0,0,0.42275065
0,0,0.4242976
0,0,0.40947676
0,0,0.48344487
1,1,0.571533
1,0,0.43285912
1,0,0.4930343
0,1,0.538735
0,0,0.41226953
0,0,0.4026799
0,0,0.4041429
0,0,0.3878934
0,0,0.38898164
0,0,0.48199797
0,0,0.4257644
0,0,0.38716933
0,0,0.4177378
0,0,0.38960844
0,0,0.4246355
1,0,0.49826512
1,0,0.47254226
1,0,0.49115297
1,0,0.488315
1,0,0.46621498
0,0,0.45324296
0,0,0.42056587
0,0,0.4249667
0,0,0.4192531
0,0,0.43546578
0,0,0.441487
0,0,0.42947355
0,0,0.42710367
0,0,0.43804756
0,0,0.42774928
0,0,0.41792104
0,0,0.45754644
0,0,0.43603936
0,0,0.4875397
0,0,0.42894658
0,0,0.39253458
0,0,0.3979269
1,0,0.47177926
1,0,0.4174487
1,0,0.46755818
1,0,0.4454958
1,0,0.39833793
1,0,0.4294814
0,0,0.41090587
0,0,0.4118918
1,0,0.4195223
1,0,0.40618697
1,0,0.42250037
0,0,0.40967345
0,0,0.4221385
0,0,0.4293888
0,0,0.4420969
0,0,0.42832947
0,0,0.41116387
1,0,0.4191876
1,0,0.42559835
0,0,0.47813243
1,0,0.40838936
1,0,0.4349867
0,0,0.46097565
0,0,0.391666
0,0,0.43101132
0,0,0.4453374
0,0,0.40706664
0,0,0.46148
0,0,0.43499392
0,0,0.43288338
0,0,0.4411858
1,0,0.42900783
1,0,0.43057516
1,0,0.42865583
1,0,0.4498878
1,0,0.44408002
1,0,0.4449206
1,0,0.43156132
1,0,0.4515343
1,0,0.43660676
1,0,0.44127658
1,0,0.42923954
0,0,0.46564367
1,0,0.4145009
0,0,0.3671754
0,0,0.45088893
0,0,0.44003445
0,0,0.40714234
0,0,0.43305278
0,0,0.4308045
0,0,0.4174703
0,0,0.38885576
0,0,0.3978358
0,0,0.40174234
0,0,0.39360613
0,0,0.4000829
1,0,0.40006417
1,0,0.3874731
0,0,0.38967758
1,0,0.38766977
1,0,0.40945944
1,0,0.42894036
1,0,0.426356
1,0,0.39984125
0,0,0.43739545
1,0,0.42339194
0,0,0.410851
1,0,0.42461336
1,0,0.4410959
1,0,0.44245327
1,0,0.44269434
1,0,0.3999959
1,0,0.39800176
1,0,0.43096092
1,0,0.4231066
0,0,0.424247
0,0,0.3920915
0,0,0.40997458
0,0,0.39825124
0,0,0.38908413
0,0,0.40764132
0,0,0.42468908
0,0,0.37948215
0,0,0.39122036
0,0,0.44133213
0,0,0.41533354
0,0,0.3969471
0,0,0.3752223
1,0,0.46877307
1,1,0.5594624
1,1,0.5065897
0,1,0.5197796
0,0,0.4820884
0,0,0.4294901
0,0,0.3987495
1,0,0.39594987
1,0,0.4149422
1,0,0.40272024
0,0,0.40923873
0,0,0.39717305
0,0,0.39860386
0,0,0.40756038
0,0,0.39812988
0,1,0.5497636
0,1,0.5038297
1,0,0.49107972
1,0,0.48365125
1,1,0.5299978
1,0,0.49232885
1,1,0.5111377
1,1,0.5106857
0,1,0.5236361
0,0,0.4952809
0,0,0.49799842
0,1,0.50979924
0,1,0.51107705
0,0,0.4953518
0,0,0.49212995
0,1,0.5050205
0,1,0.51280916
1,0,0.49469766
1,0,0.48760533
0,0,0.399294
0,0,0.4415353
1,0,0.42967823
1,0,0.46184677
1,0,0.4781647
1,0,0.44048232
1,0,0.4114612
0,0,0.4461246
0,0,0.46444815
0,0,0.39499304
0,0,0.38576606
0,0,0.42925298
0,0,0.40244323
0,0,0.40888968
1,0,0.44519612
1,0,0.4705647
1,0,0.46786478
1,0,0.44203418
1,0,0.39490256
0,0,0.42814103
1,0,0.4312217
1,0,0.41360322
0,0,0.40830395
1,0,0.4462864
0,0,0.44379765
0,0,0.44073176
1,0,0.42974973
1,0,0.40809762
0,0,0.4603986
0,0,0.43938407
0,0,0.41147253
0,0,0.4375806
1,0,0.42425558
1,0,0.44261783
1,0,0.38866255
1,0,0.4159853
1,0,0.39922163
1,0,0.4529194
0,0,0.4402888
1,0,0.42295054
0,0,0.40584537
0,0,0.37548319
0,0,0.43340296
0,0,0.37627327
0,0,0.44292462
0,0,0.40657482
1,0,0.41157952
1,0,0.4151904
1,0,0.40998307
1,0,0.41157952
1,0,0.40457994
1,0,0.43938082
1,0,0.42232987
1,0,0.42146096
0,0,0.44715944
1,0,0.42594615
1,0,0.4411847
1,0,0.4312829
1,0,0.40463406
0,0,0.39927375
0,0,0.38892886
0,0,0.4132203
0,0,0.41014364
0,0,0.43895146
0,0,0.46029562
0,0,0.43032265
0,0,0.41005722
1,0,0.40995583
1,0,0.4134513
1,0,0.43596506
1,0,0.42275438
1,0,0.4091081
0,0,0.45917553
0,0,0.42059207
0,0,0.41585407
0,0,0.38391912
0,0,0.40977308
0,0,0.41496095
0,0,0.41306078
0,0,0.39818567
0,0,0.417406
0,0,0.4124935
1,0,0.38839856
1,0,0.41054168
1,0,0.42835125
1,0,0.42081892
1,0,0.41172603
1,0,0.42236692
1,0,0.399653
1,0,0.45688918
0,0,0.42543447
0,0,0.4508265
0,0,0.4325839
0,0,0.43581274
0,0,0.43797383
1,0,0.45154878
1,0,0.4381532
0,0,0.42539495
1,0,0.44706073
1,0,0.41907376
1,0,0.42208847
1,0,0.45865625
1,0,0.4263235
1,0,0.41959825
1,0,0.41753453
1,0,0.44606897
1,0,0.406374
1,0,0.41845015
1,0,0.43506327
1,0,0.41917077
0,0,0.4213273
0,0,0.41198313
0,0,0.40533975
0,0,0.4148233
0,0,0.41122052
0,0,0.41336828
0,0,0.41674706
0,0,0.45515636
0,0,0.41049033
0,0,0.46805692
1,1,0.5241055
1,0,0.4652166
1,0,0.48491284
1,0,0.425685
1,0,0.43360135
0,0,0.41346306
0,0,0.4477066
0,0,0.4358984
0,0,0.4237529
0,0,0.43244117
0,0,0.41243225
0,0,0.4135879
1,0,0.4497222
1,0,0.4289988
1,0,0.43835855
1,0,0.42574826
1,0,0.45683584
1,0,0.43093193
1,0,0.42328805
1,0,0.44288188
0,0,0.43865392
0,0,0.4352575
0,0,0.41268864
0,0,0.43701023
0,0,0.43203947
0,0,0.4380047
0,0,0.4406973
0,0,0.4319407
0,0,0.4341848
1,0,0.22314866
0,0,0.35278583
0,0,0.37211487
0,0,0.42185962
0,0,0.3618553
0,0,0.34426564
0,0,0.47559515
1,0,0.486594
1,0,0.42493054
1,0,0.4258648
1,0,0.45166287
1,0,0.43718272
0,0,0.3711146
0,0,0.355764
0,0,0.38435078
0,0,0.3695454
0,0,0.38870123
0,0,0.4088583
0,0,0.36672044
0,0,0.40495622
0,0,0.3784153
0,0,0.39339426
1,0,0.47628686
0,0,0.44739187
1,0,0.43782684
1,0,0.4696375
1,1,0.52308446
0,0,0.382853
0,0,0.39669648
0,0,0.3892091
0,0,0.39856207
0,0,0.39834225
0,0,0.455668
1,0,0.43126553
1,1,0.5097958
0,1,0.5057807
1,0,0.42573366
1,0,0.41542727
1,0,0.43687686
1,0,0.424124
1,0,0.43537188
0,0,0.48424962
0,0,0.46519724
0,0,0.45416966
0,0,0.46210098
0,0,0.4945485
0,1,0.5576108
1,0,0.48304847
1,1,0.53258306
1,0,0.48075855
1,1,0.533957
1,0,0.45044193
1,0,0.4628277
1,0,0.45762077
0,0,0.47793555
0,0,0.46186906
0,0,0.45448884
1,0,0.4632351
1,0,0.44872636
1,0,0.44940606
1,0,0.46971294
1,0,0.4411188
1,0,0.45564947
0,0,0.45943144
0,0,0.46764892
1,0,0.45982033
0,0,0.48587576
0,0,0.47263706
1,0,0.465198
1,0,0.4883736
1,0,0.49806643
1,0,0.44218394
1,0,0.4271817
1,0,0.44757068
1,0,0.48881552
1,0,0.4554069
1,0,0.4757121
1,0,0.46781465
0,0,0.4542487
0,1,0.5002354
0,0,0.47109833
0,0,0.40638977
0,0,0.41084188
0,0,0.42574072
0,0,0.43913057
0,0,0.41623464
1,0,0.40018648
1,0,0.4093885
0,0,0.44866562
0,0,0.4420837
0,1,0.5143611
0,0,0.4342544
0,0,0.4198728
1,1,0.51154435
1,1,0.5179144
1,1,0.5130988
1,1,0.51600254
1,1,0.5343228
1,0,0.41804558
1,0,0.4287173
1,0,0.46016407
1,0,0.47166303
1,0,0.41088352
1,1,0.50223815
1,0,0.44909054
1,0,0.47241953
0,0,0.44741252
0,0,0.45820498
0,0,0.42761904
1,0,0.41175225
1,0,0.44615585
1,0,0.45600808
0,0,0.46474266
0,1,0.5125807
0,0,0.430322
0,0,0.40359735
1,0,0.4067579
1,0,0.41392434
1,0,0.42315748
0,0,0.39912757
1,0,0.40954983
0,0,0.4301185
0,0,0.42744228
0,0,0.43766218
1,0,0.44132555
1,0,0.43353584
1,0,0.4368204
1,1,0.5264761
1,0,0.43670788
1,0,0.42207843
1,0,0.4197406
0,0,0.4314663
1,0,0.45500073
1,0,0.45314533
1,0,0.45435995
1,0,0.4709889
1,0,0.4571643
0,0,0.44350103
0,0,0.43565434
1,0,0.3926547
1,0,0.4034546
1,0,0.40590444
1,0,0.41843477
1,0,0.44240203
1,0,0.4465041
1,0,0.4046383
1,0,0.38989106
1,0,0.37835795
0,0,0.4067719
1,0,0.39235812
1,0,0.40091005
1,0,0.39482045
1,0,0.39734456
1,0,0.40841758
0,0,0.3818494
0,0,0.38742566
0,0,0.3946763
0,0,0.40690425
0,0,0.41070613
0,0,0.46936104
0,0,0.4825663
0,0,0.4540779
0,0,0.45460787
1,0,0.39493102
1,0,0.38688052
1,0,0.3882494
1,0,0.41086566
1,0,0.42719007
1,0,0.41681057
1,0,0.40254107
1,0,0.4064925
0,0,0.4094068
1,0,0.39694065
1,0,0.40566584
1,0,0.38843697
1,0,0.38870186
1,0,0.41452032
0,0,0.44928658
0,0,0.40790743
0,0,0.40701324
1,0,0.42210656
1,0,0.41061977
1,0,0.40314108
1,0,0.4434631
1,0,0.44459698
1,0,0.34998065
0,0,0.32023448
0,0,0.42542022
0,0,0.4269549
0,0,0.3664512
0,0,0.31920448
0,0,0.48347047
0,0,0.47913647
0,0,0.4667087
1,0,0.437996
1,0,0.4720376
1,0,0.46721813
1,0,0.43151733
1,0,0.4619072
1,0,0.41145125
1,0,0.3866646
1,0,0.39701226
1,0,0.42394337
1,0,0.40588105
0,0,0.42203367
1,0,0.42135185
0,0,0.4075767
1,0,0.442168
1,0,0.4213874
1,0,0.4358627
1,0,0.4350917
0,0,0.42789254
0,0,0.42708993
0,0,0.40456676
0,0,0.4325474
0,0,0.41846696
0,0,0.4394963
1,1,0.5103802
1,0,0.456329
1,0,0.49666733
0,1,0.52551615
0,0,0.41665986
0,0,0.39533997
0,0,0.41144553
0,0,0.3891535
0,0,0.39324144
0,0,0.44577244
0,0,0.410084
1,0,0.4433955
1,0,0.43821573
1,0,0.43978414
1,0,0.46062785
1,0,0.431272
1,0,0.41513702
1,0,0.41514164
1,0,0.41799602
1,0,0.41266793
1,0,0.40253705
1,0,0.41403413
1,0,0.39302784
1,0,0.39958665
1,0,0.42650944
1,0,0.40512386
1,0,0.4175768
1,0,0.4079314
0,0,0.3869641
0,0,0.43869177
1,0,0.32043704
1,0,0.40391544
1,0,0.41290933
1,0,0.47338817
0,0,0.46391225
0,0,0.40218946
0,0,0.43323302
0,0,0.39081317
0,0,0.3909156
0,0,0.44191477
1,0,0.46632642
0,0,0.41866314
0,0,0.4626097
0,0,0.4433865
0,0,0.40428457
0,0,0.376986
0,0,0.48913017
1,0,0.47250852
0,0,0.45443204
1,0,0.47933006
1,0,0.4661152
1,0,0.37529778
1,0,0.42266485
1,0,0.42943865
0,0,0.44861993
0,0,0.4068873
0,0,0.43103054
0,0,0.46827307
0,0,0.4476201
1,0,0.46519497
1,0,0.47830454
1,0,0.48205248
1,0,0.45608822
1,0,0.47145805
1,0,0.46899763
1,0,0.4675346
0,0,0.43731976
0,0,0.37430975
0,0,0.31974018
0,0,0.40232646
0,0,0.43258813
1,1,0.5676014
1,1,0.5265137
1,1,0.6006148
1,1,0.50738066
0,0,0.47542495
0,0,0.4685749
0,0,0.47383574
0,0,0.47867736
0,0,0.48305503
0,0,0.48193264
0,0,0.4818177
0,0,0.4800994
1,1,0.51315486
1,1,0.5321576
0,1,0.5143535
1,1,0.5134782
1,1,0.5228866
1,0,0.47044975
1,0,0.4930262
1,1,0.5027101
0,0,0.44343454
0,0,0.47690704
0,0,0.47842377
0,0,0.44864962
0,0,0.45294905
0,1,0.62591857
0,1,0.6136144
0,1,0.6939049
0,1,0.58548933
0,1,0.55856675
1,1,0.58490694
1,0,0.49945968
1,1,0.574093
1,0,0.48844993
1,1,0.50958794
1,1,0.5007334
0,1,0.50726503
0,1,0.50812113
1,0,0.48474506
1,1,0.55122685
1,1,0.51283467
1,1,0.5217207
1,1,0.51235527
1,1,0.5136308
1,0,0.49892822
1,1,0.527463
0,1,0.5054202
0,1,0.52079916
1,0,0.48989847
1,0,0.49612743
1,1,0.5349731
1,1,0.51009274
1,1,0.5318289
1,1,0.50865316
1,0,0.4083174
1,0,0.40409026
1,0,0.28876385
1,1,0.5399736
1,0,0.35461217
0,0,0.39347368
1,0,0.3022619
1,0,0.2533945
1,0,0.27072588
1,0,0.38968563
1,0,0.45857745
0,0,0.3047651
0,0,0.34460098
0,0,0.3760388
0,0,0.29677582
0,0,0.34982783
0,0,0.4568972
0,0,0.49182913
0,0,0.44356233
0,0,0.4985812
0,1,0.5373824
1,0,0.4789868
1,1,0.50471276
0,0,0.41697043
1,0,0.49392122
0,1,0.5066762
0,0,0.43181965
0,0,0.449165
0,0,0.48246193
0,0,0.4678795
1,0,0.43807065
1,1,0.5181339
0,1,0.6656042
0,1,0.5013435
0,0,0.47670302
0,0,0.4823933
0,0,0.48038018
1,1,0.5227939
0,0,0.4906007
0,0,0.45487645
0,0,0.476904
0,0,0.4962945
0,1,0.5041558
1,1,0.51784825
1,0,0.49622914
1,1,0.5380404
1,1,0.5266845
1,1,0.538592
1,0,0.49678934
0,0,0.49145892
0,0,0.46906152
0,0,0.49115285
0,0,0.46818003
0,0,0.46130967
0,1,0.50134486
0,1,0.51381177
0,0,0.49207124
0,1,0.5088114
0,0,0.49088386
0,1,0.50723225
0,1,0.5897798
0,1,0.5109337
0,0,0.4741383
0,1,0.515767
0,1,0.5117439
0,0,0.48892954
1,1,0.53125924
1,0,0.4808996
1,1,0.52842546
1,0,0.4944807
0,0,0.46467876
0,1,0.5097194
0,0,0.49365625
0,0,0.44176227
0,0,0.47103935
0,0,0.4944719
1,0,0.46821243
1,0,0.46905753
1,0,0.49652675
1,1,0.5536602
1,1,0.5343994
1,0,0.48046613
1,1,0.5042103
0,0,0.4951324
1,0,0.4946455
0,0,0.483233
0,0,0.45708537
0,0,0.47535163
0,0,0.46257976
0,0,0.47199488
0,1,0.5753948
1,0,0.46885964
1,0,0.4604812
1,0,0.46468988
1,0,0.46455407
1,0,0.45799664
1,0,0.4545326
1,0,0.48000094
0,0,0.49835527
0,0,0.47511023
0,0,0.4756848
0,0,0.47788936
1,0,0.4459274
1,0,0.46007326
1,0,0.4698956
1,0,0.45596164
1,1,0.5030555
1,0,0.492905
1,0,0.45925084
1,0,0.46808472
1,0,0.49858695
1,0,0.47684187
1,0,0.44145876
1,0,0.47478813
0,0,0.46404463
1,0,0.4527931
1,0,0.49730757
1,0,0.47988462
1,0,0.45531267
1,0,0.4851125
1,0,0.4951249
1,0,0.48255485
1,0,0.42258024
1,0,0.3790825
1,0,0.45019212
1,0,0.44590104
1,0,0.39973843
0,0,0.3805756
0,0,0.37816796
0,0,0.39653817
0,0,0.33733457
0,0,0.3995823
0,0,0.4468935
0,0,0.46402395
1,1,0.5017982
0,1,0.50215113
1,1,0.56794035
1,1,0.5687642
1,0,0.48578796
0,0,0.43880495
0,0,0.41334924
1,0,0.4175188
1,0,0.3778764
1,0,0.40303448
1,0,0.46532065
1,0,0.42052376
1,0,0.44214013
1,0,0.37427124
1,0,0.3606631
0,0,0.4019737
0,0,0.37274408
0,0,0.2867531
1,0,0.38010338
0,0,0.4073986
0,0,0.4705911
0,0,0.4540899
0,0,0.44356662
0,0,0.42031726
0,0,0.439499
1,0,0.46053195
1,0,0.49610543
1,0,0.3910563
1,0,0.45869657
1,0,0.3897199
1,0,0.37508023
1,0,0.4228129
1,0,0.4130925
1,0,0.40863937
1,0,0.39502266
1,0,0.4513114
1,0,0.3347119
1,0,0.3918636
1,0,0.39301392
1,0,0.40544894
1,0,0.44117483
1,0,0.3984242
1,0,0.3370779
1,0,0.32032916
1,0,0.40823585
1,0,0.386814
1,0,0.39364848
1,0,0.37196955
0,0,0.34365264
0,0,0.409512
1,0,0.39896196
0,0,0.39991602
0,0,0.42814565
0,1,0.5253609
0,0,0.47019675
1,0,0.4268248
1,0,0.42692545
1,0,0.43249467
1,0,0.41931814
0,0,0.43365023
0,0,0.42465734
0,0,0.41119328
0,0,0.4395235
0,0,0.3923564
0,0,0.45018107
0,0,0.4544925
0,0,0.47051248
0,0,0.487206
0,0,0.46476167
1,0,0.48556268
1,0,0.46443138
1,0,0.42523202
1,0,0.44356894
1,0,0.4320453
0,0,0.4215398
0,0,0.4305342
0,0,0.4223473
0,0,0.41557992
0,0,0.40539905
1,0,0.4376304
1,0,0.42408726
0,0,0.47914138
0,0,0.43244603
0,0,0.41533625
0,0,0.4869049
0,0,0.44255516
0,0,0.44540754
0,0,0.48866165
1,0,0.46062705
1,0,0.4507158
0,0,0.46140558
1,0,0.42367572
1,0,0.3816151
0,0,0.4158973
0,0,0.45353156
0,0,0.4405998
0,0,0.40147683
0,0,0.44686258
1,0,0.43631953
1,0,0.45441568
0,0,0.4086396
0,0,0.35600382
0,0,0.39497527
0,0,0.38452604
0,0,0.40848732
1,0,0.38477877
0,0,0.38307184
1,0,0.42828965
1,0,0.40801588
1,0,0.4705324
0,0,0.49113107
1,0,0.48313037
1,0,0.45799905
1,0,0.49751538
1,0,0.49548033
1,0,0.49260193
1,0,0.48770377
0,0,0.46369982
0,0,0.44508705
0,0,0.45358735
0,0,0.42680794
1,0,0.44668022
1,0,0.45077506
0,0,0.4672394
0,0,0.4243827
0,1,0.5337743
1,0,0.42702827
0,0,0.48436496
1,0,0.47340062
1,0,0.42471856
1,0,0.45090955
1,0,0.40600017
1,0,0.46975034
1,0,0.44904438
1,0,0.42549482
0,0,0.42772797
0,0,0.41953284
0,0,0.38783303
0,0,0.38001466
0,0,0.391599
0,0,0.44334674
0,0,0.4331832
1,0,0.45130762
1,0,0.42866725
1,0,0.42341235
1,0,0.44629675
1,0,0.49075836
1,0,0.43838823
0,0,0.43586585
0,0,0.43727142
0,0,0.43767178
0,0,0.4405569
0,0,0.43172088
0,0,0.45456588
0,0,0.3992522
0,0,0.39955494
1,0,0.41045228
1,0,0.43133178
1,0,0.41391286
1,0,0.45257956
1,0,0.40268782
1,0,0.41792735
1,0,0.37462315
1,0,0.39659554
1,0,0.37695736
1,0,0.42213565
0,0,0.44209847
0,0,0.4497125
0,0,0.47887108
0,0,0.42491218
0,0,0.44615406
0,1,0.5115864
0,0,0.45150965
0,0,0.44383174
0,0,0.4084831
1,0,0.48825735
1,0,0.4438772
1,0,0.45484912
0,0,0.4285383
0,0,0.43549186
0,0,0.41294518
1,0,0.42298228
1,0,0.39375028
1,0,0.39018774
1,0,0.37473333
1,0,0.37112468
1,0,0.3596939
0,0,0.3615821
1,0,0.38609186
1,0,0.37248784
1,0,0.36448622
1,0,0.4047179
1,0,0.434191
1,0,0.3745246
1,0,0.38972306
1,0,0.40504172
1,0,0.36214113
0,0,0.4505556
0,0,0.41000986
0,0,0.38404116
0,0,0.3977089
0,0,0.38253385
0,0,0.39142278
0,0,0.35835886
0,0,0.398015
0,0,0.3874934
0,0,0.39653194
0,0,0.3997054
0,0,0.4058742
1,0,0.3685836
0,0,0.36703673
1,0,0.37721327
1,0,0.39012435
1,0,0.3819191
1,0,0.3984575
0,0,0.3754685
0,0,0.47170573
0,0,0.4676581
0,0,0.3999966
0,0,0.4242535
0,0,0.3951589
0,1,0.55767196
1,1,0.5575947
1,1,0.5637205
1,1,0.59491515
1,1,0.53106844
1,0,0.46552077
0,0,0.3864138
0,0,0.3883061
1,0,0.4174326
1,1,0.50091904
0,0,0.4781319
1,0,0.41454905
1,0,0.42225146
1,1,0.502124
1,0,0.4843796
1,0,0.45983148
0,1,0.5732071
0,1,0.57859015
0,1,0.5316647
0,0,0.49365497
0,0,0.4993536
0,0,0.48447472
0,0,0.4720247
1,1,0.51741487
1,0,0.4837986
0,0,0.4592561
0,0,0.41331246
0,1,0.5023921
0,0,0.498637
0,0,0.48440656
0,0,0.42640364
0,0,0.49069622
0,0,0.46478897
1,1,0.54271847
1,1,0.5232521
1,0,0.44097215
0,0,0.49936047
1,0,0.4183089
1,0,0.43811604
1,1,0.5017905
1,0,0.42450348
1,0,0.39880815
1,0,0.46370038
1,0,0.46652842
1,0,0.46749693
1,0,0.47112772
1,0,0.4579764
1,0,0.39679727
1,0,0.40121534
1,0,0.43408895
1,0,0.43407217
1,0,0.4204189
1,0,0.43386647
1,0,0.4626498
1,0,0.422817
1,0,0.4218039
1,0,0.42462423
1,0,0.39875102
1,0,0.43656877
0,0,0.43430454
0,0,0.40767962
0,0,0.43490326
1,0,0.41723582
0,0,0.42728955
0,0,0.38413918
0,0,0.43598533
0,0,0.41880387
1,0,0.41488993
1,0,0.40418866
1,0,0.39147425
1,0,0.39130235
1,0,0.43451485
1,0,0.42051888
1,0,0.4158757
1,0,0.40816998
0,0,0.4316421
0,0,0.40567046
0,0,0.3924565
0,0,0.42683652
0,0,0.39530808
1,0,0.43755567
0,0,0.40333346
1,0,0.4097135
1,0,0.4520156
1,0,0.3916897
1,0,0.4339701
1,0,0.40204647
0,0,0.44780055
0,0,0.41023323
1,0,0.40780684
1,0,0.43362
0,0,0.4023589
1,0,0.40028486
1,0,0.37485301
1,0,0.4584989
1,0,0.44309655
1,0,0.38331208
0,0,0.43856362
0,0,0.42580107
0,0,0.4090895
0,0,0.43525922
0,0,0.418821
0,0,0.44631138
0,0,0.44453365
0,0,0.4370269
0,0,0.4988093
0,0,0.44490004
0,0,0.44296935
1,0,0.44142345
1,0,0.4276119
1,0,0.43320715
1,0,0.36690673
1,0,0.4294767
1,0,0.4538908
1,0,0.41736445
1,0,0.43810022
1,0,0.43427703
1,0,0.37577432
1,0,0.42010862
1,0,0.39440575
1,0,0.4517185
1,0,0.4405488
0,0,0.43757406
0,0,0.461082
0,0,0.45323643
0,0,0.39264193
0,0,0.39790437
1,0,0.39894542
1,0,0.41839856
0,0,0.40149468
0,0,0.41795427
0,0,0.4191505
0,0,0.42115402
0,0,0.4136405
0,0,0.41769397
0,0,0.4366944
0,0,0.38279313
0,0,0.283314
1,0,0.3098187
1,0,0.4188871
1,1,0.5773319
1,1,0.6020176
1,1,0.7094306
0,0,0.44789597
0,0,0.41068482
0,0,0.49219897
0,0,0.48089758
0,1,0.5141181
0,1,0.5155051
1,1,0.5273722
1,1,0.5456312
1,1,0.5563529
1,1,0.54715085
1,1,0.5562385
1,0,0.45851123
1,0,0.33773446
1,0,0.41699058
0,0,0.42828178
0,0,0.43267617
0,0,0.46137166
0,0,0.4593337
0,0,0.39079517
0,1,0.6575216
0,1,0.58189005
0,1,0.56640184
0,1,0.5241509
0,1,0.65557307
0,1,0.5171127
0,1,0.6925852
0,1,0.5476137
0,1,0.5806176
0,1,0.50208354
0,1,0.5525414
0,1,0.5011995
1,1,0.697068
1,1,0.56215966
1,1,0.55449873
1,1,0.5500648
1,1,0.5573311
1,1,0.5146769
1,0,0.47749928
0,1,0.5166298
1,0,0.46272734
0,1,0.50028175
0,0,0.47189015
0,1,0.5097317
0,1,0.5111641
1,0,0.4523213
1,0,0.49681994
1,0,0.49436203
1,1,0.5018166
0,0,0.4977958
1,0,0.4825488
1,0,0.4772008
1,1,0.5030211
1,0,0.48581767
1,1,0.5221411
1,0,0.48600277
0,0,0.47804567
0,0,0.3896987
1,0,0.39604706
1,1,0.5016508
1,0,0.4798338
1,1,0.52602446
0,1,0.6928147
0,1,0.51275826
0,0,0.487205
0,0,0.4926573
1,0,0.4870589
1,1,0.5206328
1,1,0.5293107
1,1,0.526915
1,1,0.5123429
1,0,0.47864524
1,0,0.49265447
0,0,0.4581119
0,0,0.45394808
0,0,0.39376578
0,0,0.40641114
0,0,0.38236284
0,0,0.4492779
0,0,0.43829864
0,0,0.4865249
0,1,0.5627244
1,1,0.59426117
1,1,0.5305338
1,1,0.5169753
0,0,0.49517703
0,1,0.5283096
0,0,0.44779354
0,0,0.45461175
0,0,0.46794325
0,1,0.51820135
1,1,0.5690569
1,1,0.7146226
1,1,0.7593928
1,1,0.5732149
1,1,0.6756133
0,1,0.57121384
0,1,0.50017345
1,0,0.4643847
0,0,0.4814374
0,0,0.48410365
0,0,0.49568793
1,1,0.5315319
1,1,0.51046675
1,1,0.50827086
1,0,0.48434603
1,1,0.5179838
1,1,0.5144075
1,1,0.5059914
1,1,0.51164246
0,0,0.4911278
0,1,0.5084251
0,1,0.501728
0,1,0.52470475
0,0,0.49201617
0,1,0.5036916
0,1,0.51319844
0,1,0.52398854
0,1,0.5246453
0,1,0.50187856
0,1,0.50069904
1,1,0.52252805
1,1,0.51675427
1,0,0.4966631
0,1,0.5078385
1,1,0.5394337
1,1,0.5147837
1,1,0.53178513
1,0,0.49107787
1,1,0.5089778
0,0,0.47478062
0,1,0.5221869
0,0,0.44932422
0,0,0.46311578
0,0,0.45209402
1,0,0.4751091
1,0,0.49785885
1,0,0.48516166
1,0,0.46747714
1,1,0.50779176
1,0,0.4599209
0,0,0.27934566
1,0,0.4208092
1,0,0.47567266
1,0,0.4269349
0,0,0.47560635
0,1,0.50710255
0,0,0.48129302
0,0,0.4874358
0,0,0.45687833
0,0,0.44578564
1,0,0.4675011
1,1,0.5278687
1,0,0.4638269
1,1,0.5030679
1,0,0.4541544
1,0,0.45275018
1,0,0.4907886
1,0,0.49730402
1,0,0.46673846
1,0,0.45114306
1,0,0.46385017
1,0,0.44588712
1,0,0.44607168
1,0,0.43751195
1,0,0.43962118
0,0,0.43068382
1,0,0.47027245
1,0,0.4944645
1,0,0.45329595
1,0,0.4445294
1,0,0.47053745
1,0,0.4201433
1,0,0.39076316
1,0,0.4042918
1,0,0.39187726
1,0,0.39302105
1,0,0.34844944
1,0,0.38480666
0,0,0.29583126
0,0,0.2931487
0,0,0.27535805
1,0,0.4029695
1,0,0.42018262
1,0,0.46277007
1,0,0.47556156
1,0,0.41137373
1,0,0.3711552
1,0,0.36464462
1,0,0.41319525
1,0,0.40306708
1,0,0.42424026
1,0,0.27432743
1,0,0.41197813
1,0,0.43265867
1,0,0.3885305
1,0,0.44371942
1,0,0.41363946
1,0,0.46278912
1,0,0.39865196
1,0,0.33195022
1,0,0.4170197
1,0,0.40642363
0,0,0.3712333
0,0,0.42318186
0,0,0.41122973
0,0,0.43991846
0,0,0.42258263
0,0,0.45367277
0,0,0.43337816
0,0,0.45403898
0,0,0.4412109
0,0,0.43359688
0,0,0.45792013
0,0,0.4883488
0,0,0.46752757
0,0,0.42299345
1,0,0.4269063
0,0,0.4533083
0,0,0.35765392
1,0,0.40543324
1,0,0.36753067
1,0,0.3903437
1,0,0.3817686
1,0,0.3956936
1,0,0.38937014
0,0,0.42402968
0,0,0.39504007
0,0,0.3905786
0,0,0.38925612
0,0,0.42878836
0,0,0.40964305
0,0,0.40002382
0,0,0.4433699
0,0,0.40110594
0,0,0.40968302
1,0,0.43440238
0,0,0.4368054
0,0,0.4281897
0,0,0.4391041
0,0,0.44194585
0,0,0.41019934
0,0,0.40075767
0,0,0.42428783
0,0,0.43931103
1,0,0.43992898
1,0,0.4449263
1,0,0.45070016
0,0,0.48179975
1,0,0.4669593
0,0,0.46632838
1,0,0.44081444
1,0,0.41746873
1,0,0.46012515
1,0,0.44953072
1,0,0.46379232
1,0,0.4940423
1,0,0.42757204
1,0,0.42119482
1,0,0.42841128
1,0,0.44184354
1,0,0.43677527
1,0,0.44457206
1,0,0.47654808
0,0,0.46542397
0,0,0.46038288
0,0,0.46924126
0,0,0.44363663
0,0,0.46130443
0,0,0.4792467
0,0,0.48006827
0,0,0.48333058
0,0,0.45436037
0,0,0.4717063
1,0,0.47152263
1,0,0.45061097
1,0,0.46514082
1,0,0.45653182
1,0,0.44814053
0,0,0.460389
0,0,0.46569857
0,0,0.38583845
1,0,0.3825384
1,0,0.4213043
1,0,0.4518704
1,0,0.43331793
1,0,0.46956402
0,0,0.43561175
1,0,0.434837
1,0,0.40491077
1,0,0.46873412
1,1,0.5002797
1,0,0.46069857
1,0,0.4550398
1,0,0.42337593
0,0,0.29382488
0,0,0.34181234
0,0,0.22610155
0,0,0.34856075
0,0,0.30367056
0,0,0.47848862
0,1,0.50955516
0,1,0.5525788
0,1,0.6184444
0,0,0.48028433
0,0,0.48496464
0,1,0.50987494
0,0,0.4944427
0,0,0.46986678
1,0,0.4923707
0,1,0.5130696
0,1,0.5788797
0,1,0.52701014
0,0,0.48209825
0,0,0.46371332
1,0,0.47506583
1,1,0.58473325
1,0,0.4847478
1,1,0.5537566
0,0,0.48356315
0,0,0.45284423
0,0,0.37983516
0,0,0.44921824
0,0,0.4663897
1,0,0.49043924
1,1,0.5007004
1,1,0.50222266
1,1,0.52162015
1,0,0.47529194
1,0,0.4857958
1,0,0.49496785
1,0,0.49639165
1,0,0.47813767
1,0,0.41754627
1,0,0.34703857
1,0,0.38921893
1,0,0.33216763
1,0,0.42753282
1,0,0.42051077
1,0,0.41300738
1,0,0.39319825
1,0,0.40463072
0,0,0.3627601
0,0,0.43339342
0,0,0.4504204
0,0,0.46589154
0,0,0.43848714
0,0,0.4916072
0,0,0.49698606
0,1,0.550106
1,1,0.5794524
1,0,0.49712095
1,1,0.51894253
1,1,0.5492844
1,1,0.51879436
1,0,0.4575419
1,0,0.4659144
0,0,0.47277492
0,0,0.44706014
0,0,0.4086136
0,0,0.32690188
0,0,0.35635862
1,0,0.44156462
1,0,0.4499965
1,0,0.43998158
0,1,0.54903847
0,0,0.44863275
0,0,0.39190733
0,0,0.35536152
0,0,0.37104312
1,1,0.5557551
1,1,0.5552951
1,1,0.6767871
1,1,0.5339805
1,1,0.6224189
1,1,0.5397306
1,0,0.46978843
1,0,0.46260822
0,0,0.46956658
0,0,0.42952552
0,0,0.43049568
0,0,0.45274135
1,0,0.4530809
1,0,0.4354888
1,1,0.5105775
1,1,0.5026717
1,0,0.49078366
1,0,0.48763594
1,0,0.44166183
0,0,0.48582274
0,0,0.43994194
1,0,0.42809477
1,0,0.42460176
1,0,0.43083358
1,0,0.45330292
1,0,0.44112483
0,0,0.46321476
0,0,0.44488662
0,0,0.42126745
0,0,0.41910318
0,0,0.41585493
1,0,0.4431156
1,0,0.4223007
1,0,0.44873917
0,0,0.47255686
0,0,0.4812327
1,0,0.45196107
1,0,0.431171
0,0,0.43031532
1,0,0.4438124
0,0,0.44815168
0,0,0.42297065
0,0,0.3795378
0,0,0.40928346
0,0,0.40906307
0,0,0.45280468
0,0,0.38867444
1,1,0.5078471
1,0,0.48878145
0,1,0.55301875
0,0,0.44170055
0,0,0.45986128
0,0,0.44985998
0,0,0.4209759
0,1,0.5031853
1,1,0.5205886
1,1,0.5026956
1,0,0.49594125
1,1,0.5011922
1,0,0.44346112
1,0,0.43806058
1,0,0.45970294
1,0,0.4597727
0,1,0.52755404
0,0,0.44186246
0,0,0.45374548
0,0,0.41408575
0,0,0.31786776
0,0,0.38768882
0,0,0.46547773
0,0,0.48231223
0,0,0.4629361
0,1,0.5145959
0,1,0.512724
0,0,0.4447107
0,0,0.39410722
0,0,0.44408014
0,0,0.45756307
0,0,0.47326484
1,1,0.5040584
1,1,0.5030286
1,1,0.5279954
1,0,0.4955818
0,1,0.50342053
0,1,0.50111
0,1,0.5145374
0,1,0.5109876
0,0,0.4737759
1,0,0.4742396
1,1,0.51088953
1,0,0.4793475
1,0,0.47432196
0,0,0.4609491
0,1,0.51446736
0,0,0.48029754
0,0,0.49203032
0,0,0.47696295
0,0,0.4663037
0,0,0.4952192
1,1,0.5366038
1,1,0.5161684
1,0,0.4794481
1,0,0.4903718
1,1,0.51070935
0,1,0.52458686
0,0,0.48992893
0,1,0.5085179
1,0,0.4822833
1,0,0.48912835
0,0,0.48565522
0,0,0.4675941
0,0,0.472436
0,1,0.50485355
0,0,0.4678436
0,1,0.5177852
0,0,0.46866652
1,0,0.4830436
1,1,0.53574455
0,1,0.5242798
1,0,0.49597937
1,0,0.47350135
1,1,0.5024909
1,0,0.49829447
1,1,0.5141485
1,1,0.50949985
1,1,0.5215046
1,1,0.51037943
0,0,0.49148217
1,0,0.49612132
1,0,0.4969409
1,0,0.4858205
1,1,0.5097696
1,0,0.4656897
0,0,0.48388115
0,0,0.48406062
1,0,0.48346248
1,0,0.48839715
1,0,0.4573541
1,0,0.46353
1,0,0.4670611
1,1,0.5391964
1,0,0.47361183
1,0,0.48301098
1,0,0.4738538
1,0,0.48245993
1,0,0.46798736
0,0,0.47615924
1,0,0.45623094
0,0,0.4603806
0,0,0.4445263
0,0,0.4734095
1,1,0.50186545
0,1,0.5005246
1,0,0.4837973
1,1,0.58031946
0,1,0.5444591
0,1,0.5043509
0,1,0.50274014
0,0,0.48308474
0,0,0.47977227
0,0,0.46866056
0,0,0.46540475
1,0,0.49670452
0,1,0.5194047
0,0,0.48759672
0,1,0.5527405
0,1,0.52345884
0,1,0.53950226
0,0,0.49822065
1,1,0.51239854
1,1,0.5129134
1,1,0.54291654
1,1,0.5060709
1,0,0.48812672
1,1,0.52340376
1,0,0.488884
1,0,0.4861196
0,0,0.48861668
0,0,0.44426432
0,0,0.4742558
0,0,0.4780481
0,0,0.4710968
0,1,0.5412794
0,0,0.4423424
0,0,0.445491
1,1,0.5083306
1,1,0.50610626
1,1,0.5291059
0,0,0.49715984
0,0,0.4847068
0,0,0.46829125
0,1,0.5060855
1,0,0.47037032
1,0,0.4421495
1,0,0.4975766
1,1,0.53233314
1,0,0.44003832
1,1,0.50490373
1,0,0.46104527
1,0,0.4334401
1,0,0.43061706
0,0,0.4621699
0,0,0.4291005
0,0,0.45287436
0,0,0.43884912
0,0,0.4668039
0,0,0.46545723
0,0,0.42310098
0,1,0.5084407
0,0,0.47115147
0,0,0.48344806
0,0,0.4858044
0,1,0.50085104
0,0,0.4609787
0,0,0.42643473
0,0,0.45887452
0,0,0.46418482
0,0,0.44682926
0,0,0.47982392
0,1,0.5182686
0,1,0.5286221
0,1,0.54320997
1,1,0.5401084
1,1,0.50032496
1,0,0.471207
1,0,0.4721276
1,0,0.47018203
1,1,0.5368193
0,0,0.48403716
1,0,0.48403952
1,1,0.5080534
0,0,0.4911834
0,0,0.487535
1,0,0.46065032
1,0,0.4664549
1,0,0.4740357
1,0,0.48306993
1,0,0.4712228
1,0,0.4993402
0,1,0.5136596
0,0,0.49874815
0,0,0.48576298
0,0,0.48583776
0,0,0.48969692
1,0,0.4718894
1,0,0.4727773
1,1,0.5083196
1,1,0.5325106
1,0,0.47893375
1,1,0.50091124
1,0,0.4841559
1,0,0.48129368
1,0,0.4985494
0,0,0.483944
1,0,0.47972107
0,0,0.49601802
0,1,0.5002373
0,0,0.46320474
0,0,0.4745807
0,0,0.4911347
1,0,0.46499395
1,0,0.47479188
1,0,0.45783368
1,0,0.47897822
1,1,0.53480315
0,0,0.4788894
0,0,0.46149817
1,0,0.4692115
1,0,0.46856084
0,0,0.47455177
1,0,0.49209282
0,1,0.50306606
0,0,0.48683703
0,0,0.48096618
0,0,0.43717244
0,0,0.4504531
0,0,0.4785632
0,0,0.4656042
0,0,0.48737925
1,1,0.72413117
1,1,0.59111094
1,1,0.6087729
1,1,0.5685078
0,1,0.50019157
0,1,0.5077136
0,0,0.47863463
0,0,0.46691707
0,0,0.49205565
1,1,0.5079882
0,0,0.48028973
1,0,0.47513366
1,0,0.47820026
1,0,0.47386417
1,0,0.48551974
1,0,0.45607352
1,1,0.5170019
1,0,0.49610367
1,1,0.5298459
0,0,0.49247465
0,0,0.45547903
0,0,0.4942631
0,0,0.49631906
0,0,0.49071234
0,0,0.47403336
0,0,0.49523327
0,0,0.4968715
0,0,0.47022188
0,0,0.46938455
0,0,0.4856983
1,0,0.46663833
1,1,0.5050345
1,0,0.49153262
1,0,0.4910987
1,0,0.49277163
1,1,0.5191915
1,0,0.4814719
1,0,0.4944568
1,1,0.5108215
1,0,0.49876532
1,0,0.49279338
1,1,0.5161096
1,0,0.47928533
1,1,0.5103603
1,0,0.49955028
0,1,0.5089292
1,0,0.4911094
0,0,0.48141256
0,0,0.45560429
1,0,0.44599283
1,0,0.45953706
0,0,0.48292467
1,0,0.49074382
0,0,0.4597725
1,0,0.45806578
1,0,0.4821315
0,0,0.47726727
1,0,0.47099555
1,0,0.4431147
1,0,0.43823874
1,0,0.43702704
1,0,0.47788364
0,0,0.43853316
0,0,0.4511151
1,0,0.43383452
1,0,0.43894774
1,0,0.42202383
1,0,0.42802933
1,0,0.42141274
1,0,0.41334015
1,0,0.4978277
1,0,0.45242083
1,0,0.44898933
1,0,0.46742827
0,0,0.486914
0,0,0.42176002
0,0,0.45684123
1,0,0.42674515
1,0,0.4009173
1,0,0.48080274
1,0,0.46603596
1,0,0.45202464
1,0,0.43271235
1,0,0.48152354
0,0,0.4255245
0,0,0.41588143
0,0,0.4108111
1,0,0.43094695
1,0,0.4302356
1,0,0.4732389
1,0,0.44050327
1,0,0.42191342
0,0,0.47169104
0,0,0.43415886
0,0,0.42221066
1,0,0.43964326
1,0,0.42291796
1,0,0.41892335
1,0,0.45597228
1,0,0.4472432
1,0,0.45411006
0,0,0.40494925
1,0,0.4125212
1,0,0.42815727
1,0,0.44642407
1,0,0.43862554
0,0,0.46795833
0,0,0.45288718
1,0,0.39216536
0,0,0.3930712
0,0,0.42735407
0,0,0.41493577
0,0,0.37618402
0,0,0.39689472
1,0,0.4937185
0,0,0.39519984
1,0,0.38917825
1,0,0.430687
1,0,0.43978834
1,0,0.39924952
1,0,0.41667643
1,0,0.4168215
1,0,0.4017953
0,0,0.40571544
0,0,0.41316777
0,0,0.4151501
0,0,0.39819968
0,0,0.39467022
0,0,0.42735162
1,0,0.44870782
1,0,0.43655297
1,0,0.42916673
1,0,0.4316309
1,0,0.3942164
1,0,0.41985184
1,0,0.4435533
1,0,0.440044
0,0,0.42158774
1,0,0.42918637
0,0,0.45551127
0,0,0.41394177
0,0,0.4346927
1,0,0.4272374
1,0,0.420681
1,0,0.41620275
1,0,0.43530783
0,0,0.43075308
0,0,0.40681317
1,0,0.42072582
1,0,0.41710663
1,0,0.42124572
1,0,0.42450717
1,0,0.4184316
0,0,0.31935415
1,0,0.4518611
0,0,0.40162408
0,0,0.39482757
0,0,0.39145902
0,0,0.4997599
0,0,0.39061067
0,0,0.40636533
0,0,0.3786374
0,0,0.44022512
0,0,0.4506874
0,0,0.4350931
0,0,0.39319003
0,0,0.4165137
0,0,0.40415192
0,0,0.39674655
1,0,0.45960665
1,0,0.46300158
1,0,0.46502668
1,0,0.4087869
1,0,0.39615533
1,0,0.39897618
0,0,0.40258154
0,0,0.40654656
0,0,0.40643945
0,0,0.41303778
0,0,0.4092515
0,0,0.42722782
0,0,0.4298376
0,0,0.44404027
0,0,0.41122386
0,0,0.414766
0,0,0.40327784
0,1,0.51655287
0,1,0.52325904
0,0,0.49092016
0,0,0.45885614
0,0,0.45322257
1,1,0.5187552
1,0,0.40718442
1,0,0.47307914
1,0,0.46097514
1,0,0.4786633
1,0,0.41638178
0,0,0.40452307
1,0,0.40858078
1,0,0.42766836
1,0,0.4097043
1,0,0.41041687
1,0,0.40954536
0,0,0.42167345
0,0,0.41675866
0,0,0.41159666
0,0,0.4305201
0,0,0.43524277
0,0,0.42730626
0,0,0.42935133
0,0,0.4524309
0,0,0.41790503
0,0,0.43820617
0,0,0.42373714
0,0,0.46448275
0,0,0.49649724
0,0,0.47872716
0,0,0.43710086
0,0,0.49722314
0,1,0.5264734
0,0,0.48603848
0,0,0.45049772
1,0,0.44575292
1,0,0.44535315
1,0,0.42055896
1,0,0.43207818
1,0,0.4490227
1,0,0.48747832
1,0,0.42231882
1,0,0.44574648
1,0,0.40854353
1,0,0.40820634
1,0,0.40032738
1,0,0.41052392
1,0,0.41362673
1,0,0.41779485
1,0,0.40234414
1,0,0.40961373
1,0,0.41646102
1,0,0.41324225
1,0,0.41226134
1,0,0.4219625
1,0,0.44012153
1,0,0.4235501
1,0,0.41399482
1,0,0.40850112
1,0,0.39194795
1,0,0.40522632
1,0,0.3971177
0,0,0.40464616
1,0,0.3911919
1,0,0.40191087
1,0,0.418331
1,0,0.39989173
1,0,0.42087147
0,0,0.42128378
0,0,0.4224973
0,0,0.4148649
0,0,0.41344145
0,0,0.41073003
0,0,0.40436804
0,0,0.4192837
0,0,0.40110713
0,0,0.3995069
0,0,0.39668557
0,0,0.39012507
0,0,0.4004803
0,0,0.3794844
0,0,0.3892778
0,0,0.41414002
0,0,0.45819393
1,0,0.4417897
1,0,0.44150558
0,0,0.41413182
0,0,0.41456917
0,0,0.38408935
0,0,0.4291526
0,0,0.4039483
0,0,0.42350212
1,1,0.6236894
1,0,0.49630097
0,0,0.4253314
1,0,0.469233
0,0,0.4238299
0,0,0.38952473
0,0,0.38410234
0,0,0.4016456
0,0,0.38534763
0,0,0.375453
0,0,0.38265008
1,0,0.39355773
1,0,0.39031893
1,0,0.40185356
1,0,0.39398754
1,0,0.40194392
1,0,0.40886387
1,0,0.41645285
1,0,0.427106
1,0,0.4037353
0,0,0.40713507
1,0,0.41461554
0,0,0.45884973
0,0,0.4135509
0,0,0.41337597
0,0,0.39915937
0,0,0.40428406
0,0,0.40455735
0,0,0.39033803
0,0,0.40630358
1,0,0.40075812
1,0,0.42711648
1,0,0.40964258
1,0,0.41564795
1,0,0.4121684
1,0,0.41514635
1,0,0.41336578
1,0,0.4193826
1,0,0.4077443
0,0,0.40362388
0,0,0.40056917
0,0,0.40246776
0,0,0.39975676
0,0,0.42292887
0,0,0.4212177
1,0,0.44764873
0,0,0.42096245
1,0,0.4196215
1,0,0.4151892
1,0,0.4084941
1,0,0.40153325
1,0,0.4031982
1,0,0.4257307
1,0,0.41182083
1,0,0.43052328
1,0,0.4130252
1,0,0.40695128
0,0,0.3836519
0,0,0.3931203
0,0,0.38801694
1,0,0.39126754
1,0,0.38558733
0,0,0.3829807
1,0,0.39479396
1,0,0.37530684
1,0,0.39940274
1,0,0.40107712
1,0,0.3944056
1,0,0.39023963
1,0,0.3988226
1,0,0.38108212
1,0,0.37772483
1,0,0.38698268
1,0,0.3752195
0,0,0.43541563
0,0,0.39265928
1,0,0.39211312
1,0,0.39600006
1,0,0.4116994
1,0,0.41209462
1,0,0.41035584
1,0,0.42496485
1,0,0.37928355
1,0,0.36369377
1,0,0.40546998
1,0,0.4373244
1,0,0.41264594
1,0,0.39308867
0,0,0.44527572
0,0,0.30243394
0,0,0.40579432
1,0,0.3783749
1,0,0.4042915
1,0,0.4566529
1,0,0.4282783
1,0,0.4443756
1,0,0.427223
0,0,0.42638436
0,0,0.42796296
0,0,0.4393765
0,0,0.3943534
0,0,0.42555085
0,1,0.516175
0,0,0.44399017
1,1,0.5176873
1,0,0.44702598
0,0,0.42654708
1,0,0.49345312
1,0,0.4340689
1,0,0.42266575
1,0,0.42521322
1,0,0.42671108
1,0,0.41699776
1,0,0.41644144
1,0,0.4264633
1,0,0.39067745
1,0,0.39492267
1,0,0.4040359
0,0,0.39744043
0,0,0.4173786
0,0,0.40910843
0,0,0.42283154
0,0,0.4035461
0,0,0.47652155
0,0,0.47520757
0,0,0.4458056
0,0,0.49342158
0,0,0.44579035
0,1,0.5008912
1,1,0.5010255
0,0,0.4741006
1,0,0.49015066
1,0,0.4575892
1,0,0.46557513
1,0,0.424978
1,0,0.4448323
1,0,0.38595772
0,0,0.38685971
0,0,0.40528655
1,0,0.4299513
0,0,0.33953157
0,0,0.416546
0,0,0.4747607
0,0,0.46396953
0,0,0.4025498
0,0,0.45227867
0,0,0.44561765
1,0,0.4527643
0,0,0.41267872
0,0,0.4725113
0,1,0.520812
0,0,0.47690597
0,0,0.42945188
0,1,0.5039148
0,0,0.4659501
0,0,0.44883236
0,0,0.47005114
1,0,0.45376843
0,0,0.4468248
0,0,0.4016864
0,0,0.40140986
0,0,0.3822418
1,0,0.37428358
1,0,0.38610217
0,0,0.41474813
1,0,0.38646185
1,0,0.38874876
1,0,0.3799684
1,0,0.4182064
1,0,0.41860625
1,0,0.43385485
0,0,0.4377274
1,0,0.42952898
1,0,0.41839078
1,0,0.40494746
0,0,0.40759096
0,0,0.4078893
0,0,0.42360416
0,0,0.40931392
0,0,0.40312704
0,0,0.39198187
0,0,0.41691482
0,0,0.43235335
0,0,0.4115678
0,0,0.4115065
0,0,0.49403352
0,0,0.48972014
1,1,0.5656616
0,1,0.6089286
0,0,0.47268295
0,0,0.41443315
1,1,0.50617397
1,0,0.40943924
1,1,0.5295675
1,0,0.49940893
1,1,0.5063536
1,0,0.37681323
1,0,0.36946937
1,0,0.41067135
1,0,0.3772657
0,0,0.37542567
0,0,0.4181667
1,0,0.38273925
0,0,0.36552012
0,0,0.42397913
0,0,0.4857046
1,0,0.45286888
0,0,0.3756803
1,1,0.50889933
1,0,0.459224
1,0,0.41786575
0,0,0.36322868
0,0,0.48337185
0,0,0.42900848
0,0,0.41234115
0,0,0.3943496
0,0,0.4184969
0,0,0.3719805
0,0,0.38724306
1,0,0.39930108
1,0,0.48883134
1,0,0.43770364
1,1,0.5013116
1,0,0.43476778
1,0,0.38723698
1,0,0.4055353
1,0,0.43696484
1,0,0.42336276
1,0,0.44718522
1,0,0.44302586
1,0,0.40741947
1,0,0.41485596
1,0,0.42585424
1,0,0.40498132
0,0,0.40207762
1,0,0.42427272
1,0,0.3944813
1,0,0.43898866
0,0,0.39335194
0,0,0.41653126
0,0,0.39569554
0,0,0.41087708
1,0,0.40934488
1,0,0.40223038
1,0,0.41802597
1,0,0.43088672
1,0,0.42636576
1,0,0.43407765
1,0,0.37362447
1,0,0.42466792
1,0,0.38492057
1,0,0.43043748
1,0,0.3746518
0,0,0.45356017
1,0,0.45599842
1,0,0.40638924
1,0,0.41112554
1,0,0.38741028
1,0,0.4051481
1,0,0.38659126
1,0,0.42723462
1,0,0.37432072
0,0,0.34135756
0,0,0.38341695
0,0,0.34719425
0,0,0.4309208
0,0,0.38300467
0,0,0.44565222
0,0,0.38926482
0,0,0.41721433
0,0,0.40702718
0,0,0.41618764
0,0,0.413601
1,0,0.40140024
0,0,0.42005417
0,0,0.42129436
0,0,0.4174752
0,0,0.41244045
0,0,0.43138608
1,1,0.51121825
1,0,0.44650626
1,1,0.5707589
1,0,0.49564552
1,1,0.6441642
1,0,0.48004144
0,0,0.49157813
1,0,0.44646797
1,0,0.4686079
1,0,0.44677365
1,0,0.49005383
1,0,0.43961534
0,0,0.4919536
1,0,0.45307165
1,0,0.44753224
1,0,0.4331608
1,0,0.4457698
0,0,0.43490642
0,0,0.4428685
0,0,0.47111586
0,0,0.45782128
0,0,0.43896356
0,0,0.44654906
0,0,0.46157953
0,0,0.49452788
0,0,0.4359389
0,0,0.44980448
0,0,0.44783056
0,0,0.4336978
0,0,0.42772886
0,0,0.47373524
0,0,0.49347737
0,0,0.47473922
0,0,0.49859786
1,0,0.47830364
1,0,0.469614
1,0,0.4803629
1,0,0.48351198
1,0,0.48384184
0,0,0.4944378
0,0,0.48585784
0,0,0.47984466
0,0,0.4655281
0,0,0.38009265
0,0,0.3765684
0,0,0.32960886
0,0,0.39498144
1,0,0.39229408
1,0,0.3751347
1,0,0.39139208
1,0,0.42763832
1,0,0.4293734
0,0,0.42046052
0,0,0.44221863
1,0,0.4157804
0,0,0.39379734
0,0,0.4190767
0,0,0.4078638
0,0,0.41329393
0,0,0.42979646
1,0,0.4542236
1,0,0.44232586
1,0,0.43265483
1,0,0.46446884
1,0,0.41433197
1,0,0.44953987
1,0,0.41084903
1,0,0.45058423
0,0,0.44931573
1,0,0.45058423
1,0,0.43813023
0,0,0.45888236
0,0,0.4341349
0,0,0.42742234
0,0,0.41940725
0,0,0.41697112
1,0,0.4428293
0,0,0.43077108
1,0,0.42836314
1,0,0.43071833
1,0,0.41897452
0,0,0.44460836
0,0,0.41823626
0,0,0.4248487
0,0,0.40389055
0,0,0.40300503
1,0,0.43463397
1,0,0.4060446
1,0,0.40579557
0,0,0.41797975
1,0,0.40111342
1,0,0.45333868
0,0,0.42036408
0,0,0.39511898
0,0,0.4214189
0,0,0.42713732
0,0,0.46133634
0,0,0.43713397
0,0,0.46337545
0,0,0.44108215
0,0,0.42116928
0,0,0.4218638
0,1,0.557813
0,0,0.47220433
1,0,0.4528624
1,0,0.46696377
1,0,0.43560368
1,0,0.44595805
1,0,0.4513078
1,0,0.42640996
1,0,0.43331996
1,0,0.4095865
0,0,0.3881634
1,0,0.42121145
1,0,0.41054907
1,0,0.42264956
1,0,0.43398198
1,0,0.44397268
0,0,0.39562726
0,0,0.3934746
0,0,0.41892618
0,0,0.43796638
0,0,0.41766486
0,0,0.45165294
0,0,0.47607917
0,0,0.41002312
1,0,0.46781
0,0,0.42143118
0,0,0.4724902
1,0,0.4993754
1,0,0.4712797
1,0,0.4583431
1,0,0.4649691
1,0,0.45467076
1,0,0.3960752
1,0,0.3712503
1,0,0.3666751
1,0,0.34352577
0,0,0.39897996
0,1,0.51717234
0,0,0.48778167
0,0,0.4552609
0,0,0.46672198
0,0,0.4314348
0,0,0.49140203
0,0,0.46480793
0,0,0.46251684
0,0,0.44872022
0,0,0.45304382
0,0,0.44298923
0,0,0.45869026
0,0,0.4455992
1,0,0.48222357
1,0,0.45628044
1,0,0.44188067
1,0,0.4254167
1,0,0.4614147
1,0,0.43941572
1,0,0.42818338
1,0,0.44690928
1,0,0.41361248
1,0,0.43105638
1,0,0.4470696
1,0,0.45620131
0,0,0.43642914
0,0,0.45682162
0,0,0.4253018
0,0,0.47375578
0,0,0.46964735
0,0,0.44766042
0,0,0.4545302
0,0,0.4556257
0,0,0.4625465
1,0,0.47587553
1,0,0.45848158
1,0,0.4389273
1,0,0.4181669
1,0,0.42278665
0,0,0.44518676
0,0,0.4409269
0,0,0.4347388
0,0,0.4206474
0,0,0.3965062
1,0,0.33171406
1,0,0.34447017
1,0,0.4207159
1,0,0.3980789
0,0,0.351351
0,0,0.30360454
0,0,0.37026733
0,0,0.39046973
0,0,0.3692769
0,0,0.45491603
0,0,0.4469479
0,0,0.45182425
0,1,0.52797693
0,0,0.44199234
0,0,0.41647953
0,0,0.45407465
0,0,0.4687407
0,0,0.39722198
0,0,0.44223368
0,0,0.46774906
0,1,0.516045
0,0,0.456513
0,0,0.43109983
1,1,0.50417554
0,0,0.48745823
1,0,0.48584712
1,0,0.484028
1,0,0.4536775
0,0,0.34903303
0,0,0.45288667
0,0,0.4214379
0,0,0.39950684
0,0,0.40109932
0,0,0.4939652
0,0,0.43108526
0,1,0.5240812
1,1,0.50112885
1,1,0.512299
1,0,0.47395462
1,0,0.48607868
1,0,0.39754906
1,0,0.4214468
1,0,0.39957288
0,0,0.39816228
0,0,0.41063446
0,0,0.43120962
0,0,0.40713173
1,0,0.40320006
0,0,0.43844575
1,0,0.45369625
1,0,0.46215984
1,0,0.41796076
1,0,0.41412464
1,0,0.45094758
1,0,0.40870604
0,0,0.38358486
0,0,0.40530747
0,0,0.4106707
0,0,0.40917513
1,0,0.39901078
1,0,0.415983
1,0,0.3985021
1,0,0.41551164
1,1,0.50073344
1,0,0.37944654
1,0,0.41413638
0,0,0.34053227
0,0,0.35304305
0,0,0.4238312
0,0,0.39851275
0,0,0.4113295
0,1,0.5236189
1,0,0.46835002
0,0,0.45045987
0,0,0.4859508
0,0,0.44494703
0,0,0.42506585
0,0,0.4214175
0,0,0.45583898
0,0,0.43093535
0,0,0.48896897
0,0,0.4219903
0,0,0.41409284
0,0,0.44911742
0,0,0.45594463
0,0,0.45474645
0,0,0.47355542
0,0,0.47133434
1,0,0.47252283
0,0,0.47766465
0,0,0.4644179
0,0,0.45512015
0,0,0.39113706
0,0,0.4080953
0,0,0.3868731
0,0,0.39186758
1,1,0.6832251
1,1,0.50628644
1,1,0.50355107
1,1,0.55866975
0,0,0.49461868
0,0,0.41715893
0,0,0.4043546
1,0,0.41303882
0,0,0.40436268
0,0,0.3951036
0,0,0.39770815
0,0,0.425284
0,0,0.38751334
1,0,0.39011526
1,0,0.4095712
1,0,0.4310155
1,0,0.4183932
1,0,0.4213259
1,0,0.42303255
1,0,0.41436464
0,0,0.39775693
0,0,0.39231357
0,0,0.3991863
0,0,0.38011572
0,0,0.3979707
0,0,0.40780914
0,0,0.3731294
0,0,0.400672
0,0,0.3864827
0,0,0.38386482
1,0,0.39342257
1,0,0.40494877
0,0,0.3867802
0,0,0.41332567
1,0,0.4111816
0,0,0.4441329
1,0,0.42659876
0,0,0.43051764
0,0,0.4214235
0,0,0.43486118
0,0,0.4129864
0,0,0.41408783
0,0,0.4602389
0,0,0.42255297
0,0,0.4173446
1,0,0.44400492
0,1,0.5029152
1,0,0.42802864
1,0,0.4243898
1,0,0.43545738
1,0,0.41938972
1,0,0.4817031
1,0,0.45183423
1,0,0.4647696
1,0,0.4626842
1,0,0.4477421
0,0,0.43435583
1,0,0.41321072
1,0,0.41148174
0,0,0.40955597
0,0,0.38911882
0,0,0.38636655
0,0,0.40575123
0,0,0.40524876
1,0,0.40435687
1,0,0.37696993
1,0,0.36451846
1,0,0.4243839
1,0,0.43447083
1,0,0.38090363
1,0,0.3759441
1,0,0.4041048
1,0,0.38992193
1,0,0.3901925
0,0,0.3884347
0,0,0.39061105
0,0,0.38802662
0,0,0.38998225
1,0,0.3852461
1,0,0.4097374
1,0,0.38652968
1,0,0.37908533
1,0,0.38241395
1,0,0.43427968
0,0,0.40987852
0,0,0.39585817
1,0,0.39375922
1,0,0.38641888
1,0,0.38889796
1,0,0.46125588
1,0,0.41120556
1,0,0.4157312
1,0,0.41177714
1,0,0.3818694
1,0,0.38470125
1,0,0.3974642
1,0,0.41283807
1,0,0.4090354
1,0,0.4042412
0,0,0.3980689
0,0,0.41876256
0,0,0.40266234
0,0,0.4046343
0,0,0.39580914
1,0,0.49163392
1,0,0.47084942
1,0,0.46334678
1,0,0.46461475
1,0,0.4542823
1,0,0.40171462
0,0,0.41649756
1,0,0.41256747
1,0,0.41668576
1,0,0.4220646
1,0,0.4231603
1,0,0.4253656
1,0,0.38680845
1,0,0.4073941
1,0,0.40715224
1,0,0.4154043
1,0,0.4065836
1,0,0.35853526
0,0,0.41297194
0,0,0.38610545
0,0,0.29768753
0,0,0.38810584
0,0,0.43001848
0,0,0.4535743
0,0,0.44846576
1,1,0.52039325
1,1,0.5228745
1,0,0.4303213
1,0,0.42139143
1,0,0.42845443
0,0,0.40596282
0,0,0.40977383
0,0,0.42524013
0,0,0.41031614
0,0,0.43815842
1,1,0.51110685
1,0,0.46658787
1,0,0.45262647
1,0,0.42659733
1,0,0.4550378
1,0,0.40078256
1,0,0.42555085
1,0,0.43465817
1,0,0.4180329
0,0,0.40741274
0,0,0.4292623
0,0,0.44637948
0,0,0.41667935
0,0,0.41376096
1,0,0.46814376
1,1,0.5299106
1,0,0.44301987
1,1,0.51225907
0,0,0.47075525
0,0,0.41873255
0,0,0.4224279
0,0,0.4224279
1,0,0.405317
1,0,0.4272696
1,0,0.44678605
1,0,0.4792601
1,0,0.42477134
1,0,0.4218162
1,0,0.42357004
1,0,0.41388378
0,0,0.413242
1,0,0.40563646
1,0,0.42425442
1,0,0.42367944
1,0,0.44580674
1,0,0.46655092
1,0,0.42110014
0,0,0.41732118
1,0,0.41702667
0,0,0.3941599
0,0,0.42830703
0,0,0.42753825
0,0,0.44405666
0,0,0.40560502
0,0,0.32442218
0,0,0.35180473
0,0,0.350941
0,0,0.45472714
1,1,0.5837885
0,1,0.5255811
0,1,0.5204825
0,0,0.461419
1,1,0.5274321
1,0,0.4621126
1,0,0.47138494
0,0,0.47116062
1,0,0.43910742
1,0,0.44482917
0,0,0.47030824
1,0,0.4447734
1,0,0.49203846
1,0,0.49396986
0,0,0.48737392
0,0,0.48033506
0,0,0.49562338
0,1,0.5216374
0,0,0.4956181
0,1,0.52588224
0,1,0.5010327
0,1,0.5669504
0,1,0.52683794
0,1,0.5366515
0,0,0.49588332
0,1,0.5387819
0,0,0.48402137
0,1,0.5137702
0,0,0.48621324
0,1,0.50630486
0,1,0.52505916
0,1,0.5135176
0,1,0.5313257
0,1,0.53399
0,1,0.5422113
1,1,0.50495756
0,1,0.5143435
1,0,0.49312618
1,1,0.54079705
1,0,0.4956431
0,1,0.55958545
0,0,0.49326602
0,0,0.48370078
0,0,0.49656138
0,1,0.52089244
1,0,0.4804105
1,0,0.46712112
1,1,0.551664
1,1,0.51636577
1,1,0.50869757
1,1,0.53748804
1,1,0.5153835
1,1,0.5260853
1,0,0.4994766
1,1,0.5094921
1,1,0.50878716
1,0,0.47713023
1,1,0.5098443
1,1,0.5042481
1,0,0.49594933
1,0,0.49716526
1,0,0.49429843
1,1,0.5029615
1,0,0.4952306
1,0,0.48886064
1,0,0.4742591
1,0,0.45240474
1,0,0.4786383
1,0,0.47444075
1,0,0.4515909
1,0,0.45752224
0,1,0.5213688
1,0,0.48311675
1,0,0.49285078
0,0,0.4963703
0,0,0.48434782
0,0,0.49107972
0,0,0.47819632
0,0,0.4957666
0,0,0.4814931
0,0,0.4770234
1,0,0.48861137
0,0,0.47635403
0,1,0.5351996
1,0,0.45813918
1,1,0.50646436
0,0,0.4547723
0,0,0.46128368
0,0,0.44931853
0,0,0.45406047
0,0,0.44258177
0,0,0.46654063
1,1,0.6578744
1,1,0.5403383
1,1,0.6124887
1,1,0.58274937
1,1,0.5715112
0,0,0.44723034
1,0,0.4818414
1,0,0.48221493
1,0,0.47646174
1,1,0.5005927
1,1,0.51005477
0,1,0.5027661
0,0,0.48642504
0,0,0.47232506
0,0,0.4686302
0,1,0.5194819
0,1,0.50148433
0,1,0.51925874
0,0,0.4784357
0,1,0.53927696
0,1,0.50430965
0,0,0.49919534
0,1,0.5409843
1,1,0.5375914
1,1,0.51119393
1,1,0.5019874
1,1,0.5367357
1,0,0.48213327
1,1,0.56182915
1,1,0.5175352
0,0,0.41041258
1,1,0.5265959
1,0,0.4965181
1,0,0.4970631
1,0,0.48840836
1,1,0.59113467
1,0,0.49150154
1,0,0.45628846
1,0,0.45465803
1,0,0.43660665
1,0,0.46267894
1,0,0.45947
0,0,0.44557106
0,0,0.44191957
0,0,0.4406851
0,0,0.43936214
0,0,0.45254257
0,1,0.5211106
0,0,0.4689435
1,1,0.50414544
1,0,0.4704017
0,0,0.49787948
1,0,0.4394509
1,0,0.44472125
1,0,0.43945304
1,0,0.45273265
1,0,0.45833367
0,0,0.4879429
1,0,0.46517187
0,0,0.46058738
1,0,0.45007554
1,0,0.43622524
1,0,0.46376044
1,0,0.46106544
1,0,0.48319113
1,0,0.45786256
0,0,0.3752174
1,0,0.38423738
1,0,0.41112345
0,0,0.42645246
0,0,0.4164519
0,0,0.47264662
0,0,0.4550645
1,0,0.45309055
1,1,0.5055715
1,0,0.47259912
1,0,0.45664382
1,0,0.4734498
0,0,0.38547975
0,0,0.42640287
0,0,0.3880253
0,0,0.42159978
0,0,0.4433446
1,0,0.44055963
1,1,0.5101007
1,0,0.49615195
1,0,0.45243695
1,0,0.48882064
0,0,0.46773905
1,0,0.4480829
0,0,0.445544
1,0,0.42971033
0,0,0.43674985
0,0,0.47863618
0,0,0.4670893
0,0,0.47538814
0,0,0.4576988
1,1,0.51522946
1,1,0.57564735
1,1,0.5197232
1,0,0.49407506
0,1,0.5918561
0,0,0.4674834
0,0,0.46361288
0,0,0.4759037
0,0,0.48566544
0,0,0.48529795
0,1,0.5584449
0,0,0.49469212
0,0,0.4992094
0,1,0.5006497
0,0,0.49044663
0,0,0.43371892
0,0,0.45300436
0,1,0.5172762
0,1,0.50767696
0,0,0.49984318
1,1,0.5026764
0,1,0.500082
0,0,0.48416635
0,1,0.52648497
0,0,0.4644023
0,0,0.4820772
0,0,0.47896144
0,1,0.52557945
0,1,0.5117558
1,1,0.52859855
0,1,0.53564435
0,0,0.45767406
0,1,0.5600129
0,0,0.49316615
0,0,0.48802516
0,1,0.5076293
1,0,0.49745473
1,0,0.48387027
1,1,0.5150723
1,0,0.4759327
1,0,0.46640587
0,0,0.48237637
0,1,0.50085294
0,0,0.484143
0,0,0.4669176
0,0,0.47059035
1,0,0.45773184
1,1,0.502106
1,1,0.5405248
1,0,0.4706198
1,0,0.47939232
0,0,0.4909344
0,0,0.48512945
0,0,0.48383915
1,1,0.5167499
1,0,0.48767677
1,0,0.46792194
1,1,0.59626085
1,1,0.58144593
0,1,0.5384329
0,0,0.47980723
1,0,0.49445716
0,0,0.47972602
1,0,0.4718808
0,0,0.49154267
1,1,0.53656
0,0,0.49335378
0,0,0.4894817
0,0,0.4761811
0,0,0.47483155
1,0,0.4833604
1,0,0.4707685
1,0,0.4835219
1,0,0.47386658
1,0,0.49745473
1,0,0.484687
1,0,0.4833604
0,0,0.39785352
1,0,0.4343853
1,0,0.41152516
1,0,0.43418846
0,0,0.42801094
0,0,0.4411043
0,0,0.48070467
0,0,0.47586516
0,0,0.47806072
0,0,0.43269536
0,0,0.46472234
0,0,0.45945284
0,1,0.5609249
1,1,0.65657157
0,1,0.5362304
0,1,0.5429036
0,1,0.56331474
1,1,0.6128451
1,0,0.4828999
1,0,0.49249896
1,0,0.487129
1,1,0.50875145
1,0,0.49972466
1,0,0.48130593
1,0,0.48347387
1,0,0.48081532
1,0,0.49324837
0,0,0.49433863
0,0,0.4447452
0,0,0.47257432
0,0,0.41857603
0,0,0.44867575
0,0,0.46903026
0,0,0.46903026
0,1,0.575225
0,1,0.5346138
0,1,0.54502475
0,0,0.48518333
0,1,0.58609384
0,1,0.5042693
0,1,0.5362558
0,1,0.5447136
0,1,0.5614946
0,1,0.54895985
0,1,0.6376973
0,1,0.58393735
0,1,0.73018986
0,1,0.62379307
1,1,0.6414921
1,1,0.578185
1,0,0.49539953
1,1,0.56333816
1,1,0.5354236
0,0,0.469227
0,0,0.45090047
0,0,0.45248586
1,0,0.4203423
0,0,0.41994694
1,0,0.43153957
1,0,0.39890173
1,0,0.45847425
1,1,0.5242257
1,0,0.48148903
1,1,0.5260587
1,0,0.44794592
1,0,0.4686854
1,0,0.4968013
0,1,0.5198682
0,1,0.51968324
1,0,0.4790217
1,0,0.49739227
1,1,0.50345814
1,1,0.53333694
1,1,0.5148031
1,1,0.50178415
0,1,0.5003074
0,0,0.49362275
0,0,0.49434328
0,1,0.5020097
1,0,0.4915501
1,1,0.5873815
1,1,0.5229982
1,1,0.50885516
1,1,0.50545025
0,0,0.49869403
0,0,0.4897605
0,0,0.46370885
0,0,0.48116145
0,0,0.48464903
0,1,0.5824164
0,1,0.512452
0,1,0.5061483
0,1,0.54949194
0,1,0.51110697
0,0,0.46512955
0,1,0.5167922
0,1,0.63994676
1,1,0.5849233
1,1,0.54147774
1,1,0.5482827
0,1,0.5500165
0,1,0.5270119
0,1,0.5248909
0,1,0.51713896
0,0,0.49256104
1,1,0.7146513
1,1,0.523966
1,1,0.6023323
0,1,0.56541806
0,1,0.5060424
1,0,0.4587244
1,0,0.45718426
1,0,0.4377905
1,0,0.41257992
1,0,0.45734254
0,0,0.46717638
0,0,0.49248272
0,0,0.49157825
1,0,0.46745306
1,0,0.4651376
1,1,0.5402217
1,1,0.5165006
1,1,0.51378185
0,1,0.5293285
1,1,0.5011806
0,1,0.52531004
0,1,0.51313376
0,1,0.514182
1,1,0.52102655
0,0,0.48941514
0,1,0.5176005
0,1,0.5040825
0,1,0.50342053
0,1,0.51975197
0,1,0.5074983
1,1,0.5106287
1,1,0.52992135
1,1,0.5906906
1,1,0.515981
1,1,0.51466477
1,0,0.47581387
1,0,0.47660264
0,0,0.48779052
0,0,0.47184628
1,0,0.48189798
1,0,0.49105522
1,0,0.48952487
1,0,0.47529656
1,0,0.46382165
1,0,0.45959243
0,0,0.47945765
0,0,0.463473
1,0,0.47388566
1,0,0.45623833
1,1,0.5074142
1,0,0.48061395
1,1,0.50721467
1,0,0.46868926
1,0,0.4598463
0,0,0.34264928
0,0,0.3993223
0,0,0.39436162
1,0,0.34056717
1,0,0.32887217
1,0,0.39153075
1,0,0.38655725
1,0,0.40356147
0,0,0.32628015
0,0,0.35431647
1,0,0.38004375
0,0,0.35055727
0,0,0.38291508
0,1,0.59618187
0,0,0.47795197
0,0,0.47367787
0,0,0.4889088
0,0,0.47202098
0,0,0.4758142
0,0,0.49263716
0,1,0.59212863
1,0,0.43503448
1,1,0.54598695
0,0,0.49281234
1,0,0.49054718
1,1,0.53983045
1,0,0.48694786
1,0,0.4850049
1,0,0.47107714
0,0,0.48386952
0,0,0.49379364
1,0,0.4797572
1,0,0.48639825
1,0,0.48943064
1,0,0.46866366
1,1,0.50586075
1,0,0.4918268
1,0,0.4855417
1,0,0.48786083
1,0,0.4744353
0,0,0.34869522
1,0,0.45857427
1,0,0.4506409
1,0,0.45361805
1,0,0.4637423
1,1,0.5374074
1,0,0.35393387
1,0,0.27717137
1,0,0.46185365
0,0,0.31813756
0,0,0.2838448
0,0,0.3903786
0,0,0.3675635
0,0,0.4029688
0,0,0.41609424
1,0,0.44959855
1,1,0.5336808
1,0,0.48711547
1,1,0.5085089
1,0,0.42546484
0,0,0.3943539
0,0,0.37346333
0,0,0.3807644
0,0,0.42080197
1,0,0.44814518
0,0,0.4787051
1,1,0.5092657
0,0,0.4759804
1,0,0.46401808
0,0,0.43863517
0,1,0.61473745
0,0,0.43589592
0,1,0.5677684
0,0,0.46437144
0,1,0.5207565
1,1,0.55233425
1,0,0.49563068
1,0,0.4456026
1,0,0.45283753
1,0,0.49737608
1,0,0.47654423
1,0,0.47132137
1,0,0.40938884
1,0,0.39681196
0,0,0.3358013
0,0,0.39698225
0,0,0.4184861
0,0,0.4611082
0,0,0.4598833
0,0,0.49921387
0,0,0.4776945
0,1,0.53137
0,0,0.4940462
0,0,0.47416785
0,0,0.4184604
0,0,0.4350062
0,0,0.4437346
0,0,0.46726403
0,1,0.5175982
0,0,0.49777183
1,1,0.5976256
1,1,0.522464
0,1,0.5215678
0,1,0.53725386
0,0,0.48272914
0,1,0.5062898
0,0,0.46367988
1,1,0.51334834
1,1,0.50378364
1,0,0.49869603
1,1,0.5423511
0,1,0.54013515
0,0,0.49597672
0,0,0.49309078
0,0,0.48105305
0,0,0.47738597
0,1,0.512468
0,1,0.52237624
1,1,0.5108184
1,0,0.48368713
1,1,0.5120722
1,0,0.4842469
1,1,0.5061346
1,1,0.56022364
0,1,0.5211288
0,1,0.50351214
0,1,0.50781196
0,0,0.47513655
0,0,0.46571243
0,0,0.4592688
0,0,0.4062409
0,1,0.5129658
1,1,0.5120619
0,0,0.4162595
0,0,0.4120334
0,0,0.4482637
0,0,0.40351325
1,0,0.40089923
1,0,0.47170338
1,0,0.4301816
1,1,0.6373925
1,0,0.3719133
1,0,0.38590065
0,0,0.38166893
0,0,0.389264
0,0,0.36347082
0,0,0.37061924
1,0,0.3918834
1,0,0.39662546
1,0,0.43193278
1,0,0.39140955
1,0,0.39058295
1,0,0.36082622
1,0,0.34935346
1,0,0.42179194
1,0,0.4241561
1,0,0.38235897
1,0,0.35982022
1,0,0.4290094
1,0,0.33526564
1,0,0.4109692
0,0,0.41016003
0,0,0.4057201
0,0,0.41267514
0,0,0.41406968
0,0,0.37620914
0,0,0.4546655
0,0,0.44132158
0,1,0.5728379
0,0,0.49513227
1,0,0.43582284
1,0,0.45229876
1,0,0.44001514
1,0,0.43273982
1,0,0.4390717
1,0,0.3907159
1,0,0.42385152
1,0,0.43103516
0,0,0.41694048
0,0,0.38452533
1,0,0.4026197
0,0,0.43060574
1,0,0.40308326
1,0,0.46727383
1,1,0.58654255
0,0,0.3286837
1,0,0.3852208
0,0,0.35831234
0,0,0.39470437
1,0,0.35691974
1,0,0.3683423
0,0,0.361939
0,0,0.40134946
0,0,0.38028905
0,0,0.3692468
0,0,0.42676026
0,0,0.44203916
0,0,0.380044
0,0,0.38133836
0,0,0.44104907
1,0,0.45146626
1,0,0.43713126
1,0,0.3913095
0,0,0.39456418
0,0,0.40474856
0,0,0.4189241
0,0,0.41600385
0,0,0.3647445
0,0,0.4181494
0,0,0.42522174
0,0,0.38466075
0,0,0.4122001
0,0,0.39771503
0,0,0.41077423
0,0,0.3973613
0,0,0.40895167
0,0,0.39055502
0,0,0.4650254
0,0,0.36994803
0,0,0.40500736
0,0,0.41854793
0,0,0.46819758
0,0,0.4499462
0,1,0.54315925
0,1,0.5496606
1,1,0.6000553
1,1,0.52791715
1,1,0.67746407
0,1,0.5285528
0,1,0.52608824
0,1,0.53792036
0,1,0.5321965
1,1,0.55703443
1,0,0.48988223
1,0,0.4654167
0,0,0.418671
1,0,0.38933194
1,0,0.47947502
1,0,0.49491376
1,1,0.51177776
1,0,0.4565383
1,0,0.4440411
1,0,0.42192075
1,0,0.45529488
1,0,0.4679882
0,1,0.5073453
0,0,0.4912701
0,0,0.48803595
0,0,0.43121624
0,0,0.44480312
1,0,0.464163
1,0,0.48296326
1,0,0.47788185
1,0,0.45521632
1,0,0.4360753
0,0,0.42182925
0,0,0.4182797
0,0,0.42724627
0,0,0.426475
0,0,0.4346502
1,0,0.36265928
1,0,0.47185162
1,0,0.47031528
1,1,0.5652729
1,1,0.54289645
1,0,0.40874857
1,0,0.4535997
1,0,0.38159642
1,0,0.4343721
1,0,0.39788383
1,0,0.4654122
0,0,0.47223693
0,0,0.41916335
0,0,0.3812923
0,0,0.42157638
0,0,0.42502302
1,0,0.45362145
0,0,0.45688128
0,0,0.46848804
1,0,0.4717652
0,0,0.44618356
0,0,0.43256944
0,0,0.4390117
0,0,0.43181401
0,0,0.44063878
0,0,0.48198345
1,0,0.45657796
1,0,0.4923195
1,0,0.46007702
1,0,0.4771299
1,0,0.43237075
0,0,0.45881525
0,0,0.46187383
0,0,0.4643779
0,0,0.45594856
0,1,0.50222194
0,1,0.562616
1,1,0.5333411
1,0,0.46774772
1,1,0.5111137
1,0,0.44814128
1,0,0.44215685
1,0,0.45691288
1,0,0.49241918
0,0,0.46610224
0,0,0.39812055
1,0,0.42762926
1,0,0.4612016
1,0,0.43576002
1,0,0.4413545
1,0,0.4433456
1,0,0.37666208
1,0,0.44118524
1,0,0.4222955
1,0,0.4354205
1,0,0.47309712
1,0,0.4077675
1,0,0.39890134
1,0,0.43012953
1,0,0.43996146
1,0,0.4003274
1,0,0.32450458
1,0,0.41237387
1,0,0.3846298
0,0,0.43412808
0,0,0.4031764
0,0,0.365833
0,0,0.37805504
0,0,0.39479753
1,1,0.5124137
0,1,0.5949445
0,0,0.40495297
1,1,0.50137454
1,0,0.4183294
1,0,0.37410423
1,0,0.41953227
1,0,0.40781468
1,0,0.39758664
1,0,0.40035412
0,0,0.43319213
0,0,0.3895512
0,0,0.3961337
0,0,0.38547045
0,0,0.46928772
0,0,0.44496706
0,0,0.45902655
0,0,0.38637054
0,0,0.39733955
0,0,0.3879166
0,0,0.40817472
0,0,0.40701404
1,0,0.44752213
1,0,0.46871513
1,0,0.37060365
1,0,0.49727845
1,0,0.42559662
1,0,0.41208693
1,0,0.42758173
1,0,0.423571
0,0,0.45445237
0,0,0.48179245
0,0,0.44563508
0,0,0.43963426
0,0,0.41810605
0,1,0.5007258
0,0,0.42863345
0,0,0.44001287
1,0,0.4361996
1,1,0.56603634
0,0,0.48939642
1,0,0.4986096
1,1,0.5306318
0,0,0.45734772
1,0,0.49339783
1,0,0.49595204
1,1,0.5055717
1,0,0.49347347
1,0,0.45125496
1,0,0.401967
1,0,0.41621077
1,0,0.37670106
0,0,0.41561556
0,0,0.4185167
0,0,0.4026501
0,0,0.3222535
1,0,0.4263899
1,0,0.448175
1,0,0.4923987
1,0,0.4273928
1,0,0.42452177
1,0,0.41264594
0,0,0.43036246
0,0,0.408051
0,0,0.4615455
0,0,0.46556398
0,0,0.3778222
1,0,0.49514195
0,0,0.49230838
0,0,0.43470377
0,1,0.53861386
0,0,0.42689857
0,0,0.37334776
0,0,0.45918137
0,0,0.47427768
0,0,0.44406527
0,0,0.43743336
0,0,0.41876975
0,0,0.44763374
0,0,0.4551211
0,0,0.45194662
0,0,0.39774513
0,0,0.47260052
0,1,0.55175
0,1,0.53736407
0,0,0.48652345
0,1,0.53208524
1,1,0.67522645
1,1,0.53251266
1,1,0.5562676
1,1,0.58896124
1,1,0.55329436
1,0,0.47907653
0,0,0.46977907
0,0,0.49010855
1,1,0.5129031
1,0,0.49108306
1,0,0.47747537
0,0,0.4683103
0,1,0.5551392
0,0,0.4829707
0,0,0.46839595
0,0,0.47296664
0,0,0.49249545
1,1,0.5149931
0,1,0.5363955
0,1,0.50068164
0,1,0.50524426
0,1,0.52905756
0,0,0.47216064
0,0,0.48791435
0,0,0.4943878
0,1,0.5333475
0,0,0.49819627
0,1,0.5916539
0,1,0.5989291
0,1,0.625909
1,1,0.52706045
1,1,0.5694174
1,1,0.5272468
1,0,0.48166543
1,1,0.5440768
1,0,0.49274006
1,1,0.50776196
1,0,0.48513395
1,0,0.4855665
1,1,0.5048954
0,1,0.5070376
0,0,0.49975246
1,0,0.49421716
1,0,0.48959643
1,0,0.4893324
1,0,0.4834674
1,1,0.5205469
0,1,0.50828165
0,0,0.48656565
0,0,0.47157595
0,0,0.47195855
0,0,0.47692028
1,0,0.4853012
1,0,0.44317037
1,0,0.4881841
1,1,0.5863999
1,1,0.51731247
1,0,0.46480927
1,0,0.4615638
0,1,0.5173218
1,0,0.49473688
0,1,0.50161076
0,0,0.477173
1,0,0.47543254
1,0,0.49881512
0,0,0.4859375
1,0,0.49114114
0,1,0.5245303
0,0,0.48109642
0,0,0.47074172
1,0,0.46717763
1,0,0.44886556
1,1,0.51360536
0,0,0.48961192
0,0,0.45742235
0,1,0.5047593
0,0,0.4682589
0,0,0.48193473
0,0,0.490855
0,1,0.5128344
1,1,0.50964475
1,1,0.511642
0,1,0.5099983
0,1,0.5432934
0,1,0.5210413
0,1,0.5083112
0,1,0.51701725
0,1,0.5017153
1,1,0.7712037
1,1,0.62711185
1,1,0.76294553
1,1,0.5626011
0,1,0.75906485
1,0,0.4682344
1,0,0.47896114
1,0,0.48097366
1,0,0.4736904
1,0,0.4911026
1,1,0.502231
1,1,0.50184727
1,0,0.4629982
1,0,0.47098652
1,0,0.4700479
1,0,0.42330688
1,0,0.43906596
1,0,0.4162629
0,0,0.45263785
0,0,0.41524026
0,0,0.4738762
0,0,0.4264638
0,0,0.45171174
0,0,0.44506904
0,0,0.49153143
0,1,0.5048577
0,1,0.5091874
0,0,0.4887612
0,0,0.480186
0,0,0.42862076
0,0,0.49976075
0,0,0.42030087
1,0,0.470263
1,0,0.45005202
1,0,0.4348716
1,1,0.5020889
1,0,0.48101208
0,1,0.50837296
0,0,0.45248306
0,0,0.47901854
0,0,0.47205627
0,0,0.44493392
1,0,0.47010309
1,0,0.450173
1,0,0.46363688
1,0,0.47885758
1,1,0.52423537
1,0,0.4871242
1,0,0.49370977
1,0,0.47514924
1,0,0.49176466
1,1,0.5052243
1,0,0.4186177
1,0,0.4108379
1,0,0.38523182
1,0,0.40385556
0,0,0.40205973
1,0,0.40029243
0,0,0.41271865
1,0,0.4155026
1,0,0.39903212
1,0,0.44731942
0,0,0.47968942
0,0,0.46215072
0,0,0.45127603
1,0,0.49250475
0,0,0.42755628
1,1,0.5015904
1,0,0.42979622
1,0,0.3976393
1,0,0.44659132
1,0,0.4116935
1,0,0.40866685
0,0,0.3955452
0,0,0.39447555
0,0,0.40935922
0,0,0.3973682
0,0,0.39700645
1,0,0.40495348
1,0,0.42130893
1,0,0.39653555
1,0,0.38965565
1,0,0.41850507
1,0,0.41653937
0,0,0.39430264
1,0,0.3976847
1,0,0.42094767
1,0,0.4115882
1,0,0.4151031
1,1,0.518932
1,0,0.42861181
1,0,0.42911375
1,0,0.38874093
0,0,0.36901653
1,0,0.38145614
0,0,0.3773887
0,0,0.39939255
0,0,0.38026306
0,0,0.40475512
0,0,0.41363537
0,0,0.49041423
0,0,0.48533636
0,1,0.5145153
0,0,0.4902655
1,0,0.49114054
1,0,0.48406386
1,0,0.46105337
1,1,0.5209749
1,0,0.47799197
1,0,0.40670046
0,0,0.42128596
1,0,0.409415
1,0,0.40136838
1,0,0.4165857
1,0,0.40308568
1,0,0.42897528
1,0,0.39750597
1,0,0.35194603
1,0,0.38125712
1,0,0.19896896
1,0,0.42327696
1,0,0.411927
0,0,0.33129224
0,0,0.4120899
0,0,0.40147948
0,0,0.3874092
0,0,0.393178
0,0,0.4889806
0,0,0.41746056
1,1,0.51204383
1,0,0.4853095
1,0,0.44760975
1,0,0.46736312
1,0,0.47840333
1,0,0.37559083
1,0,0.42731187
0,0,0.3651393
0,0,0.4223929
0,0,0.40693268
0,0,0.42111182
1,0,0.40930566
1,0,0.49531573
1,0,0.4399725
1,0,0.45353147
1,0,0.46640152
1,0,0.4543382
0,0,0.43243003
0,0,0.4076591
0,0,0.37271062
0,0,0.36283568
0,0,0.38196534
1,1,0.5409339
0,0,0.45653838
0,1,0.5121854
1,0,0.47849616
1,1,0.52303815
0,0,0.356866
0,0,0.46799824
0,0,0.44562292
0,0,0.38585526
1,0,0.43512988
1,0,0.45817837
1,0,0.43031654
1,0,0.43396965
1,0,0.44096348
0,0,0.37346932
0,0,0.41427287
0,0,0.429262
1,0,0.43862388
0,0,0.38921592
0,0,0.39842996
1,0,0.47685456
1,0,0.43502003
1,0,0.35843635
1,1,0.54825556
1,0,0.4908363
1,0,0.37890616
0,0,0.4226792
0,0,0.4330712
0,0,0.4335218
0,0,0.43452457
0,0,0.40683094
0,0,0.43552902
0,0,0.41381904
0,0,0.44611865
1,0,0.453873
1,0,0.44943914
1,0,0.47036073
0,0,0.4576104
0,0,0.44380483
0,0,0.42440632
1,0,0.3444883
1,0,0.37363836
1,0,0.41307688
1,0,0.49140272
1,0,0.44492787
0,0,0.37975407
0,0,0.37310565
0,0,0.42900625
0,0,0.45652476
0,0,0.40861455
0,0,0.4622877
0,1,0.5392233
0,1,0.56912225
0,0,0.4499909
0,0,0.4917195
0,1,0.6098637
0,0,0.4995279
0,1,0.5211635
0,1,0.5485756
0,1,0.5272206
0,1,0.51638937
0,0,0.4904107
0,1,0.5047818
0,1,0.55365646
0,0,0.49995995
0,1,0.531758
0,1,0.53882647
0,1,0.5261193
0,1,0.52030194
0,1,0.53936267
1,1,0.5555456
1,1,0.5493469
1,1,0.61587936
1,1,0.6029628
1,1,0.6002
1,1,0.60842663
1,1,0.62862414
1,1,0.60350204
1,1,0.58199
1,1,0.5390528
1,1,0.56599754
1,1,0.5718432
1,1,0.587597
1,1,0.5876535
0,1,0.5936189
0,1,0.57363933
0,1,0.5468918
1,1,0.54893255
1,1,0.53792244
1,1,0.57307965
1,1,0.545149
1,1,0.56592923
0,1,0.5115409
0,0,0.48401967
0,0,0.485128
0,0,0.46578634
0,0,0.47622955
0,1,0.51736826
0,1,0.5798068
0,1,0.53587645
0,1,0.52338994
0,1,0.54983526
0,1,0.51665485
0,1,0.53823847
0,1,0.5244979
0,1,0.5109795
0,1,0.51429284
1,1,0.52939296
0,1,0.52703977
0,1,0.51573426
1,1,0.51974124
1,1,0.5115005
0,1,0.50851506
0,1,0.5469749
0,1,0.5422299
0,1,0.5242299
0,1,0.53864974
1,1,0.5082855
1,1,0.68128526
1,1,0.57610655
1,1,0.68551093
1,1,0.6072837
1,1,0.5133111
1,1,0.5024817
1,1,0.51217955
1,1,0.5135582
0,1,0.5146843
0,1,0.51208
0,1,0.53445745
0,1,0.5412685
0,1,0.54754734
1,1,0.54546875
1,1,0.53322655
1,1,0.50442994
0,1,0.5270416
0,1,0.51002824
0,1,0.507075
0,0,0.49916646
0,1,0.51920146
0,1,0.52743804
1,1,0.51604074
1,1,0.5180566
1,1,0.552664
0,1,0.53153145
0,1,0.5073127
0,1,0.5043257
0,1,0.51309806
0,1,0.51848537
1,1,0.533747
1,1,0.5091786
1,1,0.50750977
1,1,0.52454156
1,1,0.5242038
0,1,0.5293525
0,1,0.5092401
0,1,0.5237397
0,1,0.5055949
0,1,0.520529
0,1,0.568985
0,1,0.51617974
0,1,0.52977663
0,1,0.52874565
0,1,0.53252524
0,1,0.60424966
0,1,0.51288617
1,1,0.57655764
1,1,0.5377752
1,1,0.57555765
1,1,0.53139156
1,1,0.51796144
1,1,0.5176276
1,1,0.5034602
1,0,0.48627898
1,1,0.5320165
0,1,0.5180921
0,1,0.5301223
1,1,0.56111294
1,1,0.50562143
1,1,0.50114006
1,1,0.5674214
1,1,0.57286125
1,0,0.4701011
1,1,0.50682706
1,0,0.33519578
0,0,0.43174663
0,0,0.4262629
1,0,0.48108104
0,0,0.454218
1,0,0.4439568
1,1,0.5198283
1,0,0.4918545
1,0,0.45743188
1,0,0.46104416
1,0,0.45018739
1,0,0.4436907
1,0,0.40462357
1,0,0.43553704
0,0,0.4369886
0,0,0.438597
0,0,0.48403415
0,0,0.45097443
1,0,0.4402706
1,0,0.49262214
1,0,0.48355702
1,0,0.46700534
1,0,0.4930481
0,1,0.50915
1,0,0.45502082
0,0,0.4297645
1,0,0.44547236
1,0,0.44615406
0,0,0.4877686
0,0,0.44550386
0,0,0.44654363
0,0,0.44009417
0,0,0.42670557
1,1,0.53258806
0,0,0.4867064
0,0,0.47299352
0,1,0.50235295
0,1,0.51260203
0,0,0.4674491
1,1,0.53620124
0,0,0.45838767
1,0,0.4466415
1,0,0.48701707
1,0,0.48422164
1,0,0.43073088
1,0,0.42828205
1,0,0.44311845
1,0,0.424396
1,0,0.42076236
1,0,0.41866288
1,0,0.42403987
1,0,0.40757534
1,0,0.41315135
1,0,0.4117413
0,0,0.46174073
0,0,0.38191128
0,0,0.41143668
0,0,0.41541386
0,0,0.41558713
0,0,0.46400258
0,0,0.4656052
1,1,0.5453282
0,0,0.48118943
0,0,0.49690047
1,1,0.5348443
1,0,0.48841912
0,0,0.44013163
1,1,0.5225989
1,0,0.44379014
1,0,0.4426396
1,0,0.44243246
1,0,0.4474979
0,0,0.46564704
0,0,0.3756631
0,0,0.44075653
1,0,0.41970366
1,0,0.43675366
1,0,0.48792145
1,0,0.39770454
1,1,0.5063485
0,0,0.48619387
0,0,0.38627252
0,0,0.4209246
1,0,0.43110976
0,0,0.43574944
0,1,0.5041176
0,0,0.46166164
0,0,0.43748516
0,0,0.44351068
1,1,0.5598012
0,0,0.47008234
0,0,0.4368888
0,0,0.48092833
0,0,0.48089847
0,0,0.41073266
0,0,0.4627673
1,1,0.55372864
1,1,0.5053742
1,1,0.5155001
1,0,0.46415466
1,0,0.47509187
1,0,0.42976433
1,0,0.4701696
1,0,0.4318109
0,0,0.46112028
0,0,0.43787655
1,0,0.4542692
0,0,0.45435917
1,0,0.48520926
0,0,0.49416423
0,0,0.48322216
0,0,0.45772475
0,0,0.43764606
0,1,0.5231696
0,0,0.46692824
0,1,0.55377424
0,1,0.5280496
0,1,0.5212512
0,0,0.45561334
0,0,0.41279522
1,0,0.42759612
1,1,0.53691125
1,1,0.5006409
0,0,0.47809935
0,1,0.62300277
0,0,0.41821757
0,0,0.4700551
1,0,0.4135328
1,0,0.40127936
1,0,0.45028737
1,0,0.48999667
1,0,0.48978
1,0,0.42348322
1,0,0.41152275
1,0,0.42336386
1,0,0.4279441
0,0,0.4150852
0,0,0.4195666
0,0,0.4205284
1,0,0.4112529
1,0,0.41040546
1,0,0.49154526
1,0,0.43048057
1,0,0.47071204
1,0,0.4061431
1,0,0.42132324
1,0,0.40755954
1,0,0.42909086
1,0,0.24737771
0,0,0.37538865
0,0,0.37739182
0,0,0.4111571
0,0,0.40825185
1,0,0.42740142
1,0,0.47141254
1,1,0.53468317
1,0,0.46043125
1,0,0.46561432
1,0,0.40336898
1,0,0.40946108
0,0,0.37598994
0,0,0.42472512
1,0,0.39767998
1,0,0.41015708
1,0,0.42354456
1,0,0.44567183
1,0,0.4519652
1,0,0.44126517
1,0,0.43654165
1,0,0.42327198
1,0,0.43618822
1,0,0.41090587
1,0,0.41784722
1,0,0.42136633
0,0,0.42442644
0,0,0.4383801
0,0,0.41717458
1,0,0.43069577
1,0,0.43338048
1,0,0.43547848
1,0,0.4211209
1,0,0.4311525
1,0,0.42136928
1,0,0.33020714
0,0,0.3999959
0,0,0.37899023
1,0,0.42161492
1,0,0.42010757
1,0,0.4086507
1,0,0.48464063
1,0,0.43805584
0,0,0.44063628
0,0,0.41952085
0,0,0.43406895
0,0,0.43475473
0,0,0.43916875
0,0,0.4260933
0,0,0.4655314
1,1,0.505541
0,0,0.39901882
0,0,0.42046604
0,0,0.43095955
0,0,0.43592
0,0,0.4212782
0,0,0.42991447
0,0,0.4035899
0,0,0.47034422
0,0,0.4368184
0,0,0.4447231
0,0,0.4509628
0,0,0.43243608
0,0,0.45000422
0,0,0.42679065
0,0,0.45294312
1,1,0.5237897
1,0,0.46486932
1,1,0.64444846
1,0,0.49101436
1,0,0.4799187
1,0,0.47473204
1,0,0.46675965
1,0,0.4504351
1,0,0.46447685
1,0,0.4684264
1,1,0.5028231
1,0,0.46263504
0,0,0.43128246
0,0,0.4448228
0,0,0.43563262
0,0,0.4314301
0,0,0.42735767
1,0,0.4695218
0,0,0.45646268
0,0,0.48052034
0,0,0.43722966
0,0,0.43546915
0,0,0.4407641
0,0,0.47782958
0,0,0.45626113
0,0,0.44668964
0,0,0.4558475
1,0,0.4555513
0,0,0.45669532
0,0,0.45331967
0,0,0.4261771
0,0,0.45858243
0,0,0.43252125
0,0,0.44660258
0,0,0.46161318
1,0,0.39555544
1,0,0.39940086
1,0,0.44989187
0,0,0.42135328
0,0,0.421815
0,0,0.3960062
1,0,0.41420448
0,0,0.40100434
1,0,0.39410773
1,0,0.4369785
1,0,0.462558
1,0,0.45136046
1,0,0.45569298
1,0,0.47495717
1,0,0.45076716
1,0,0.44546038
1,0,0.46089825
1,0,0.44368798
1,0,0.45446217
0,0,0.43441346
0,0,0.41063154
0,0,0.4510246
1,0,0.44160238
0,0,0.438659
1,0,0.44836912
1,0,0.4285884
1,0,0.4432002
1,0,0.4343982
1,0,0.4599295
1,0,0.42561406
1,0,0.4341495
1,0,0.42496893
1,0,0.43406713
1,0,0.42436054
1,0,0.43761954
1,0,0.41759226
0,0,0.44041252
1,0,0.43216974
1,0,0.43675807
1,0,0.43782803
1,0,0.44348812
1,0,0.45303342
1,0,0.4382414
1,0,0.4278918
1,0,0.43114594
1,0,0.4319317
1,0,0.41677645
1,0,0.43776515
0,0,0.40552196
0,0,0.4403924
0,0,0.4299246
0,0,0.46149415
1,0,0.3838353
1,0,0.44108507
0,0,0.47415796
1,0,0.43223855
1,0,0.46098912
1,0,0.4270699
1,0,0.41875377
1,0,0.41964975
1,0,0.45596316
0,0,0.45950222
0,0,0.40515727
0,0,0.4060246
0,0,0.4221032
0,0,0.391916
0,0,0.4091356
1,0,0.41714278
1,0,0.450435
1,0,0.46659422
1,0,0.41728523
1,0,0.45003015
1,0,0.45109093
1,0,0.43644372
1,0,0.39222518
1,0,0.40842968
1,0,0.41837677
0,0,0.36873344
0,0,0.36794478
0,0,0.3955327
0,0,0.3839999
0,0,0.4014966
1,0,0.42547306
0,0,0.37474528
0,0,0.39795944
0,0,0.39990336
0,0,0.41555935
0,0,0.37839866
0,0,0.4125907
0,0,0.45750177
0,0,0.46075487
1,0,0.49040574
1,0,0.44000182
1,0,0.43957987
1,0,0.44144705
1,0,0.4419929
1,0,0.4394823
1,0,0.4505645
1,0,0.41953284
1,0,0.40829638
1,0,0.44323102
0,0,0.44786623
0,0,0.43163326
0,0,0.43400085
0,0,0.43501326
0,0,0.47136846
0,0,0.46546498
0,0,0.47222033
0,0,0.4615777
0,0,0.41225392
0,0,0.47663936
0,0,0.47348794
1,0,0.41370702
1,0,0.41585767
1,1,0.51267236
1,0,0.48515671
1,0,0.43050462
1,0,0.3852002
1,0,0.4652571
1,0,0.44888714
1,0,0.45873973
0,0,0.4623525
0,0,0.46751007
0,0,0.47177994
1,0,0.37475014
1,0,0.37997314
1,0,0.39302015
1,0,0.3728998
1,0,0.38761604
0,0,0.41031396
0,0,0.3767691
0,0,0.40069908
0,0,0.40331188
0,0,0.40889195
0,0,0.45176512
1,1,0.52118677
1,0,0.44245738
1,0,0.44393453
1,0,0.48110586
1,0,0.44102994
1,1,0.505207
1,0,0.4139043
1,0,0.37598208
0,0,0.44226974
0,0,0.40898144
0,0,0.40821335
0,0,0.42644942
0,0,0.4377901
0,1,0.5044054
0,1,0.5443852
0,0,0.4624754
0,0,0.4809237
1,1,0.5451803
1,1,0.55136627
0,0,0.49962223
0,0,0.47890952
1,0,0.4839289
1,0,0.4935746
1,0,0.49430063
1,0,0.4832845
1,0,0.47310773
1,0,0.4998956
1,1,0.5053654
1,0,0.47304323
1,0,0.46109837
1,1,0.5038295
1,0,0.4691633
0,0,0.4941012
0,0,0.4810456
0,1,0.5428981
0,0,0.47441855
0,0,0.41933474
0,0,0.4762032
0,1,0.5223335
0,1,0.5106666
0,1,0.51994437
0,1,0.55307484
1,1,0.578905
0,0,0.47857773
0,1,0.5106372
0,0,0.49802762
0,0,0.4872023
0,0,0.4853272
0,0,0.49352035
0,1,0.5072289
0,1,0.5389499
0,1,0.5507506
1,1,0.52853256
1,1,0.5264889
1,0,0.47940612
1,1,0.52897376
1,0,0.49889192
1,1,0.58382463
1,0,0.46384618
1,0,0.47939613
1,0,0.4950661
0,0,0.49823102
1,0,0.46116754
1,0,0.45194426
1,0,0.47844806
1,0,0.48689145
1,0,0.46064666
1,0,0.4909405
0,0,0.48692796
1,0,0.4969262
1,0,0.49614576
1,0,0.48799637
1,0,0.49263313
1,0,0.468721
1,1,0.5994566
0,0,0.46928665
1,1,0.50069624
0,0,0.35943577
0,0,0.44346243
0,0,0.46933892
0,0,0.4588799
0,1,0.50417125
0,1,0.50681317
1,0,0.4831052
1,1,0.545416
1,1,0.52218807
0,1,0.5242914
0,0,0.46009648
0,0,0.49821806
1,0,0.464621
0,0,0.4670764
1,0,0.49344522
1,0,0.46019077
1,0,0.48982918
0,0,0.47291127
0,0,0.46876135
0,0,0.4676967
0,0,0.47879604
0,0,0.47886667
0,0,0.4950121
0,1,0.5369073
1,0,0.486347
1,1,0.5106522
0,1,0.508314
0,1,0.5115058
0,0,0.49590307
0,1,0.5061131
0,0,0.48790357
0,1,0.5012142
1,1,0.7557528
1,1,0.6108306
1,1,0.7215621
1,1,0.61849874
1,1,0.5533409
1,1,0.53150284
1,1,0.50244796
1,0,0.48517826
1,0,0.49423125
1,0,0.46668386
0,0,0.49376655
0,0,0.46865794
0,0,0.4796132
1,0,0.47842115
1,0,0.48565826
1,0,0.48423117
1,0,0.4892605
1,1,0.52199966
1,1,0.57790726
1,0,0.48377174
0,1,0.5755191
1,1,0.502495
1,0,0.49784562
1,0,0.48737994
1,0,0.48424506
1,0,0.49595356
0,0,0.48733163
0,0,0.47578657
0,1,0.5051438
0,0,0.47267294
1,0,0.47652864
1,0,0.48447078
1,0,0.45609462
1,0,0.47975245
1,0,0.46840078
1,1,0.5083093
1,0,0.48158363
1,1,0.5143108
1,0,0.44138598
1,0,0.46324852
0,0,0.4736638
0,1,0.5595037
0,0,0.47632363
0,0,0.49136266
0,0,0.4902283
0,0,0.4725392
0,0,0.4743864
0,0,0.4998065
1,0,0.47342387
1,1,0.52578366
1,0,0.47423905
1,1,0.52961385
1,1,0.5165253
1,0,0.47147205
1,0,0.47966686
1,1,0.505627
1,0,0.4861291
1,0,0.47690228
1,0,0.45977935
1,0,0.47058442
1,0,0.4712591
1,0,0.49168658
1,0,0.4736638
1,0,0.47058442
1,0,0.4750327
1,0,0.47147205
1,0,0.47236493
1,0,0.47455955
1,0,0.46919674
1,0,0.4750327
1,0,0.48233464
1,0,0.48214397
1,0,0.46825027
1,0,0.47046408
1,1,0.5039372
1,0,0.4845599
1,0,0.49900824
1,0,0.46792728
1,0,0.49128035
1,0,0.48687223
1,0,0.44872776
1,0,0.45414954
1,0,0.46178564
1,0,0.46321648
0,0,0.4651347
0,0,0.47847673
0,0,0.47176197
0,0,0.47282746
1,0,0.45202628
1,0,0.49598265
1,0,0.47036523
0,0,0.48372254
0,0,0.48803285
0,1,0.5224143
0,1,0.5306358
0,1,0.51033574
0,1,0.522655
0,1,0.52339584
0,1,0.5843167
0,1,0.62031615
0,1,0.503584
0,1,0.52476674
0,1,0.5339039
1,1,0.51670945
1,1,0.52518785
1,0,0.4806962
0,1,0.50406194
0,0,0.46166942
1,0,0.4827359
0,0,0.49195293
0,0,0.4821163
0,0,0.49586174
0,1,0.5107185
0,0,0.48516458
0,1,0.50829214
0,1,0.5257424
0,0,0.49020663
1,1,0.54116166
1,1,0.5417195
1,1,0.5182293
1,1,0.5166329
1,1,0.5032277
1,0,0.49990216
0,1,0.511075
0,0,0.4879336
0,0,0.49535218
1,0,0.4880259
1,0,0.4889011
1,0,0.4935568
1,0,0.4946426
1,0,0.48981792
1,1,0.5261277
0,1,0.51101667
0,0,0.47492683
1,1,0.50341904
1,0,0.49489015
1,1,0.5014235
1,0,0.48401538
1,1,0.50621444
1,1,0.576544
1,0,0.49715313
1,0,0.49132374
1,1,0.5072457
1,0,0.49489015
1,1,0.5172252
1,1,0.51470935
0,1,0.5434362
0,1,0.5055595
0,0,0.49782085
0,1,0.5055595
0,0,0.49189085
0,0,0.482988
0,1,0.52295613
0,1,0.5239975
1,1,0.5915875
1,1,0.60716707
0,0,0.48709694
0,0,0.49894533
0,0,0.47441575
0,0,0.48013496
0,0,0.48465654
0,0,0.49018034
0,0,0.4598223
0,0,0.4596084
0,0,0.4829271
0,0,0.48520824
0,0,0.4724123
0,0,0.47098836
1,1,0.5183047
1,0,0.48728612
1,0,0.49193203
1,0,0.49676892
1,0,0.4728514
1,1,0.5038927
1,0,0.48520824
0,0,0.48520824
0,0,0.43411854
0,0,0.4257383
0,0,0.46612602
0,0,0.4269794
0,0,0.4279606
0,0,0.48409483
0,0,0.48520824
0,0,0.35968813
0,0,0.36064172
0,0,0.4018026
1,0,0.49134585
1,0,0.44947118
0,0,0.47045243
0,0,0.3873473
0,0,0.40833455
1,0,0.44482246
1,0,0.45632154
1,0,0.45877403
1,1,0.60436285
1,0,0.43641537
0,0,0.43052292
0,0,0.47023585
0,0,0.43442628
0,1,0.52520233
0,0,0.44628203
0,0,0.43168542
0,1,0.5287028
0,0,0.47753075
0,0,0.45010927
0,0,0.4106117
1,1,0.50124604
1,0,0.4368217
1,0,0.4912885
0,0,0.44624504
1,0,0.44704327
0,0,0.43541735
0,0,0.46880007
0,0,0.4536169
0,0,0.43883204
0,0,0.4289768
0,0,0.4374851
0,0,0.44783056
1,1,0.5313708
1,0,0.4451587
1,1,0.51239574
1,0,0.44915944
1,1,0.54964626
1,0,0.45269623
1,0,0.46972656
1,0,0.4317708
0,0,0.43541735
0,0,0.4641487
0,0,0.44538826
0,0,0.46251118
1,0,0.45317662
0,0,0.44713965
0,0,0.42150906
1,0,0.43785435
1,0,0.43494266
1,0,0.4441459
1,0,0.48951378
1,0,0.47276
0,0,0.44966593
0,0,0.43082398
0,0,0.4309759
0,0,0.44039717
0,0,0.43960533
0,0,0.47648966
0,0,0.48103878
1,0,0.46294975
1,0,0.44980448
1,0,0.486141
1,0,0.44146585
0,0,0.4636584
1,0,0.43790153
0,0,0.4556964
0,0,0.439678
1,0,0.42883474
1,1,0.5213237
1,0,0.432376
1,1,0.57698643
1,0,0.4304705
0,0,0.43883163
0,0,0.45229852
0,0,0.44457927
0,0,0.4339194
0,0,0.4535968
0,0,0.42276186
0,0,0.42584932
1,0,0.43650627
0,0,0.4217976
1,0,0.47932
1,0,0.41602662
0,0,0.42820606
0,0,0.46096024
0,0,0.4263533
1,0,0.41157907
0,0,0.40710524
0,1,0.5320009
0,0,0.43536693
0,0,0.46295777
0,0,0.42696252
1,0,0.410887
1,0,0.46766165
1,0,0.41383123
1,1,0.5417676
1,0,0.41079056
1,0,0.46036157
0,0,0.4773676
1,0,0.45486423
1,0,0.44816548
0,0,0.48578122
1,0,0.4819113
0,0,0.44156596
0,0,0.45530516
0,0,0.45486423
1,0,0.4702406
1,0,0.4444779
1,0,0.42280993
0,0,0.42298526
0,0,0.47320655
0,0,0.46620628
0,0,0.39165443
0,0,0.44331765
0,0,0.43294334
0,0,0.39482826
0,0,0.45657194
0,0,0.41028377
0,0,0.43184677
0,0,0.43163756
0,0,0.4257773
0,0,0.4778922
0,0,0.47074595
0,0,0.4612201
0,0,0.47234663
0,0,0.4231243
0,0,0.48121184
1,1,0.5003525
1,0,0.40733
1,0,0.47685152
1,0,0.45288444
1,0,0.3834129
0,0,0.4180911
0,0,0.3876197
0,0,0.4199488
1,0,0.40019152
1,0,0.39081728
1,0,0.40788782
1,0,0.39961576
1,0,0.40470144
1,0,0.38234693
1,0,0.3851545
1,0,0.3721037
1,0,0.4011823
1,0,0.4294003
1,0,0.4095092
0,0,0.45703846
0,0,0.4294233
0,0,0.45303628
0,0,0.43371317
0,0,0.45631438
0,0,0.46012047
0,0,0.41206616
1,0,0.4166958
1,0,0.41701585
1,0,0.3599753
1,0,0.39106992
1,0,0.4132842
1,0,0.4124517
1,0,0.40408722
1,0,0.37415418
1,0,0.41582647
1,0,0.39920157
1,0,0.3829525
1,0,0.40484256
1,0,0.41548282
1,0,0.461866
1,0,0.4795991
0,0,0.441106
0,0,0.4427393
0,0,0.4490427
0,0,0.4518743
1,0,0.45695022
1,0,0.4328801
1,0,0.45045435
1,0,0.45977643
0,0,0.46347064
0,0,0.44701964
1,0,0.47407588
1,0,0.4226602
1,0,0.4513142
1,0,0.43757242
1,0,0.4535165
1,0,0.42925212
1,0,0.41943434
1,0,0.4266748
1,0,0.4320564
1,0,0.4373854
1,0,0.44712263
1,0,0.47766912
0,0,0.44251755
1,0,0.42302895
0,0,0.48743427
0,0,0.4203241
0,0,0.43619168
0,1,0.53452027
0,0,0.4362093
1,1,0.52242905
1,0,0.4311242
1,0,0.43533397
1,0,0.42533663
1,0,0.4176815
1,0,0.43558946
1,0,0.41878188
1,0,0.44261783
1,0,0.4106552
1,0,0.44491675
1,0,0.43500316
0,0,0.44918534
0,0,0.44681525
0,0,0.42965803
0,0,0.47575483
0,0,0.4669544
1,1,0.5081567
0,0,0.45683733
0,0,0.4486953
0,0,0.4570002
0,0,0.42939457
0,0,0.46373925
0,0,0.47932
0,0,0.43785435
0,1,0.5200937
1,0,0.47807264
1,0,0.44066703
1,0,0.41657755
1,0,0.42222333
1,0,0.46509233
0,0,0.39877596
0,0,0.42393842
0,0,0.4130513
0,0,0.44158015
0,0,0.42149132
0,0,0.42883074
0,0,0.40741295
0,0,0.4316497
0,0,0.45641002
0,0,0.44889468
0,0,0.40303153
0,0,0.40744913
0,0,0.43951887
1,0,0.39910153
0,0,0.40430447
0,0,0.4363082
0,0,0.40472043
0,0,0.41258553
0,0,0.43285304
0,0,0.43432423
1,0,0.41414204
1,0,0.44426668
0,0,0.42842054
0,0,0.39349276
0,0,0.4329472
1,0,0.39125738
0,0,0.42336738
1,0,0.41391835
1,0,0.4212271
1,0,0.38978702
1,0,0.40407786
1,0,0.4079859
1,0,0.43792385
1,0,0.4221707
1,0,0.4148363
1,0,0.4180735
1,0,0.45134112
1,0,0.46307167
1,0,0.46004048
1,1,0.50290555
1,0,0.42977783
1,0,0.4480258
0,0,0.45435473
0,0,0.4397737
0,0,0.4331272
0,0,0.41219378
0,0,0.41480213
0,0,0.4536678
0,0,0.42564663
0,0,0.44954208
0,0,0.49093327
1,0,0.4916944
0,0,0.4702667
0,1,0.5110569
0,0,0.46402732
0,0,0.45817995
0,0,0.40453452
1,0,0.4953368
1,0,0.43176892
1,0,0.47255072
1,0,0.46767354
1,0,0.47579464
1,0,0.4535563
1,0,0.4548336
1,0,0.4820976
1,0,0.4241726
1,0,0.41748923
1,0,0.420188
0,0,0.42227477
0,0,0.41857535
0,0,0.4341297
0,0,0.4030757
0,0,0.42655593
0,0,0.43058926
0,0,0.49696717
0,1,0.5276951
0,0,0.46779028
0,1,0.5120212
0,0,0.4981493
0,0,0.463437
0,0,0.4470824
0,0,0.4341143
0,0,0.44422075
0,0,0.4350623
0,1,0.5270926
0,1,0.5212413
0,1,0.5573662
0,1,0.52777123
1,1,0.590778
1,1,0.50313693
1,0,0.47097757
1,0,0.47759444
1,0,0.47564033
1,1,0.5230424
1,1,0.5035996
1,0,0.4949521
1,0,0.49887332
0,1,0.5104513
1,1,0.5011704
1,1,0.5057953
1,1,0.5193634
1,1,0.52557516
1,0,0.48879102
1,1,0.53406143
1,1,0.5334464
1,1,0.503109
1,0,0.48473138
0,0,0.49486506
1,1,0.53909516
1,1,0.5160431
1,1,0.52032185
1,1,0.5144031
1,1,0.51021695
1,1,0.5097059
1,1,0.50668836
0,0,0.45940402
0,0,0.46184596
1,0,0.46644872
1,1,0.5083767
1,1,0.52331334
1,0,0.47632807
1,0,0.47968596
1,1,0.50665957
1,0,0.45024595
0,0,0.37256885
0,0,0.39719293
0,0,0.42846528
1,0,0.37514144
0,0,0.38076523
0,0,0.46028107
0,0,0.46623582
0,0,0.42227077
0,0,0.40411732
0,0,0.4030292
0,0,0.42220327
0,1,0.51153916
0,1,0.5033638
1,0,0.47926655
0,1,0.5217147
0,0,0.47147077
0,0,0.39627367
0,0,0.40528178
0,0,0.41449404
0,0,0.40882197
0,0,0.402786
1,1,0.73872066
1,1,0.5636487
1,1,0.52842504
1,1,0.5814249
0,1,0.55865484
0,0,0.4540524
0,0,0.4503998
1,0,0.43871003
0,0,0.46409878
0,0,0.4625111
0,0,0.44567126
1,0,0.45892814
0,0,0.4742188
1,0,0.4584897
1,0,0.45749673
1,0,0.47165057
1,0,0.47519964
1,1,0.5195977
1,0,0.49690634
0,0,0.48769435
0,1,0.51826465
0,0,0.49012545
0,1,0.54151016
1,0,0.47919327
1,1,0.5052884
1,1,0.5078373
1,1,0.5055813
1,1,0.5127027
0,0,0.49424133
0,0,0.46897268
0,0,0.47153676
0,0,0.49482524
1,0,0.47834015
1,0,0.43000913
1,1,0.50157636
0,1,0.50897217
1,0,0.48086902
0,0,0.46937552
0,0,0.47068447
0,0,0.45540562
0,0,0.45103672
0,0,0.4869914
1,0,0.4493362
1,0,0.47250786
1,0,0.44748202
1,0,0.4435913
1,0,0.46569777
1,0,0.47630784
1,0,0.4495751
1,0,0.44943437
1,0,0.4608858
1,0,0.4265428
1,0,0.42354017
1,0,0.44039717
1,0,0.4382543
0,0,0.4384247
0,0,0.46360922
0,0,0.42426652
1,0,0.43183193
0,0,0.44919962
1,0,0.4498866
1,0,0.48309007
0,0,0.46954137
1,0,0.4721007
1,0,0.4307444
1,0,0.45681375
1,0,0.46103802
1,0,0.44900462
1,0,0.467764
1,0,0.45733547
1,0,0.4767181
1,0,0.456166
0,0,0.43864235
1,0,0.4558822
0,0,0.4466132
1,0,0.4466132
1,0,0.44932297
1,0,0.44285634
1,0,0.4433235
1,0,0.4797396
1,0,0.4708583
1,0,0.440598
1,0,0.43756872
1,0,0.43590036
1,0,0.41851047
1,0,0.42176157
0,0,0.42508385
0,0,0.42528445
0,0,0.43486425
1,0,0.42243093
0,0,0.4277605
0,0,0.4081741
1,0,0.41091534
0,0,0.4315719
0,0,0.41405177
0,0,0.40940133
0,0,0.40633214
0,0,0.4199609
0,0,0.4342842
0,0,0.4869294
0,0,0.48072368
0,0,0.47648078
0,1,0.5005963
0,0,0.49599978
1,0,0.4009925
0,0,0.4445839
0,0,0.40157855
1,0,0.45004237
1,0,0.40180987
0,0,0.40179875
0,0,0.40542498
1,0,0.40628165
0,0,0.4006181
1,0,0.42180443
1,0,0.44036305
1,0,0.4301731
0,0,0.450546
0,0,0.468815
0,0,0.47103027
0,0,0.46313158
0,1,0.50905204
0,0,0.49325266
0,0,0.48799065
0,1,0.5048523
0,1,0.5006437
0,1,0.5121555
0,0,0.49650836
0,1,0.50075585
1,1,0.5222357
1,1,0.53619796
1,1,0.51070577
1,1,0.54467195
0,1,0.5189559
0,1,0.52708966
0,1,0.5489841
0,1,0.5514512
0,1,0.5035631
0,1,0.51481324
1,1,0.51040316
0,1,0.5191233
0,1,0.5076667
1,1,0.5060421
0,0,0.46815652
0,0,0.4969592
1,0,0.48618665
0,0,0.49877205
0,1,0.5018296
0,0,0.4808562
0,0,0.49773514
0,0,0.48908672
0,0,0.46641064
0,0,0.4556218
0,0,0.42925298
0,0,0.4618928
1,1,0.5151445
0,0,0.48967826
0,0,0.44619533
0,0,0.48466712
0,0,0.46635568
0,0,0.44649497
0,0,0.46147582
0,0,0.45918348
1,0,0.4601093
1,0,0.45531797
0,0,0.47539094
0,0,0.45440435
0,0,0.48012877
0,0,0.47254503
0,0,0.47185743
1,1,0.5087626
1,1,0.5100582
1,0,0.49277648
1,0,0.49666968
1,0,0.46940768
1,0,0.4971931
1,1,0.54272157
1,0,0.488219
1,0,0.4974172
0,1,0.5186973
0,1,0.50230837
0,0,0.4786104
0,1,0.5260132
0,1,0.50921184
0,0,0.33981258
0,0,0.44005018
1,0,0.41756374
0,0,0.41107485
0,0,0.4526043
0,0,0.42134652
0,0,0.44111964
0,0,0.38495126
1,0,0.47467518
1,0,0.39731562
1,1,0.5213877
1,0,0.45885518
1,0,0.489362
1,0,0.41269156
1,0,0.40304884
1,0,0.42443272
1,0,0.42794776
1,0,0.40639243
0,0,0.3884512
0,0,0.41339043
0,0,0.42214888
0,0,0.41099498
0,0,0.40691334
0,0,0.45679003
0,1,0.50341487
1,0,0.49819705
0,0,0.4694518
1,0,0.44475293
0,0,0.45594475
0,0,0.44133323
0,0,0.4165015
0,0,0.4132702
0,0,0.4212076
0,0,0.4786152
0,0,0.4189376
0,1,0.5187022
0,1,0.50754315
0,1,0.57113016
1,0,0.4961175
1,0,0.484097
1,0,0.48673597
1,0,0.4400938
1,0,0.43471655
1,0,0.4220555
0,0,0.43878114
0,0,0.39488602
0,0,0.4089393
0,0,0.40695557
0,0,0.4095265
0,0,0.41205382
1,0,0.4116369
1,0,0.45484337
0,0,0.41690466
0,1,0.500045
1,0,0.48717287
0,0,0.47169167
0,0,0.41981572
1,0,0.41721708
1,0,0.41431126
0,0,0.36845323
1,0,0.40616465
1,0,0.4143018
1,0,0.4178043
1,0,0.41916254
1,0,0.44784537
1,0,0.41882256
0,0,0.41378516
0,0,0.4115847
1,0,0.39575955
0,0,0.41525915
0,0,0.3831481
1,0,0.4931157
1,0,0.4178047
0,0,0.4528562
0,0,0.42587265
0,0,0.3935627
0,0,0.38607684
0,0,0.39334828
0,0,0.38864544
0,0,0.3820148
1,0,0.45785347
0,0,0.4093133
0,0,0.4031968
0,0,0.38676265
0,0,0.40344852
0,0,0.37882936
0,0,0.41517642
0,0,0.45726326
0,0,0.45712182
0,0,0.40216863
0,0,0.41217417
0,0,0.43809268
0,0,0.39946878
0,0,0.46030533
0,0,0.40327114
0,0,0.40104747
1,1,0.6798013
1,1,0.5615999
1,1,0.5294732
1,1,0.564432
0,1,0.5936617
1,0,0.4252878
1,0,0.41152427
1,0,0.4284864
1,0,0.42377213
1,0,0.39889315
0,0,0.4219778
0,0,0.40026742
0,0,0.4074364
1,0,0.40258172
1,0,0.41436288
1,0,0.42447194
1,0,0.480414
1,0,0.44257346
0,0,0.44265243
0,0,0.42718056
0,0,0.4231086
0,0,0.41280684
0,0,0.40710822
1,0,0.4122629
1,0,0.39956072
1,0,0.42361718
1,0,0.39778498
1,0,0.4330382
1,0,0.40756077
1,0,0.40373942
1,0,0.4281077
1,0,0.45602682
1,0,0.44168594
1,0,0.40861255
1,0,0.4261904
1,0,0.45232013
1,0,0.4138442
0,0,0.44392785
1,0,0.412777
1,0,0.45350456
0,0,0.43770757
0,0,0.41410574
0,0,0.4297527
0,0,0.4411947
0,0,0.44359535
0,0,0.4796819
0,0,0.40179068
1,0,0.408315
1,0,0.41125435
1,0,0.47945178
1,0,0.39478284
1,0,0.43327895
1,0,0.42788115
0,0,0.4014043
0,0,0.37811792
0,0,0.40294108
0,0,0.42440498
0,0,0.4057317
0,0,0.39333794
0,0,0.3895442
1,0,0.39305124
1,0,0.3986211
0,0,0.3966594
1,0,0.40926188
1,0,0.42296264
1,0,0.44843292
1,0,0.4484887
1,0,0.43137953
1,0,0.44277164
1,0,0.45064282
1,0,0.44753277
1,0,0.47272792
1,0,0.43021542
1,0,0.4246246
0,0,0.41145915
0,0,0.38434845
1,0,0.38423824
0,0,0.40082315
1,0,0.3927362
1,0,0.40633246
1,0,0.38237825
1,0,0.4050608
1,0,0.37844074
1,0,0.39954185
1,0,0.38798434
1,0,0.4079909
1,0,0.39979684
1,0,0.32231998
1,0,0.3383377
1,0,0.3918905
1,0,0.32132655
0,0,0.41548663
1,0,0.42141777
0,0,0.32845262
0,0,0.41912377
0,0,0.41740015
0,0,0.46836677
0,0,0.42700642
0,1,0.5405196
0,0,0.45474154
0,0,0.432209
0,0,0.4989223
0,0,0.49926913
0,0,0.41937447
1,1,0.5019355
1,0,0.44812253
1,0,0.4117568
1,0,0.4393967
1,0,0.4351668
1,0,0.4127726
1,0,0.42109352
0,0,0.4211526
1,0,0.38305727
1,0,0.40237576
1,0,0.42407033
1,0,0.4015195
1,0,0.41070908
1,0,0.39601514
0,0,0.41757047
0,0,0.4184762
0,0,0.40871552
0,0,0.40783298
0,0,0.4184629
0,0,0.43603736
0,0,0.4993911
0,0,0.4766962
0,1,0.5073287
0,0,0.4270376
0,0,0.46165514
1,1,0.5388464
1,1,0.5287419
1,0,0.41912493
1,0,0.41700193
1,0,0.3719861
0,0,0.42675927
0,0,0.4483084
0,0,0.4068017
0,0,0.3925821
0,0,0.411833
0,0,0.38057646
0,0,0.45884982
1,0,0.45885548
1,0,0.44309428
1,0,0.45907396
0,0,0.46785337
0,0,0.41481984
0,0,0.39829904
0,0,0.41751894
0,0,0.4112297
0,0,0.38207152
0,0,0.46242756
0,0,0.49847332
0,0,0.49056703
0,0,0.4742067
1,1,0.5276355
1,0,0.48876426
1,0,0.4021162
0,0,0.3861021
1,0,0.39239362
0,0,0.40198126
0,0,0.43121234
0,0,0.39578336
1,0,0.38875982
0,0,0.40710032
0,0,0.3855527
0,0,0.39122388
0,0,0.389667
1,0,0.39655894
1,0,0.3811309
0,0,0.38694265
1,0,0.41892803
1,0,0.41655576
1,0,0.4201228
1,0,0.40091795
1,0,0.38744217
1,0,0.4176427
1,0,0.423069
0,0,0.41558072
0,0,0.3979998
0,0,0.40476346
0,0,0.40615764
0,0,0.39158642
0,0,0.39420655
0,0,0.4517557
0,0,0.43112192
1,0,0.48070017
1,0,0.46486267
1,1,0.5356274
1,1,0.50397944
0,1,0.5134877
0,0,0.34879738
0,0,0.4374523
0,0,0.30062518
1,0,0.4576756
1,0,0.43849474
1,0,0.46789372
1,0,0.4814055
0,0,0.47503334
0,0,0.43345007
1,0,0.47777972
1,0,0.43137807
0,0,0.45158058
0,0,0.4493869
0,1,0.52006525
0,0,0.4822427
0,0,0.4601822
0,1,0.5107317
0,0,0.4511585
0,1,0.59462917
0,1,0.51247674
0,0,0.46913537
0,1,0.5442913
0,1,0.5640623
0,1,0.515774
0,1,0.5487285
0,1,0.55721694
0,1,0.5478865
0,1,0.512895
0,1,0.5135054
0,1,0.534538
0,1,0.5599617
0,1,0.5503307
0,1,0.56578434
1,1,0.5693545
1,1,0.5277312
1,1,0.5701093
1,1,0.53846824
0,1,0.55836415
0,1,0.51248515
0,1,0.5249019
0,1,0.5241066
0,1,0.51706386
1,1,0.5056274
1,0,0.48558253
1,1,0.50257623
1,1,0.5183758
1,1,0.5352989
1,1,0.54141366
1,1,0.524507
1,1,0.51703495
1,1,0.5389302
0,1,0.5075305
1,1,0.5124629
1,0,0.4919469
1,1,0.5502538
1,1,0.5240903
1,1,0.5100913
1,1,0.52672553
1,1,0.5346892
0,1,0.51721907
0,0,0.47965145
0,1,0.50881743
0,1,0.5176105
0,0,0.4920717
1,1,0.5458457
0,1,0.5218253
0,0,0.4816015
0,0,0.45910174
0,1,0.51737016
0,0,0.4582058
0,0,0.48347977
1,0,0.47573012
1,0,0.47948492
1,1,0.5038855
0,0,0.48871264
0,0,0.46659115
0,1,0.51851183
0,0,0.45433846
1,0,0.45160392
0,0,0.46877402
1,1,0.5405417
1,1,0.5327717
1,1,0.5724356
0,1,0.5275105
0,1,0.5290499
0,1,0.5095228
0,1,0.5370572
0,1,0.5211398
0,1,0.5040967
1,1,0.7534422
1,1,0.58333695
1,1,0.6369288
1,1,0.61483264
1,1,0.6451977
1,0,0.4650383
1,0,0.37412664
1,0,0.34105518
0,0,0.27821514
0,0,0.25868326
0,0,0.28538892
0,0,0.3657761
0,0,0.34484193
0,0,0.477328
1,0,0.4651388
1,0,0.4973412
1,0,0.46941817
1,1,0.5417186
1,0,0.49749568
1,0,0.46406665
0,0,0.45852116
1,0,0.44771075
1,0,0.4638242
1,0,0.46023753
1,0,0.46080923
1,0,0.45752314
1,0,0.45874688
1,0,0.43650272
1,0,0.40760687
1,0,0.42998037
1,0,0.44634634
1,0,0.44352776
1,0,0.43275905
1,0,0.44611704
1,0,0.44046497
1,0,0.41288882
1,0,0.45442086
1,0,0.43013516
0,0,0.44775045
1,0,0.47765088
1,0,0.44470626
0,0,0.44485492
0,0,0.45200494
0,0,0.4260265
0,0,0.44793195
0,0,0.45529854
0,0,0.42945886
0,1,0.516209
0,0,0.47903413
1,1,0.50624293
1,1,0.50806516
1,0,0.4626695
1,0,0.46525422
1,0,0.46125862
1,0,0.4417498
0,0,0.43506452
0,0,0.47321913
0,0,0.4631392
0,0,0.44029385
1,0,0.46102574
1,0,0.4746001
1,0,0.47513267
1,0,0.49260825
1,0,0.47854125
1,0,0.49924618
1,0,0.47061723
1,0,0.47588438
1,0,0.4736488
1,0,0.49256024
1,0,0.45938474
1,0,0.46616763
1,0,0.46294373
1,0,0.48406488
1,0,0.46166617
1,0,0.4792534
1,0,0.40373483
0,0,0.47280017
0,0,0.42231533
1,0,0.4333015
0,0,0.45148036
0,0,0.46226734
1,0,0.47218233
1,0,0.48238102
1,0,0.46109545
0,0,0.4579565
1,0,0.4347925
1,0,0.47543472
1,0,0.45348787
1,0,0.47318786
1,1,0.5307368
1,0,0.469078
1,0,0.47574943
0,0,0.46689692
0,0,0.4403247
0,0,0.46016768
0,0,0.45334592
0,0,0.4607478
0,0,0.4797749
0,1,0.5366625
0,1,0.5247921
0,0,0.4918187
0,1,0.50893354
0,1,0.5158367
1,1,0.51482487
1,1,0.52444166
1,1,0.50820345
0,0,0.4811117
1,0,0.4891983
0,0,0.48537207
0,0,0.46503466
0,0,0.46703205
0,0,0.4547373
0,0,0.45441538
0,0,0.45482758
1,0,0.49780244
1,1,0.5108373
1,0,0.44112992
1,1,0.5409394
1,0,0.49275383
0,0,0.4992998
1,0,0.47830278
0,0,0.4833604
0,0,0.47311872
0,0,0.48600918
0,0,0.47545487
0,0,0.46497002
0,1,0.5004221
0,0,0.47046167
0,0,0.4855061
1,1,0.52630144
1,1,0.5048482
1,1,0.51668745
1,0,0.46927238
1,0,0.45082408
0,0,0.4833454
0,1,0.5114661
0,0,0.48046568
0,0,0.46508282
0,0,0.47517112
1,0,0.45654327
1,1,0.5047303
1,0,0.48066545
1,0,0.4795993
1,1,0.516061
1,0,0.39778802
1,0,0.38488117
0,0,0.32512724
0,0,0.42457023
0,0,0.35531905
0,0,0.29356983
0,0,0.29942942
0,0,0.43006796
0,0,0.45878157
1,0,0.43594998
1,1,0.50433165
1,0,0.47020134
1,1,0.500581
1,0,0.49231797
0,0,0.43756083
0,0,0.43208402
1,0,0.42921886
1,0,0.45292902
1,0,0.4542882
1,0,0.4746064
0,0,0.44811237
0,0,0.45072332
0,0,0.45097637
0,0,0.45669234
0,0,0.46160936
0,0,0.45770925
0,0,0.46618357
1,1,0.53559405
1,1,0.50461525
1,0,0.4912216
1,0,0.48910862
1,0,0.4655307
0,0,0.47666544
0,0,0.49510667
0,0,0.4711739
0,0,0.4922364
0,0,0.45386636
0,0,0.44523466
0,0,0.4552856
0,0,0.40977636
0,0,0.42319173
1,1,0.50960934
1,0,0.46173197
1,0,0.48459205
0,0,0.44887543
0,0,0.42462423
0,0,0.3904487
0,0,0.43526652
1,0,0.4277457
1,0,0.4400217
1,0,0.44139135
1,0,0.43746343
1,0,0.42702365
0,0,0.4268948
1,0,0.40669718
1,0,0.41226742
1,0,0.41836756
0,0,0.4041538
1,0,0.4383801
0,0,0.46117726
0,0,0.43890983
0,0,0.39146245
1,0,0.43878984
1,0,0.42095965
1,1,0.5061344
1,0,0.44317678
1,0,0.46256703
1,0,0.34936434
1,0,0.39493737
0,0,0.4088912
0,0,0.38288417
0,0,0.43874732
0,0,0.45704255
0,0,0.44137454
0,1,0.5277711
1,0,0.47829425
1,1,0.50041497
1,0,0.4565255
1,0,0.44163302
1,0,0.47864163
1,0,0.46125883
1,0,0.40418208
1,0,0.40407202
1,0,0.46302217
1,0,0.44072703
0,0,0.43117487
1,0,0.45676044
1,0,0.4577302
1,0,0.44599456
1,0,0.44599456
1,1,0.51983935
1,0,0.46233407
1,0,0.42102233
0,0,0.36136746
0,0,0.436807
1,0,0.44477007
1,0,0.44440815
1,0,0.4205511
1,0,0.42723382
1,0,0.45789355
1,0,0.40427712
1,0,0.39274746
1,0,0.3955913
1,0,0.42209062
1,0,0.36978778
0,0,0.4215241
0,0,0.40839833
0,0,0.40497255
0,0,0.4148253
0,0,0.44191137
1,0,0.49843043
1,0,0.46376052
1,0,0.45817116
0,1,0.5143719
1,0,0.4386782
1,0,0.46467775
0,0,0.411366
0,0,0.3931952
0,0,0.49101636
0,0,0.4288416
0,0,0.41543528
0,0,0.41812244
0,0,0.43629956
0,0,0.45548415
0,0,0.4630575
0,0,0.42749536
0,0,0.43717617
0,0,0.47532123
0,0,0.39222938
0,1,0.5130502
0,0,0.43645376
0,0,0.4213134
0,0,0.4508993
0,0,0.42692298
0,0,0.43133473
1,0,0.48617312
1,0,0.4124446
1,1,0.64775485
1,0,0.48541892
1,0,0.4472023
1,0,0.368008
1,0,0.42800367
1,0,0.49701345
1,0,0.44318998
1,0,0.45825225
1,0,0.45104727
1,0,0.47105777
1,0,0.4532081
1,0,0.4472716
1,0,0.37924802
1,0,0.44638586
1,0,0.45357773
0,0,0.4642084
0,0,0.46243036
0,0,0.45046714
0,0,0.43114194
0,0,0.41082606
0,0,0.47604218
0,0,0.4708222
0,0,0.47368693
0,0,0.49823374
0,0,0.4435415
0,0,0.42606583
0,0,0.42261735
0,0,0.39739728
0,0,0.45290995
0,0,0.4575801
0,0,0.44980028
0,0,0.44295895
1,0,0.418745
1,0,0.43115693
1,0,0.42697832
1,0,0.44197035
1,0,0.43287075
0,0,0.45356655
0,0,0.4170775
0,0,0.42805526
0,0,0.42279482
1,0,0.39758772
1,0,0.4169197
1,0,0.4467719
1,0,0.43393403
1,0,0.39976096
1,0,0.42651194
1,0,0.4267343
1,0,0.44975284
1,0,0.4388071
1,0,0.4381686
1,0,0.4427255
0,0,0.4361655
0,0,0.45515856
0,0,0.46255144
0,0,0.43818158
0,0,0.42682827
0,0,0.4536
1,0,0.44203967
1,0,0.4411758
0,0,0.49697283
0,0,0.4548739
1,0,0.44712088
1,0,0.42563164
1,0,0.38872933
0,0,0.48307705
0,0,0.4841022
0,0,0.49055952
1,0,0.4242189
1,0,0.3942054
1,0,0.4791763
1,0,0.45044237
1,1,0.5308196
1,0,0.44339028
0,0,0.4748278
1,0,0.45259902
1,0,0.4524303
0,0,0.4515204
0,0,0.4466288
0,0,0.41612685
1,0,0.4466142
1,0,0.45773104
1,0,0.46184748
1,0,0.46116126
1,0,0.4356813
1,0,0.45063624
1,0,0.4599536
1,0,0.4530947
1,0,0.42508635
1,0,0.43880752
1,0,0.4094503
1,0,0.39737964
1,0,0.41281804
1,0,0.43878564
1,0,0.41167462
1,0,0.26383463
1,0,0.4015664
0,0,0.3658091
0,0,0.36574775
0,0,0.3564659
0,0,0.4424108
0,0,0.42068037
1,1,0.5420688
1,0,0.41377795
1,0,0.4148
1,0,0.4187359
1,0,0.45450982
1,0,0.40897632
1,0,0.4413191
1,0,0.44692105
1,0,0.4367378
1,0,0.4315923
0,0,0.47549686
0,0,0.45943788
0,0,0.39331448
0,0,0.43758985
0,0,0.43561915
0,0,0.417005
0,0,0.49677557
0,0,0.41504502
0,1,0.5260673
0,0,0.48606473
0,0,0.4938019
0,0,0.44819185
1,1,0.5264495
1,0,0.41920194
0,0,0.43641657
1,0,0.4689428
1,0,0.44376835
0,0,0.4384118
0,0,0.44321266
0,0,0.44107288
0,0,0.4599762
0,0,0.41803917
0,0,0.42930958
0,0,0.43912756
1,0,0.45060167
0,0,0.42001438
0,0,0.38828087
0,0,0.44074982
0,0,0.37062475
0,0,0.49947366
1,0,0.3614786
1,0,0.47408304
1,0,0.47043723
1,0,0.4302832
1,0,0.46060234
1,0,0.39581707
0,0,0.4182422
0,0,0.39597565
0,0,0.41437367
0,0,0.42819148
0,0,0.42609936
0,0,0.43144548
0,0,0.4545583
0,0,0.42878643
0,0,0.43404728
0,0,0.43372583
1,0,0.4424948
1,0,0.46182746
1,0,0.491447
1,0,0.4363543
1,0,0.42560318
0,0,0.44366536
0,0,0.4430959
0,0,0.4323105
0,0,0.4479842
0,0,0.43633133
1,0,0.4660465
1,0,0.43901724
1,0,0.43029246
1,0,0.42274234
1,0,0.46090037
1,0,0.44007012
1,0,0.4093076
1,0,0.43060407
0,0,0.43890288
0,0,0.38097978
0,0,0.39487934
0,0,0.43113455
0,0,0.42396796
0,0,0.40453768
1,0,0.40847096
1,0,0.43195257
1,0,0.41003975
1,0,0.4372824
0,0,0.46471882
1,0,0.45125365
1,0,0.4386157
1,0,0.4412263
1,0,0.45339558
1,0,0.45182887
1,0,0.45066926
1,0,0.44434294
0,0,0.44718912
0,0,0.37125435
0,0,0.42491814
0,0,0.4145691
0,0,0.411546
0,1,0.5059185
0,0,0.48585865
0,0,0.41981852
0,0,0.4858579
0,0,0.4391132
0,0,0.46293366
1,0,0.40829822
1,0,0.42237034
1,0,0.39145163
1,0,0.41586357
1,0,0.37466758
1,0,0.42551053
0,0,0.42081797
0,0,0.39095977
0,0,0.4008466
0,0,0.4497353
0,0,0.41954058
1,0,0.42273203
1,0,0.42540625
1,0,0.47055614
1,0,0.49260697
1,0,0.45539626
1,0,0.42872745
1,0,0.47711825
0,0,0.47319886
0,0,0.43949413
0,0,0.42644283
0,0,0.43255714
0,0,0.40815306
1,0,0.42457342
1,0,0.40163115
1,0,0.46394807
1,0,0.4632563
0,0,0.46537304
0,0,0.43785736
0,0,0.44672588
0,0,0.44667417
0,0,0.4252941
0,0,0.44200495
0,0,0.45105815
0,1,0.5142035
0,0,0.46754685
0,0,0.45800564
1,0,0.45764315
0,0,0.43958798
1,0,0.47434568
1,0,0.43553773
0,0,0.47245038
0,0,0.4283411
0,0,0.44870624
0,0,0.42612526
0,0,0.39204592
0,0,0.43234766
0,0,0.45588398
0,0,0.45215473
0,0,0.4326049
0,0,0.41942474
0,0,0.49459207
0,1,0.51455843
1,0,0.49401635
1,0,0.4868129
1,1,0.5380455
1,0,0.47875822
1,0,0.41670054
1,0,0.46899664
0,0,0.42955923
0,0,0.4571373
0,0,0.47274882
0,0,0.4673137
0,0,0.4422758
1,0,0.48443416
1,0,0.4926286
1,0,0.469624
0,0,0.4568673
1,0,0.45560944
1,0,0.46354896
0,0,0.4561219
1,0,0.44899568
1,0,0.45989802
0,1,0.51427627
0,0,0.48798677
0,0,0.46071893
0,0,0.46392417
0,0,0.46171033
0,0,0.44645596
0,0,0.4393123
0,0,0.4398356
0,0,0.4914524
0,0,0.4852465
0,0,0.46584082
0,0,0.49821386
0,0,0.46898428
0,0,0.49662036
0,0,0.4847818
0,1,0.51193935
0,1,0.52634895
1,1,0.5699454
1,1,0.5047068
1,0,0.49390855
0,1,0.5185568
0,0,0.47893775
1,0,0.48662302
1,1,0.5351251
1,1,0.52069956
1,1,0.5129818
1,1,0.5310859
1,1,0.53815895
1,0,0.48195627
1,1,0.5090859
1,0,0.47123888
1,0,0.3803834
1,0,0.42264503
0,0,0.44360623
0,0,0.4370694
1,0,0.4506563
1,0,0.42676556
1,0,0.46021655
1,0,0.4691313
1,0,0.48759705
0,0,0.45213026
0,0,0.37400454
0,0,0.41185898
0,0,0.4298118
0,0,0.40068713
0,0,0.42520484
0,0,0.38923827
0,0,0.38658696
0,0,0.3711382
1,0,0.42604214
1,0,0.46847415
1,1,0.5615078
1,0,0.36897695
0,0,0.401726
0,0,0.39026123
0,0,0.39423457
1,0,0.384026
1,0,0.40830442
1,0,0.44364554
0,0,0.4185431
0,0,0.45942682
0,0,0.44624624
0,0,0.48153093
0,0,0.38998696
0,0,0.43071243
0,0,0.45004106
0,0,0.47775307
0,0,0.42101374
0,0,0.42015377
0,0,0.44122842
0,0,0.43864673
0,0,0.44760126
0,0,0.41321775
0,0,0.43041325
0,0,0.43100345
0,1,0.5130035
0,0,0.41492686
1,0,0.45558468
1,0,0.4403786
1,0,0.4860224
1,0,0.47844443
1,0,0.46035475
1,0,0.45101392
1,0,0.45218837
1,0,0.44441968
1,0,0.45015863
1,0,0.45534936
1,0,0.42107144
0,0,0.40125677
0,0,0.4401187
0,0,0.45530745
0,0,0.32945892
0,0,0.42195717
0,0,0.42943722
0,0,0.4280298
0,0,0.4288778
1,0,0.43002135
1,0,0.42076328
1,0,0.46673036
1,0,0.4599639
1,0,0.42205134
0,0,0.4087939
0,0,0.4044583
0,0,0.44544673
0,0,0.42760187
0,0,0.42376605
1,0,0.45407394
1,0,0.43364206
1,0,0.43410546
1,0,0.4241432
1,0,0.45379606
1,0,0.41816336
1,0,0.4294083
1,0,0.38450688
1,0,0.41854063
1,0,0.42741397
1,0,0.43293566
1,0,0.3653888
0,0,0.4157037
1,0,0.39598197
1,0,0.41262814
1,0,0.41515657
1,0,0.40322518
1,0,0.41533872
1,0,0.3767835
0,0,0.40464538
0,0,0.3757659
0,0,0.40090016
0,0,0.39589104
0,0,0.40355504
0,0,0.43701792
0,0,0.4514059
1,0,0.41744104
0,0,0.41792956
0,0,0.41015267
1,0,0.4161204
1,0,0.44730327
1,0,0.37533545
1,0,0.4129064
1,0,0.44670972
1,0,0.413341
1,0,0.37502626
1,0,0.32129017
0,0,0.4638612
0,0,0.34899428
0,0,0.3661562
0,0,0.44059953
0,0,0.3273915
0,0,0.45641935
0,0,0.45937645
0,0,0.4601426
0,0,0.45375344
0,0,0.4485148
0,0,0.44913316
0,0,0.39412454
1,0,0.43018657
1,0,0.3968001
1,0,0.41230828
1,0,0.4088115
1,0,0.42347047
0,0,0.39978507
1,0,0.40105003
1,0,0.41485542
1,0,0.3669528
1,0,0.38854668
1,0,0.43648636
1,0,0.40164685
0,0,0.41287464
0,0,0.40303904
0,0,0.439535
0,0,0.42080763
0,0,0.42005417
0,0,0.45620063
0,0,0.40075192
1,0,0.38438496
1,0,0.39659044
1,0,0.41050544
1,0,0.4217909
1,0,0.4063166
1,0,0.36553654
1,0,0.36553654
1,0,0.34240577
1,0,0.4059655
1,0,0.39836267
1,0,0.37725177
0,0,0.47434837
0,0,0.40392315
0,0,0.42783496
0,0,0.3939735
0,0,0.43534875
1,0,0.4936863
1,0,0.4883254
1,0,0.4772942
1,0,0.46870965
1,0,0.44823343
1,0,0.43732733
1,0,0.41304058
1,0,0.38707376
0,0,0.3398083
1,0,0.4132573
0,0,0.39740708
1,0,0.41958514
1,0,0.41974133
1,0,0.37465638
1,0,0.4088234
1,0,0.472197
1,0,0.3908661
0,0,0.38978246
0,0,0.42984432
0,0,0.41233072
0,0,0.41187525
0,0,0.4151042
0,0,0.37505293
0,0,0.40809098
0,0,0.4070623
0,0,0.394849
0,0,0.4076621
0,0,0.42404142
0,0,0.35740104
1,0,0.41413903
0,0,0.40124503
1,0,0.42369747
1,0,0.4056281
1,0,0.37457183
0,0,0.39172027
1,0,0.41150174
0,0,0.37666425
0,0,0.4354107
1,0,0.40372172
1,0,0.4354925
1,0,0.384804
1,0,0.4445349
1,0,0.41652998
1,0,0.4072117
0,0,0.4174501
0,0,0.41435152
0,0,0.4142035
0,0,0.42676747
0,0,0.40608966
0,0,0.43493542
0,0,0.45764965
0,0,0.43513125
0,0,0.45300308
0,0,0.44098985
0,0,0.42949978
0,0,0.43899664
1,0,0.4340934
1,0,0.46021724
0,1,0.501277
0,0,0.44316977
1,0,0.45152688
0,0,0.43192628
0,0,0.4350566
0,0,0.4722322
0,0,0.40768445
0,0,0.3749514
0,0,0.47409508
0,0,0.46023622
0,0,0.44008952
0,0,0.49352545
1,0,0.38781387
1,0,0.4443111
1,0,0.4416633
1,0,0.46772832
1,0,0.44697297
1,0,0.4617288
1,0,0.4662692
0,0,0.4862146
0,0,0.46901923
0,0,0.36269876
0,0,0.39755395
0,0,0.42418534
0,0,0.4349473
0,0,0.40801197
1,0,0.43827
1,0,0.4489267
1,0,0.43711713
0,0,0.42744473
1,0,0.43046033
1,0,0.4102784
0,0,0.40135875
0,0,0.3790025
0,0,0.45229828
0,0,0.41361624
0,0,0.41627744
0,0,0.42889342
0,0,0.43819085
0,0,0.44731218
1,0,0.45726895
1,0,0.41180888
1,0,0.4736815
0,0,0.42919573
0,0,0.47418326
0,0,0.41746962
0,0,0.46009508
0,0,0.4380659
0,0,0.49278846
0,0,0.43178517
0,0,0.4455086
1,0,0.48405436
0,0,0.4094751
0,0,0.40961927
0,0,0.47035193
0,0,0.44018188
0,0,0.45156834
1,1,0.51732
0,0,0.45583215
0,0,0.43628967
1,0,0.43970668
1,0,0.42867848
0,0,0.42806092
1,0,0.45176443
1,0,0.4481096
0,0,0.422273
0,0,0.41785192
0,0,0.37431985
0,0,0.49425927
0,0,0.37085015
0,0,0.42383623
0,0,0.44295484
0,0,0.3590616
0,0,0.39551574
0,0,0.43007344
0,0,0.42887697
0,0,0.41149893
1,0,0.40079764
1,0,0.46656254
1,0,0.49590513
1,0,0.45383376
0,0,0.36329693
0,0,0.29630983
0,0,0.33266544
0,0,0.38977817
1,0,0.435109
1,0,0.47975543
1,1,0.5388911
1,1,0.6260819
1,0,0.4657198
0,0,0.37330732
0,0,0.41757378
0,0,0.40450126
0,0,0.32675815
0,0,0.35148984
0,0,0.4914286
0,1,0.6459172
0,1,0.5589583
0,1,0.5361514
0,0,0.47338519
0,0,0.48955265
0,0,0.43251207
0,1,0.5825905
0,1,0.536938
0,1,0.6733241
0,0,0.4741208
0,1,0.54957825
0,0,0.45107958
0,1,0.50651765
0,0,0.46552858
0,0,0.48973876
1,1,0.52936816
1,0,0.4579767
1,0,0.45931965
1,0,0.46044177
0,0,0.4360638
1,0,0.42612985
1,0,0.37639886
1,0,0.41828156
1,0,0.44612566
1,0,0.44463247
0,0,0.41927812
0,0,0.39325872
0,0,0.40316936
0,0,0.4130819
0,0,0.40449923
0,0,0.42165267
1,1,0.5329024
1,1,0.5158219
1,0,0.42841023
1,0,0.48491743
1,0,0.4608159
1,0,0.43055323
1,0,0.45388103
1,0,0.44028604
0,0,0.3909
0,0,0.38914505
1,0,0.44331786
1,0,0.41564003
1,0,0.43597427
1,0,0.48678848
1,0,0.4359868
1,0,0.41778824
0,0,0.4214372
0,0,0.42009398
1,0,0.4201968
1,0,0.4207129
1,0,0.39536306
1,0,0.49052745
1,0,0.46257648
1,0,0.41605878
1,0,0.43448794
1,0,0.42384332
1,0,0.36335844
1,0,0.41714236
1,0,0.40877923
1,0,0.41280496
0,0,0.38026237
0,0,0.36939445
0,0,0.3503903
0,0,0.39985952
1,0,0.40668237
1,0,0.44150582
0,0,0.44357935
0,0,0.48739251
0,0,0.48072824
0,0,0.39650106
0,0,0.34629625
0,0,0.43477967
0,1,0.6083267
0,0,0.46153164
0,1,0.50049245
0,0,0.47812733
1,1,0.6626053
1,1,0.5538387
1,1,0.6592757
1,0,0.42267278
1,0,0.41996586
1,0,0.40674698
1,0,0.39933527
1,0,0.40915608
0,0,0.41797793
0,0,0.41331327
0,0,0.41978848
0,0,0.4096365
0,0,0.41205066
1,1,0.5026764
1,0,0.4586694
1,1,0.5490838
1,0,0.46621808
1,1,0.5034173
1,0,0.46257693
1,0,0.41735175
1,0,0.41788372
1,0,0.4213775
0,0,0.42010778
1,0,0.45341632
1,0,0.4319408
0,0,0.3917925
0,0,0.41963282
0,0,0.45680222
0,0,0.4267303
0,0,0.416592
1,1,0.53003544
1,1,0.53199184
0,0,0.46418148
0,0,0.4378493
1,0,0.49543843
0,0,0.4349484
1,0,0.40841392
0,0,0.39527103
1,0,0.39957988
1,0,0.4134381
1,0,0.40776312
1,0,0.38271773
1,0,0.41257676
0,0,0.41602334
0,0,0.3990027
0,0,0.4202898
0,0,0.39924276
0,0,0.42389053
1,0,0.41770503
1,1,0.50606775
1,1,0.50923496
1,0,0.46266216
1,0,0.4528598
1,0,0.42915684
1,0,0.42859873
0,0,0.41559216
0,0,0.42596072
0,0,0.4298489
0,0,0.4285862
0,0,0.40057686
1,0,0.4696166
1,0,0.45791206
0,0,0.44860247
1,0,0.44917938
0,0,0.4138852
0,0,0.43878844
0,0,0.41937113
1,0,0.44325864
1,0,0.42205125
1,0,0.4175767
1,0,0.45178643
1,0,0.42181912
0,0,0.44480708
0,0,0.44104218
0,0,0.44142023
0,0,0.4391955
0,0,0.41575623
0,0,0.4597479
1,0,0.45363268
1,0,0.47023448
1,0,0.44094202
1,0,0.39859518
0,0,0.39555475
0,0,0.45826072
0,0,0.45149338
0,0,0.4487375
0,0,0.4188782
1,0,0.41459155
1,0,0.4740925
1,1,0.5312925
1,0,0.4967568
0,0,0.482111
0,0,0.41936624
0,0,0.44510496
1,0,0.4403885
1,0,0.4450756
1,0,0.45480505
1,0,0.43561324
1,0,0.49837542
1,0,0.38168216
1,0,0.3379756
0,0,0.3800345
0,0,0.36411306
0,0,0.39719945
0,0,0.37449998
0,0,0.40572768
0,0,0.43974122
0,1,0.51189184
1,0,0.42684436
1,0,0.41614726
0,0,0.4520444
0,0,0.4444887
0,0,0.39943302
0,0,0.40998173
0,0,0.39276022
0,0,0.4698544
0,0,0.4136641
0,1,0.50493014
0,0,0.4534044
1,1,0.5003357
1,0,0.4605223
0,0,0.45493546
1,0,0.41803274
0,0,0.42267025
0,0,0.40969563
0,0,0.40364036
1,0,0.4098189
1,0,0.38000214
1,0,0.43915817
1,0,0.4960582
1,0,0.45001292
1,0,0.41960412
1,0,0.3787568
1,0,0.3777051
1,0,0.42675862
1,0,0.42474258
0,0,0.38252988
0,0,0.42557263
0,0,0.41643107
0,0,0.39823443
0,0,0.39342403
0,0,0.43345708
0,0,0.4589646
0,0,0.4035603
0,0,0.40523612
0,0,0.41981342
0,0,0.42764643
0,0,0.47416884
0,0,0.4313621
0,0,0.37626526
0,0,0.4227235
0,0,0.41688988
0,0,0.41602054
0,0,0.47744885
0,1,0.50508916
1,0,0.44719294
0,0,0.44378918
0,0,0.49275842
0,0,0.4609762
0,0,0.36939138
0,0,0.380026
0,0,0.44103104
0,0,0.42238855
1,0,0.45684332
0,0,0.43641174
1,0,0.46341547
1,0,0.46749768
1,0,0.46232715
1,0,0.4495762
1,0,0.46011654
1,0,0.46045914
0,0,0.47647408
0,0,0.46201864
1,0,0.4174389
0,0,0.4312933
0,0,0.425586
0,0,0.458585
0,0,0.41189826
0,0,0.46215472
0,0,0.4110885
0,0,0.47155973
0,0,0.45101926
0,0,0.4243219
0,0,0.3953941
0,0,0.38648808
1,0,0.45010585
1,0,0.36787918
1,0,0.39338177
1,0,0.49876708
1,0,0.45021245
0,0,0.34976256
1,0,0.40922803
1,0,0.39007658
1,0,0.38940147
0,0,0.36213198
0,0,0.45817336
0,0,0.40910262
0,0,0.40191248
0,0,0.43173155
0,0,0.41638404
0,0,0.45858252
0,1,0.5103035
1,1,0.52684027
1,1,0.59726554
0,1,0.52022886
0,0,0.46531266
0,0,0.4851733
0,0,0.4098561
0,0,0.40623224
0,1,0.5365857
0,1,0.6740678
0,1,0.50547934
0,1,0.59389526
0,0,0.4941002
1,1,0.58528364
0,0,0.4837128
0,0,0.4865059
0,0,0.47198465
1,0,0.4422663
1,0,0.40365627
0,0,0.452715
0,0,0.49476758
1,0,0.45537555
1,1,0.5258449
1,0,0.4928737
1,1,0.56186074
1,1,0.5448663
1,1,0.5130983
0,0,0.47860432
0,0,0.48150343
0,1,0.50316507
1,0,0.4555474
1,1,0.5021286
1,1,0.5320017
1,1,0.58189225
1,1,0.54539126
1,1,0.5177822
1,1,0.5250196
1,1,0.51910955
1,0,0.49916527
1,0,0.48047504
1,1,0.5181095
1,1,0.52649665
1,1,0.51319075
1,0,0.49828702
1,0,0.46710625
1,0,0.4725509
1,0,0.49639702
1,1,0.5114301
0,0,0.4801703
0,0,0.43365976
1,0,0.4126333
1,0,0.43785682
1,0,0.435881
1,0,0.47190627
1,0,0.44228774
1,0,0.4818723
1,0,0.44025278
1,0,0.43290192
1,0,0.42149904
1,0,0.45821404
1,0,0.45708168
1,0,0.43119308
1,0,0.43197232
0,0,0.47334123
0,0,0.42886087
0,0,0.44580364
0,0,0.45129478
0,0,0.48516434
1,1,0.6130381
1,0,0.48307028
0,1,0.7036374
0,0,0.48455888
0,1,0.59340984
0,0,0.4200627
1,0,0.43552876
1,0,0.46413526
1,0,0.47242835
1,0,0.48622677
1,1,0.5696339
0,0,0.43223912
0,0,0.37208614
0,0,0.38324508
0,0,0.4479422
0,0,0.42975676
0,0,0.47323087
1,0,0.49905574
0,0,0.48527026
0,0,0.45740324
0,0,0.448681
0,0,0.4129069
0,0,0.4033025
1,1,0.5506802
1,0,0.47896904
1,0,0.4897168
1,0,0.49857524
1,0,0.48823234
1,0,0.405479
1,0,0.3871164
1,0,0.39041805
1,0,0.41109037
1,0,0.41224936
1,0,0.42764542
1,0,0.43103054
0,0,0.44003707
0,0,0.44310683
0,0,0.43827683
0,0,0.45473063
0,0,0.4098005
1,0,0.4831092
1,1,0.54441184
1,0,0.4963072
1,0,0.4799529
1,1,0.52936184
1,0,0.49162817
1,0,0.3976826
1,0,0.43339652
1,0,0.40728667
1,0,0.40435836
1,0,0.3955741
1,0,0.3813418
0,0,0.4283727
0,0,0.430181
0,0,0.4245426
1,0,0.4305856
0,0,0.42261207
1,0,0.49032068
1,0,0.43366453
1,0,0.48678532
1,0,0.4313621
1,0,0.43652117
0,0,0.40427846
1,0,0.40002567
0,0,0.42630166
0,0,0.40146753
0,0,0.409124
0,0,0.4064204
0,0,0.40485707
1,0,0.40484193
1,0,0.4576037
1,0,0.39803463
1,0,0.4523137
1,0,0.44269323
0,0,0.39386582
0,0,0.38609597
1,0,0.41256946
1,0,0.39988804
1,0,0.4136118
1,0,0.37241945
1,0,0.38758463
1,0,0.4311508
0,0,0.44187874
1,0,0.44544756
0,0,0.45190638
0,0,0.39205313
0,0,0.4027736
0,0,0.41881892
0,0,0.3699328
1,0,0.4709592
0,0,0.4347061
0,0,0.39273986
0,0,0.3768059
0,0,0.38312423
0,0,0.33640647
0,0,0.4169548
1,0,0.38069603
1,0,0.3692624
1,0,0.3728073
1,1,0.5461814
1,0,0.4006165
1,0,0.38406956
0,0,0.4060353
0,0,0.4002549
0,0,0.41870528
0,0,0.40954655
0,0,0.41191104
1,0,0.42592353
1,0,0.4768077
1,0,0.41725665
1,0,0.40030226
1,0,0.41530952
1,0,0.44182613
1,0,0.44036278
0,0,0.44215804
0,0,0.39232266
0,0,0.42315212
1,0,0.41066614
1,0,0.44290265
1,0,0.42047137
1,0,0.44930133
1,0,0.43899262
0,0,0.43163458
0,0,0.40611306
0,0,0.46296725
0,0,0.47344595
0,0,0.4468969
0,1,0.5044483
0,0,0.46995223
0,0,0.4705668
0,0,0.47935036
0,0,0.481996
0,1,0.51470315
0,0,0.45470908
0,0,0.46171865
0,0,0.4576713
1,0,0.4684515
1,0,0.44521558
0,0,0.45521495
1,1,0.50255775
1,0,0.45578855
0,0,0.45535886
1,0,0.4184591
1,0,0.42454436
1,0,0.42434114
1,0,0.3875086
1,0,0.4331673
0,0,0.413102
0,0,0.42190692
0,0,0.4415447
0,0,0.44237772
0,0,0.44402984
0,0,0.4580085
0,0,0.45949608
0,0,0.44691658
0,0,0.4727574
0,0,0.445526
0,0,0.42991576
0,0,0.42142585
0,0,0.41278854
0,1,0.5219852
0,0,0.4791001
0,1,0.5368764
0,1,0.5338607
0,1,0.5942001
0,1,0.5278595
0,0,0.49102595
0,1,0.5211044
0,0,0.4952341
0,0,0.41034216
0,0,0.47351146
0,0,0.46720147
0,0,0.40827733
1,1,0.51078886
1,0,0.4561301
1,0,0.4221662
1,0,0.39291564
1,0,0.42358422
1,0,0.3520996
1,0,0.3939694
1,0,0.40683573
0,0,0.39145064
0,0,0.3665544
0,0,0.3697699
0,0,0.35232896
0,0,0.36046627
0,0,0.4154018
0,0,0.3557176
0,0,0.3512256
0,0,0.37463367
0,0,0.42954516
0,0,0.4026137
0,0,0.41359836
0,0,0.45106536
1,0,0.43026084
1,0,0.40138963
1,0,0.29987288
1,0,0.36383402
1,0,0.4224773
1,0,0.41542628
1,0,0.2941813
1,0,0.31340817
1,0,0.28249392
1,0,0.37827817
1,0,0.32567954
1,0,0.37232482
0,0,0.37981805
0,0,0.39169174
0,0,0.4571929
0,0,0.39116898
0,0,0.40786055
0,0,0.47213125
0,1,0.5850925
0,1,0.56270313
0,1,0.50248796
0,0,0.4573988
0,0,0.46326053
0,0,0.47502553
0,1,0.57653
0,1,0.5291303
0,1,0.6524055
0,1,0.525588
0,1,0.56647396
0,1,0.5099498
0,1,0.5994119
0,1,0.5176655
0,1,0.54337573
1,1,0.5435135
1,1,0.54002166
1,0,0.48724094
1,1,0.54962695
0,1,0.50175405
1,0,0.49043557
1,1,0.5244796
0,1,0.5477294
1,0,0.49429306
1,1,0.5033996
0,0,0.49458817
0,1,0.5099765
0,1,0.5136511
0,1,0.5138266
0,1,0.5119761
0,1,0.5307395
1,0,0.4966829
1,1,0.5276918
1,1,0.5296148
1,1,0.5512975
1,1,0.5432236
1,1,0.5124445
1,1,0.5263174
1,1,0.5176875
0,1,0.5672198
0,1,0.5592052
1,1,0.5447626
1,1,0.54725343
1,1,0.5879715
1,1,0.5892612
1,1,0.5359689
0,0,0.47882172
0,1,0.5161808
1,1,0.5023298
1,0,0.47981772
1,1,0.5173044
1,0,0.47509843
1,0,0.46470848
1,0,0.46136975
1,0,0.43811357
1,0,0.38953528
1,0,0.43480825
1,0,0.32998055
1,0,0.36742732
1,0,0.33749196
0,0,0.40729675
0,0,0.4099869
0,0,0.45285833
0,0,0.42862886
0,0,0.4055808
0,1,0.5896438
1,1,0.5044065
0,1,0.52518153
0,0,0.46332386
0,0,0.48600897
0,0,0.44476163
0,0,0.39370683
0,0,0.4910846
0,0,0.45084476
0,0,0.4840037
0,0,0.42285898
0,0,0.44559503
1,1,0.6499019
1,1,0.500558
1,1,0.53701276
1,0,0.44461706
1,0,0.44084674
1,0,0.43579558
0,0,0.403993
1,0,0.41853848
0,0,0.4308269
0,0,0.40928695
0,0,0.42258567
0,0,0.4727441
0,0,0.4222767
1,0,0.49053973
1,0,0.44304955
1,1,0.53538054
1,1,0.5037482
1,0,0.48647326
1,0,0.434804
1,0,0.43804944
1,0,0.47367585
1,0,0.41806325
0,0,0.43537542
1,0,0.42909575
0,0,0.42731044
0,0,0.40767017
0,0,0.42966247
0,0,0.44843006
0,0,0.47196835
0,0,0.44213462
1,1,0.54582685
1,0,0.46274754
1,0,0.44369525
1,0,0.4584347
1,1,0.51533526
1,0,0.4309566
1,0,0.42531487
1,0,0.43003532
0,0,0.34492108
1,0,0.39369023
1,0,0.38502404
0,0,0.41440216
0,0,0.31458303
0,0,0.4217507
0,0,0.41361374
0,0,0.45709154
0,0,0.42499572
0,1,0.698143
0,0,0.4847722
1,1,0.5788389
1,0,0.48290688
1,1,0.5205743
1,0,0.48327678
0,0,0.4526129
1,0,0.41978848
0,0,0.40203038
0,0,0.40317744
0,0,0.40408736
0,0,0.40927103
0,0,0.4193206
1,0,0.467282
1,0,0.4737711
0,0,0.48188168
0,0,0.46964377
0,0,0.46324953
0,0,0.41603604
0,0,0.43160564
1,0,0.4401019
1,0,0.4209752
1,0,0.42642394
1,0,0.41911557
1,0,0.45119196
0,1,0.5016666
1,0,0.45061812
0,0,0.4227703
0,0,0.43911782
0,0,0.45992857
0,0,0.4422335
0,0,0.45185506
1,0,0.47835514
1,0,0.44141358
1,0,0.44961223
1,0,0.44218796
0,0,0.44264397
0,0,0.42887977
0,0,0.4502339
0,0,0.45393622
0,0,0.43248826
1,0,0.44725838
1,0,0.48729494
1,0,0.47197756
0,0,0.47042716
0,0,0.43098786
0,0,0.41902494
0,0,0.39632347
0,0,0.38961518
0,0,0.39854497
1,0,0.40315416
1,0,0.4907259
1,0,0.45505
1,0,0.45949647
1,0,0.41430262
1,0,0.42293927
1,0,0.39677143
1,0,0.4174501
0,0,0.4188267
0,0,0.4300251
0,0,0.41502893
1,0,0.43418524
0,0,0.45465133
0,0,0.45740208
0,0,0.47834942
0,0,0.43031824
0,0,0.4314306
0,0,0.44855797
0,0,0.4561764
0,0,0.45832622
0,1,0.57264626
0,1,0.55647033
0,0,0.49078897
0,0,0.49078897
0,0,0.475417
0,0,0.42044425
0,0,0.40860245
0,0,0.40695187
0,0,0.43942803
1,0,0.4265746
1,0,0.41107714
1,0,0.46089774
1,0,0.4861968
1,0,0.46332946
0,0,0.43868443
1,0,0.4522336
1,0,0.442176
1,0,0.4629918
1,0,0.48451948
1,0,0.45587456
1,0,0.46510234
0,0,0.45600024
0,0,0.45394433
0,0,0.446427
1,0,0.4453998
1,0,0.4509469
1,0,0.45627716
0,0,0.4648918
0,0,0.46052867
0,0,0.4353945
0,0,0.4594781
0,0,0.43550643
0,0,0.45192382
0,0,0.43192154
0,0,0.41764498
0,0,0.4710665
1,0,0.47333524
1,1,0.58052415
1,1,0.517699
1,1,0.5541782
1,1,0.5402144
0,0,0.41617095
1,0,0.42936435
1,0,0.43112203
1,0,0.42151564
1,0,0.4354609
1,0,0.4638461
1,0,0.35891226
1,0,0.41351563
1,0,0.40994933
1,0,0.41446143
1,0,0.29973388
1,0,0.3035615
0,0,0.35204574
0,0,0.35036597
0,0,0.40870175
0,0,0.42118523
0,0,0.37100425
0,1,0.50549126
0,1,0.53540087
0,0,0.4406149
0,0,0.481842
0,0,0.4766695
0,1,0.50640196
0,0,0.49928683
0,0,0.49821043
0,0,0.47119838
1,0,0.46908784
1,0,0.493132
1,0,0.48978704
1,0,0.421417
0,0,0.48692876
0,0,0.39864993
0,0,0.39881486
0,0,0.39516148
1,0,0.4123138
1,0,0.48613676
1,0,0.45098338
1,0,0.47058243
1,0,0.44463506
1,0,0.40221193
1,0,0.35234147
0,0,0.40582582
0,0,0.3544989
0,0,0.33835566
0,0,0.40561524
0,0,0.40527135
0,0,0.45377862
1,0,0.4500801
1,0,0.43733132
1,0,0.42841014
1,0,0.4273707
1,1,0.50295526
0,0,0.38296068
0,0,0.42672306
0,0,0.36126837
0,0,0.4452659
0,0,0.42016587
0,0,0.45956627
0,0,0.49102977
0,0,0.46456945
0,0,0.43056202
0,0,0.42712054
0,0,0.43311858
0,1,0.5017485
1,0,0.47847977
1,0,0.4708064
1,0,0.4437091
1,0,0.49243543
1,0,0.40803266
0,0,0.3844772
1,0,0.4003684
0,0,0.39964303
0,0,0.4144698
0,0,0.42394134
0,0,0.45352575
0,0,0.4082778
1,0,0.4943506
1,0,0.3913697
1,1,0.5176578
1,1,0.52160615
1,1,0.5423035
1,0,0.40026572
1,0,0.42795563
1,0,0.43496206
1,0,0.42740828
1,0,0.48457187
1,0,0.40887147
1,0,0.44393235
1,0,0.38632348
1,0,0.3725451
1,0,0.4410211
0,0,0.434534
1,0,0.45523807
1,0,0.38197806
1,0,0.41823032
1,0,0.4482275
1,0,0.46192428
1,0,0.4264485
1,0,0.43377078
1,0,0.3898684
1,0,0.4237384
0,0,0.41657966
0,0,0.43377763
1,0,0.43848053
1,0,0.45254287
0,0,0.4380339
0,0,0.49849558
0,0,0.4560546
0,0,0.4479924
0,0,0.40458488
1,1,0.5019183
1,0,0.41441485
1,0,0.43374234
1,0,0.41153622
0,1,0.54156977
0,0,0.43137065
0,0,0.4093166
0,0,0.37869528
0,0,0.42947972
0,1,0.55970675
0,0,0.47588784
1,1,0.52572864
1,0,0.48623446
1,1,0.614439
1,0,0.4762808
0,0,0.44887567
1,0,0.42055
0,0,0.40848982
1,0,0.3714641
0,0,0.42483777
0,0,0.40623516
0,0,0.39447245
0,0,0.44491565
0,0,0.42209843
1,0,0.4462204
1,0,0.4094799
1,0,0.41208854
1,0,0.4071207
1,0,0.40854058
1,0,0.4636027
1,0,0.41617194
1,0,0.42466787
1,0,0.42794257
0,0,0.42245075
1,0,0.4000667
1,0,0.41593382
0,0,0.40153795
0,0,0.33905923
0,0,0.4144429
0,0,0.4093139
0,0,0.44997853
1,0,0.48584965
0,0,0.4503061
0,0,0.46904343
0,0,0.39649734
1,0,0.4243113
0,0,0.40901485
1,0,0.4014691
0,0,0.39552313
0,0,0.39359564
0,0,0.37819198
0,0,0.40717286
0,0,0.37372726
0,0,0.41333413
0,0,0.41217926
0,0,0.4580786
0,0,0.44805148
0,0,0.40643197
1,0,0.41137493
1,0,0.40704322
1,0,0.4593949
1,0,0.46395746
1,0,0.42736694
1,0,0.48633084
0,0,0.43084753
0,0,0.45327616
0,0,0.43726712
0,0,0.43223086
0,0,0.42702326
0,0,0.44685954
0,0,0.39381298
1,0,0.44055003
1,0,0.40810445
0,0,0.44597137
0,0,0.43662885
1,0,0.44038036
0,0,0.4184514
1,0,0.3965114
1,0,0.430174
1,0,0.4502125
1,0,0.42371795
1,0,0.39884868
1,0,0.4688118
0,0,0.4275792
0,0,0.47250256
0,0,0.44058973
0,0,0.41981
0,0,0.43200707
0,0,0.4106556
1,0,0.3969046
1,0,0.4345912
1,0,0.41176134
0,0,0.45509195
0,0,0.3613157
0,0,0.41289827
0,0,0.42853034
0,0,0.40460548
1,0,0.35651854
1,0,0.3917282
1,0,0.38537985
1,0,0.4285612
1,0,0.43116453
0,0,0.47990122
0,0,0.40849593
0,0,0.39543658
1,0,0.40818316
0,0,0.37407938
1,0,0.42423743
1,0,0.428955
1,0,0.46035838
1,0,0.43809697
1,0,0.40422335
1,0,0.40525836
0,0,0.4706834
0,1,0.52601266
0,0,0.39770028
0,0,0.42623106
0,0,0.4111224
1,0,0.45418411
1,0,0.43832552
1,0,0.41582718
0,0,0.43345878
0,0,0.4336258
0,0,0.43724254
0,0,0.44492662
0,0,0.43837723
0,1,0.53938735
0,0,0.41426963
0,0,0.4457031
1,0,0.4011065
1,0,0.43053865
0,0,0.41001105
0,0,0.42676857
0,0,0.43214896
0,0,0.38370404
0,0,0.42491195
0,0,0.38435158
1,0,0.4019413
1,0,0.40447563
1,0,0.43954802
1,0,0.4379444
1,0,0.43010685
1,0,0.42928874
1,0,0.40823877
1,0,0.40936932
1,0,0.4155172
1,0,0.40452564
1,0,0.40785158
0,0,0.4405682
0,0,0.4095581
0,0,0.42202407
0,0,0.4085722
0,0,0.42515814
0,0,0.40406498
0,0,0.42477208
0,0,0.4147832
0,0,0.4376725
0,0,0.38146356
0,0,0.43202397
0,0,0.37939882
0,0,0.4292523
0,0,0.41191524
0,0,0.4163172
0,0,0.43202782
0,0,0.4517912
1,0,0.4411452
1,0,0.42756683
0,0,0.49537817
1,0,0.425558
0,0,0.43147343
1,0,0.38870692
0,0,0.4034936
0,0,0.40021315
0,0,0.382886
1,0,0.43474346
0,0,0.4366759
0,0,0.3938167
1,0,0.40093058
1,0,0.4250142
1,0,0.4391113
1,0,0.41376716
1,0,0.41295248
0,0,0.4526891
0,0,0.42164472
0,0,0.4169983
0,0,0.42550465
0,0,0.42994928
1,0,0.4320029
0,0,0.4064409
0,0,0.3977083
0,0,0.426355
0,0,0.39611977
0,0,0.43734774
0,0,0.43162316
0,1,0.50214005
0,1,0.50347924
1,1,0.5919422
1,1,0.53223425
1,0,0.49942583
1,1,0.6827173
1,1,0.57234234
1,0,0.44423252
1,0,0.48459104
1,0,0.46605113
1,0,0.47870117
1,0,0.35176402
1,0,0.46837178
0,0,0.4789976
0,0,0.3663856
0,0,0.44642138
0,0,0.45305377
0,1,0.5227692
0,0,0.4921185
0,1,0.66025776
0,1,0.6792878
0,1,0.63268495
0,1,0.5309339
0,1,0.5850062
0,0,0.48915642
0,1,0.61696285
0,1,0.5994153
0,1,0.611062
0,1,0.56313217
0,1,0.63653606
0,1,0.5373857
0,1,0.67538095
0,1,0.5401812
0,1,0.52456933
1,1,0.64339817
1,1,0.5824735
1,1,0.5510352
0,1,0.54247093
0,1,0.5390314
1,1,0.52701575
1,1,0.5135649
0,1,0.5185452
1,0,0.4883341
1,1,0.55622315
0,1,0.5428969
0,1,0.5427869
0,1,0.5371323
0,1,0.5234512
0,1,0.52759963
0,1,0.5369295
0,1,0.6238336
1,1,0.5918342
1,1,0.6590854
1,1,0.6302253
1,1,0.60952365
1,1,0.6190027
1,1,0.5479117
1,1,0.5449847
0,1,0.50378656
0,1,0.50455827
1,0,0.49841195
1,0,0.48978862
1,0,0.49978742
1,1,0.55219316
1,1,0.5124949
1,0,0.4990016
1,0,0.48785067
1,1,0.50336677
1,0,0.4450258
1,0,0.48692864
1,0,0.49042448
1,0,0.41974092
1,0,0.4925653
0,0,0.44639716
1,0,0.4494207
1,0,0.49248782
1,0,0.4989293
1,1,0.50580794
1,1,0.51964575
0,1,0.50037897
1,0,0.47490618
0,1,0.5186498
0,0,0.44512874
0,0,0.48006105
1,1,0.69008917
1,0,0.42038274
1,1,0.6798232
1,1,0.6436031
1,1,0.7565073
0,0,0.34014022
0,0,0.3349141
1,0,0.4018695
1,1,0.50003225
1,0,0.4305611
1,0,0.49341375
1,1,0.7585381
1,0,0.3392817
0,0,0.28096366
0,0,0.31823888
0,0,0.30496758
0,0,0.36437774
1,0,0.4160123
0,1,0.51700544
0,0,0.43797883
0,1,0.5004878
0,0,0.44705623
0,0,0.44431508
0,1,0.5435414
0,1,0.584739
0,1,0.5350285
1,1,0.55850077
1,1,0.70493025
1,1,0.5904343
1,1,0.6160697
0,1,0.5455422
1,0,0.4967172
1,0,0.49073085
1,1,0.50269425
1,0,0.48332635
1,1,0.5108373
1,1,0.50978774
0,0,0.4323704
0,0,0.44090772
0,0,0.48282972
0,0,0.47655702
0,0,0.4792556
1,1,0.58059067
1,1,0.51918656
1,1,0.51152045
1,1,0.5184894
1,1,0.5546511
1,0,0.46620083
0,0,0.38381934
0,0,0.42607018
1,0,0.4348835
1,0,0.42919272
0,0,0.42618644
0,0,0.42031753
1,0,0.46651387
0,0,0.40495548
0,0,0.42671156
0,0,0.4762748
0,0,0.43050036
0,0,0.43873483
1,1,0.5000031
1,1,0.605913
1,0,0.4826399
1,1,0.50086516
1,0,0.48878366
1,0,0.44831115
1,0,0.44409597
1,0,0.43711776
0,0,0.40571982
1,0,0.442752
0,0,0.43830797
1,0,0.42835906
1,0,0.4329335
1,0,0.46036556
1,0,0.44965002
1,0,0.44202
0,0,0.42712688
0,0,0.36032736
0,0,0.40194497
1,0,0.41195694
1,0,0.4318634
1,0,0.49378085
1,1,0.50350744
1,0,0.4551408
0,0,0.41439614
1,0,0.44721907
0,0,0.4208717
1,0,0.434126
1,0,0.40377203
0,0,0.42741558
0,0,0.37445137
0,0,0.45541942
1,0,0.41492468
0,0,0.4260175
1,0,0.4508052
0,0,0.45463058
0,0,0.41970122
0,0,0.41872784
0,0,0.43234694
1,0,0.41963878
1,0,0.4426167
1,1,0.5083819
1,1,0.51257426
1,0,0.43657106
1,0,0.43201116
0,0,0.4385317
0,0,0.42040128
0,0,0.4288934
0,0,0.42095408
0,0,0.42018425
0,0,0.48324102
1,0,0.48953384
1,0,0.41546255
1,0,0.4214905
1,0,0.42584386
1,0,0.4581817
1,0,0.422422
1,0,0.4256323
1,0,0.39055982
1,0,0.41210026
1,0,0.39865118
0,0,0.363296
0,0,0.40936077
0,0,0.37806317
0,0,0.38931882
0,0,0.4046073
0,0,0.45619547
0,0,0.46437266
0,0,0.48162904
0,0,0.48979917
0,1,0.53395325
0,1,0.51413006
0,0,0.4843608
0,0,0.42988428
0,0,0.39881214
1,1,0.52227104
0,0,0.43734694
0,0,0.42067418
1,0,0.41914845
1,0,0.45127186
1,0,0.40117934
1,0,0.41712877
1,0,0.41644475
0,0,0.43849036
1,0,0.45407268
0,0,0.47638348
1,0,0.4997811
1,0,0.49828404
1,1,0.5084354
0,1,0.5372289
0,1,0.5685355
0,1,0.5753342
0,1,0.5663378
0,1,0.53477544
0,1,0.55670965
0,1,0.53157103
0,1,0.5542934
0,1,0.524547
0,1,0.5476321
0,1,0.5310947
0,1,0.5225103
0,1,0.5129576
0,1,0.5572639
0,1,0.5819542
0,1,0.5651103
0,0,0.49481192
1,1,0.58426636
1,1,0.505944
0,0,0.48541027
0,0,0.49497974
0,0,0.47691095
0,0,0.4538148
0,1,0.506553
0,0,0.46891123
0,0,0.49729148
1,1,0.53268147
1,1,0.5292219
1,0,0.4812082
1,1,0.52420026
1,0,0.49866912
1,0,0.49952587
1,0,0.48466852
1,1,0.5178029
0,0,0.48466718
0,0,0.26327527
0,1,0.50817734
0,1,0.5101553
0,1,0.5176768
0,1,0.5478284
0,1,0.525548
0,1,0.5298464
0,0,0.4727667
0,1,0.53286505
0,1,0.5099275
0,1,0.5162857
0,0,0.44004673
0,0,0.38361275
0,1,0.5006214
0,0,0.46265975
1,1,0.54973143
0,1,0.643018
0,1,0.5015946
0,0,0.42862448
1,1,0.50405014
1,0,0.47400817
1,0,0.4998495
1,0,0.4027218
1,0,0.39360347
0,0,0.4092877
0,0,0.42554018
0,0,0.37305167
0,0,0.42401606
0,0,0.2857134
0,0,0.45951912
0,0,0.45362884
1,1,0.52042145
0,0,0.40176904
0,0,0.41605562
0,0,0.4131846
1,0,0.42827085
0,0,0.38159007
0,0,0.4399745
0,0,0.40493354
0,0,0.40858883
0,0,0.39413947
0,0,0.41022664
0,0,0.442262
0,0,0.3994045
0,0,0.3727025
0,0,0.43603197
1,0,0.45036605
1,0,0.43195912
0,0,0.4117839
1,0,0.4600632
1,0,0.41324568
1,0,0.36278066
1,0,0.39640796
1,0,0.47619343
1,0,0.40804747
0,0,0.46944025
1,0,0.37686697
0,0,0.4044392
0,0,0.41747952
0,0,0.43793052
0,0,0.41673505
0,0,0.42200014
1,0,0.46850708
1,0,0.38664776
1,0,0.4434689
1,0,0.38936713
1,0,0.42923096
1,0,0.41455716
0,0,0.43914053
0,0,0.39727095
0,0,0.40264124
0,0,0.4693649
1,0,0.39930055
1,0,0.40763697
1,0,0.43469724
1,0,0.39126447
1,0,0.43205005
1,0,0.43750983
1,0,0.42989913
1,0,0.42699477
1,0,0.40397474
1,0,0.42647293
0,0,0.36533293
0,0,0.43752217
0,0,0.39882672
0,0,0.43545052
0,0,0.42487186
1,0,0.45278352
1,0,0.4265696
1,0,0.4365445
1,0,0.48103777
0,0,0.4576731
0,0,0.46337053
0,0,0.43695408
0,0,0.407825
0,0,0.4083991
1,0,0.47790134
1,0,0.3726005
0,0,0.3845349
0,0,0.39345562
0,0,0.4098397
0,0,0.37339315
0,0,0.40869495
0,0,0.42787227
0,0,0.3939807
0,0,0.41426665
1,0,0.41766295
1,1,0.5467508
1,0,0.42579475
1,1,0.52123743
1,0,0.41922128
0,0,0.37489352
0,0,0.42017943
0,0,0.4170454
1,0,0.38405856
0,0,0.40080997
0,0,0.4321911
0,0,0.42222604
0,0,0.4241457
0,0,0.41928127
1,0,0.46850446
1,0,0.4221601
1,0,0.4586042
1,0,0.40959743
1,0,0.42369425
1,0,0.47077522
1,0,0.42963135
0,0,0.4154354
1,0,0.4063078
1,0,0.43267903
1,0,0.42977887
1,0,0.4230801
1,0,0.43735746
0,0,0.4576839
0,0,0.41366267
0,0,0.42592624
0,0,0.4119711
1,0,0.44450286
1,0,0.440695
1,0,0.43328664
1,0,0.43259192
1,0,0.46231884
1,0,0.4777853
1,0,0.4246852
0,0,0.4208898
0,0,0.4144737
0,0,0.3999572
0,0,0.4198971
0,0,0.3873291
0,0,0.41916874
0,0,0.40952718
0,0,0.3856385
1,0,0.44573748
1,0,0.40583846
1,0,0.406474
1,0,0.4245061
1,0,0.43047652
1,0,0.44514924
1,0,0.40323952
1,0,0.42109668
1,0,0.41801888
1,0,0.38906562
0,0,0.3532282
0,0,0.46436548
1,0,0.43734056
1,0,0.43151525
0,0,0.44443527
0,1,0.5088048
0,0,0.45348465
0,0,0.4599062
1,0,0.44154292
0,0,0.43790326
1,0,0.4341457
0,0,0.40976784
0,0,0.39129335
0,0,0.39802465
0,0,0.39030826
0,0,0.38146743
0,0,0.36893046
0,0,0.41347113
1,0,0.38324243
0,0,0.40809536
0,0,0.37073708
1,0,0.36359358
1,0,0.37704685
1,0,0.4222672
1,0,0.46421498
1,0,0.40952116
1,0,0.4467102
1,0,0.41273656
0,0,0.4900529
0,0,0.4143264
0,0,0.4616847
1,0,0.4245866
1,0,0.4381729
1,0,0.3783888
1,0,0.46366015
1,0,0.44344443
0,0,0.42943722
1,0,0.43421283
0,0,0.39591047
0,0,0.40101492
0,0,0.41652074
0,0,0.38882378
0,0,0.402765
1,0,0.43468803
1,0,0.40058792
1,0,0.39725116
1,0,0.38404644
1,0,0.39213797
0,0,0.40373826
0,0,0.37623549
0,0,0.43568897
0,0,0.42779648
0,0,0.4533574
0,0,0.47413987
0,0,0.43812647
1,0,0.4414411
1,0,0.40854806
1,0,0.4099505
1,0,0.39306813
1,0,0.4032956
0,0,0.38183674
0,0,0.38595092
0,0,0.438055
0,0,0.435415
1,0,0.49119577
1,1,0.50818646
0,0,0.43152988
1,0,0.48764706
1,0,0.44275692
0,0,0.42088646
0,0,0.42900494
0,0,0.4354294
0,0,0.41933063
0,0,0.41652074
0,0,0.46040294
0,0,0.43018657
0,0,0.4084228
1,0,0.43056402
1,0,0.41840237
1,0,0.3999623
1,0,0.4026108
1,0,0.40731415
1,0,0.3905887
0,0,0.44127846
0,0,0.4566567
0,0,0.4850039
0,0,0.43534732
0,0,0.41571903
0,1,0.53530985
0,0,0.4758833
0,0,0.4559926
0,0,0.46557802
0,1,0.50105596
0,0,0.4215057
0,0,0.47691625
0,0,0.46503147
0,0,0.4271217
0,0,0.41605562
0,0,0.42945996
0,0,0.4740627
1,0,0.4137455
1,0,0.38508704
0,0,0.40425467
0,0,0.41671282
0,0,0.33411872
0,0,0.43645993
0,0,0.36316454
1,0,0.43829286
1,0,0.4452222
1,0,0.42844158
1,0,0.45011106
1,0,0.4389221
1,0,0.4450016
0,0,0.41674638
1,0,0.4138294
0,0,0.41076788
0,0,0.41411152
0,0,0.42677194
0,0,0.42733437
1,0,0.41406658
0,0,0.3812654
1,0,0.42603764
0,0,0.42063174
0,0,0.4422121
0,0,0.41613898
0,0,0.40108785
0,0,0.42128798
0,0,0.447166
