,auto_kurtosis_20,hist_vol_60,auto_volatility_20,hist_vol_20,auto_volatility_60,auto_std_60_1,auto_amount_ma_30,auto_open_ratio_60,auto_quantile_0.75_30,auto_amount_ma_60,auto_skew_30_1,auto_kurtosis_20_1,auto_volatility_20_1,auto_volatility_60_1,auto_std_60,auto_amount_ma_30_1,auto_open_ratio_60_1,auto_open_log_return_60,auto_open_log_return_60_1,auto_quantile_0.75_30_1
2024-01-02,-0.0021340343152168916,-0.006033384944046672,0.00028060700034352734,0.04181055386759864,0.006274243544747567,0.0007871531205287448,1.1280252138432977e-09,0.013092653978594637,-3.905953738393443e-05,-1.2268494786437756e-10,-0.0013910315031643013,-0.0021340343152168916,0.00028060700034352734,0.006274243544747567,0.0007871531205287448,1.1280252138432977e-09,0.013092653978594637,0.0164280544008165,0.0164280544008165,-3.905953738393443e-05
2024-01-03,-0.0010915643664814083,-0.0457216759760586,-0.03157807010773452,-0.018380951984078648,0.0008364004994784234,-0.002460523495200553,3.564648936189342e-09,0.0006264984299319924,-0.00026920452574942744,4.265884872866404e-09,-0.0011394385241727983,-0.0010915643664814083,-0.03157807010773452,0.0008364004994784234,-0.002460523495200553,3.564648936189342e-09,0.0006264984299319924,0.0022987972362098746,0.0022987972362098746,-0.00026920452574942744
2024-01-04,0.0008770369689861083,-0.026356853537283422,0.0018034662061139385,-0.02258616412143824,-0.005053655355224059,-0.0004641820502955087,5.0742725787002304e-09,-0.004293060466018086,-4.313679785646544e-05,5.501682808924288e-09,-0.002380121110359939,0.0008770369689861083,0.0018034662061139385,-0.005053655355224059,-0.0004641820502955087,5.0742725787002304e-09,-0.004293060466018086,-0.007318228487585713,-0.007318228487585713,-4.313679785646544e-05
2024-01-05,1.1951386537194122e-05,-0.03811868146991792,-0.017826771436361116,-0.07059384701023377,-0.01290500235064891,-0.0019012591494980357,2.9028280636077545e-09,-0.011989663939316718,-3.496162133172269e-05,4.1032756229378364e-09,-0.0005753721609136857,1.1951386537194122e-05,-0.017826771436361116,-0.01290500235064891,-0.0019012591494980357,2.9028280636077545e-09,-0.011989663939316718,-0.015449447229800427,-0.015449447229800427,-3.496162133172269e-05
2024-01-08,-0.0004761486923197449,-0.037943951452182156,-0.013016000757516565,-0.03651230907328074,-0.0005872761858927152,-0.0016436702923946754,7.362904539778883e-09,-0.0028061219300595536,-0.00012471975451833588,7.805458387189922e-09,0.002706932874819944,-0.0004761486923197449,-0.013016000757516565,-0.0005872761858927152,-0.0016436702923946754,7.362904539778883e-09,-0.0028061219300595536,-0.001617500101877597,-0.001617500101877597,-0.00012471975451833588
2024-01-09,0.0014243382572279762,-0.02467774441051554,0.004037780980540716,-0.06629579817876183,-0.005198611281238016,-0.001556060207822669,1.305668297918144e-09,-0.003750123204158851,-0.00012648798632241542,1.1192388941297676e-09,0.004230273550545604,0.0014243382572279762,0.004037780980540716,-0.005198611281238016,-0.001556060207822669,1.305668297918144e-09,-0.003750123204158851,-0.004197952147947869,-0.004197952147947869,-0.00012648798632241542
2024-01-10,0.0006500284828011748,-0.030796528004411003,0.007581892385139651,-0.034041222555172855,-0.004189077910361429,0.0010103456203457229,-3.2358040438490188e-09,0.003940551707734845,1.548673361622459e-05,-2.109751568366046e-09,0.0005085543763207033,0.0006500284828011748,0.007581892385139651,-0.004189077910361429,0.0010103456203457229,-3.2358040438490188e-09,0.003940551707734845,0.0038694382828477424,0.0038694382828477424,1.548673361622459e-05
2024-01-11,0.0009532533718947663,0.04822778429265547,0.011765156827876003,0.05379355531933378,0.0009084758973898745,-9.953145041817556e-05,-2.1804804748201805e-09,-0.0015631981273722566,6.035817821631465e-05,-5.462992034481307e-09,-0.0011899340098790467,0.0009532533718947663,0.011765156827876003,0.0009084758973898745,-9.953145041817556e-05,-2.1804804748201805e-09,-0.0015631981273722566,-0.002687139952030404,-0.002687139952030404,6.035817821631465e-05
2024-01-12,-0.0004872854660057904,-0.04735848412345368,-0.007445436988104125,-0.06537985605936568,-0.009538176863322907,-0.00223011937053587,3.6216558607754324e-09,-0.013574106568569893,-2.0493869047547163e-05,3.7058937781858657e-09,0.0008796947707706211,-0.0004872854660057904,-0.007445436988104125,-0.009538176863322907,-0.00223011937053587,3.6216558607754324e-09,-0.013574106568569893,-0.019081004745943913,-0.019081004745943913,-2.0493869047547163e-05
2024-01-15,0.001282088512255245,-0.05067863260603613,-0.019109496878326967,-0.049155567863912314,-0.008451014198534768,-0.002648594454266747,3.482726264655417e-10,-0.006023464770910953,-0.00021611369230591852,1.051760668614425e-09,0.0014199018303616832,0.001282088512255245,-0.019109496878326967,-0.008451014198534768,-0.002648594454266747,3.482726264655417e-10,-0.006023464770910953,-0.006648462612680659,-0.006648462612680659,-0.00021611369230591852
2024-01-16,-0.000989326941584875,-0.017202728710433615,-0.0008338358973499001,0.006838122771489507,0.00037252666692282944,0.0029961092908732862,-2.6908402016608325e-09,0.008115860106776835,0.00019280531218814602,-1.7490596887895786e-09,-0.0008978131143742904,-0.000989326941584875,-0.0008338358973499001,0.00037252666692282944,0.0029961092908732862,-2.6908402016608325e-09,0.008115860106776835,0.01150465383806683,0.01150465383806683,0.00019280531218814602
2024-01-17,0.0006077635827000917,-0.04540199476699338,-0.0016675931419338165,-0.03669135218313031,-0.0013856058771435438,0.000500279107492508,6.7338673335702955e-09,-0.0009687598349889789,6.780180471567488e-05,6.925698047154452e-09,0.00020963062488454326,0.0006077635827000917,-0.0016675931419338165,-0.0013856058771435438,0.000500279107492508,6.7338673335702955e-09,-0.0009687598349889789,-0.0024826987476037447,-0.0024826987476037447,6.780180471567488e-05
2024-01-18,0.00044720420282471474,0.014311103253821367,-0.008920935144727212,0.04907064218161597,0.004493835693898718,0.0018704304291770123,-3.891707951179666e-09,0.00535609444457902,7.955331630605953e-05,-2.2018464013042114e-09,0.0017819223673083652,0.00044720420282471474,-0.008920935144727212,0.004493835693898718,0.0018704304291770123,-3.891707951179666e-09,0.00535609444457902,0.00921532017097614,0.00921532017097614,7.955331630605953e-05
2024-01-19,-0.001231608616912197,-0.02696425198955173,-0.006594195860307606,0.00990710710172067,0.004740885561438586,0.00274802935970367,1.8880827907802838e-09,0.0012183398831845838,0.0001916165461224745,3.326453413341348e-09,-0.0015595380939973879,-0.001231608616912197,-0.006594195860307606,0.004740885561438586,0.00274802935970367,1.8880827907802838e-09,0.0012183398831845838,0.004630513850249749,0.004630513850249749,0.0001916165461224745
2024-01-22,-0.0012930855326271082,-0.07863525189412852,-0.013930808646094176,-0.06108859429493199,0.0015335643325429752,-0.0003032924770796316,-1.5726189447084642e-09,0.0022238983283175647,-0.00012296818086933898,9.198299866717974e-10,-0.0022263842449828115,-0.0012930855326271082,-0.013930808646094176,0.0015335643325429752,-0.0003032924770796316,-1.5726189447084642e-09,0.0022238983283175647,0.0017551751654964589,0.0017551751654964589,-0.00012296818086933898
2024-01-23,0.0008335603879846237,-0.033091797668596705,-0.01212866710763871,0.01270476120891363,0.006199010963803038,0.001566125015777537,9.028348239127218e-09,-0.002781641530739346,2.356467462618352e-05,8.046974196808177e-09,0.0022834433829460555,0.0008335603879846237,-0.01212866710763871,0.006199010963803038,0.001566125015777537,9.028348239127218e-09,-0.002781641530739346,-0.003291354064656757,-0.003291354064656757,2.356467462618352e-05
2024-01-24,-0.0007181057774960065,-0.022023930114837744,-0.017896312443333576,-0.010469675096288107,-0.009040885868525911,-0.0021494508341154002,8.61899037694791e-10,-0.0034217570957202816,-0.00020251200175610518,5.468298904496317e-10,-0.0048737665323107015,-0.0007181057774960065,-0.017896312443333576,-0.009040885868525911,-0.0021494508341154002,8.61899037694791e-10,-0.0034217570957202816,-0.003402962724122,-0.003402962724122,-0.00020251200175610518
2024-01-25,-0.0012546540835726833,0.05053324366069053,-0.005525707509167278,0.0276420614071296,-0.004861900468341073,-0.0023540213645333536,2.671366586259493e-09,-0.007925114364505312,-9.281793695169631e-05,6.220008100806879e-10,0.0006637075677002333,-0.0012546540835726833,-0.005525707509167278,-0.004861900468341073,-0.0023540213645333536,2.671366586259493e-09,-0.007925114364505312,-0.012839439137894978,-0.012839439137894978,-9.281793695169631e-05
2024-01-26,2.5202890604073508e-05,-0.05436297336789119,-0.011074864969469191,-0.03552910790361181,-0.007488718394920529,-0.002317977817149152,2.559367153283107e-09,-0.005896515050248885,-0.00016557170192007904,3.73087496459691e-09,-0.003022073273446131,2.5202890604073508e-05,-0.011074864969469191,-0.007488718394920529,-0.002317977817149152,2.559367153283107e-09,-0.005896515050248885,-0.006468912328329275,-0.006468912328329275,-0.00016557170192007904
2024-01-29,-0.0014422113624381519,-0.07426567803322695,-0.018013737190488557,-0.09001892895904359,-0.007930598932766115,-0.0014509758439375758,7.570634625476931e-09,-0.013596247049298769,-1.836714321995481e-05,9.342471620370292e-09,0.0014142606141689662,-0.0014422113624381519,-0.018013737190488557,-0.007930598932766115,-0.0014509758439375758,7.570634625476931e-09,-0.013596247049298769,-0.01843263026464349,-0.01843263026464349,-1.836714321995481e-05
2024-01-30,0.0004964723562473431,-0.05003643721801453,-0.014797055377953066,-0.049191863622704314,-0.0051349586564631644,0.000771002122528299,2.2336836238905548e-09,0.001060230101696051,4.97591815890478e-05,2.8143874966612024e-09,-0.00017182732788809365,0.0004964723562473431,-0.014797055377953066,-0.0051349586564631644,0.000771002122528299,2.2336836238905548e-09,0.001060230101696051,0.0025722389389302726,0.0025722389389302726,4.97591815890478e-05
2024-01-31,0.0003991287840895748,-0.1159058379836087,-0.07302681531068654,-0.10854610134960466,0.0006073868839384429,0.001851534914219641,1.0640979017328626e-09,0.006469974196312848,-2.6943875156707326e-05,3.4643823470432813e-09,-0.0006106800580110714,0.0003991287840895748,-0.07302681531068654,0.0006073868839384429,0.001851534914219641,1.0640979017328626e-09,0.006469974196312848,0.007701493748850023,0.007701493748850023,-2.6943875156707326e-05
2024-02-01,-0.0005713424176830602,-0.006299699665779521,-0.01227705364889945,-0.02834451691576421,-0.007080921412242681,-0.0012927722693074823,-8.272224399354897e-10,-0.01809826350115845,-4.2937684826988465e-05,8.401535175336992e-10,0.0015457791433329262,-0.0005713424176830602,-0.01227705364889945,-0.007080921412242681,-0.0012927722693074823,-8.272224399354897e-10,-0.01809826350115845,-0.025842053413305446,-0.025842053413305446,-4.2937684826988465e-05
2024-02-02,-0.0003338345752084857,-0.11708958328665099,-0.07480760299890717,-0.13011536801843787,-0.015371572633215588,-0.0006443342792571126,9.534154123896167e-09,-0.01841820693793261,-8.952755468360985e-05,1.2351257860843558e-08,-0.0011102767232487336,-0.0003338345752084857,-0.07480760299890717,-0.015371572633215588,-0.0006443342792571126,9.534154123896167e-09,-0.01841820693793261,-0.023163242431574728,-0.023163242431574728,-8.952755468360985e-05
2024-02-05,0.004040869633336518,-0.0767182059594865,0.024293484533939775,-0.08910342602474729,0.028178456463640755,0.0025057221175510914,-3.765249417181249e-09,0.02414136241459303,0.00018566899672730014,8.204564999456881e-09,-0.005258819922151418,0.004040869633336518,0.024293484533939775,0.028178456463640755,0.0025057221175510914,-3.765249417181249e-09,0.02414136241459303,0.0240632259798558,0.0240632259798558,0.00018566899672730014
2024-02-06,-0.007759565792886037,-0.06110003604939463,-0.05211174584823545,0.05990075530994513,0.0033568846362159437,0.003272107624085107,6.292713694408415e-11,-0.005710445395673657,6.894777051456803e-05,-2.4111611817043486e-09,0.009681511193654261,-0.007759565792886037,-0.05211174584823545,0.0033568846362159437,0.003272107624085107,6.292713694408415e-11,-0.005710445395673657,-0.011467245660963256,-0.011467245660963256,6.894777051456803e-05
2024-02-07,-0.003422267740678703,-0.0927395542891302,-0.021709069373369642,0.05148658376664481,-0.020237040423165115,-0.0016577249607099146,-5.712670630936909e-09,-0.010590530845042438,-0.000288398699030748,-6.855366465209271e-09,0.007669969904609801,-0.003422267740678703,-0.021709069373369642,-0.020237040423165115,-0.0016577249607099146,-5.712670630936909e-09,-0.010590530845042438,-0.01105884636868041,-0.01105884636868041,-0.000288398699030748
2024-02-08,-0.0004396429229294647,0.15473846932624016,-0.0058890711733201595,0.15678290662659145,-0.00028400227556577554,0.0012390059839861602,1.632267985792049e-08,-0.00241272182234091,0.00034577991770276317,8.964134501952912e-09,0.013003496540189095,-0.0004396429229294647,-0.0058890711733201595,-0.00028400227556577554,0.0012390059839861602,1.632267985792049e-08,-0.00241272182234091,0.0002786870144631846,0.0002786870144631846,0.00034577991770276317
2024-02-19,0.004015284622587625,0.13003923978114668,0.07066680423505402,0.07495795248984288,0.00849036607696241,0.0020417952145578063,8.154601175181916e-09,0.015413614135888518,0.00038197423845104383,6.732206052280533e-09,0.0014475812635895528,0.004015284622587625,0.07066680423505402,0.00849036607696241,0.0020417952145578063,8.154601175181916e-09,0.015413614135888518,0.020737261478360167,0.020737261478360167,0.00038197423845104383
2024-02-20,0.0003129839535109678,0.04955457734128214,0.01637004738313484,0.0487549130879308,0.009352052401048503,0.0010395441675398207,2.62990607083801e-09,0.00899328899391558,0.00024116584934303977,3.877645734076152e-09,-0.003010456058146412,0.0003129839535109678,0.01637004738313484,0.009352052401048503,0.0010395441675398207,2.62990607083801e-09,0.00899328899391558,0.010678620810703697,0.010678620810703697,0.00024116584934303977
2024-02-21,0.0015802917745604552,0.02535643725677288,0.022307116377211812,0.05397868432420128,0.0024594001315126164,-0.0016561230485732522,2.176573206310279e-09,0.005918123027253915,-3.37842100827263e-05,-8.108918529068524e-09,-0.005329589212539111,0.0015802917745604552,0.022307116377211812,0.0024594001315126164,-0.0016561230485732522,2.176573206310279e-09,0.005918123027253915,0.01062308032276605,0.01062308032276605,-3.37842100827263e-05
2024-02-22,-0.0003661069071530377,0.07888541244548919,0.012775056128224912,0.09570954633606317,0.0003675506701683806,-0.0008674828946045293,-1.0608331629081976e-09,0.002401201473325354,-7.32349214389198e-05,5.574096892811786e-09,-0.004984414229356256,-0.0003661069071530377,0.012775056128224912,0.0003675506701683806,-0.0008674828946045293,-1.0608331629081976e-09,0.002401201473325354,0.001927029459990972,0.001927029459990972,-7.32349214389198e-05
2024-02-23,0.0012807291685110508,0.10185321411355114,0.027291185357011388,0.11740913961228215,0.004073273650573397,-0.0011764831426044368,-9.423941306816051e-09,-3.073319657078693e-05,4.554681852299153e-05,-3.727571641934806e-10,-0.0031131286988380497,0.0012807291685110508,0.027291185357011388,0.004073273650573397,-0.0011764831426044368,-9.423941306816051e-09,-3.073319657078693e-05,0.001472016557115061,0.001472016557115061,4.554681852299153e-05
2024-02-26,0.0010502168214061754,0.06050775812728251,0.015255040935986426,0.08096013032406527,-0.005392158005362423,0.0009217529262257202,-1.597101673964806e-08,0.0028251741106510133,0.00012418159858499945,-8.589579064474617e-09,-0.003202570437567882,0.0010502168214061754,0.015255040935986426,-0.005392158005362423,0.0009217529262257202,-1.597101673964806e-08,0.0028251741106510133,0.003100363325757007,0.003100363325757007,0.00012418159858499945
2024-02-27,0.0005837396060904648,0.07694565613979372,0.01711807364517654,0.06381522905433065,0.009362212149155766,0.00403167491347194,-7.888861037568466e-09,0.009767329484817911,4.3232658738606566e-05,4.382832254681369e-10,-0.0010855609561663258,0.0005837396060904648,0.01711807364517654,0.009362212149155766,0.00403167491347194,-7.888861037568466e-09,0.009767329484817911,0.011614459033081507,0.011614459033081507,4.3232658738606566e-05
2024-02-28,0.003385842758832268,-0.15929194831476431,-0.0023725529172417253,-0.1332397410493315,-0.009031893085204995,-0.0014993958509842598,1.8490749652518097e-08,-0.0022766638624492656,-4.8937498284843876e-05,3.3389231957424307e-09,-0.002220102203615918,0.003385842758832268,-0.0023725529172417253,-0.009031893085204995,-0.0014993958509842598,1.8490749652518097e-08,-0.0022766638624492656,-0.004216754144818488,-0.004216754144818488,-4.8937498284843876e-05
2024-02-29,-0.0007947993476349498,0.06617983025275868,0.005409060441750895,0.06185320707783841,0.002811245031808881,0.0008154657255116236,-4.258316503085672e-09,0.008630349699211106,0.0001005742544780115,-3.889885673106097e-09,-0.00044595069315987723,-0.0007947993476349498,0.005409060441750895,0.002811245031808881,0.0008154657255116236,-4.258316503085672e-09,0.008630349699211106,0.010390797854461172,0.010390797854461172,0.0001005742544780115
2024-03-01,-0.0011920801860104526,0.0690284817976241,0.0005575084131959537,0.040834922971073356,-0.003235113621816547,0.0016676112112408283,8.144096847479125e-10,-0.0004472223636530649,3.329890387355727e-05,7.172681743421663e-09,-0.00041176425882236394,-0.0011920801860104526,0.0005575084131959537,-0.003235113621816547,0.0016676112112408283,8.144096847479125e-10,-0.0004472223636530649,-0.001002631791650219,-0.001002631791650219,3.329890387355727e-05
2024-03-04,-0.0002973297995046821,0.038494416609022024,0.005947168953138077,0.0019484987424877272,-0.013570563771075352,-0.0009153666189724281,5.42597607675325e-09,-0.016095940520397103,-7.189976637406096e-05,3.807192411487372e-09,0.0024598340986702154,-0.0002973297995046821,0.005947168953138077,-0.013570563771075352,-0.0009153666189724281,5.42597607675325e-09,-0.016095940520397103,-0.022886933698780837,-0.022886933698780837,-7.189976637406096e-05
2024-03-05,0.00016044331851625685,-0.05770729089555422,-0.010038149298428424,-0.061822651991056556,-8.184936600240324e-05,-1.9365535904653927e-05,9.99066895889449e-09,0.0054601208702993965,-2.5897721829397452e-05,1.0688459806107823e-08,0.0005179846206435319,0.00016044331851625685,-0.010038149298428424,-8.184936600240324e-05,-1.9365535904653927e-05,9.99066895889449e-09,0.0054601208702993965,0.004737319602714738,0.004737319602714738,-2.5897721829397452e-05
2024-03-06,-0.00041397222580234457,0.07300819367864793,0.007875469267444505,0.05489042897391548,-0.0008626250650028555,0.0010419574754319723,-5.064576346190069e-09,-0.0009028583877482406,8.44650547839848e-05,-6.030053939826654e-09,-0.002951752464108499,-0.00041397222580234457,0.007875469267444505,-0.0008626250650028555,0.0010419574754319723,-5.064576346190069e-09,-0.0009028583877482406,0.002252719595060863,0.002252719595060863,8.44650547839848e-05
2024-03-07,-0.0022921446250677665,-0.0609895815511176,-0.02059757099698362,-0.044443618146290366,-0.005973961907507417,0.001027270542789309,-1.354271012829926e-08,-0.0019389011113132184,5.068736131397942e-05,-2.7984517975342347e-11,-0.008190924048935812,-0.0022921446250677665,-0.02059757099698362,-0.005973961907507417,0.001027270542789309,-1.354271012829926e-08,-0.0019389011113132184,-0.0036018304110708873,-0.0036018304110708873,5.068736131397942e-05
2024-03-08,-0.0012754657879375671,0.03214258612685913,-0.0005101886081765839,0.013922629044363167,0.0018132088794051413,0.0015175159234581852,9.15877913308107e-09,0.0006807230816424205,6.433248369874023e-05,6.138039820343293e-09,0.002067998044845535,-0.0012754657879375671,-0.0005101886081765839,0.0018132088794051413,0.0015175159234581852,9.15877913308107e-09,0.0006807230816424205,0.0009797131809955685,0.0009797131809955685,6.433248369874023e-05
2024-03-11,-0.001320085834872884,0.072361498536702,0.011132102584933669,0.0548001780477334,0.004797288078240586,-0.0020483050086985005,-1.4981673596647955e-10,-0.002921458793195312,0.00010085607956683058,-1.1141115267724656e-08,-8.496150096448229e-05,-0.001320085834872884,0.011132102584933669,0.004797288078240586,-0.0020483050086985005,-1.4981673596647955e-10,-0.002921458793195312,-0.00271342483818303,-0.00271342483818303,0.00010085607956683058
2024-03-12,0.0016596244778782831,0.03664735665850854,0.014147932262909418,0.031021935908208814,-0.00019270083682824566,-0.0004214111028768327,-1.481571944232712e-08,0.006572426746730841,-0.00013233706005856996,-3.923173878359134e-09,-0.002784484261343096,0.0016596244778782831,0.014147932262909418,-0.00019270083682824566,-0.0004214111028768327,-1.481571944232712e-08,0.006572426746730841,0.008928099580527538,0.008928099580527538,-0.00013233706005856996
2024-03-13,0.0003969269704154706,0.029943815981128052,0.0026733450559244757,0.013238225842308719,-0.010495311746045346,0.0012900967862437092,-4.820183027664254e-09,-0.007540175206541853,-6.28685698712869e-05,6.4439228408352804e-09,0.001635770845652729,0.0003969269704154706,0.0026733450559244757,-0.010495311746045346,0.0012900967862437092,-4.820183027664254e-09,-0.007540175206541853,-0.0122145488564841,-0.0122145488564841,-6.28685698712869e-05
2024-03-14,-0.0008896302640678802,0.012356123671471228,0.0023656381489079526,0.001121447358550659,0.0019245255753349727,-0.0005850495310359623,4.9097294857577486e-09,0.0002970183290834226,-9.265300298732256e-05,-4.180247241362759e-09,0.00025761257683647073,-0.0008896302640678802,0.0023656381489079526,0.0019245255753349727,-0.0005850495310359623,4.9097294857577486e-09,0.0002970183290834226,0.0014930096075740367,0.0014930096075740367,-9.265300298732256e-05
2024-03-15,-0.0006598412441317386,0.03308032501901927,-0.005630534023228502,0.011555653094181759,0.0025432146541183513,0.002754247864939216,-1.1401554128807622e-08,0.00735004244388063,2.208587392079999e-06,2.5167094662841455e-09,-0.00458174203368761,-0.0006598412441317386,-0.005630534023228502,0.0025432146541183513,0.002754247864939216,-1.1401554128807622e-08,0.00735004244388063,0.010083827491252811,0.010083827491252811,2.208587392079999e-06
2024-03-18,0.0013717895505300755,0.06802626734876864,0.020915768156811166,0.05029812447793303,0.0008268612503530339,0.0006679338607308617,-7.627232001035674e-09,0.0016759738548006971,-1.4100599199414321e-05,-3.1841135991037502e-09,0.0003731343107576907,0.0013717895505300755,0.020915768156811166,0.0008268612503530339,0.0006679338607308617,-7.627232001035674e-09,0.0016759738548006971,-0.00011973674007860363,-0.00011973674007860363,-1.4100599199414321e-05
2024-03-19,0.00017438219107274663,0.01910276993525564,-0.0018098966182474867,-0.003454902934352549,0.0011593885402396522,0.0014514880272232917,-5.386060665185747e-09,0.0010956115963827774,-2.2580359717061097e-05,1.880197774933191e-09,-0.0016437391978738095,0.00017438219107274663,-0.0018098966182474867,0.0011593885402396522,0.0014514880272232917,-5.386060665185747e-09,0.0010956115963827774,0.0026451999801554204,0.0026451999801554204,-2.2580359717061097e-05
2024-03-20,0.000994699411123375,0.04708853156970298,0.018393385300677516,0.034071154149195114,-0.005181585725351855,-0.0004751148351535608,-5.919304229492572e-09,0.0003233190122146152,-0.00010625950672456318,2.4610193619016087e-09,-0.001292246945075942,0.000994699411123375,0.018393385300677516,-0.005181585725351855,-0.0004751148351535608,-5.919304229492572e-09,0.0003233190122146152,0.0018909057028410451,0.0018909057028410451,-0.00010625950672456318
2024-03-21,0.0004291989110850374,0.029942535151730804,-0.003219945719236172,-0.005903879158407887,0.001225068289562413,-0.0013067880047480317,-3.611010807910659e-09,-0.0021087095054290474,-0.00010333973160153395,3.744096652364378e-09,-0.0044561037540376365,0.0004291989110850374,-0.003219945719236172,0.001225068289562413,-0.0013067880047480317,-3.611010807910659e-09,-0.0021087095054290474,-0.0042375858185289,-0.0042375858185289,-0.00010333973160153395
2024-03-22,-0.0007519809140416562,-0.05580038527682352,-0.020632535715516546,-0.036418419211085615,-0.006238889075327027,0.0008539822865645392,1.7261316311718322e-09,-0.0064198285301792606,-7.281624787241548e-06,9.376132183715118e-09,-0.0005832269871468447,-0.0007519809140416562,-0.020632535715516546,-0.006238889075327027,0.0008539822865645392,1.7261316311718322e-09,-0.0064198285301792606,-0.008297841548377547,-0.008297841548377547,-7.281624787241548e-06
2024-03-25,0.00040228027649320916,-0.098813208804982,-0.04193065572140735,-0.08600745350596749,0.0007417699606097639,-0.0012442555141410152,4.906771893926204e-09,0.0017744076847307398,-8.835524678908154e-05,-2.206368681837267e-09,-0.001198491160068861,0.00040228027649320916,-0.04193065572140735,0.0007417699606097639,-0.0012442555141410152,4.906771893926204e-09,0.0017744076847307398,0.002398625855855428,0.002398625855855428,-8.835524678908154e-05
2024-03-26,-0.0004755849456326255,-0.013162509141754177,-0.01769732350075634,-0.02477176842780207,-0.006709496958103273,-0.001460573627800639,-6.380659749059538e-09,-0.011204495764588322,-0.00015601530336983128,2.970345205695879e-09,-0.0027357305525101353,-0.0004755849456326255,-0.01769732350075634,-0.006709496958103273,-0.001460573627800639,-6.380659749059538e-09,-0.011204495764588322,-0.015495151314440814,-0.015495151314440814,-0.00015601530336983128
2024-03-27,-0.00030201108139970564,-0.07909473176979871,-0.021567993815419084,-0.06162296527050661,0.001318868609647387,0.0015009012194969935,3.856790900776711e-09,-0.0034280376666549713,0.00014378831035920126,3.771874432631851e-09,-0.0008487994517661962,-0.00030201108139970564,-0.021567993815419084,0.001318868609647387,0.0015009012194969935,3.856790900776711e-09,-0.0034280376666549713,-0.005678543994055296,-0.005678543994055296,0.00014378831035920126
2024-03-28,5.4408367677244185e-05,0.08208681925701293,0.024608585330599758,0.06026417993038113,0.006191798534586083,-0.0002591497220942779,2.3998451138303492e-09,0.004397151349338129,-3.3065970488363338e-06,-5.49204490744011e-09,-3.8776867908080714e-05,5.4408367677244185e-05,0.024608585330599758,0.006191798534586083,-0.0002591497220942779,2.3998451138303492e-09,0.004397151349338129,0.004850698638846595,0.004850698638846595,-3.3065970488363338e-06
2024-03-29,-0.0006917048974951744,-0.00030606570377650783,-0.004880992461313476,0.001096802078418094,0.0010005376116189923,-0.0004621224679487806,-2.082236998126396e-09,0.005221833368421724,-1.1141567561249877e-05,-1.2071428774135361e-09,-0.0003085289961150917,-0.0006917048974951744,-0.004880992461313476,0.0010005376116189923,-0.0004621224679487806,-2.082236998126396e-09,0.005221833368421724,0.00481916942135293,0.00481916942135293,-1.1141567561249877e-05
2024-04-01,0.0001537183572044257,0.04186947560584331,0.012328728080370164,0.03191552872481762,0.005062824276788805,-0.001141432007156377,5.111918893943672e-09,0.00405315609006423,-2.2763603403371582e-05,-4.787724198665109e-09,-0.0015438950361802675,0.0001537183572044257,0.012328728080370164,0.005062824276788805,-0.001141432007156377,5.111918893943672e-09,0.00405315609006423,0.006924867029963421,0.006924867029963421,-2.2763603403371582e-05
2024-04-02,-0.0013018377226929078,-0.04872821797427007,-0.02984500760918623,-0.06344983219830554,-0.0007856066442081796,-0.001473793240462301,-1.0794145493976584e-08,0.002633480662596938,-8.712603453280502e-05,-5.602855725946796e-09,-0.005047918745960891,-0.0013018377226929078,-0.02984500760918623,-0.0007856066442081796,-0.001473793240462301,-1.0794145493976584e-08,0.002633480662596938,0.004887720939247936,0.004887720939247936,-8.712603453280502e-05
2024-04-03,-0.0022146644510335645,-0.07326260974486291,-0.03842198178398066,-0.06853787946773604,-0.002459723011662647,-0.001279950320146189,-5.743161407311625e-09,-0.002136799471599426,-3.059442989023428e-05,-7.082333019899011e-09,-0.005115891321826407,-0.0022146644510335645,-0.03842198178398066,-0.002459723011662647,-0.001279950320146189,-5.743161407311625e-09,-0.002136799471599426,-0.0050927831688039925,-0.0050927831688039925,-3.059442989023428e-05
2024-04-08,-0.000861847939488267,-0.10909295527712398,-0.036238863744575384,-0.06737775954955916,-0.013019565476155742,-0.00276278324925655,9.000563130838763e-09,-0.002304691027309261,-0.0002539439477075558,1.7916618493736964e-09,0.0008043203441015142,-0.000861847939488267,-0.036238863744575384,-0.013019565476155742,-0.00276278324925655,9.000563130838763e-09,-0.002304691027309261,0.00017279368535448055,0.00017279368535448055,-0.0002539439477075558
2024-04-09,0.0001723514769287799,0.02820906803195291,0.0075982880728472785,0.01073667148237781,0.002683456226773428,-0.0008566042519855948,-1.3775616945999488e-08,-0.0037073678758091444,-0.00011449241049775268,-7.427088303703319e-09,0.0026387441657087824,0.0001723514769287799,0.0075982880728472785,0.002683456226773428,-0.0008566042519855948,-1.3775616945999488e-08,-0.0037073678758091444,-0.004377094109494381,-0.004377094109494381,-0.00011449241049775268
2024-04-10,0.0012369231746349903,-0.11003961028251123,-0.020618174500239807,-0.0897161609978582,-0.0321066003203738,-0.0010799404276535852,-5.797693649463297e-09,-0.009022323597059139,-5.9594417895193844e-05,4.983308982713529e-09,0.0020794786285679863,0.0012369231746349903,-0.020618174500239807,-0.0321066003203738,-0.0010799404276535852,-5.797693649463297e-09,-0.009022323597059139,-0.006054651634046559,-0.006054651634046559,-5.9594417895193844e-05
2024-04-11,-0.0018009986052962938,-0.019856087176770336,-0.024675525803314186,-0.030312262025473543,-0.016456413805590365,-0.0011942542668955526,3.331978118583463e-10,-6.319789727540175e-05,-0.00012610168686589182,3.4268899491783192e-09,-0.001188982535356675,-0.0018009986052962938,-0.024675525803314186,-0.016456413805590365,-0.0011942542668955526,3.331978118583463e-10,-6.319789727540175e-05,0.007591937152850682,0.007591937152850682,-0.00012610168686589182
2024-04-12,-0.0003271287393539011,-0.009591378891056818,-0.019115603620089346,-0.022192682021714077,0.0018920829583542438,0.001178098978617168,3.099242127986209e-09,0.003806678467110131,0.00013668681155737728,-3.957929950951141e-09,-0.0023603522454951264,-0.0003271287393539011,-0.019115603620089346,0.0018920829583542438,0.001178098978617168,3.099242127986209e-09,0.003806678467110131,0.005549753146190882,0.005549753146190882,0.00013668681155737728
2024-04-15,-0.0024830861554315646,-0.13734203410083567,-0.05727044765136094,-0.12867411361076334,-0.0772878218055977,7.376604288305896e-05,2.174262513573039e-08,0.09812071008392423,0.00019773114106796241,2.5624428284566822e-08,0.003583045321305211,-0.0024830861554315646,-0.05727044765136094,-0.0772878218055977,7.376604288305896e-05,2.174262513573039e-08,0.09812071008392423,0.09552094868832137,0.09552094868832137,0.00019773114106796241
2024-04-16,0.004061465047209993,-0.17094770738808154,-0.12120983902580282,-0.16752230499695164,-0.1024218226409131,-0.0006307794782023531,1.0502461062652597e-08,0.10010336587827302,0.00016028782278545436,1.5491347932688745e-08,0.007952488324462563,0.004061465047209993,-0.12120983902580282,-0.1024218226409131,-0.0006307794782023531,1.0502461062652597e-08,0.10010336587827302,0.09229396756673179,0.09229396756673179,0.00016028782278545436
2024-04-17,-0.001774524015106045,0.139387574503171,0.0265192763582026,0.1472461622030037,0.02178717126418237,0.00017473706892184382,-1.608104769783468e-08,-0.07854342484123332,-0.0001293740578876312,-2.0177461907935067e-08,-0.001997000723056046,-0.001774524015106045,0.0265192763582026,0.02178717126418237,0.00017473706892184382,-1.608104769783468e-08,-0.07854342484123332,-0.06755988022437043,-0.06755988022437043,-0.0001293740578876312
2024-04-18,-5.5062956616309376e-05,0.018414206011726365,0.0027532771938013185,0.008325053528015677,-0.007013581590114438,0.0013517950649480969,8.322619832310319e-09,0.006376728889409909,5.656748774155537e-05,6.871658134126769e-09,0.00036808874797489424,-5.5062956616309376e-05,0.0027532771938013185,-0.007013581590114438,0.0013517950649480969,8.322619832310319e-09,0.006376728889409909,0.006879940550282312,0.006879940550282312,5.656748774155537e-05
2024-04-19,0.0008109509728455222,-0.036629247952340696,-0.01204398404742919,-0.027986470566268698,-0.020764512533432793,-0.002445952846255574,-1.3168256145089612e-08,0.007925098929609995,-0.00013086781747229673,-1.0630689141351002e-08,-0.001433303529972608,0.0008109509728455222,-0.01204398404742919,-0.020764512533432793,-0.002445952846255574,-1.3168256145089612e-08,0.007925098929609995,0.009308544155480136,0.009308544155480136,-0.00013086781747229673
2024-04-22,-0.0002967786687946549,-0.02087512471205044,-0.001938106975625413,-0.011589692885746324,-0.0129137880670902,0.001902488579619025,-4.506394651703092e-10,0.0298001996349431,0.0001639946482743655,3.676103206338062e-09,0.004045374311600608,-0.0002967786687946549,-0.001938106975625413,-0.0129137880670902,0.001902488579619025,-4.506394651703092e-10,0.0298001996349431,0.026749922464581542,0.026749922464581542,0.0001639946482743655
2024-04-23,0.0004116570704172703,0.07711217780055545,0.013795334147956015,0.07403257501908533,0.027523159990126323,0.002728732386725693,-1.684719831592779e-08,-0.0678525655482177,0.00019721396192883475,-1.813861513352011e-08,-0.006247982540688155,0.0004116570704172703,0.013795334147956015,0.027523159990126323,0.002728732386725693,-1.684719831592779e-08,-0.0678525655482177,-0.06080683646478578,-0.06080683646478578,0.00019721396192883475
2024-04-24,-0.0011032581842465305,0.06720174775664509,0.0027908633600632125,0.042401526057864174,0.013052630598729773,0.0018556179181607178,3.1854293817195254e-10,-0.004365334393227828,0.00010620613050829587,-3.112674102333839e-09,-0.0037155010410275685,-0.0011032581842465305,0.0027908633600632125,0.013052630598729773,0.0018556179181607178,3.1854293817195254e-10,-0.004365334393227828,-0.004620039170979741,-0.004620039170979741,0.00010620613050829587
2024-04-25,-0.0004036584237666328,0.033540680755310415,0.009022073023419208,0.03259394302831965,0.0017094911018720887,2.7928009163817953e-05,-2.403856553796402e-09,-0.04074877721156687,-0.0001052722691999277,-4.754438689818148e-09,-0.0033886546640223988,-0.0004036584237666328,0.009022073023419208,0.0017094911018720887,2.7928009163817953e-05,-2.403856553796402e-09,-0.04074877721156687,-0.03775358839901215,-0.03775358839901215,-0.0001052722691999277
2024-04-26,-0.0019322169880937965,0.02362957854196089,-0.015454264698447179,0.009087375824683504,-0.0033606713404579895,0.004161412013135322,1.6823155786725205e-08,0.012387807177438563,0.0003526126558211395,1.3720119245115107e-08,-0.0020668068863302714,-0.0019322169880937965,-0.015454264698447179,-0.0033606713404579895,0.004161412013135322,1.6823155786725205e-08,0.012387807177438563,0.012449919323487725,0.012449919323487725,0.0003526126558211395
2024-04-29,-0.001382243080459089,0.05440130556708547,0.003724552421327973,0.0488381404873455,0.010542645394017872,-0.0016145572370974423,-1.1978449061334503e-08,-0.04323315098487295,-0.0001804992649361461,-1.1547632582480388e-08,-0.003452589723810884,-0.001382243080459089,0.003724552421327973,0.010542645394017872,-0.0016145572370974423,-1.1978449061334503e-08,-0.04323315098487295,-0.03858754455931019,-0.03858754455931019,-0.0001804992649361461
2024-04-30,-3.722484320478193e-05,-0.04723330672439259,-0.03409310303431037,-0.048474111795650025,-0.03061052787755833,0.0009537079675652983,-3.6260262112500577e-09,0.01502303133137307,0.00014288461226352614,-4.3129563442326085e-09,-0.003038251280857035,-3.722484320478193e-05,-0.03409310303431037,-0.03061052787755833,0.0009537079675652983,-3.6260262112500577e-09,0.01502303133137307,0.015535140364624576,0.015535140364624576,0.00014288461226352614
2024-05-06,0.0025188178367746227,0.007590514563230987,0.0319779497905777,0.025295828614011397,0.021153714918331425,5.297561102607063e-05,-7.284767136626608e-09,0.0052107456410177,4.6531129028216936e-05,-7.544196158479142e-09,0.007257532998682006,0.0025188178367746227,0.0319779497905777,0.021153714918331425,5.297561102607063e-05,-7.284767136626608e-09,0.0052107456410177,0.006375870966072956,0.006375870966072956,4.6531129028216936e-05
2024-05-07,0.00032246290317364723,0.017190049260544474,0.006745486689697766,0.01521704473630074,0.006704121521020133,2.9794447180096602e-05,-9.867717323111726e-09,-0.01917770064926057,5.771003829815163e-06,-8.388029934713061e-09,0.0017910702923182018,0.00032246290317364723,0.006745486689697766,0.006704121521020133,2.9794447180096602e-05,-9.867717323111726e-09,-0.01917770064926057,-0.01486921141428391,-0.01486921141428391,5.771003829815163e-06
2024-05-08,-9.329649270368053e-05,-0.03119537071688056,-0.015989073522294367,-0.02337522517678692,-0.0045926001537519665,-0.000357963040210788,2.7015970567000308e-09,0.029971588283752904,-8.113046470863782e-06,2.5844605430240895e-09,0.003435718084799773,-9.329649270368053e-05,-0.015989073522294367,-0.0045926001537519665,-0.000357963040210788,2.7015970567000308e-09,0.029971588283752904,0.030312241397232004,0.030312241397232004,-8.113046470863782e-06
2024-05-09,-0.001404494522466013,0.014307161742841197,-0.01267609862561437,0.005339243102485707,-0.006134963116229721,-1.9938782661739527e-05,7.657001603173178e-09,0.010403674460864591,-2.6738956827729164e-05,6.1907197902599655e-09,-0.002775305386718121,-0.001404494522466013,-0.01267609862561437,-0.006134963116229721,-1.9938782661739527e-05,7.657001603173178e-09,0.010403674460864591,0.014222681394312852,0.014222681394312852,-2.6738956827729164e-05
2024-05-10,0.0007308970102711695,-0.07744977392727466,-0.01847398962293266,-0.05705135451245414,-0.017543655971338428,-0.002366144777321421,-5.406585393888537e-09,0.021519868453393834,-0.0001643655877122534,-5.909898620386829e-09,0.004148734498388355,0.0007308970102711695,-0.01847398962293266,-0.017543655971338428,-0.002366144777321421,-5.406585393888537e-09,0.021519868453393834,0.026010234036440306,0.026010234036440306,-0.0001643655877122534
2024-05-13,0.0011890531356254074,-0.09195140566421342,-0.012033331853027233,-0.06841925885468114,-0.011556486358267611,-0.0008101095441164333,7.498293652056163e-09,0.04572866953837864,-3.864107390218461e-05,7.911195567449637e-09,0.0005396601403533368,0.0011890531356254074,-0.012033331853027233,-0.011556486358267611,-0.0008101095441164333,7.498293652056163e-09,0.04572866953837864,0.03618170422635811,0.03618170422635811,-3.864107390218461e-05
2024-05-14,0.0007953443862036084,0.035137668878927164,0.018665640853496313,0.01896312999528407,0.026122496210399457,0.001789949469422811,-1.5327230183112915e-08,-0.03119694258517924,0.00014938412984425318,-1.2925466529738119e-08,-0.006638116754045187,0.0007953443862036084,0.018665640853496313,0.026122496210399457,0.001789949469422811,-1.5327230183112915e-08,-0.03119694258517924,-0.02904270046937461,-0.02904270046937461,0.00014938412984425318
2024-05-15,0.000561309888815509,0.015000115183858766,-0.00040535472762873837,-0.01206777930250708,-0.0008303677920656997,0.0013284137693034665,3.098941169438296e-09,0.004525518006386348,0.0001233408814817643,2.9483607679047774e-09,-0.0025853619436277515,0.000561309888815509,-0.00040535472762873837,-0.0008303677920656997,0.0013284137693034665,3.098941169438296e-09,0.004525518006386348,0.008187961431083171,0.008187961431083171,0.0001233408814817643
2024-05-16,0.0016576419446176344,0.048406261537561356,0.03052744647323212,0.046405234036959536,0.029240263072504862,-0.0008191289006194638,-1.990842091781555e-09,-0.021536843178044593,-0.00013987197438986178,-6.783474234710731e-10,0.001967561002466144,0.0016576419446176344,0.03052744647323212,0.029240263072504862,-0.0008191289006194638,-1.990842091781555e-09,-0.021536843178044593,-0.02322871372806509,-0.02322871372806509,-0.00013987197438986178
2024-05-17,-0.0014758074707258244,-0.004797072583176828,-0.015691754787782928,-0.01102941262737329,-0.008778091911313362,2.6317815706492223e-05,-2.2277660252315374e-09,0.008200884262403786,1.2722132825504304e-05,-2.3126951616478278e-09,-0.0012682176745100109,-0.0014758074707258244,-0.015691754787782928,-0.008778091911313362,2.6317815706492223e-05,-2.2277660252315374e-09,0.008200884262403786,0.013370311936078478,0.013370311936078478,1.2722132825504304e-05
2024-05-20,-0.0008501261316673721,0.010740558400894436,0.0004990319499294895,0.01078787072158441,0.002347042127454618,0.0008061118952360245,1.0908884853803263e-08,0.03334329544459346,8.662058152480817e-05,9.093961146964479e-09,0.0002562808614398858,-0.0008501261316673721,0.0004990319499294895,0.002347042127454618,0.0008061118952360245,1.0908884853803263e-08,0.03334329544459346,0.03579889602434993,0.03579889602434993,8.662058152480817e-05
2024-05-21,-0.00043323534876018064,-0.03860101077756023,-0.021634982976973343,-0.04017306667014961,-0.01846222017733492,0.0008382801565094142,5.238487061451246e-09,0.020462748054669525,9.105933164276567e-05,5.454257471029079e-09,-0.0008747276353843206,-0.00043323534876018064,-0.021634982976973343,-0.01846222017733492,0.0008382801565094142,5.238487061451246e-09,0.020462748054669525,0.024660374445166958,0.024660374445166958,9.105933164276567e-05
2024-05-22,0.00016622974753748346,0.022571167187113036,0.009441125605581926,0.011152795818691367,0.014302727834455716,0.0004872438661060078,7.302988951737696e-09,-0.005652403990748293,9.237180442823083e-05,8.195277056987264e-09,0.0005933609836566755,0.00016622974753748346,0.009441125605581926,0.014302727834455716,0.0004872438661060078,7.302988951737696e-09,-0.005652403990748293,-0.004684359826859229,-0.004684359826859229,9.237180442823083e-05
2024-05-23,0.0008238353464727503,-0.010209340234446578,-0.010144260540025827,-0.032340223324199134,-0.008498660126558847,-0.0002383443499832585,-2.469288981052068e-09,0.002039377509658641,-3.3268026117666976e-05,-2.682082496057424e-09,-0.002269437038369699,0.0008238353464727503,-0.010144260540025827,-0.008498660126558847,-0.0002383443499832585,-2.469288981052068e-09,0.002039377509658641,0.0016486933484848175,0.0016486933484848175,-3.3268026117666976e-05
2024-05-24,-0.00026274623203493554,-0.04160614383847733,0.007730340140579016,-0.007206997166136337,-0.012828047066805051,-0.0011656400472020024,-7.600664725035252e-09,-0.009765986535807404,-0.00017103802918334943,-8.992916208297008e-09,-0.0026498288275510016,-0.00026274623203493554,0.007730340140579016,-0.012828047066805051,-0.0011656400472020024,-7.600664725035252e-09,-0.009765986535807404,-0.015057351344690294,-0.015057351344690294,-0.00017103802918334943
2024-05-27,-0.00025123791895825077,-0.02613198569075082,-0.009995972869021687,-0.020444730194657017,-0.019155396306372273,0.00065794275106365,5.134729490048637e-09,0.02664333355070157,0.00018197094446227593,3.6791191733810278e-09,0.002413524806140246,-0.00025123791895825077,-0.009995972869021687,-0.019155396306372273,0.00065794275106365,5.134729490048637e-09,0.02664333355070157,0.031282924539881594,0.031282924539881594,0.00018197094446227593
2024-05-28,-0.0004939423616117585,-0.028466476443241785,-0.016124627644794717,-0.02484843517511662,-0.020539729658015645,-0.0006960375397023431,4.758001383776437e-09,0.015307155826773822,-4.694120957250445e-05,1.7980892248907498e-09,-0.00039412455291788166,-0.0004939423616117585,-0.016124627644794717,-0.020539729658015645,-0.0006960375397023431,4.758001383776437e-09,0.015307155826773822,0.016021969198661643,0.016021969198661643,-4.694120957250445e-05
2024-05-29,-0.00043921532344182434,-0.017404797209720876,-0.013718723401429465,-0.02110895134069586,-0.010614381354257121,-0.0007459302169730843,3.834309402373085e-09,-0.00545929006015787,-3.3572191414748834e-05,3.562630954664658e-09,-0.0016765633039660343,-0.00043921532344182434,-0.013718723401429465,-0.010614381354257121,-0.0007459302169730843,3.834309402373085e-09,-0.00545929006015787,0.0026545797891003513,0.0026545797891003513,-3.3572191414748834e-05
2024-05-30,-0.00018022190455308732,-0.006168395232232218,-0.020419745686840855,-0.021651143034138856,-0.02091302642314397,0.0017745368648010094,9.579675707607975e-09,-0.0027386981327762135,0.0002777181471713461,7.1760677260583955e-09,0.0007161320739904524,-0.00018022190455308732,-0.020419745686840855,-0.02091302642314397,0.0017745368648010094,9.579675707607975e-09,-0.0027386981327762135,0.008096886859732567,0.008096886859732567,0.0002777181471713461
2024-05-31,-0.0005712510036204163,0.014647564515911062,-0.0102056105205527,-0.013887542590820024,-0.005235245370433402,0.0011163996139101,-1.2097315977172845e-08,0.016208900431592205,0.00011344847020778543,-8.842951097176908e-09,-0.0018313288880771601,-0.0005712510036204163,-0.0102056105205527,-0.005235245370433402,0.0011163996139101,-1.2097315977172845e-08,0.016208900431592205,0.021083015567842183,0.021083015567842183,0.00011344847020778543
2024-06-03,-0.00020845277924643688,-0.01374095144366467,-0.002225021760092361,-0.0006435909622483568,-0.009910742353180313,-0.0007431753321072979,2.39047588477617e-08,0.02412872623721945,1.9449457476595962e-05,2.0664123942126678e-08,0.0022797575802303064,-0.00020845277924643688,-0.002225021760092361,-0.009910742353180313,-0.0007431753321072979,2.39047588477617e-08,0.02412872623721945,0.022077275011657856,0.022077275011657856,1.9449457476595962e-05
2024-06-04,0.00035617420300253363,-0.028172257451888165,0.019578124711334632,0.02688470079092102,0.005161717355998521,0.0010498224333980563,1.7504325301703137e-08,0.02174467466384885,0.00012874303193378627,1.128994525678913e-08,0.000939704890058025,0.00035617420300253363,0.019578124711334632,0.005161717355998521,0.0010498224333980563,1.7504325301703137e-08,0.02174467466384885,0.01933914546982569,0.01933914546982569,0.00012874303193378627
2024-06-05,7.347252530328192e-05,-0.03377979362088325,-0.013458563360601758,-0.03385569380001127,-0.01995673693137237,0.0010215215160842741,4.630693808160388e-09,-0.013549105573770748,0.0001820849713093757,4.072200306379463e-09,-0.0023985794979047865,7.347252530328192e-05,-0.013458563360601758,-0.01995673693137237,0.0010215215160842741,4.630693808160388e-09,-0.013549105573770748,-0.007387088411725372,-0.007387088411725372,0.0001820849713093757
2024-06-06,-0.0005040614769254862,-0.12689232792712588,-0.02789087274860977,-0.08966817937462446,-0.0582301827966646,0.0014883925613825308,2.7689554583577466e-08,0.037449165980738205,0.0002645000551029448,2.2792677228240982e-08,0.00025405424981240685,-0.0005040614769254862,-0.02789087274860977,-0.0582301827966646,0.0014883925613825308,2.7689554583577466e-08,0.037449165980738205,0.023666768220736798,0.023666768220736798,0.0002645000551029448
2024-06-07,-0.0009626610508862752,0.010558399767662803,0.005917696367568517,0.048164156585469124,0.004891192055084397,-0.0027612941242587145,-2.5577332555109548e-08,-0.008773069620025884,-0.0004595584748809832,-2.573732546768813e-08,9.41544056368308e-05,-0.0009626610508862752,0.005917696367568517,0.004891192055084397,-0.0027612941242587145,-2.5577332555109548e-08,-0.008773069620025884,-0.0037976135699373586,-0.0037976135699373586,-0.0004595584748809832
2024-06-11,0.0005803455529313189,0.08150698099068023,0.016006245260859454,0.04214107508237828,0.03420677160189416,0.0010740676625275905,1.9688372576193616e-09,-0.018716078259163136,0.00021933308901941805,3.445377781091101e-09,0.0017265485700247935,0.0005803455529313189,0.016006245260859454,0.03420677160189416,0.0010740676625275905,1.9688372576193616e-09,-0.018716078259163136,-0.01912130685067779,-0.01912130685067779,0.00021933308901941805
2024-06-12,-0.0002163672334389415,0.05733718163342679,0.007340448684366009,0.04655490402756206,0.016152887758684852,-0.00036144373614356866,-1.1184586959269646e-08,-0.027353662817436994,-0.00014303249591289915,-8.555402162145853e-09,-0.0004955388021619347,-0.0002163672334389415,0.007340448684366009,0.016152887758684852,-0.00036144373614356866,-1.1184586959269646e-08,-0.027353662817436994,-0.02047286617132118,-0.02047286617132118,-0.00014303249591289915
2024-06-13,-0.0003910524762130911,0.044826517275774316,0.003501183255223183,0.03515883610856188,0.002464429809315827,0.0016272037706862577,-2.2165932875130543e-09,-0.0350461251452353,0.0002799100377061618,-1.4911033360761481e-09,-0.0013512834060176286,-0.0003910524762130911,0.003501183255223183,0.002464429809315827,0.0016272037706862577,-2.2165932875130543e-09,-0.0350461251452353,-0.026501347747454225,-0.026501347747454225,0.0002799100377061618
2024-06-14,0.00010009522155641437,0.011417974656810534,0.006451472397209334,0.025931150968950645,0.007639374298738459,-0.00047799491882257323,6.171583168732798e-09,-0.003975611640519827,-6.353500988420887e-05,9.075094366273701e-09,0.0011565924591592166,0.00010009522155641437,0.006451472397209334,0.007639374298738459,-0.00047799491882257323,6.171583168732798e-09,-0.003975611640519827,-0.005556985053457156,-0.005556985053457156,-6.353500988420887e-05
2024-06-17,0.00032256784941670207,-0.0005947549211227801,0.0035153709784478044,-0.004598238034583376,-0.00027985114472692095,0.0003492599749443825,9.371568620041714e-09,-0.013031357263098658,9.426160452799273e-05,1.0615219739465447e-08,-0.0009920852172891975,0.00032256784941670207,0.0035153709784478044,-0.00027985114472692095,0.0003492599749443825,9.371568620041714e-09,-0.013031357263098658,-0.015414664093826465,-0.015414664093826465,9.426160452799273e-05
2024-06-18,-0.0002559419149643414,0.04757234635329888,0.012489724815183453,0.047378309592753805,0.013915958514139251,-0.0009137381334656181,-9.408855499576434e-09,-0.0005715594242268585,-8.342798838548871e-05,-8.511689330529814e-09,0.0002166989240996113,-0.0002559419149643414,0.012489724815183453,0.013915958514139251,-0.0009137381334656181,-9.408855499576434e-09,-0.0005715594242268585,0.0004357491842373654,0.0004357491842373654,-8.342798838548871e-05
2024-06-19,0.0006980104560671695,0.036699946208439714,0.021756529655981217,0.03716593359204998,0.03269033350545682,0.00025144799248757744,1.110994159672279e-09,-0.008641908146746705,-5.120888013510733e-05,3.0658701298839804e-10,-0.0002963481110337368,0.0006980104560671695,0.021756529655981217,0.03269033350545682,0.00025144799248757744,1.110994159672279e-09,-0.008641908146746705,-0.011130333799450895,-0.011130333799450895,-5.120888013510733e-05
2024-06-20,-0.0007262387447635141,-0.019197444107027943,-0.017950730466011772,-0.015282584082088806,-0.023030393943729043,8.09089844022581e-05,5.959161058055601e-10,0.011965301585814409,6.128210246765556e-05,5.911343224399773e-10,0.0003717701937515153,-0.0007262387447635141,-0.017950730466011772,-0.023030393943729043,8.09089844022581e-05,5.959161058055601e-10,0.011965301585814409,0.006287605779558583,0.006287605779558583,6.128210246765556e-05
2024-06-21,-0.0008512834237193947,0.015743340296261413,-0.010100256476046746,0.013747206304338525,0.011173923333255271,0.0007716535483042145,1.3990294009783241e-08,0.005908583197440995,9.466984830296697e-05,1.5247756096285197e-08,0.0006406184750935629,-0.0008512834237193947,-0.010100256476046746,0.011173923333255271,0.0007716535483042145,1.3990294009783241e-08,0.005908583197440995,0.00014702422339198755,0.00014702422339198755,9.466984830296697e-05
2024-06-24,-0.0015190442966338837,-0.07402118047068812,-0.03312482496938014,-0.05290524930840749,-0.03490634311165977,-0.00011465925022364405,2.153665108931147e-08,0.016227046822510575,3.960055531473139e-05,2.2407514074887085e-08,0.0020852876318353994,-0.0015190442966338837,-0.03312482496938014,-0.03490634311165977,-0.00011465925022364405,2.153665108931147e-08,0.016227046822510575,0.00812078220679046,0.00812078220679046,3.960055531473139e-05
2024-06-25,-0.0009297860474626966,0.002598826520681186,0.0020733566428170606,0.0041714686386784255,0.0037239083712074118,-0.00018463307457253735,-1.9755942510961885e-08,-0.03627876483396422,-0.00015551239965878917,-1.5470757890327956e-08,-0.0014993721283885898,-0.0009297860474626966,0.0020733566428170606,0.0037239083712074118,-0.00018463307457253735,-1.9755942510961885e-08,-0.03627876483396422,-0.029067593727031885,-0.029067593727031885,-0.00015551239965878917
2024-06-26,0.0003047397909675702,0.05500362117460065,0.017832454682360017,0.050398057658607366,0.019591607959551723,-8.964814992708108e-05,-6.784268358474432e-09,-0.009663743384865406,-4.635656718877873e-06,-6.756679273275969e-09,-5.132525970650744e-06,0.0003047397909675702,0.017832454682360017,0.019591607959551723,-8.964814992708108e-05,-6.784268358474432e-09,-0.009663743384865406,-0.001241835054430837,-0.001241835054430837,-4.635656718877873e-06
2024-06-27,-0.0007302141200087563,-0.010922140855509039,-0.008419974140031124,-0.012719962757911582,-6.868700562550373e-05,0.00048512051047492873,4.6285908030758735e-09,0.008314292985859834,5.529982953057122e-05,4.225002381245376e-09,-0.0020332839278548952,-0.0007302141200087563,-0.008419974140031124,-6.868700562550373e-05,0.00048512051047492873,4.6285908030758735e-09,0.008314292985859834,0.00810713071001684,0.00810713071001684,5.529982953057122e-05
2024-06-28,0.0008759391928015096,-0.001121719458433921,0.008396935925626828,0.0010235990881406537,-0.0028031448323077076,0.000394399659178797,9.312453603944371e-09,0.041157565538437246,9.281898818044763e-05,7.019883155595578e-09,0.0014728353892538028,0.0008759391928015096,0.008396935925626828,-0.0028031448323077076,0.000394399659178797,9.312453603944371e-09,0.041157565538437246,0.029733454711638605,0.029733454711638605,9.281898818044763e-05
2024-07-01,-0.0016395288828738367,0.008130613069365772,0.0003354732949258194,0.007085126133549047,0.014554061158661789,-0.0014492250526516525,2.3017102263093748e-09,-0.02634792136958257,-0.00028048845634780304,3.6737683878488034e-09,0.002486125195671991,-0.0016395288828738367,0.0003354732949258194,0.014554061158661789,-0.0014492250526516525,2.3017102263093748e-09,-0.02634792136958257,-0.023772101883574107,-0.023772101883574107,-0.00028048845634780304
2024-07-02,-0.0002805731538236916,-0.02269977284798102,0.005376588674885428,-0.0010725935405414356,-0.0010456295429236379,-0.001622671251145234,-1.5842469148702826e-08,-0.034822035536650295,-0.000318136072906906,-1.4235377189221737e-08,-0.0005039761486835064,-0.0002805731538236916,0.005376588674885428,-0.0010456295429236379,-0.001622671251145234,-1.5842469148702826e-08,-0.034822035536650295,-0.031310315168717934,-0.031310315168717934,-0.000318136072906906
2024-07-03,-0.0006465194297591169,-0.04194759246665366,-0.011208601241373094,-0.02494094753195042,-0.024774204409272742,-0.0010070609988817214,1.4872930120204589e-08,0.01992731714997407,-9.013766541404859e-05,1.170811577445464e-08,1.8032042845907513e-05,-0.0006465194297591169,-0.011208601241373094,-0.024774204409272742,-0.0010070609988817214,1.4872930120204589e-08,0.01992731714997407,0.01430723733743053,0.01430723733743053,-9.013766541404859e-05
2024-07-04,-0.00031191740738760736,-0.07507906245788223,-0.034391989455621344,-0.06707118520674246,-0.03388721798270309,0.0005905303710560257,1.782190420848092e-08,0.02799763853750211,0.0002297566466069022,1.7047406668646595e-08,-0.00020433488772664566,-0.00031191740738760736,-0.034391989455621344,-0.03388721798270309,0.0005905303710560257,1.782190420848092e-08,0.02799763853750211,0.018204915746027395,0.018204915746027395,0.0002297566466069022
2024-07-05,-0.0012582969638221604,0.041635732872802075,0.012761656850580314,0.03994091017046189,0.023977348287501695,-0.0007166121744652321,-1.3056921470322062e-08,-0.021854651300027502,-0.00011886529863350366,-1.1155826869655177e-08,-0.0018722889605164656,-0.0012582969638221604,0.012761656850580314,0.023977348287501695,-0.0007166121744652321,-1.3056921470322062e-08,-0.021854651300027502,-0.017882197708104435,-0.017882197708104435,-0.00011886529863350366
2024-07-08,0.0013884874031615834,-0.03376893218832088,0.0011548430964310624,-0.014861614721103821,-0.008033137929739075,0.0009268436820295033,2.1257463874018906e-08,0.02896553482197868,0.00018401961930477795,1.9509586453082213e-08,0.0027085285563572072,0.0013884874031615834,0.0011548430964310624,-0.008033137929739075,0.0009268436820295033,2.1257463874018906e-08,0.02896553482197868,0.020897505590888724,0.020897505590888724,0.00018401961930477795
2024-07-09,-4.050153255775181e-05,0.005724054001891567,0.017371011747175213,0.03736220760885687,-0.00034576234083360494,9.961495221108117e-05,1.576531501708732e-08,0.05102057300365316,0.00012100295701364572,1.1542770072584909e-08,-0.0010509466516233803,-4.050153255775181e-05,0.017371011747175213,-0.00034576234083360494,9.961495221108117e-05,1.576531501708732e-08,0.05102057300365316,0.039996626028200886,0.039996626028200886,0.00012100295701364572
2024-07-10,-0.0003490373346189467,0.024756640986395562,0.011139383753941643,0.03433223756731258,0.007709295729953065,0.00043153244518536615,5.083862860354781e-09,0.017600943920234258,0.00011747320134181246,4.706093448074167e-09,0.0006744020764209801,-0.0003490373346189467,0.011139383753941643,0.007709295729953065,0.00043153244518536615,5.083862860354781e-09,0.017600943920234258,0.011197431289355403,0.011197431289355403,0.00011747320134181246
2024-07-11,-0.0006837851057792142,0.06071022854492247,0.017377451589813738,0.054393799413175396,0.016758444390421057,-0.0008320009879264125,-1.8133904173972618e-08,-0.050071047552620394,-0.0001851184266486076,-1.700457380096919e-08,-0.0008545817176970239,-0.0006837851057792142,0.017377451589813738,0.016758444390421057,-0.0008320009879264125,-1.8133904173972618e-08,-0.050071047552620394,-0.03962003042090418,-0.03962003042090418,-0.0001851184266486076
2024-07-12,-0.0003498631814913905,0.0027568932334995308,-0.0013511913643790016,0.0003590554970702102,0.003134740754179228,8.71708967180575e-05,-7.81335502038388e-09,-0.014689013653561957,-9.084308961500369e-06,-8.663738691578377e-09,0.0007092492521211926,-0.0003498631814913905,-0.0013511913643790016,0.003134740754179228,8.71708967180575e-05,-7.81335502038388e-09,-0.014689013653561957,-0.014278514707098258,-0.014278514707098258,-9.084308961500369e-06
2024-07-15,-0.0004534939776339616,-0.017310113970085302,-0.030983529926233717,-0.039937526267655836,-0.004406805131736578,0.0008350644354578328,1.17554379444936e-08,0.007427275268206979,6.379453730078974e-05,1.28043122015068e-08,-0.0034231024983604227,-0.0004534939776339616,-0.030983529926233717,-0.004406805131736578,0.0008350644354578328,1.17554379444936e-08,0.007427275268206979,0.003402993033170613,0.003402993033170613,6.379453730078974e-05
2024-07-16,1.3372452789549032e-05,-0.01150749106231899,0.005037919298194559,0.012946489927183478,-0.004192360726603238,-0.0009604613677860203,1.7411872776136827e-09,-0.011089807258148572,-0.00011631981389145584,1.7732088116152238e-09,0.002168079762508451,1.3372452789549032e-05,0.005037919298194559,-0.004192360726603238,-0.0009604613677860203,1.7411872776136827e-09,-0.011089807258148572,-0.012281828243998635,-0.012281828243998635,-0.00011631981389145584
2024-07-17,0.00011905508563863897,-0.02079715037830844,-0.02694809364393081,-0.034214162081453496,-0.005416250290072033,-0.001130586432366215,-1.3148519549118812e-08,-0.04546576243942938,-0.00018046280370991407,-9.946505059995096e-09,-0.000774561340787284,0.00011905508563863897,-0.02694809364393081,-0.005416250290072033,-0.001130586432366215,-1.3148519549118812e-08,-0.04546576243942938,-0.03940922638600218,-0.03940922638600218,-0.00018046280370991407
2024-07-18,0.00014045334795462466,-0.0014857828088508257,-0.003929197323443474,-0.03191421843116389,0.00043522920392614683,-0.0011838496997691684,3.000538327011063e-09,-0.004674110522027928,-8.972117008963726e-05,4.9512801767837905e-09,-0.0004216374597788426,0.00014045334795462466,-0.003929197323443474,0.00043522920392614683,-0.0011838496997691684,3.000538327011063e-09,-0.004674110522027928,-0.004593786282782025,-0.004593786282782025,-8.972117008963726e-05
2024-07-19,-0.0017710168607550764,0.03470652271994341,-0.0064133626588523335,0.02043471051356728,0.007070541519784172,0.001164457363835696,-1.939184324258556e-09,-0.014058661394457399,0.00012255711693458043,-1.864265876343538e-09,-0.0035910101270009535,-0.0017710168607550764,-0.0064133626588523335,0.007070541519784172,0.001164457363835696,-1.939184324258556e-09,-0.014058661394457399,-0.010916572581554356,-0.010916572581554356,0.00012255711693458043
2024-07-22,-0.0005782338176783332,0.06084497331711168,0.030908365499043668,0.052922708619917096,0.034415182652461324,0.00200284373735773,-7.145730039693767e-09,-0.019201977948224768,0.00015635558681877858,-8.502493427611984e-09,-0.00019529697330215667,-0.0005782338176783332,0.030908365499043668,0.034415182652461324,0.00200284373735773,-7.145730039693767e-09,-0.019201977948224768,-0.016511803182938385,-0.016511803182938385,0.00015635558681877858
2024-07-23,0.00045264262210424334,-0.010804742202419521,-0.009953990873041019,-0.020276556899200493,-0.001268202527072847,-0.001843093088975067,-4.7328416028579355e-09,-0.017714176728695533,-0.00019204428021369875,-5.392780578268925e-09,-0.0029078429059807196,0.00045264262210424334,-0.009953990873041019,-0.001268202527072847,-0.001843093088975067,-4.7328416028579355e-09,-0.017714176728695533,-0.014987872642979166,-0.014987872642979166,-0.00019204428021369875
2024-07-24,-4.058650912380826e-05,-0.047920846660559895,-0.022714772512366737,-0.0639712336229754,-0.028410620938687646,-0.0014311678153919132,6.769590170747575e-09,0.018759104629991082,-0.0001303242399621704,8.132705276808603e-09,-0.0009729120843858053,-4.058650912380826e-05,-0.022714772512366737,-0.028410620938687646,-0.0014311678153919132,6.769590170747575e-09,0.018759104629991082,0.0173074436639606,0.0173074436639606,-0.0001303242399621704
2024-07-25,-0.00036702679190667793,-0.015233075410813235,-0.023928688904649574,-0.03916456235819683,-0.009911997186400004,-0.0009290526918760912,-1.5997147692354026e-08,-0.033083424845817735,-0.00019780314780561923,-1.4074075313376564e-08,-0.002512879942994532,-0.00036702679190667793,-0.023928688904649574,-0.009911997186400004,-0.0009290526918760912,-1.5997147692354026e-08,-0.033083424845817735,-0.023852102781542713,-0.023852102781542713,-0.00019780314780561923
2024-07-26,-5.630274173051012e-05,0.000937781652308428,-0.006994170777741789,0.01697899264048553,-0.007610986602913198,-0.00014025380805776335,-1.59688871601837e-08,-0.012287907461177366,-9.364897134351202e-05,-1.4749083627601669e-08,0.0017005888885604646,-5.630274173051012e-05,-0.006994170777741789,-0.007610986602913198,-0.00014025380805776335,-1.59688871601837e-08,-0.012287907461177366,-0.007299555319232533,-0.007299555319232533,-9.364897134351202e-05
2024-07-29,3.5015984326629404e-05,0.03393662013887591,0.01251948400156233,0.021777692820793938,0.02208984241034406,-0.0014359858713942461,-6.345245770454801e-09,0.010148798472796367,-0.00011772201434989005,-7.777645883527073e-09,-0.0017811078722899981,3.5015984326629404e-05,0.01251948400156233,0.02208984241034406,-0.0014359858713942461,-6.345245770454801e-09,0.010148798472796367,0.007974151524823133,0.007974151524823133,-0.00011772201434989005
2024-07-30,-0.0004546780504720013,0.0448780625784309,0.018957276723683338,0.036335466189583214,0.022926611926359065,-2.6538874904622223e-05,-8.87588751160583e-09,-0.03415041510655223,-8.407645661113161e-05,-1.0261873174802898e-08,-0.003577082900579392,-0.0004546780504720013,0.018957276723683338,0.022926611926359065,-2.6538874904622223e-05,-8.87588751160583e-09,-0.03415041510655223,-0.027356831249252662,-0.027356831249252662,-8.407645661113161e-05
2024-07-31,-6.288387591690825e-05,-0.0005267406235037791,0.01610113509889547,0.04202624399044598,-0.0009416412995794795,0.0026564251512395313,-3.0770315308066587e-09,-0.03103185967623509,0.00017675356575963086,-2.198761047578008e-09,0.005986710120407992,-6.288387591690825e-05,0.01610113509889547,-0.0009416412995794795,0.0026564251512395313,-3.0770315308066587e-09,-0.03103185967623509,-0.025572070108652874,-0.025572070108652874,0.00017675356575963086
2024-08-01,0.0006404494470127154,0.03194007107570054,0.02931628087110641,0.03996540072760377,0.016004670787311718,-0.0009032456720998674,-3.941373237684964e-09,0.010933078430245378,-3.868679180636005e-05,-5.028706648183076e-09,-0.0003312317954737958,0.0006404494470127154,0.02931628087110641,0.016004670787311718,-0.0009032456720998674,-3.941373237684964e-09,0.010933078430245378,0.010305403562161324,0.010305403562161324,-3.868679180636005e-05
2024-08-05,0.00010951251449546971,-0.08233319294481452,-0.07142412095640921,-0.10683001172441317,-0.04762587870236044,-0.002835805092395446,-2.3417637485142913e-09,-0.007861369213391976,-0.0001398048461185718,-1.936889186782729e-09,-0.0047300068067680804,0.00010951251449546971,-0.07142412095640921,-0.04762587870236044,-0.002835805092395446,-2.3417637485142913e-09,-0.007861369213391976,-0.005732894002468825,-0.005732894002468825,-0.0001398048461185718
2024-08-06,-0.0018465605097609315,0.04374136619546217,0.012386770774810874,0.04439107414401187,0.025465069555192576,0.0013231371885265434,-6.612566275176972e-09,-0.04208860174692136,4.635891068880452e-05,-5.313780124172622e-09,0.00479819185998404,-0.0018465605097609315,0.012386770774810874,0.025465069555192576,0.0013231371885265434,-6.612566275176972e-09,-0.04208860174692136,-0.03356086866190873,-0.03356086866190873,4.635891068880452e-05
2024-08-07,-0.0009957759406364665,0.02588508494978218,0.003935977668330843,0.026788340921435755,-0.007527217266383365,0.0003382826219757235,-4.663252664241114e-09,0.005739816832363088,7.7811355240601e-05,-4.803325978371534e-09,-0.0012758467739008583,-0.0009957759406364665,0.003935977668330843,-0.007527217266383365,0.0003382826219757235,-4.663252664241114e-09,0.005739816832363088,0.0051286137504559706,0.0051286137504559706,7.7811355240601e-05
2024-08-13,0.0001937551160911288,0.032398226949574505,0.009435045117573652,0.004984626012795256,0.02724863447305597,0.001017641499918464,4.1320237135138915e-09,0.0006166788702653936,4.631542202565467e-05,5.450913145756365e-09,0.0016330657060645768,0.0001937551160911288,0.009435045117573652,0.02724863447305597,0.001017641499918464,4.1320237135138915e-09,0.0006166788702653936,0.0002927999335057604,0.0002927999335057604,4.631542202565467e-05
2024-08-14,0.000487504689281581,0.049845123309490424,0.031230951028197375,0.03060487004546085,0.042421993313333746,-0.0009143488437584629,-3.894884994144823e-09,0.021746195211932943,-9.97882350605834e-05,-5.4772660414288476e-09,0.0009273748760853684,0.000487504689281581,0.031230951028197375,0.042421993313333746,-0.0009143488437584629,-3.894884994144823e-09,0.021746195211932943,0.01757852162107135,0.01757852162107135,-9.97882350605834e-05
2024-08-15,-0.00016918471240300487,0.02569292116438351,-0.007713713114425221,-0.004642421513273154,0.023230412867785558,0.0006842724289795261,3.313708422994547e-09,-0.009941425494708325,-3.325643654628676e-05,5.23086161347244e-09,-0.0013050777798816605,-0.00016918471240300487,-0.007713713114425221,0.023230412867785558,0.0006842724289795261,3.313708422994547e-09,-0.009941425494708325,-0.009438180760005329,-0.009438180760005329,-3.325643654628676e-05
2024-08-16,-0.0008423936036096782,0.030431649360253898,0.02689084602376262,0.04151683221470348,0.022610648146084367,0.002518114541577251,6.108058641929989e-09,0.02377494747316715,0.00014908410851317464,5.613386739185174e-09,0.0023539169837569957,-0.0008423936036096782,0.02689084602376262,0.022610648146084367,0.002518114541577251,6.108058641929989e-09,0.02377494747316715,0.021081198050711066,0.021081198050711066,0.00014908410851317464
2024-08-19,0.0006163091964175731,-0.05433711816037445,-0.05078911942684717,-0.04425325207783576,-0.04315243510601243,-0.001253168975021374,4.167007874312344e-09,0.005693738442825329,3.884163266620419e-08,4.045395551637702e-09,-0.001175361472381258,0.0006163091964175731,-0.05078911942684717,-0.04315243510601243,-0.001253168975021374,4.167007874312344e-09,0.005693738442825329,0.005078561084205109,0.005078561084205109,3.884163266620419e-08
2024-08-20,-0.0018105915329548374,-0.0324861019495942,-0.02283268111070616,-0.046256856907112155,-0.018088251702096467,-0.0001139664325269085,1.367355968588195e-08,0.03324510334537893,8.960672633544373e-05,1.2033611117730005e-08,0.0014261498280290729,-0.0018105915329548374,-0.02283268111070616,-0.018088251702096467,-0.0001139664325269085,1.367355968588195e-08,0.03324510334537893,0.02736255164436554,0.02736255164436554,8.960672633544373e-05
2024-08-21,-0.0006239897731335944,0.038462183139847034,0.01664603384939567,0.029410343256556497,0.04047089036900706,0.001336744988725372,-4.32742844332369e-09,-0.014387322449082097,3.472651411701491e-05,-6.2322433930693405e-09,0.0032199175329352364,-0.0006239897731335944,0.01664603384939567,0.04047089036900706,0.001336744988725372,-4.32742844332369e-09,-0.014387322449082097,-0.013342818100826099,-0.013342818100826099,3.472651411701491e-05
2024-08-22,-2.367112395619933e-05,-0.048766111345007294,-0.035124552523273594,-0.05349617666827228,-0.02153855285360009,-0.0003635741267190334,5.0874308193896615e-09,0.028172567900623852,4.261250492273026e-05,4.099324760016209e-09,-0.0001616855347212716,-2.367112395619933e-05,-0.035124552523273594,-0.02153855285360009,-0.0003635741267190334,5.0874308193896615e-09,0.028172567900623852,0.0226502939491825,0.0226502939491825,4.261250492273026e-05
2024-08-23,-0.0016633381108133124,-0.0017422983538055497,0.006412542236313318,0.018685804539837227,0.004070015952910141,-0.001111690793608052,6.462102422413551e-09,0.003514443051782577,-0.00011643466979400105,6.3001716498440395e-09,-0.0001752002411087024,-0.0016633381108133124,0.006412542236313318,0.004070015952910141,-0.001111690793608052,6.462102422413551e-09,0.003514443051782577,0.0044073731930740915,0.0044073731930740915,-0.00011643466979400105
2024-08-26,-0.0011284804164846585,0.05053217756498945,0.013560582860579137,0.026773165158654293,0.02332138771446789,-0.004757283113017868,-2.07183752037255e-08,-0.04206333515426591,-0.0003733347934423419,-2.191363893489067e-08,0.006186917860363795,-0.0011284804164846585,0.013560582860579137,0.02332138771446789,-0.004757283113017868,-2.07183752037255e-08,-0.04206333515426591,-0.03567161724002004,-0.03567161724002004,-0.0003733347934423419
2024-08-27,-0.0007247825035975807,-0.01114017667973209,0.0008364582477553868,-0.022347532455074662,0.0015071561244912866,-0.0003764112702926707,1.258854226588275e-08,0.004850543537121918,-2.3838119089410402e-05,1.1722496271309682e-08,0.0006790564030069766,-0.0007247825035975807,0.0008364582477553868,0.0015071561244912866,-0.0003764112702926707,1.258854226588275e-08,0.004850543537121918,0.004100132857470684,0.004100132857470684,-2.3838119089410402e-05
2024-08-28,-0.0002255231486585282,-0.021630955707369368,-0.0261913536330899,-0.035870321047040056,-0.02784921340064711,-0.00016752990965045178,-6.6479343298413495e-09,-0.0044081799377147565,-2.6435567721716518e-05,-5.110019910012432e-09,-0.002345290103824473,-0.0002255231486585282,-0.0261913536330899,-0.02784921340064711,-0.00016752990965045178,-6.6479343298413495e-09,-0.0044081799377147565,-0.004304614817181384,-0.004304614817181384,-2.6435567721716518e-05
2024-08-29,-0.0009799965484210572,0.03945183238989129,0.014526359602965572,0.03316519619830509,0.01962128395391125,0.0029547495858891575,-1.1256447101660201e-08,-0.023916075863996404,0.00013610115926101143,-6.924983900861452e-09,0.00023490022849669185,-0.0009799965484210572,0.014526359602965572,0.01962128395391125,0.0029547495858891575,-1.1256447101660201e-08,-0.023916075863996404,-0.023403524165778494,-0.023403524165778494,0.00013610115926101143
2024-08-30,0.00027317308745068236,0.07309245865787851,0.019751983926829256,0.06632700723230243,0.025170028005987926,0.0013780902891725895,-1.1902277713670446e-08,-0.019423661474404896,2.645847102325519e-05,-5.514263737325608e-09,0.0010948731953291581,0.00027317308745068236,0.019751983926829256,0.025170028005987926,0.0013780902891725895,-1.1902277713670446e-08,-0.019423661474404896,-0.021775499316818,-0.021775499316818,2.645847102325519e-05
2024-09-02,-0.0006651009242573251,-0.041858453524990284,-0.020038144298442997,-0.05549954063599482,-0.014358487647405571,-0.0024028721707022105,-6.438627865189321e-09,0.03166022167907185,-0.00010218033435134003,-7.946752275047895e-09,-0.0052130056053404,-0.0006651009242573251,-0.020038144298442997,-0.014358487647405571,-0.0024028721707022105,-6.438627865189321e-09,0.03166022167907185,0.03330834704732914,0.03330834704732914,-0.00010218033435134003
2024-09-03,-0.0003491528451149028,0.0439979405696216,0.01184340906647541,0.03413466552995409,0.01852303034329562,0.0018765600696623828,-6.074329054165414e-09,-0.0020027563220984985,8.257192008137993e-05,-2.3992319484019743e-09,-1.269436043702777e-05,-0.0003491528451149028,0.01184340906647541,0.01852303034329562,0.0018765600696623828,-6.074329054165414e-09,-0.0020027563220984985,-0.006848399943482255,-0.006848399943482255,8.257192008137993e-05
2024-09-04,-0.00015647776246898603,-0.046376306920359184,-0.02830211986055088,-0.030897812717510985,-0.032995196410530066,0.0025647513851518493,4.8733466345336115e-09,-0.04559487758748564,8.801942262985213e-05,5.205413951319884e-09,-0.0019208519886183186,-0.00015647776246898603,-0.02830211986055088,-0.032995196410530066,0.0025647513851518493,4.8733466345336115e-09,-0.04559487758748564,-0.04254881782089885,-0.04254881782089885,8.801942262985213e-05
2024-09-05,-0.0008257604184850163,0.01217671097552447,0.00156840806770255,0.0033836305738495953,0.0051414764384765865,-0.003107153927580751,-9.486496038517965e-09,0.025160093170337298,-0.00016748461331998396,-8.13857386444275e-09,-0.0019199742210455658,-0.0008257604184850163,0.00156840806770255,0.0051414764384765865,-0.003107153927580751,-9.486496038517965e-09,0.025160093170337298,0.022646807519643264,0.022646807519643264,-0.00016748461331998396
2024-09-06,-0.0004923999237228783,-0.06711137668749886,-0.028472535035920538,-0.056361735251550395,-0.03523471021851053,-0.0013789529829965842,6.831815911584971e-09,0.017878833613744004,-5.421894589193697e-05,4.828074981545191e-09,-0.0038550647121671972,-0.0004923999237228783,-0.028472535035920538,-0.03523471021851053,-0.0013789529829965842,6.831815911584971e-09,0.017878833613744004,0.0162702145734965,0.0162702145734965,-5.421894589193697e-05
2024-09-09,0.0004132514882335209,-0.028783238145314784,-0.012276422785158657,-0.021217019535706712,-0.014982382289017583,-0.002311179791850976,-2.87312494954427e-09,-0.026468977611299117,-0.00020323761003861028,-3.3061874978054648e-09,0.0001598648197472849,0.0004132514882335209,-0.012276422785158657,-0.014982382289017583,-0.002311179791850976,-2.87312494954427e-09,-0.026468977611299117,-0.022499190730965915,-0.022499190730965915,-0.00020323761003861028
2024-09-10,-0.0003857588687631931,0.03500770929463077,0.01079194781360662,0.00797763179011517,0.021103449261481944,0.0011370516916595155,3.117119427245103e-11,0.025033253325538414,2.0770433827114074e-05,1.453617954713273e-09,-0.0021180615686026,-0.0003857588687631931,0.01079194781360662,0.021103449261481944,0.0011370516916595155,3.117119427245103e-11,0.025033253325538414,0.017076765095830032,0.017076765095830032,2.0770433827114074e-05
2024-09-11,0.0019394695040312738,0.019699316656849552,0.0017519015570811823,0.019154007636848255,0.01210618364369683,0.0022065455413616576,-8.409327891869762e-10,-0.02846679902051506,0.0001465842693055144,-7.722312730967913e-10,0.0031038240856409386,0.0019394695040312738,0.0017519015570811823,0.01210618364369683,0.0022065455413616576,-8.409327891869762e-10,-0.02846679902051506,-0.030848906220929437,-0.030848906220929437,0.0001465842693055144
2024-09-12,-0.0009342223937343912,-0.026970603864657293,-0.019535965997866306,-0.03598246172483455,-0.01879297818425835,-0.0020247933078277364,-1.1531371762251204e-09,-0.0089580324160664,-0.00013160159138035334,-1.1773459898881317e-09,-0.0025451559372995087,-0.0009342223937343912,-0.019535965997866306,-0.01879297818425835,-0.0020247933078277364,-1.1531371762251204e-09,-0.0089580324160664,-0.006854207803771247,-0.006854207803771247,-0.00013160159138035334
2024-09-13,-0.000624314810132838,-0.046002521313328056,-0.02086206427542541,-0.047287089396535545,-0.026772963723540454,-0.0014915318790865177,8.445738138453565e-09,0.009007558338518537,-0.00015888177910687872,8.483602602932265e-09,-0.0008572051764385343,-0.000624314810132838,-0.02086206427542541,-0.026772963723540454,-0.0014915318790865177,8.445738138453565e-09,0.009007558338518537,0.015177409288653425,0.015177409288653425,-0.00015888177910687872
2024-09-18,0.001158803334601353,-0.03055076044561431,0.002588949152837254,-0.02355422325640262,-0.005440413007189826,0.0001931982786530212,1.3959686082511722e-08,-0.00029384204180598554,2.2747839550761174e-05,1.0809977342133629e-08,0.0005977078521190334,0.001158803334601353,0.002588949152837254,-0.005440413007189826,0.0001931982786530212,1.3959686082511722e-08,-0.00029384204180598554,-0.0027860739036827185,-0.0027860739036827185,2.2747839550761174e-05
2024-09-19,-0.00034986124578828705,-0.005276639970473213,0.008254239118224661,0.014429000900352207,-0.005469526571462582,-0.0009903032582939963,-1.6796518209860357e-08,-0.010710676247136367,-3.360067539164686e-05,-1.634713430254632e-08,0.0015958917743446543,-0.00034986124578828705,0.008254239118224661,-0.005469526571462582,-0.0009903032582939963,-1.6796518209860357e-08,-0.010710676247136367,-0.011309236970013624,-0.011309236970013624,-3.360067539164686e-05
2024-09-20,-3.841921762740378e-06,0.01809805934452257,0.006461778202312579,0.005885440938571779,0.013776364740949324,-6.210257170446384e-05,-3.22772957313741e-09,0.03370330723553906,4.013802037212331e-05,-4.498364786029959e-09,-0.0008401694232932575,-3.841921762740378e-06,0.006461778202312579,0.013776364740949324,-6.210257170446384e-05,-3.22772957313741e-09,0.03370330723553906,0.032538558907559516,0.032538558907559516,4.013802037212331e-05
2024-09-23,-8.036443140668955e-05,-0.004329501230230059,-0.00415714993247941,-0.013686784500379601,-0.008056014407276779,-0.0012239289421428511,1.5355052437046834e-09,-0.0033232681700043113,-0.00016345616326546956,8.317451952651897e-10,-0.001087935866274697,-8.036443140668955e-05,-0.00415714993247941,-0.008056014407276779,-0.0012239289421428511,1.5355052437046834e-09,-0.0033232681700043113,-0.007490580710166045,-0.007490580710166045,-0.00016345616326546956
2024-09-24,0.00047117467577845456,0.013665894810388305,0.012307153923678333,0.060919565229795705,-0.0025922803597934526,0.003889373619920546,2.1883550096529037e-08,-0.04665231967142199,0.00017484287862621484,2.3947354062022607e-08,0.0048641307534102686,0.00047117467577845456,0.012307153923678333,-0.0025922803597934526,0.003889373619920546,2.1883550096529037e-08,-0.04665231967142199,-0.0516879819680222,-0.0516879819680222,0.00017484287862621484
2024-09-25,-0.00022883363462933323,0.005467668144882088,0.0015525370711609436,0.01815711835395691,0.004944458715435724,-0.00046299386045682014,-1.1611641074151e-09,-0.004315144014880615,-6.664748440002975e-05,-2.302214756060305e-09,-0.00017783466099965402,-0.00022883363462933323,0.0015525370711609436,0.004944458715435724,-0.00046299386045682014,-1.1611641074151e-09,-0.004315144014880615,0.0006192356769802031,0.0006192356769802031,-6.664748440002975e-05
2024-09-26,0.00039391394037381,0.006634757732593367,0.010180703019292168,0.0751314587529824,-0.026326596607354348,0.004666452684981968,7.026856202180381e-09,-0.055597554998720856,0.00025642021327989574,8.035673464641505e-09,0.0068378604274506715,0.00039391394037381,0.010180703019292168,-0.026326596607354348,0.004666452684981968,7.026856202180381e-09,-0.055597554998720856,-0.056462351756715955,-0.056462351756715955,0.00025642021327989574
2024-09-27,0.0019190945606737241,0.11096120607041783,0.034094894820989624,0.11190150463262954,0.047540357063846954,0.006615487295094089,-2.96956138961168e-09,-0.045570883920986384,0.0007038872884211191,4.450625244749867e-10,0.007565921469962647,0.0019190945606737241,0.034094894820989624,0.047540357063846954,0.006615487295094089,-2.96956138961168e-09,-0.045570883920986384,-0.04846597531560636,-0.04846597531560636,0.0007038872884211191
2024-09-30,0.002378493803035613,0.03949883111569055,0.0428712999658054,0.07822876507939297,0.01656138075621965,0.004687473824232157,-1.7320901287595196e-08,0.0065079261460289925,0.0004331426431277555,-1.8933894288249642e-08,0.00917319114399341,0.002378493803035613,0.0428712999658054,0.01656138075621965,0.004687473824232157,-1.7320901287595196e-08,0.0065079261460289925,0.0072501659893241975,0.0072501659893241975,0.0004331426431277555
2024-10-08,0.0031896046977916894,0.15772669689484436,0.10795327466526039,0.19829869832059413,0.09784728403546121,0.01119341747038968,-7.833345200068407e-09,0.0700185880667156,0.0011989835735491075,-6.224080261018045e-09,0.01595806896450451,0.0031896046977916894,0.10795327466526039,0.09784728403546121,0.01119341747038968,-7.833345200068407e-09,0.0700185880667156,0.08869238459563457,0.08869238459563457,0.0011989835735491075
2024-10-10,-0.0011163810189227872,-0.0753787765325169,-0.049162804325621014,-0.06431919895992556,-0.05111285726906168,-0.004552265374905806,-2.4571506686710097e-09,-0.008617376656477839,-0.0001150969540427883,-7.0040451146551164e-09,-0.00423992031241378,-0.0011163810189227872,-0.049162804325621014,-0.05111285726906168,-0.004552265374905806,-2.4571506686710097e-09,-0.008617376656477839,-0.011098083737613163,-0.011098083737613163,-0.0001150969540427883
2024-10-11,-0.0006239439581679704,-0.10388359972487632,-0.0037971491964706727,-0.07757051289404654,-0.011163080061249182,-0.003633021405776456,4.214533862711147e-09,-0.0005269557653751763,-0.00019872776463404556,2.1080822954996097e-09,-0.004273639189758429,-0.0006239439581679704,-0.0037971491964706727,-0.011163080061249182,-0.003633021405776456,4.214533862711147e-09,-0.0005269557653751763,-0.005121359206816396,-0.005121359206816396,-0.00019872776463404556
2024-10-14,0.00047360252108689986,0.09347748599345161,0.02807825550026431,0.03442925902185332,0.045818177035145194,0.0016294118118880424,3.3686296581523613e-09,0.025789892107071576,9.113981267947006e-05,5.6217839406266495e-09,0.001792106972325901,0.00047360252108689986,0.02807825550026431,0.045818177035145194,0.0016294118118880424,3.3686296581523613e-09,0.025789892107071576,0.0274536845450356,0.0274536845450356,9.113981267947006e-05
2024-10-15,-0.00040815334527602676,0.013622173000576224,-0.015988764520026528,-0.042484515488396796,-0.014622323880908594,0.0002985711164747544,-8.192648924636956e-09,0.010760088469660853,9.298390904417476e-05,-9.782074204466885e-09,-0.0011913704277789169,-0.00040815334527602676,-0.015988764520026528,-0.014622323880908594,0.0002985711164747544,-8.192648924636956e-09,0.010760088469660853,0.02024721710279413,0.02024721710279413,9.298390904417476e-05
2024-10-16,-0.0004694241652262934,-0.025397076374085722,-0.0062322969031896654,-0.055159033590145665,0.0001738569616859147,-0.0022819291553739856,-9.460253013037901e-09,0.032528229276703624,-0.00017474204978508258,-1.371185008805132e-08,-0.0027042923179633072,-0.0004694241652262934,-0.0062322969031896654,0.0001738569616859147,-0.0022819291553739856,-9.460253013037901e-09,0.032528229276703624,0.04041925524546236,0.04041925524546236,-0.00017474204978508258
2024-10-17,0.0015800742903775019,0.011616905562908779,0.008432155151680195,-0.02894797551913002,0.014805884257331793,0.0026284869417378025,-1.0713806345182222e-09,-0.009932155621334171,0.0002913438683944957,-4.977717472278824e-10,0.004217977448172408,0.0015800742903775019,0.008432155151680195,0.014805884257331793,0.0026284869417378025,-1.0713806345182222e-09,-0.009932155621334171,-0.011385537673467182,-0.011385537673467182,0.0002913438683944957
2024-10-18,0.0016583206502406946,0.07997177642327499,0.03496313456148974,0.057739141264570686,0.04218990291566463,0.0015320203081177867,2.9732066940897433e-09,-0.015800900769557584,0.00017742531068473235,4.744279656752091e-09,0.006877144760993565,0.0016583206502406946,0.03496313456148974,0.04218990291566463,0.0015320203081177867,2.9732066940897433e-09,-0.015800900769557584,-0.016236771721861883,-0.016236771721861883,0.00017742531068473235
2024-10-21,0.0014963824424386789,0.16715629153919928,0.03713308978739558,0.04290384681289287,0.07104396623621527,0.0027484868771380693,-1.3528241718257384e-09,0.059922860745858966,0.00027088070155832406,-1.9907770410034905e-09,0.005991217484211171,0.0014963824424386789,0.03713308978739558,0.07104396623621527,0.0027484868771380693,-1.3528241718257384e-09,0.059922860745858966,0.07110131528593498,0.07110131528593498,0.00027088070155832406
2024-10-22,-0.0020005928387261066,-0.05687175324809344,-0.02262231443250882,-0.005167699943664869,-0.040091381511051016,-0.0033459354197577186,2.3972925142282457e-09,-0.04596378718465531,-0.00033611221228849983,3.526952215390447e-09,-0.007447570932629493,-0.0020005928387261066,-0.02262231443250882,-0.040091381511051016,-0.0033459354197577186,2.3972925142282457e-09,-0.04596378718465531,-0.07192883353551448,-0.07192883353551448,-0.00033611221228849983
2024-10-23,-0.0015892172825176416,0.016640252663267366,-0.013796614785156687,0.0043826547691085665,-0.019055756473659625,-0.0024815224830684853,1.9327089622879786e-09,-0.021062184141053618,-0.0002572569633046307,2.0835543731112696e-09,-0.002580562912364971,-0.0015892172825176416,-0.013796614785156687,-0.019055756473659625,-0.0024815224830684853,1.9327089622879786e-09,-0.021062184141053618,-0.02759674914792833,-0.02759674914792833,-0.0002572569633046307
2024-10-24,0.0006253789600619969,-0.06236071369887788,0.005020750279076141,-0.06254004392707785,0.007824003434085777,0.00044741639292320484,-6.238920161942903e-09,0.007416286444350674,-2.856006722404455e-06,-7.986465067568904e-09,-0.0005054512937538003,0.0006253789600619969,0.005020750279076141,0.007824003434085777,0.00044741639292320484,-6.238920161942903e-09,0.007416286444350674,0.006466450409266767,0.006466450409266767,-2.856006722404455e-06
2024-10-25,-0.0012590882860717366,0.061623636682182924,-0.009963440778539607,0.02854078744281885,-0.01278161768201949,-0.000821548640767622,-1.3151798563350183e-08,-0.010369639596094308,-4.6264890289642426e-05,-1.493414786125903e-08,-0.002788559562019326,-0.0012590882860717366,-0.009963440778539607,-0.01278161768201949,-0.000821548640767622,-1.3151798563350183e-08,-0.010369639596094308,-0.010829977247241024,-0.010829977247241024,-4.6264890289642426e-05
2024-10-28,-0.0009448062329203186,-0.025148953233353838,-0.012021159028502948,-0.031624606411900354,-0.016847895672574522,-0.0032426081053077097,-1.698457071312295e-08,0.024326098686962755,-0.0004185199209775837,-2.2587075496196278e-08,-0.004131591470310928,-0.0009448062329203186,-0.012021159028502948,-0.016847895672574522,-0.0032426081053077097,-1.698457071312295e-08,0.024326098686962755,0.03693864794013547,0.03693864794013547,-0.0004185199209775837
2024-10-29,-0.0005195474447026425,0.04126842403167064,0.0011700050222163952,-0.002577441790885098,0.006049594664247467,-0.0003894296553870669,1.1700527176106011e-09,0.03214725708425466,-3.865741192281308e-05,2.0482545636598787e-09,-0.0009327884656328523,-0.0005195474447026425,0.0011700050222163952,0.006049594664247467,-0.0003894296553870669,1.1700527176106011e-09,0.03214725708425466,0.04626107865704081,0.04626107865704081,-3.865741192281308e-05
2024-10-30,-0.0011313133048031568,0.09851728500539741,0.0031621683330095144,0.05562866589332062,0.008070923276017715,-0.00037661657717482744,-2.733364358224948e-09,0.020535136398450796,-3.747855962183859e-05,-3.822666830031975e-09,-0.0029679018126238773,-0.0011313133048031568,0.0031621683330095144,0.008070923276017715,-0.00037661657717482744,-2.733364358224948e-09,0.020535136398450796,0.030571220402585926,0.030571220402585926,-3.747855962183859e-05
2024-10-31,0.0009279055087107685,-0.015355457497915047,0.00895648779594251,-0.0012854049789799353,0.011350862590795043,-0.000497924365418654,6.5118616938399715e-09,0.008409230994044612,-0.0001104902049210182,6.66293504115382e-09,0.001999450614562762,0.0009279055087107685,0.00895648779594251,0.011350862590795043,-0.000497924365418654,6.5118616938399715e-09,0.008409230994044612,0.01055600516402962,0.01055600516402962,-0.0001104902049210182
2024-11-01,0.0011120826808673526,-0.1627729932103896,-0.03337761137626681,-0.13007660376500832,-0.0525087326512381,0.00015342016803943553,7.08557936186289e-09,-0.025070065905427635,5.0052192848273044e-05,1.049362006951573e-08,0.0011478370483110865,0.0011120826808673526,-0.03337761137626681,-0.0525087326512381,0.00015342016803943553,7.08557936186289e-09,-0.025070065905427635,-0.05385870253740785,-0.05385870253740785,5.0052192848273044e-05
2024-11-04,-0.0009220474134183458,-0.021063659727816212,-0.013580847667650772,-0.017047232620593572,-0.02243864482337688,9.848211324048437e-05,-3.5476569326583574e-09,-0.005005737422402261,3.4835116928302165e-05,-4.865271714045466e-09,-0.0020432321876462755,-0.0009220474134183458,-0.013580847667650772,-0.02243864482337688,9.848211324048437e-05,-3.5476569326583574e-09,-0.005005737422402261,-0.014983207200052941,-0.014983207200052941,3.4835116928302165e-05
2024-11-05,0.00020682364412274009,0.11444928654844576,0.009590789865356513,0.08652058184643147,0.014416729481835425,0.001323326648940703,1.5014324964532066e-11,0.0013707752806166634,0.00012120968380561688,-1.412700627569041e-09,0.0026998590949323244,0.00020682364412274009,0.009590789865356513,0.014416729481835425,0.001323326648940703,1.5014324964532066e-11,0.0013707752806166634,0.008524181855986026,0.008524181855986026,0.00012120968380561688
2024-11-06,-0.0009251796952984688,-0.06513983494621957,-0.014376454593457249,-0.0068927605861434605,-0.029437500802817144,0.001202355876070568,-3.2656121364061785e-09,-0.02113388346806036,0.0001583450439484512,-5.79010505302641e-09,-0.002137818843416445,-0.0009251796952984688,-0.014376454593457249,-0.029437500802817144,0.001202355876070568,-3.2656121364061785e-09,-0.02113388346806036,-0.027781570336725292,-0.027781570336725292,0.0001583450439484512
2024-11-07,-0.0022707874643444746,-0.013395679920899838,-0.01383914741573404,-0.0183269572846829,-0.02146781643578852,-0.00010054248667766495,-6.765540240651547e-09,-0.01857260639655886,2.441489314829964e-06,-9.200108036106377e-09,-0.0024053123712548677,-0.0022707874643444746,-0.01383914741573404,-0.02146781643578852,-0.00010054248667766495,-6.765540240651547e-09,-0.01857260639655886,-0.0283447818964164,-0.0283447818964164,2.441489314829964e-06
2024-11-08,0.0005366901047791642,0.045645769793044425,0.003825174466276189,0.006254482736510768,0.011080321951379271,-0.0001302567973517213,3.972123518682647e-09,0.002133898661984071,-1.7150646221736147e-05,5.665021042681668e-09,0.0012374958954891972,0.0005366901047791642,0.003825174466276189,0.011080321951379271,-0.0001302567973517213,3.972123518682647e-09,0.002133898661984071,0.0029166759238865763,0.0029166759238865763,-1.7150646221736147e-05
2024-11-11,-0.0025864348974092644,0.05297591381445067,-0.009262416394948387,-0.007692790714670803,-0.005855811516848881,0.0007973098459164753,3.728896708948835e-09,-0.013344303042207569,0.00011531129651658576,4.540138319070503e-09,-0.0005487744872320346,-0.0025864348974092644,-0.009262416394948387,-0.005855811516848881,0.0007973098459164753,3.728896708948835e-09,-0.013344303042207569,-0.020250354257855447,-0.020250354257855447,0.00011531129651658576
2024-11-12,-0.0005797868670690934,-0.040142137940915694,-0.010218152561215839,-0.046898466041188455,-0.01992851060208885,-0.0007425393877706543,-3.5676679154383034e-09,-0.02942569950686312,-3.2879626132791375e-05,-4.053415625292921e-09,-0.006941440049915507,-0.0005797868670690934,-0.010218152561215839,-0.01992851060208885,-0.0007425393877706543,-3.5676679154383034e-09,-0.02942569950686312,-0.053960173318306194,-0.053960173318306194,-3.2879626132791375e-05
2024-11-13,-0.0005273553090787566,0.011912892703893785,-0.003468809974899411,0.006787793800520588,-0.005903062290587644,6.253344110264842e-05,-1.3030262555172296e-09,-0.002306536408188889,2.31359475878964e-05,-1.214362629552984e-09,-0.0011915858886001071,-0.0005273553090787566,-0.003468809974899411,-0.005903062290587644,6.253344110264842e-05,-1.3030262555172296e-09,-0.002306536408188889,-0.0037450172353213785,-0.0037450172353213785,2.31359475878964e-05
2024-11-14,0.0005416591309988607,-0.019592375416743964,0.004441023413495762,-0.004657458328407246,0.0017552052356184736,-0.0005821003663832982,-2.8384776254633712e-09,0.02028283440970658,-8.623436188046827e-05,-2.4287964311829226e-09,-0.0009665634479189649,0.0005416591309988607,0.004441023413495762,0.0017552052356184736,-0.0005821003663832982,-2.8384776254633712e-09,0.02028283440970658,0.026923589544753376,0.026923589544753376,-8.623436188046827e-05
2024-11-15,-0.0024666173051027616,-0.07776711645618659,-0.015187412005320618,-0.0430897053184304,-0.02875518209338676,-0.0012277845830114527,-7.761416548995355e-09,-0.007922472936888894,-0.00011547451421289957,-9.16361598231567e-09,-0.005617876571242412,-0.0024666173051027616,-0.015187412005320618,-0.02875518209338676,-0.0012277845830114527,-7.761416548995355e-09,-0.007922472936888894,-0.021566093358137108,-0.021566093358137108,-0.00011547451421289957
2024-11-18,-0.0007511756224613,-0.055149641471417835,-0.010277600669160206,-0.02897890412672124,-0.026344787304890958,-0.0013245080953746024,1.008994742692592e-09,-0.008248033497777536,-0.0001828076780553638,3.3568905619112616e-09,-0.006957215458477129,-0.0007511756224613,-0.010277600669160206,-0.026344787304890958,-0.0013245080953746024,1.008994742692592e-09,-0.008248033497777536,-0.0136320899426789,-0.0136320899426789,-0.0001828076780553638
2024-11-19,0.00013650486151899793,0.004517740790053046,0.001326481359262146,-0.016590184610437222,0.009686588411829903,0.000803292398470068,3.2569672760533183e-09,-0.011154100637862567,0.00011197287867925341,2.7166698830855998e-09,0.002360735212274543,0.00013650486151899793,0.001326481359262146,0.009686588411829903,0.000803292398470068,3.2569672760533183e-09,-0.011154100637862567,-0.016304457994731545,-0.016304457994731545,0.00011197287867925341
2024-11-20,0.00034909812422642277,-0.0112721883554577,0.004106175124044878,0.015862928106709657,0.0005888579138629687,-0.000919819565795805,-9.236221940393544e-09,0.001387746382912283,-0.00015317820536492183,-1.3069681268995393e-08,-0.0007067314561898563,0.00034909812422642277,0.004106175124044878,0.0005888579138629687,-0.000919819565795805,-9.236221940393544e-09,0.001387746382912283,-1.3695482748349823e-05,-1.3695482748349823e-05,-0.00015317820536492183
2024-11-21,0.0003375089916919476,-0.0023643436499329075,0.000499561984343983,-0.005813902591080562,-0.0029157216724757314,-0.001032494332923316,-2.3901279619155968e-09,0.002250427152961788,-0.0001336601440668697,-2.7744393087763234e-09,-0.0013564100266481773,0.0003375089916919476,0.000499561984343983,-0.0029157216724757314,-0.001032494332923316,-2.3901279619155968e-09,0.002250427152961788,0.00464026944901723,0.00464026944901723,-0.0001336601440668697
2024-11-22,-0.0006430572253008007,-0.06345883778848356,-0.006394463268643005,-0.03673685398827632,-0.012957492682893187,-0.00024041170546582118,-1.271200942162448e-09,0.0039002703984309574,-3.2852548688110914e-05,2.832657030457736e-10,-0.00035910509744117175,-0.0006430572253008007,-0.006394463268643005,-0.012957492682893187,-0.00024041170546582118,-1.271200942162448e-09,0.0039002703984309574,0.004751939563901862,0.004751939563901862,-3.2852548688110914e-05
2024-11-25,-0.0004116001274155875,-0.042663586193903674,0.00029613831667441227,-0.017317896856694406,-0.0003125470966276589,-0.0010364620896150109,-4.7484465558951704e-09,0.004767452769435558,-0.00015605447494184113,-5.874004900309912e-09,-0.0028201947080460305,-0.0004116001274155875,0.00029613831667441227,-0.0003125470966276589,-0.0010364620896150109,-4.7484465558951704e-09,0.004767452769435558,0.005665980574317073,0.005665980574317073,-0.00015605447494184113
2024-11-26,-0.00027751548959941227,-0.046105198104409786,-0.00411005278847511,-0.037048632111721415,-0.006106891667362317,7.384635565716897e-05,1.9865429700877674e-09,-0.009267740995543297,2.9537244723322806e-05,3.810487072822292e-09,-0.0008259063761382424,-0.00027751548959941227,-0.00411005278847511,-0.006106891667362317,7.384635565716897e-05,1.9865429700877674e-09,-0.009267740995543297,-0.018808551575280462,-0.018808551575280462,2.9537244723322806e-05
2024-11-27,9.270393776620214e-05,0.056078720660670475,0.003496594982680475,0.04100883217506385,0.009275269460979885,0.0008475919367948277,5.106894855171711e-09,0.009580393625652751,6.780457666803651e-05,5.325063325366437e-09,0.0018861797473715006,9.270393776620214e-05,0.003496594982680475,0.009275269460979885,0.0008475919367948277,5.106894855171711e-09,0.009580393625652751,0.013724921624171446,0.013724921624171446,6.780457666803651e-05
2024-11-28,0.001016684632749663,-0.019495899798864593,0.0020800692317306463,-0.003415212180033137,-0.00032379634320471844,-0.0012540228741689103,-5.7860550627905365e-09,0.004448108850473517,-0.00017798497146565692,-7.526434750943697e-09,0.001260801469051949,0.001016684632749663,0.0020800692317306463,-0.00032379634320471844,-0.0012540228741689103,-5.7860550627905365e-09,0.004448108850473517,0.011505915910724685,0.011505915910724685,-0.00017798497146565692
2024-11-29,0.00064015264700517,0.06282892729500689,0.012572894111244234,0.04804957178316505,0.007886848326153021,0.0007036313221622758,7.645592999206888e-10,0.004947153462801817,7.411804225242565e-05,-6.593805159833216e-10,0.002010335695258576,0.00064015264700517,0.012572894111244234,0.007886848326153021,0.0007036313221622758,7.645592999206888e-10,0.004947153462801817,0.01040004945191707,0.01040004945191707,7.411804225242565e-05
2024-12-02,3.944030448331229e-05,0.051216042690443886,0.006154393895685176,0.035462739101802775,0.0056656709700298935,-0.00018446673608797255,-4.135544042663758e-09,0.01708153325270721,-6.37085497250107e-05,-6.081170492050007e-09,0.001681411658342861,3.944030448331229e-05,0.006154393895685176,0.0056656709700298935,-0.00018446673608797255,-4.135544042663758e-09,0.01708153325270721,0.02851482292791368,0.02851482292791368,-6.37085497250107e-05
2024-12-03,0.002278917759442437,0.0030662140722877685,0.009726057719240776,-0.0013992880408947139,0.013333413676915692,-0.00017955754912853618,-4.108362167101423e-09,0.012582101313302767,-3.366583895514238e-05,-4.2401461416063325e-09,0.004059243005687964,0.002278917759442437,0.009726057719240776,0.013333413676915692,-0.00017955754912853618,-4.108362167101423e-09,0.012582101313302767,0.016460699536441314,0.016460699536441314,-3.366583895514238e-05
2024-12-04,-0.0006245658986644023,-0.09204148724200048,-0.013219722398669032,-0.04656537028988238,-0.01683919842056828,-0.0002748167246458597,4.5142912874680335e-09,-0.02511915292842624,-1.6207221852317288e-05,6.117335294372979e-09,-0.002952938095743246,-0.0006245658986644023,-0.013219722398669032,-0.01683919842056828,-0.0002748167246458597,4.5142912874680335e-09,-0.02511915292842624,-0.03881558647453414,-0.03881558647453414,-1.6207221852317288e-05
2024-12-05,7.933631748068404e-05,0.06818440973110354,0.015268652770128696,0.04705941804742578,0.022303191731150078,-0.00047102721844842347,-1.61614198534885e-09,0.019579537385708914,-0.00014692425881855696,-3.4463774045474786e-09,0.0020899602415599557,7.933631748068404e-05,0.015268652770128696,0.022303191731150078,-0.00047102721844842347,-1.61614198534885e-09,0.019579537385708914,0.031359940962843454,0.031359940962843454,-0.00014692425881855696
2024-12-06,-0.0013239051554653572,0.0051226185687322165,0.00998697353956773,-0.001311395893779303,-0.004395856437578452,0.0004813317275220657,-1.1000905441078145e-09,-0.0036567720041666423,7.45082307678288e-05,-1.3913277161363204e-09,-0.0028218990907901316,-0.0013239051554653572,0.00998697353956773,-0.004395856437578452,0.0004813317275220657,-1.1000905441078145e-09,-0.0036567720041666423,-0.009137912787598535,-0.009137912787598535,7.45082307678288e-05
2024-12-09,0.0002871128287367739,-0.07901425359197474,-0.0023501657855168057,-0.049772289354170086,-0.013922220012362294,-0.0014914260578349548,-7.498973645449139e-09,-0.009068889078242113,-0.00010972045082938512,-6.986114901106356e-09,-0.0019035543175608663,0.0002871128287367739,-0.0023501657855168057,-0.013922220012362294,-0.0014914260578349548,-7.498973645449139e-09,-0.009068889078242113,-0.02041725817696848,-0.02041725817696848,-0.00010972045082938512
2024-12-10,-0.0009946323630227686,-0.000502833210521946,-0.011280576090577595,-0.012216406951820972,-0.004146614553125673,0.00036780484930091476,1.9330557206266955e-09,-0.011600813311736975,9.623084490364354e-05,2.2112727852711004e-09,-0.0013427497592701822,-0.0009946323630227686,-0.011280576090577595,-0.004146614553125673,0.00036780484930091476,1.9330557206266955e-09,-0.011600813311736975,-0.01763886308174538,-0.01763886308174538,9.623084490364354e-05
2024-12-11,-0.0012977770346677018,-0.037746081237845966,-0.007628729055646217,-0.04849818359145555,-0.006880121578275239,-0.0011786284356477925,-1.2368355937044153e-09,-0.012295792048660348,-8.23324167405471e-05,-1.2286433642136654e-09,-0.0029179609284637397,-0.0012977770346677018,-0.007628729055646217,-0.006880121578275239,-0.0011786284356477925,-1.2368355937044153e-09,-0.012295792048660348,-0.022470877859442052,-0.022470877859442052,-8.23324167405471e-05
2024-12-12,0.001859346053842844,-0.022976803570559912,0.008297158570661463,-0.007591437377616837,-0.0015108964621574393,-0.0007363155604514657,-6.927366122849313e-09,0.0020471593265449528,-9.09741413490092e-05,-5.271969564136283e-09,-0.0013280297828689915,0.001859346053842844,0.008297158570661463,-0.0015108964621574393,-0.0007363155604514657,-6.927366122849313e-09,0.0020471593265449528,0.0012542497941470509,0.0012542497941470509,-9.09741413490092e-05
2024-12-13,0.002357985997126419,-0.06738473248707931,-0.013200652713282666,-0.04400735782955062,-0.012293607117216112,0.0003657081445886733,4.640478257963407e-10,-0.004403716834273585,7.215557242684155e-05,9.362134541571344e-10,-0.002960721636243753,0.002357985997126419,-0.013200652713282666,-0.012293607117216112,0.0003657081445886733,4.640478257963407e-10,-0.004403716834273585,-0.008968482073997128,-0.008968482073997128,7.215557242684155e-05
2024-12-16,0.00022554029241648579,-0.062094862446980335,-0.03892731350186329,-0.061023654707541695,-0.01275162204815743,-0.001987850008059157,-4.68525134555243e-10,-0.005539897558792623,-0.00024028998798257295,1.395239033593033e-09,-0.0020412082250861607,0.00022554029241648579,-0.03892731350186329,-0.01275162204815743,-0.001987850008059157,-4.68525134555243e-10,-0.005539897558792623,-0.013974649749105271,-0.013974649749105271,-0.00024028998798257295
2024-12-17,-0.0008053339067484544,-0.029150662926486704,-0.012644257475007525,-0.06804692528515176,-0.002272102393451484,0.0012431345513257519,2.3413706043770738e-08,-0.026581264665857623,0.0001972517232896564,2.0894052125832655e-08,0.006720256658574705,-0.0008053339067484544,-0.012644257475007525,-0.002272102393451484,0.0012431345513257519,2.3413706043770738e-08,-0.026581264665857623,-0.04760310861556619,-0.04760310861556619,0.0001972517232896564
2024-12-18,-0.0005034048677180894,-0.02158941553517152,-0.008132671667640975,-0.01936599956146202,-0.00570032485228322,0.000497553925116156,4.247226148200993e-09,-0.01080565104692598,0.0001104178760345891,4.083136885413941e-09,-0.0014551019609422068,-0.0005034048677180894,-0.008132671667640975,-0.00570032485228322,0.000497553925116156,4.247226148200993e-09,-0.01080565104692598,-0.014459241123388825,-0.014459241123388825,0.0001104178760345891
2024-12-19,0.0002619726932636078,0.01812183399318933,0.011182908780809459,0.016368911370114595,0.004504152455515286,0.0011745716583134278,-2.193745426823665e-09,0.0028103937350041947,0.00013651497999049271,-2.12307622537855e-09,0.0035515385445555807,0.0002619726932636078,0.011182908780809459,0.004504152455515286,0.0011745716583134278,-2.193745426823665e-09,0.0028103937350041947,0.0016495906463961086,0.0016495906463961086,0.00013651497999049271
2024-12-20,-0.00019208462116098444,0.028814164454297214,0.00805607931993208,0.03251163766547738,0.005176575492585097,0.0010445969898010728,-1.4798184265755351e-09,0.007481330133037209,9.65816786234613e-05,-1.8906075026128265e-09,0.0007240229994711028,-0.00019208462116098444,0.00805607931993208,0.005176575492585097,0.0010445969898010728,-1.4798184265755351e-09,0.007481330133037209,0.01525616841683294,0.01525616841683294,9.65816786234613e-05
2024-12-23,-0.0008329628020385287,-0.054523944058479566,-0.022938132696962363,-0.08812887136916969,-0.011558731905308364,0.0004668767521067975,2.1136144588075356e-08,-0.02295696726991766,0.0001268736008289543,1.768353014146266e-08,0.010466783703847649,-0.0008329628020385287,-0.022938132696962363,-0.011558731905308364,0.0004668767521067975,2.1136144588075356e-08,-0.02295696726991766,-0.03919416398215363,-0.03919416398215363,0.0001268736008289543
2024-12-24,-0.0032794581015913437,0.027090390641065974,-0.004101501006149404,0.019495207161206292,0.02148272464796132,0.0013644770889531602,8.431945018084805e-09,0.014896915939906387,7.61875286913603e-05,6.5526265220397204e-09,-0.0006445043365967503,-0.0032794581015913437,-0.004101501006149404,0.02148272464796132,0.0013644770889531602,8.431945018084805e-09,0.014896915939906387,0.020181100205193554,0.020181100205193554,7.61875286913603e-05
2024-12-25,-0.0007311102069705344,-0.09279416628414969,-0.05020157180834609,-0.08315134699507269,-0.021742047238318615,-0.0008322220153494692,9.883207626069719e-09,-0.02350739583572759,4.8013963410098554e-05,9.679658890586117e-09,-0.0033301195799956503,-0.0007311102069705344,-0.05020157180834609,-0.021742047238318615,-0.0008322220153494692,9.883207626069719e-09,-0.02350739583572759,-0.03680445864755934,-0.03680445864755934,4.8013963410098554e-05
2024-12-26,-0.0007515780609461005,0.023629705725765688,0.00337662552285678,0.02444956860419151,-0.004383118714395888,0.0011014615124041573,-2.3056503352603648e-09,-0.0013905728139170946,0.00012704155901123207,-2.311071910197168e-09,-0.0039052017008784374,-0.0007515780609461005,0.00337662552285678,-0.004383118714395888,0.0011014615124041573,-2.3056503352603648e-09,-0.0013905728139170946,0.0005791686552091787,0.0005791686552091787,0.00012704155901123207
2024-12-27,-0.001547716923016057,-0.09467194434052424,-0.03807038824251993,-0.049349997598609995,-0.024935705303241972,-0.002617619671980824,-2.1998079265813505e-08,-0.03954029557665525,-0.00013747808061491935,-1.5474500750910858e-08,-0.006422111997963722,-0.001547716923016057,-0.03807038824251993,-0.024935705303241972,-0.002617619671980824,-2.1998079265813505e-08,-0.03954029557665525,-0.05926417747119846,-0.05926417747119846,-0.00013747808061491935
2024-12-30,0.0010348902896615414,-0.04969261420796556,-0.017564909115855353,-0.05559948428118475,-0.012326882279961668,-0.0016855688102035908,1.054225683605037e-08,-0.007976944102312714,-0.0001005397147681491,9.347360937369557e-09,0.0007838264905014687,0.0010348902896615414,-0.017564909115855353,-0.012326882279961668,-0.0016855688102035908,1.054225683605037e-08,-0.007976944102312714,-0.013049659262376678,-0.013049659262376678,-0.0001005397147681491
2024-12-31,0.0013610126465159514,-0.03751556079591179,0.02599620002479589,0.02099312273130589,-0.007013582154530198,-0.0013124177812026301,-5.535615071011775e-09,6.14459593125686e-05,-0.00013427023402670936,-8.20888148060301e-09,0.004620131049267904,0.0013610126465159514,0.02599620002479589,-0.007013582154530198,-0.0013124177812026301,-5.535615071011775e-09,6.14459593125686e-05,-0.004223187324651868,-0.004223187324651868,-0.00013427023402670936
2025-01-02,0.0007562882528056732,0.015171956375240395,0.023704096697877108,0.038162042408680596,-0.0019231115877492498,0.0006176990848987898,-8.107373528056429e-09,-0.0016968300722212755,-1.1405342118453174e-05,-8.44540624136843e-09,-0.0011302326131594448,0.0007562882528056732,0.023704096697877108,-0.0019231115877492498,0.0006176990848987898,-8.107373528056429e-09,-0.0016968300722212755,-0.003685016940566071,-0.003685016940566071,-1.1405342118453174e-05
2025-01-03,-0.001111647362535084,-0.052892813484759243,-0.05979017396749843,-0.07179601191092695,-0.016153842445299223,0.0008367697571893136,1.998517688787364e-09,-0.008827889911174365,0.00016393511135634096,1.3428826351908207e-09,-0.003885685989095286,-0.001111647362535084,-0.05979017396749843,-0.016153842445299223,0.0008367697571893136,1.998517688787364e-09,-0.008827889911174365,-0.01421043516958494,-0.01421043516958494,0.00016393511135634096
2025-01-06,-0.0008148551472741529,-0.05773527338065905,-0.041718352954803806,-0.06485750129332613,-0.009270754449807427,-0.000735088039065952,-5.446188813734435e-09,-0.006641194741077394,3.18621939448986e-05,-3.134850889964224e-09,-0.0008350577191915723,-0.0008148551472741529,-0.041718352954803806,-0.009270754449807427,-0.000735088039065952,-5.446188813734435e-09,-0.006641194741077394,-0.007087930518463986,-0.007087930518463986,3.18621939448986e-05
2025-01-07,-0.001308353831979422,0.08603000077014811,0.04087007933699667,0.09742358496371598,0.01693485582728472,0.001499414581098998,-2.1501466286811238e-10,0.0129863502878287,-1.8409366178542667e-05,4.844508166211049e-11,3.976747896245186e-05,-0.001308353831979422,0.04087007933699667,0.01693485582728472,0.001499414581098998,-2.1501466286811238e-10,0.0129863502878287,0.015305353232211561,0.015305353232211561,-1.8409366178542667e-05
2025-01-08,-0.0008067400915038764,0.0158718450089181,0.017639444559268195,0.0232077595500894,0.006121073103294425,-0.00019792354926191665,2.3893068856236386e-10,0.010706329732038574,1.2624068106129697e-05,-2.054458650810943e-09,0.0022660945916512095,-0.0008067400915038764,0.017639444559268195,0.006121073103294425,-0.00019792354926191665,2.3893068856236386e-10,0.010706329732038574,0.01586140911770196,0.01586140911770196,1.2624068106129697e-05
2025-01-09,0.00023971714519573878,0.07056623144401152,0.022347122713651992,0.0456975759196053,0.01132983975356914,0.0023769831376229326,1.5190993157614392e-09,0.007333599304652894,8.937451756150287e-05,4.3064754562923803e-10,0.002165071258223932,0.00023971714519573878,0.022347122713651992,0.01132983975356914,0.0023769831376229326,1.5190993157614392e-09,0.007333599304652894,0.009966861182203529,0.009966861182203529,8.937451756150287e-05
2025-01-10,0.00082591761415743,-0.060589573983179094,-0.04592144847366313,-0.07018018098280561,-0.015662849998267517,0.0019323447142566268,6.867437916716693e-09,-0.0048740213260566115,0.0002621614999557341,6.828665877604423e-09,0.001403243379209232,0.00082591761415743,-0.04592144847366313,-0.015662849998267517,0.0019323447142566268,6.867437916716693e-09,-0.0048740213260566115,-0.007037374000844857,-0.007037374000844857,0.0002621614999557341
2024-08-02,-0.0007401210771666293,-0.03900358922450778,-0.05083541812692991,-0.07777154468157872,-0.00211563146948829,-0.0006929353289207396,-8.768306524945423e-09,-0.04758337339347221,-6.494781855970733e-05,-7.960865272954178e-09,-0.006500452051709111,-0.0007401210771666293,-0.05083541812692991,-0.00211563146948829,-0.0006929353289207396,-8.768306524945423e-09,-0.04758337339347221,-0.039932320599697375,-0.039932320599697375,-6.494781855970733e-05
2024-08-08,-0.0005917192921792576,-0.057982100073284484,-0.05014689105789645,-0.08589976300603218,-0.025673459174135136,-0.0017331993000814932,2.870316637598358e-10,-0.010058271650843867,-0.00011529628367913177,-8.844809622340921e-10,-0.004580627225587224,-0.0005917192921792576,-0.05014689105789645,-0.025673459174135136,-0.0017331993000814932,2.870316637598358e-10,-0.010058271650843867,-0.007717154356436548,-0.007717154356436548,-0.00011529628367913177
2024-08-09,-0.0008893916499897593,0.010778074175796792,-0.015160404689296483,-0.0006675558376614411,0.007510110413252108,0.0012884768328055571,2.701715158837966e-09,0.019693666565829975,0.00015581415849784522,2.375309274887268e-09,-0.0003016406101814803,-0.0008893916499897593,-0.015160404689296483,0.007510110413252108,0.0012884768328055571,2.701715158837966e-09,0.019693666565829975,0.0174191871511769,0.0174191871511769,0.00015581415849784522
2024-08-12,0.0007523984204482363,-0.08328206372481597,-0.024428072623450526,-0.05054029087525977,-0.04180526988859997,0.0002957516477107478,3.497650227943509e-09,0.016181482956996843,0.00012378243680350376,1.254940415687092e-09,0.001167570725811044,0.0007523984204482363,-0.024428072623450526,-0.04180526988859997,0.0002957516477107478,3.497650227943509e-09,0.016181482956996843,0.011772806488464358,0.011772806488464358,0.00012378243680350376
2024-10-09,0.002850238618138727,0.033781062502099016,0.04021855206347867,-0.1995666316966503,0.10278707463740154,0.011796235818459745,2.2626086714034767e-08,0.03006042568997006,0.0013188199487567675,3.190194124995878e-08,0.011128045542283142,0.002850238618138727,0.04021855206347867,0.10278707463740154,0.011796235818459745,2.2626086714034767e-08,0.03006042568997006,0.03191503076951838,0.03191503076951838,0.0013188199487567675
