date,code,y_true,rf_pred,svm_pred,ensemble_pred,rf_proba,svm_proba,ensemble_proba,lr_pred,logit_proba
2024-04-10,000011.SZ,-0.03717026378896893,-0.005737530670163591,-0.027611923411671246,-0.01682795829466953,0.4838510255700085,0.3030514976752674,0.3921847515684168,-0.022356055410540678,0.34303301093713384
2024-04-11,000011.SZ,-0.03734939759036149,-0.009570689959409734,-0.029361320929166792,-0.01960463983893762,0.48903201243864963,0.323101934209512,0.4049046245346678,-0.03500195437476553,0.33130990083218603
2024-04-12,000011.SZ,-0.014705882352941346,-0.00552918309348291,-0.031093362561512124,-0.01849035122831625,0.5622929198223227,0.33955992828694503,0.44936616791640693,-0.033175792826226215,0.32551603317286837
2024-04-15,000011.SZ,0.015094339622641506,-0.008167960492803888,-0.021028841862534352,-0.014688492317566297,0.545210813060054,0.4201187906289259,0.48178852575042785,-0.017327034219418537,0.39448800266593986
2024-04-16,000011.SZ,0.02937420178799499,-0.005847938724081637,-0.02886908943953628,-0.017519778434544643,0.5543392958456081,0.3540373071038702,0.4527851756724993,-0.03152201915189171,0.3336723846149057
2024-04-17,000011.SZ,0.012453300124533273,-0.006502779566859428,-0.02616589199039147,-0.01647207689925593,0.44247689629436265,0.3009778699817353,0.37073617513228596,-0.031533472121465324,0.32658416473585594
2024-04-18,000011.SZ,0.02127659574468077,-0.008761161709869781,-0.035990895802651926,-0.022566774453463966,0.48826318112262834,0.286846436802888,0.3861438742399753,-0.03981550933691328,0.3036474987075315
2024-04-19,000011.SZ,0.03358208955223896,-0.012465031432701024,-0.034047701943089925,-0.023407554412313996,0.46173915324332493,0.2817837274890697,0.3705008432911757,-0.04047172884441456,0.3026918843735672
2024-04-22,000011.SZ,0.06691449814126393,-0.010873367497538504,-0.03613313041937509,-0.02368019490560757,0.46730686677305067,0.2840598453313269,0.3743997011789464,-0.04560469589530162,0.3048948474307877
2024-04-23,000011.SZ,0.043424317617865915,-0.009567029305752608,-0.038826294471991846,-0.024401624556328626,0.48740487466076204,0.2711911317021577,0.37778341471706256,-0.04880176498643011,0.2866981149788653
2024-04-24,000011.SZ,0.04674046740467386,-0.010752313866267764,-0.0324179070869057,-0.021736879078884067,0.46506335629434753,0.27960937626617866,0.37103725154785216,-0.0396300199305755,0.3007852124808324
2024-04-25,000011.SZ,0.052696078431372584,-0.008826498208749107,-0.04012527377809523,-0.02469513553685275,0.4818378292132439,0.21698313064166935,0.3475551590504912,-0.0539070504899846,0.2320276009111007
2024-04-26,000011.SZ,0.0,-0.007706655457725944,-0.03002644056798667,-0.019022899263212763,0.4593901690781965,0.1968656317331302,0.3262889024287392,-0.034918640950634385,0.22695576385019708
2024-04-29,000011.SZ,-0.024390243902438935,-0.009350367754945075,0.004135190524749966,-0.002513121581101968,0.3855539252695872,0.3059830519140794,0.3452110905040099,0.026474008865919628,0.3039429866652847
2024-04-30,000011.SZ,0.02378121284185486,-0.004006842814433014,-0.02275637767407192,-0.01351295170674526,0.4895951123622908,0.2747804699203806,0.3806830034484996,-0.015212021512210938,0.29481513486950733
2024-05-06,000011.SZ,0.009400705052879044,-0.00539956459293582,-0.017000886813408733,-0.011281493566012282,0.4186635765377808,0.285118465384872,0.3509555305430898,-0.015009110817429316,0.31276318111709556
2024-05-07,000011.SZ,-0.013969732246798539,-0.004893982318263409,0.010428469505891689,0.0028745781621981287,0.4187036922114647,0.3920441499075848,0.4051871695853259,0.024603681490064942,0.3531183990040546
2024-05-08,000011.SZ,0.02767749699157629,-0.007853604643838321,-0.028082028948898576,-0.01810951795599938,0.468729593094671,0.31050782629760815,0.38851035802742406,-0.013776813713816593,0.3577810337958611
2024-05-09,000011.SZ,0.06428571428571428,-0.0138215357412527,-0.021988594937871638,-0.017962276012103078,0.44384949184337974,0.3226965357338974,0.38242433105811396,-0.02391801779481132,0.37645121029831935
2024-05-10,000011.SZ,0.10220673635307786,-0.016670270073532834,-0.008974265753862839,-0.012768357004959922,0.40150060309501767,0.3083304453693222,0.3542628624531986,0.007836487241989787,0.38562633231458443
2024-05-13,000011.SZ,0.05820721769499415,-0.014119231162929987,-0.020696474697424385,-0.017453926861688486,0.47037020487445064,0.3611170071347984,0.4149782816976184,-0.008266400419269437,0.4256819243774887
2024-04-10,000025.SZ,-0.11715976331360944,-0.04749823560699157,-0.0332434804945711,-0.04027100275314554,0.2809328853603608,0.2368242065470271,0.2585695623747766,-0.002645990279999821,0.16478570164461723
2024-04-11,000025.SZ,-0.12130177514792895,-0.02611717564765102,-0.022633015617219806,-0.02435068891102171,0.29391107604002736,0.3018915239141072,0.29795720342763155,-0.006157009142217873,0.2191894760012397
2024-04-12,000025.SZ,-0.17109826589595378,-0.03342160062072977,-0.048924831814876515,-0.04128181715503419,0.24359912335348782,0.185159253448191,0.21396981408629184,-0.010958698171832182,0.14787520648784927
2024-04-15,000025.SZ,-0.096551724137931,-0.009175204880763252,4.76798754296022e-05,-0.004499155717413263,0.3533302853822089,0.46674293360771807,0.4108310709679883,0.01998632667000929,0.42890705967285947
2024-04-17,000025.SZ,-0.03937007874015741,0.0028472391202105647,0.00614118537130558,0.0045172865097987645,0.5536622732531203,0.5538228490580869,0.5537436859974316,0.024816804532820057,0.62066837749355
2024-04-18,000025.SZ,-0.016756032171581725,-0.007670151196661522,-0.015249261365514088,-0.011512798340246773,0.480675405090657,0.478588605819552,0.4796173873181615,-0.004305752681743413,0.5442988796613359
2024-04-19,000025.SZ,0.005387205387205496,-0.0070247648685308264,-0.01381688875284406,-0.010468405990175159,0.46357006047083543,0.4907287241753351,0.4773396401685386,-0.006894533804832547,0.5609860598839191
2024-04-22,000025.SZ,0.07112970711297062,-0.0052282674442667345,-0.022012423551503287,-0.013737919380455144,0.4563200010330641,0.479713532722028,0.46818063977828206,-0.0009584274914529508,0.5630846875928823
2024-04-23,000025.SZ,0.047883414295627924,-0.012170933843489265,-0.0227790816664391,-0.017549318379725613,0.39616060247811113,0.43583003458064123,0.416273204955232,-0.017460933643045608,0.513687655739841
2024-04-24,000025.SZ,0.043715846994535346,-0.014199744125041982,-0.018269665436456996,-0.01626321479026565,0.3852075029249998,0.4648648326178812,0.4255941714903837,-0.0094275175205765,0.5434829132017672
2024-04-25,000025.SZ,0.04976141785957733,-0.00921975149273446,-0.01696670124015588,-0.0131474941505423,0.40127259826170886,0.47529326582781894,0.4388014506536577,-0.012695857767275142,0.5402247567268176
2024-04-26,000025.SZ,0.011386470194239884,-0.009232567209398395,-0.013244899498636355,-0.011266839949451376,0.42481403969538717,0.4753685228099033,0.45044541802443905,-0.006415003711565148,0.5324459691803937
2024-04-29,000025.SZ,0.0013020833333334814,-0.01059084783902801,-0.008242360767237358,-0.009400153029596379,0.47519497102974656,0.5,0.4877712460271483,0.0008337950011012233,0.5434369448303918
2024-04-30,000025.SZ,0.01920529801324511,-0.010226019084642728,-0.01996182470279836,-0.015162121716169832,0.39364949093003077,0.46734087661304874,0.43101139574379316,-0.011033006556088664,0.5268047464255283
2024-05-06,000025.SZ,-0.03141361256544495,-0.006989903186709823,-0.017471052286647786,-0.012303898728809881,0.38364150780178813,0.4452594203378607,0.41488210073755116,-0.015038731701379404,0.48674283870193463
2024-05-07,000025.SZ,-0.02012987012987011,-0.006269154657784327,-0.015011825322546284,-0.010701732850844185,0.41538267247983784,0.45461641565243655,0.43527437846848005,-0.01618247036045365,0.4965002379889755
2024-05-08,000025.SZ,0.0,-0.009894228546088553,-0.019392489870026407,-0.01470989502042636,0.4355826823195904,0.48691078146475814,0.46160628788431857,-0.015187829084793136,0.546765791666658
2024-05-09,000025.SZ,-0.012353706111833618,-0.008310305325725506,-0.006250540718871319,-0.007265994264578269,0.47883444792109037,0.5155925698207737,0.4974710014180771,-0.005033312357268371,0.5613213254509813
2024-05-10,000025.SZ,-0.009096816114359974,-0.003131510919488486,-0.01449492091327417,-0.008892817191754929,0.42952308236330533,0.4748152447769128,0.45248643751292406,-0.013853660529200595,0.5277549179583998
2024-05-13,000025.SZ,0.05067567567567566,-0.0037622671151984564,-0.021228749047090597,-0.012617861691445386,0.4922019047508283,0.4271498293830519,0.4592201739107655,-0.007970708844523144,0.535062237044573
2024-04-10,000050.SZ,-0.017632241813602123,-0.016529936195749675,-0.003960957459185389,-0.010157400480629627,0.4719824266968239,0.5508551098179106,0.5119712754864482,-0.008356555538368482,0.5324669761285402
2024-04-11,000050.SZ,-0.010191082802547768,-0.016205166221644293,-0.003911788345465694,-0.00997236153501397,0.4717003193157156,0.5428477492368299,0.5077724257066948,-0.01011836237042577,0.5151998491330019
2024-04-12,000050.SZ,-0.01401273885350307,-0.01496682686339035,0.0008986603168822764,-0.006922944714083518,0.4454241850205679,0.5485679823947887,0.497718611348796,-0.005674695153887554,0.5184310937442677
2024-04-15,000050.SZ,-0.03821656050955413,-0.01386522392762277,0.0059919529190783395,-0.003797534952309297,0.45376845352726897,0.5791684299272039,0.517346875054795,0.0038961854423235857,0.5393714160540259
2024-04-16,000050.SZ,-0.002631578947368318,-0.015177497501844262,0.007229708477665828,-0.0038169308740172484,0.46397233189706716,0.6149941485583275,0.5405411558729172,0.00688411720200729,0.574662920404857
2024-04-17,000050.SZ,-0.0346153846153846,-0.015792440641767044,0.0024663812466865533,-0.0065351257048184164,0.39417200033632227,0.5327353697231222,0.4644243286067193,-0.001216492508048261,0.5134788277980435
2024-04-18,000050.SZ,-0.01158301158301156,-0.015016169854397575,-0.003719470961049725,-0.00928868644706274,0.4505607235421975,0.541284861886984,0.4965583200011504,-0.00815444641101618,0.5091610780052934
2024-04-19,000050.SZ,0.03229974160206717,-0.015016169854397575,-0.004992162442554664,-0.00993394745753973,0.45436632047462366,0.5291710947169509,0.4922927189125469,-0.008374072160000778,0.4984960574879968
2024-04-22,000050.SZ,0.08476821192052975,-0.015833153772674028,-0.00586603089472441,-0.010779772121868082,0.4736552558527386,0.5716206095284507,0.5233241850654784,-0.0072676668466285285,0.5494087949813898
2024-04-23,000050.SZ,0.0725593667546176,-0.015978027185211314,-0.00011151114708439838,-0.007933623399774797,0.42361664908940766,0.5368916372557416,0.4810476403297573,-0.002076404236286222,0.5043952395082643
2024-04-24,000050.SZ,0.09163346613545831,-0.01595999635593185,-0.010281787455100232,-0.013081115758163168,0.4585959299475108,0.5103763128222455,0.48484884564796604,-0.015263710405273556,0.4714364400671376
2024-04-25,000050.SZ,0.08072916666666674,-0.017111436187969092,0.004807068521135657,-0.00599864357304759,0.4085687911270216,0.5529333946289513,0.4817623744003325,-0.0002939113783624655,0.531192115692099
2024-04-26,000050.SZ,0.016270337922402955,-0.016810137369834662,0.0034399974300773108,-0.006543216727107198,0.4110776887181343,0.4836325812859648,0.44786338578118645,0.0054136212928470265,0.49072958534274286
2024-04-29,000050.SZ,-0.004884004884004756,-0.004683747722559961,0.0015948732507218254,-0.0015004551709109424,0.44740556359697153,0.4733638830994409,0.4605665627203737,-0.00015437273192578892,0.47417102884322543
2024-04-30,000050.SZ,-0.012300123001230179,-0.006713308728690886,-0.01187649108057388,-0.009331068264343167,0.5271409882272367,0.4923194237834205,0.5094862791434317,-0.011746128809532663,0.47753322753037813
2024-05-06,000050.SZ,-0.04257907542579087,-0.009451469555427318,-0.02640883488561811,-0.018048939442667954,0.4341088256337514,0.28998512217429595,0.36103737989894835,-0.03649401907305209,0.31016713907176846
2024-05-07,000050.SZ,-0.050602409638554335,-0.010833187747750694,-0.02914174541462219,-0.020115718975611277,0.42942796028397767,0.2836282277143595,0.35550675932339626,-0.03893500859303448,0.2978963010573612
2024-05-08,000050.SZ,-0.044334975369458074,-0.008849170537337463,-0.038344259636592604,-0.023803329713282542,0.4881210724648152,0.3124814699548224,0.39907090670008505,-0.03934584787016452,0.33093531700687995
2024-05-09,000050.SZ,-0.05276073619631905,-0.011261412215651008,-0.035003781599351205,-0.023298913434350633,0.4772541093594241,0.26996591414046506,0.3721579472096046,-0.04484122616334777,0.28241837945915244
2024-05-10,000050.SZ,-0.013698630136986245,-0.008172417704004746,-0.03421375635587531,-0.0213755079555476,0.5065592469323057,0.3284493785767341,0.4162566439046341,-0.03560520151584815,0.33531580169057057
2024-05-13,000050.SZ,-0.0025412960609911828,-0.0063931624255775645,-0.03244716385069109,-0.019602672767124112,0.5108130194356448,0.2992306156347609,0.4035396718414038,-0.029612420291512266,0.308554640294243
2024-04-10,000422.SZ,-0.03232533889468203,-0.0085453594900451,-0.015247556349359311,-0.011943407155723621,0.5015897802293264,0.3796171403217344,0.43974903561755896,-0.013579210811349085,0.4065486644688735
2024-04-11,000422.SZ,-0.04806687565308265,-0.00877398436326689,-0.014161697310684559,-0.011505582045133824,0.4781330274338733,0.40411716775574136,0.4406066126654178,-0.01399344463462463,0.42415482895399176
2024-04-12,000422.SZ,0.06526315789473669,-0.007668735660220492,-0.01813188200223675,-0.012973603713108321,0.4891729700167982,0.36937610224134204,0.42843535286754,-0.01780861631337264,0.39150681441504004
2024-04-15,000422.SZ,0.011410788381742698,-0.007696304121496156,0.007981675553420126,0.0002525107753488425,0.477244327476828,0.41781739659111683,0.4471145733061497,0.005668476715401128,0.4045802358269598
2024-04-16,000422.SZ,0.067106710671067,0.0016157934446345153,0.010187658061969616,0.005961772108774839,0.4922170055313291,0.6089782529197331,0.5514155478090735,0.015218187643954295,0.6189250772567244
2024-04-17,000422.SZ,0.0829741379310347,-0.008946996575281318,-0.017541506489675503,-0.013304456519429596,0.38415140940844716,0.37794896543111306,0.38100673897857285,-0.013333050825308035,0.46543821477394415
2024-04-18,000422.SZ,0.08562019758507144,-0.008176882983620704,-0.023423762785500662,-0.015907128067015715,0.45892828322468765,0.41198101363089557,0.4351257803734824,-0.011176597276472832,0.5072694965007917
2024-04-22,000422.SZ,-0.004940711462450453,-0.005672008876341556,0.0347990419457932,0.014847018341218193,0.3678984032986022,0.4631542604088945,0.4161936040649008,0.048711167858806546,0.38701346440993906
2024-04-23,000422.SZ,0.01538461538461533,0.00891363978589402,0.0391312803517927,0.024234136205596498,0.618456118290765,0.684666073173876,0.652024899894452,0.019153283157366828,0.5056164473044339
2024-04-24,000422.SZ,0.0835051546391754,-0.0018620645666616645,0.0224327108193025,0.010455509285817918,0.5664232763477367,0.6355188618114962,0.6014550872333757,0.005297795540870809,0.47438625042723
2024-04-25,000422.SZ,0.22885572139303467,0.009872183530322577,0.044444573040458554,0.0274005596639754,0.5070596931552674,0.6322678163579312,0.5705408441425774,0.022392015892835203,0.4919609818253749
2024-04-26,000422.SZ,0.2871587462082912,0.008562229220595683,0.018321194076570613,0.013510073702692485,0.6309708814106268,0.6287141215299757,0.6298266927504883,0.005511782521269127,0.4584928370939283
2024-04-29,000422.SZ,0.23833167825223445,0.006329511125252343,0.027733475217108134,0.017181429047883993,0.5829846402578035,0.6395999000343363,0.611688862972192,0.009003128679027939,0.4843573637989887
2024-04-30,000422.SZ,0.19898989898989883,0.0009633692647524734,0.00794305192843989,0.004502103635044708,0.5942421803408202,0.6539160078475917,0.6244971123456429,-0.008834255150246306,0.49427345715740184
2024-05-06,000422.SZ,0.17031398667935305,0.02733112631833742,0.03798205800163039,0.032731202487902275,0.6132892188878236,0.6367559512983701,0.6251869707686777,0.0237416941714785,0.5316399252880052
2024-05-09,000422.SZ,-0.011336032388663875,0.005602927961762258,-0.0006307870719169835,0.002442402948346538,0.4633646035629747,0.4004897031174957,0.4314867114071196,0.011417624466490495,0.23485331959865016
2024-05-10,000422.SZ,0.02906520031421822,0.009703657934389686,0.0015507208522888734,0.005570077646941777,0.4792992963037755,0.37876332206137486,0.4283270494775219,0.006590374719239478,0.25411130393536085
2024-05-13,000422.SZ,0.06736166800320764,0.006601033988471772,0.018873985682198297,0.01282348249741037,0.4963440321686408,0.5815712507960491,0.5395546625616685,0.007012565608677435,0.3370128372175207
2024-04-10,000429.SZ,0.04875621890547244,-0.003931748561458933,-0.023747789826199375,-0.013978581588910547,0.5109735667802804,0.2820095090815354,0.3948876328515786,-0.016963458385431708,0.35465256122132677
2024-04-11,000429.SZ,0.03740157480314954,-0.005511343885507094,-0.02530797074610819,-0.015548333711982814,0.4629809673242889,0.286484449217404,0.3734963410229877,-0.023195019300180676,0.359962869853337
2024-04-12,000429.SZ,0.046123650637880376,0.0009707009513568944,-0.027037657082552704,-0.013229678063823691,0.5063222835328686,0.2983813949210411,0.40089520253560307,-0.02314166989074299,0.3745629283869864
2024-04-15,000429.SZ,0.007611798287345373,0.0019971366085029616,-0.011717762381832034,-0.004956386464212807,0.5452872582690401,0.35987451700561784,0.45128206178460034,-0.006008590252191836,0.40292072409511176
2024-04-16,000429.SZ,0.005785920925747368,0.0011393336582708996,-0.021393750304825484,-0.010285053743141908,0.580426059316845,0.39697017821944336,0.4874130008221995,-0.012469493136306553,0.40892738947215224
2024-04-17,000429.SZ,0.008538899430740265,6.153466548890305e-05,-0.015356344976679228,-0.007755408200785331,0.546951966382035,0.3664481878860329,0.4554356388196641,-0.007899472350315661,0.4265131761321815
2024-04-18,000429.SZ,0.01707779886148031,0.0005030942518736236,-0.01645058818009817,-0.008092508387364798,0.5469907723445948,0.4332526577657022,0.4893249736734664,-0.01083889195239277,0.45018427155748414
2024-04-19,000429.SZ,-0.02908067542213888,-0.00019695501522499728,-0.017694721040600544,-0.00906841078490829,0.5247400150276279,0.36501349334509636,0.44375786163176173,-0.013827995297601958,0.4034362374828278
2024-04-22,000429.SZ,-0.041548630783758256,-0.00026373144611088577,-0.019308430915150204,-0.009919490286495027,0.5511228885585223,0.42319877422884455,0.4862647163492338,-0.01451989664088974,0.42685474661525735
2024-04-23,000429.SZ,-0.016299137104506256,-0.0008211199385789626,-0.024582066186954823,-0.012868039721515335,0.5584371979724604,0.43406619074523634,0.49538046901362187,-0.019411184973263475,0.4479130617749682
2024-04-24,000429.SZ,-0.022577610536218318,-0.003445423262800181,-0.015344351441648012,-0.009478239960211764,0.5454972247185427,0.37337590896654577,0.4582308481137177,-0.025311738748355496,0.38721913680481346
2024-04-25,000429.SZ,-0.042910447761194126,-0.003463082618892233,-0.016108598736118775,-0.009874423172657852,0.529951596825302,0.4184265436347548,0.4734078314579582,-0.017769284786622465,0.4183865201934263
2024-04-26,000429.SZ,-0.006763285024154575,0.0009473821606547452,-0.0013684908891653073,-0.0002267771748790146,0.49214446557131697,0.5516921436879886,0.5223354391980803,0.02309045836081377,0.5013256178869651
2024-04-29,000429.SZ,0.013793103448275668,0.004013604995477493,-0.01604851446735193,-0.0061579909215375,0.5699472988969914,0.45004694577804844,0.5091572141558005,0.005160054898739575,0.4745044990671238
2024-04-30,000429.SZ,0.004873294346978696,0.0014304926181670319,-0.013238153091695636,-0.006006584859465332,0.5449121076817068,0.4307179149234022,0.48701507506961117,-0.0022789161973959856,0.48770544064646826
2024-05-06,000429.SZ,0.0019249278152069227,-0.004670570902755886,-0.006596358852036046,-0.005646955121692849,0.3975693496570076,0.39338122290250005,0.3954459482349884,0.0326383975079538,0.4027018942261409
2024-05-07,000429.SZ,0.014619883040935644,0.0012588119345456276,-0.022529873643264,-0.010802171828546581,0.5771946712175727,0.42023762467692166,0.4976166557094117,-0.0030558385818564623,0.47318909697227063
2024-05-08,000429.SZ,0.012645914396887337,-0.005894131338118874,-0.02298785957773222,-0.0145607379093118,0.4744654996179791,0.4036358639504491,0.438554516518993,-0.01865476175290074,0.4818606928181917
2024-05-09,000429.SZ,-0.007774538386783103,-0.0009855476618254313,-0.023064152985369468,-0.01217951209706031,0.5102950868991586,0.3957934673598123,0.4522421873560232,-0.012888656178436519,0.47801402593486636
2024-05-10,000429.SZ,-0.0009699321047526022,-0.003679775356542578,-0.021604717120826605,-0.012767811383849187,0.48795593324588205,0.4074112214758968,0.44711935748454984,-0.015119806348989939,0.4759035530075065
2024-05-13,000429.SZ,-0.012487992315081686,0.0017295742331280871,-0.013605280160366034,-0.006045274412643354,0.5275039557510467,0.4343800633393329,0.4802896718571384,-0.0024921268260611803,0.48769407286162875
2024-04-10,000609.SZ,-0.06458333333333321,-0.07441495232896271,-0.04912002051649711,-0.06159029411567933,0.3348291802609542,0.22709141222601706,0.28020558760002595,-0.03117832581993544,0.34452738891640977
2024-04-11,000609.SZ,-0.15176715176715172,-0.06548843968794014,-0.06956027135460413,-0.06755287891292573,0.23617782187218977,0.1441697189910087,0.1895292489069818,-0.05799872982197333,0.23428593376290377
2024-04-12,000609.SZ,-0.1577825159914712,-0.07206563981848017,-0.06782457274624562,-0.06991539738793073,0.2606407180433415,0.16656569401695864,0.21294420561589084,-0.053180071126673924,0.2659324581954034
2024-04-17,000609.SZ,-0.05440414507772018,0.09398460363234003,0.05984358425155524,0.0766749343334541,0.635693705853522,0.5512190588516591,0.5928646330764701,0.048767235504927085,0.6730802954591673
2024-04-18,000609.SZ,-0.11190476190476195,0.09645039208214325,0.010129790127681775,0.052685410818770435,0.6755331834815188,0.47686636588611603,0.5748081033401224,0.017484273546942673,0.47139518425672
2024-04-19,000609.SZ,-0.2115812917594655,0.07804724932695944,0.024003024448947658,0.05064655429441693,0.6866953403079767,0.49434642497340986,0.5891734685294596,0.02314901693553547,0.45106738793911155
2024-04-22,000609.SZ,-0.17647058823529416,0.08412635628323355,0.05872528779259588,0.07124788623793807,0.6891797188113477,0.6227933515004559,0.6555214952155795,0.022497421772259073,0.6669937264058992
2024-04-23,000609.SZ,-0.19240506329113927,0.08046249891998382,0.04923657936755149,0.06463079996050784,0.7134159138864691,0.6368900154093318,0.6746168967667607,0.016258806237731092,0.6220379849765719
2024-04-24,000609.SZ,-0.16986301369863022,0.08169085189992879,0.06591178296974695,0.07369078423998375,0.6587902639757772,0.5686156743133989,0.6130712914750027,0.027960234026936447,0.5559703305945575
2024-04-25,000609.SZ,-0.2278820375335121,0.054172385604076834,0.015513043504811034,0.03457190386136071,0.6366562859146478,0.5135687173010905,0.5742502668165845,-0.0003374904094200267,0.39287120789089813
2024-04-29,000609.SZ,-0.22598870056497167,0.07484166016911174,-0.01661741181109277,0.028471448644280778,0.7554855010346359,0.5436813998730643,0.6480997517585605,-0.030550864986066885,0.5532338639662074
2024-04-30,000609.SZ,-0.22619047619047616,0.07579435301303039,-0.016892836781208464,0.028801479552306275,0.769355557531811,0.5401793275407053,0.653162051179035,-0.03033166669130897,0.5575043667162901
2024-05-06,000609.SZ,-0.22570532915360497,0.07717370248932993,-0.01746059153295953,0.02919363734864714,0.7662203650986734,0.5324521987729239,0.6476987238267932,-0.03332848931667191,0.5427926387005186
2024-05-07,000609.SZ,-0.22442244224422436,0.07686726272075753,-0.017057605562727233,0.029246880013509592,0.7676481140911892,0.5211962653046839,0.6426957817365662,-0.03730967141596712,0.5453635561382965
2024-05-08,000609.SZ,-0.22569444444444442,0.0776155065310827,-0.016273256663035324,0.030013429286538572,0.7549914776640465,0.5279950246569469,0.6399031292539097,-0.03501801547487408,0.5595622355002009
2024-05-09,000609.SZ,-0.14598540145985417,0.07324020126211145,-0.017458974018151486,0.027255261202979796,0.7558380618108118,0.5218480445898347,0.6372039410143099,-0.03655647212757022,0.5463452641865837
2024-05-10,000609.SZ,-0.11153846153846159,0.07933057552515187,-0.017728669344123867,0.030121048054735297,0.7511394272357232,0.48847433808175883,0.6179669001091181,-0.039989803026413896,0.5374119578529627
2024-05-13,000609.SZ,-0.11336032388663975,0.09265787754474733,-0.013411785708571832,0.03888002243499333,0.7497978521441482,0.4746140300380745,0.6102782641689722,-0.037526751956973116,0.5378524120629895
2024-04-10,000710.SZ,-0.12470588235294111,-0.06975759582884039,-0.04241033398678937,-0.05589239592264286,0.22982987044825065,0.240886534261295,0.23543565485726783,0.0038673028694391157,0.5899453425757651
2024-04-11,000710.SZ,-0.15047393364928907,-0.06620250195604167,-0.058189893926689315,-0.06214006920724836,0.20443744601323707,0.17864376465033593,0.1913599192583112,-0.009348267188196402,0.4786929417903709
2024-04-12,000710.SZ,-0.1562500000000001,-0.05808507269693296,-0.056948980697475074,-0.057509068313923994,0.22320405195906443,0.1905053750298106,0.2066256575694976,-0.012687612662494884,0.4854736418958645
2024-04-15,000710.SZ,-0.045454545454545525,-0.05003127725059898,-0.02979118567342442,-0.03976944857253551,0.2358254471053442,0.2544796810656922,0.245283237960277,0.03225860043547054,0.7107214973770235
2024-04-17,000710.SZ,0.0013605442176871652,-0.03610018620339257,-0.04304360407708954,-0.03962053414195801,0.28504543359748064,0.1624597688428809,0.22289388229141527,0.05602708877360537,0.79025381314232
2024-04-18,000710.SZ,0.09946236559139776,-0.04719351185128237,-0.04349785864106233,-0.04531979700408367,0.29110597089082324,0.16953803433124728,0.22947041292097115,0.03483264589419984,0.7200212206961205
2024-04-19,000710.SZ,0.1966527196652721,-0.03890449890572293,-0.044304481254847844,-0.04164231723623772,0.4247135358691336,0.21106466125216355,0.3163924771317865,0.003508513172947503,0.6051226069036308
2024-04-22,000710.SZ,0.23931623931623935,-0.029809953846626686,-0.042697625831319024,-0.036344068648514985,0.44331534413930507,0.2114416467399441,0.325754208183539,0.004315520111420413,0.6509134348906092
2024-04-23,000710.SZ,0.22040816326530632,-0.03910579816974923,-0.04494580143773884,-0.04206670932901613,0.38983625107263664,0.187412784283479,0.2872065308122513,0.015442179754119068,0.6283786745090825
2024-04-24,000710.SZ,0.25407608695652173,-0.02872967770867436,-0.03821050606152933,-0.03353650557860566,0.3786635235157727,0.2341147196901727,0.30537654974782197,0.002753806310932661,0.5973725265860929
2024-04-26,000710.SZ,0.18459657701711496,0.013593600616541569,0.02346752500816771,0.01859973016396351,0.35985121228007555,0.2998661981975708,0.32943850710931083,-0.01711621539622702,0.2702306517479805
2024-04-29,000710.SZ,0.08041958041958042,0.023962826938328324,0.026951449372367497,0.02547807361024127,0.43611956728816204,0.3553333615081259,0.39516055284376006,-0.0009270067521767508,0.3691986700098319
2024-04-30,000710.SZ,0.06781609195402294,0.01872968609926303,0.02422337289094686,0.021515013055529175,0.3886023749746459,0.3207877105849446,0.3542199975444825,-0.014666638897123973,0.31316279734889896
2024-05-06,000710.SZ,-0.0033444816053512794,0.016187663683435976,0.01514897227623577,0.015661041892747758,0.4107370658849849,0.2869746237208988,0.3479888824874925,-0.022732513397882216,0.27822686415482
2024-05-07,000710.SZ,-0.015167930660888507,0.025968340838254764,0.007065052404138791,0.016384278106953823,0.4267828058999983,0.2663113296800568,0.34542295679032087,-0.024243352589122837,0.24996110670264676
2024-05-08,000710.SZ,-0.085655314757482,0.016807391179903024,0.001848118590125774,0.00922296440597168,0.394673648208629,0.18830228281011077,0.2900423234093931,-0.025977551467759853,0.14733926232701816
2024-05-09,000710.SZ,-0.03883495145631066,0.016366089099608908,-0.01364236556833125,0.0011516509869319777,0.4902170999162342,0.19645234261639669,0.34127688393107264,-0.04007402395099139,0.1679213203938778
2024-05-10,000710.SZ,-0.04090419806243262,0.017425680272700927,0.026917801171739832,0.02223823352059491,0.4859206795786756,0.3280579139443511,0.40588345991453095,-0.01981903208079875,0.3042066397107358
2024-05-13,000710.SZ,0.008948545861297452,0.01123752420660136,-0.006801778303032555,0.002091506703677335,0.4787165132611394,0.26162532184251563,0.36865018251553583,-0.03488517769285541,0.26419803375302214
2024-04-10,000856.SZ,-0.16500000000000004,-0.043000842619153865,-0.08008712870200929,-0.06180377701482119,0.21877654354823609,0.10383669214207329,0.16050145823477485,-0.06988259493203078,0.1370788443148028
2024-04-11,000856.SZ,-0.1992924528301887,-0.02054540140943782,-0.03855657671889007,-0.029677158279777384,0.37356226326356157,0.19083338960345314,0.2809178012123035,-0.027977984068782193,0.11042084023606206
2024-04-17,000856.SZ,-0.07001321003963012,0.011247347255522549,-0.028146824476320807,-0.008725696823106076,0.41346933839175753,0.20185767017697617,0.30618115359183323,-0.023495540574686204,0.11308244498268873
2024-04-18,000856.SZ,0.0028288543140027045,-0.013916679563833946,-0.04579215316427705,-0.030077705707053808,0.40466633169890104,0.19098304403564478,0.29632782537323976,-0.04662501580405224,0.15265687735124503
2024-04-19,000856.SZ,0.03478260869565197,-0.029509295953179065,-0.032321722373497466,-0.030935210356032552,0.4040206631534174,0.25565796999195434,0.32880002822526433,-0.03849642708058657,0.2322677518383003
2024-04-22,000856.SZ,0.09730538922155696,-0.024626941728952908,-0.03625385800064469,-0.030521847015292786,0.4223483761099321,0.2654161614458408,0.342782950488632,-0.039085797000934876,0.26642523757333
2024-04-23,000856.SZ,0.06480117820324005,-0.02586477775275697,-0.03487650845790513,-0.03043377074552405,0.38668160849187105,0.27503430266701917,0.3300758604213416,-0.048859186545980905,0.25855361807766813
2024-04-24,000856.SZ,0.048295454545454586,0.006527873396120367,-0.03285205306072879,-0.013437948256122241,0.5168039211432757,0.28881112997687985,0.40121042425309705,-0.039499785354548934,0.27495096565658916
2024-04-25,000856.SZ,0.042313117066290484,-0.0063820968829246495,-0.03965715307113288,-0.023252718468521026,0.4726658758570285,0.24871201294850803,0.35912013599735904,-0.050552274322362124,0.23665969541227735
2024-04-26,000856.SZ,0.008403361344537785,-0.0023801258504969384,-0.03311234502384164,-0.0179615162237111,0.4720400530336139,0.27514467635683176,0.3722131023868833,-0.03856014586587112,0.28429261605767603
2024-04-29,000856.SZ,0.0013642564802183177,-0.010085983666254371,-0.0327006774680946,-0.021551747668185045,0.4531802375667076,0.26384623018401665,0.35718693935043533,-0.039006602123079305,0.2529029340183729
2024-04-30,000856.SZ,0.006915629322268302,-0.013592654790569498,-0.03524819104202448,-0.024572121069004475,0.4312845485228006,0.274109391966088,0.35159595013465317,-0.04161838731388049,0.28825115548769864
2024-05-06,000856.SZ,-0.03794037940379402,-0.008899877379658661,-0.03674301083911831,-0.02301648670091536,0.4158879423707583,0.25216363296529,0.3328788904034298,-0.04459667514599478,0.24528111947570982
2024-05-07,000856.SZ,-0.02841677943166443,-0.019068789617656817,-0.036479875693779557,-0.02789629821518113,0.34519664104684317,0.2813382902364439,0.3128201345878012,-0.04144550785862603,0.29341251765107607
2024-05-08,000856.SZ,-0.004166666666666652,-0.023250700780862995,-0.036801889220556605,-0.030121221777374335,0.3806915854408723,0.32233048325830643,0.35110221180701795,-0.03068147755699461,0.3637702546371529
2024-05-09,000856.SZ,-0.00544959128065392,-0.014545679196967117,-0.03222222679151293,-0.023507778125384415,0.4079055748635539,0.3183590003826877,0.362505009232399,-0.03680818343357676,0.3306733925558279
2024-05-10,000856.SZ,0.009615384615384581,-0.012401403603589852,-0.03313861041546999,-0.02291527221696453,0.46209817734907493,0.3664666574445091,0.4136125136483149,-0.026916501778613523,0.3919858082221753
2024-05-13,000856.SZ,0.025352112676056526,-0.010916702560161962,-0.033749711724403386,-0.02249315355371064,0.49940282540340225,0.37650404756504713,0.4370925241820953,-0.023590294583668382,0.42011864170010244
2024-04-10,000966.SZ,-0.02494802494802484,-0.02196373112266911,-0.01755846882256942,-0.019730240882114308,0.2089302225548915,0.23206259028807727,0.2206584498551878,-0.0037748020332044937,0.17590062600757683
2024-04-11,000966.SZ,-0.06326530612244907,-0.016345070930093516,-0.02547650335406639,-0.020974753299011155,0.23395632197774754,0.2136287785874645,0.223650154788651,-0.018316979475598218,0.17968250413745895
2024-04-12,000966.SZ,-0.06079664570230592,-0.006492292399197683,-0.04072774823347751,-0.02384984145707753,0.35336865066050277,0.25156304668420537,0.3017526951452768,-0.03567575205654653,0.2246667214458678
2024-04-15,000966.SZ,-0.07531380753138084,-0.007310392067860243,-0.030445760822512134,-0.019040140901200354,0.3750810858746463,0.2663329534010069,0.3199452333391598,-0.030447597751662316,0.2424241905076106
2024-04-16,000966.SZ,-0.04824561403508765,-0.012329963912629178,-0.027471546891459735,-0.020006822974802038,0.3684354728438444,0.38968951607206986,0.37921138013124867,-0.015467066023502596,0.3466724407889519
2024-04-17,000966.SZ,-0.04477611940298509,-0.02166350360677797,-0.03537334739803631,-0.028614463668024136,0.31912338629226467,0.21825222327981872,0.26798119706629914,-0.030809582713415197,0.2700032529610085
2024-04-18,000966.SZ,-0.023965141612200314,-0.019496888337010364,-0.04838234383330947,-0.03414196019652351,0.3372335908240849,0.2576649468723064,0.2968918863774608,-0.03637316479799172,0.29644199048609193
2024-04-19,000966.SZ,0.0,-0.019535113652647672,-0.04455060548481472,-0.032218094384251134,0.3859640723254708,0.2995380187048852,0.34214562653465475,-0.029509486053880964,0.33402738906294593
2024-04-22,000966.SZ,0.06561085972850678,-0.013228916551368486,-0.04639090809069124,-0.030042213788802497,0.3692594794046865,0.28887638054771037,0.32850484220668236,-0.036022892511203865,0.3320833433144417
2024-04-23,000966.SZ,0.0875576036866359,-0.012836267861065332,-0.04730493278816009,-0.030312055107122756,0.40108763430622063,0.31323125340696983,0.3565440053594263,-0.036745582054463356,0.35412546849303955
2024-04-24,000966.SZ,0.08928571428571419,-0.015881717227134877,-0.03146496198449217,-0.023782501042197757,0.3961166769370285,0.2894284473405338,0.3420252055664251,-0.024747236157749243,0.3576416152987935
2024-04-25,000966.SZ,0.0758928571428572,-0.011235919427078371,-0.046001131401405965,-0.028862057524172497,0.4414668942778199,0.28933169024006145,0.36433357727750015,-0.036585252351004884,0.35281218711390044
2024-04-26,000966.SZ,0.0870535714285714,-0.009985369751510547,-0.031206006612584217,-0.02074433984200731,0.47325335116300526,0.33198755479364245,0.40163087876038944,-0.018573950944688535,0.35696964877262166
2024-04-29,000966.SZ,0.02972399150743099,-0.009459863404513708,-0.007940598280668069,-0.008689588311734844,0.35739242584226616,0.3637322504032282,0.360606748922056,0.0006906616468584596,0.41065515056261087
2024-04-30,000966.SZ,0.06991525423728806,-0.00891657994438931,-0.03992120604704316,-0.024636082006902364,0.46524284388835446,0.30096472083366166,0.38195300560312584,-0.03220267340006292,0.33840906266869164
2024-05-06,000966.SZ,0.07991803278688514,-0.0087011197090188,-0.029288231983092893,-0.019138889633481627,0.41222461660815823,0.2787792425024462,0.3445671378002453,-0.023179493185621326,0.33515477576059005
2024-05-07,000966.SZ,0.07468879668049788,-0.008502801852266558,-0.04739300566779896,-0.02822033165139183,0.4479924057547576,0.3282703243786335,0.387292705687765,-0.030902660373213466,0.3758368468817098
2024-05-08,000966.SZ,0.024640657084188833,-0.011842835234925173,-0.0345795527484203,-0.023370465875101498,0.24071973945567296,0.2573552311892168,0.24915401780337987,-0.025870748318501925,0.27512381881970516
2024-05-09,000966.SZ,0.01855670103092799,-0.010390374702118198,-0.0484942066065743,-0.029709209969751987,0.4621852077381364,0.24527265640832135,0.35220944842000884,-0.039831818618834704,0.27737608397017527
2024-05-10,000966.SZ,-0.00990099009900991,-0.019150440446644566,-0.02869655401653366,-0.023990368251418544,0.24488426736819868,0.21537629762829807,0.2299235776423762,-0.016471709852551343,0.23579112510218195
2024-05-13,000966.SZ,-0.030360531309297722,-0.00347597338467608,-0.013871225446856966,-0.00874641869470059,0.34846064182843767,0.25317371357284524,0.30014968783450746,-0.0014578657085862253,0.18150473936180578
2024-04-10,000990.SZ,0.008174386920980936,-0.018421376133742038,-0.05969132587195891,-0.03934544913761486,0.3110494398071724,0.17158544240938153,0.24034048858543078,-0.058581553537875565,0.19447125852424024
2024-04-11,000990.SZ,0.033967391304347894,-0.01920716052684197,-0.052514253756356544,-0.03609402505422466,0.2993421153220569,0.14738375495645903,0.22229845895689743,-0.06034997107756571,0.1624534830652908
2024-04-12,000990.SZ,0.034482758620689724,-0.014162543960117891,-0.05617926424593586,-0.035465233404143,0.3298205426210404,0.1562048654096131,0.2417965172071029,-0.06401327598811538,0.1650546177241369
2024-04-15,000990.SZ,0.04090267983074747,-0.007036846668578829,-0.04242650432163139,-0.024979581879347044,0.39075180768457507,0.2053905330498283,0.2967727050408717,-0.03819949573205709,0.20906632165635647
2024-04-16,000990.SZ,0.08454810495626819,-0.002991215915396526,-0.03617143089582721,-0.019813752529533026,0.49652726676221604,0.22790407861646772,0.360333953347787,-0.03021535243179433,0.22662682258076516
2024-04-18,000990.SZ,0.009459459459459474,-0.0096838148847688,-0.02553706371169542,-0.01772149212710377,0.33298904835510384,0.22979229321339145,0.28066777217122657,-0.030799797038026967,0.146585488224014
2024-04-19,000990.SZ,-0.007884362680683377,-0.011350941748755417,-0.012560278234348247,-0.011964081456249635,0.27941134440613463,0.2677728737458928,0.27351058098642966,-0.017630590174702733,0.18584531597840545
2024-04-22,000990.SZ,0.028000000000000025,-0.007635777581655927,-0.0249879753225626,-0.016433429495734942,0.42359170755338693,0.29835182507525543,0.36009445445297406,-0.041839220170727644,0.20150419815561957
2024-04-23,000990.SZ,0.04878048780487809,-0.008558049083077909,-0.02651706345940295,-0.017663360096816565,0.40775724068637464,0.30925986906085395,0.35781857568544573,-0.043353237813432956,0.21056170436863628
2024-04-24,000990.SZ,0.08333333333333326,-0.010988607799493101,-0.02358001204852844,-0.01737251336272467,0.3627641706724512,0.2757766317733011,0.3186610490089043,-0.0397218382523035,0.19509149395718978
2024-04-25,000990.SZ,0.08567603748326635,-0.011286647596963992,-0.028644267087227077,-0.020087048365356176,0.36868072693334303,0.2584215800635142,0.31277878246568025,-0.04904879594920634,0.18212998506557473
2024-04-26,000990.SZ,0.08211920529801331,-0.00289358084989235,-0.025432672141395853,-0.014321013997155255,0.4311777354133736,0.25991386933330674,0.3443460901238621,-0.03938824391937449,0.18313765823831768
2024-04-29,000990.SZ,0.055771725032425445,-0.006652671851487428,-0.024565214017696384,-0.01573442121992997,0.33544272345911835,0.2400089808398499,0.2870573338411309,-0.03510944990766366,0.18280560096736925
2024-04-30,000990.SZ,0.10723514211886309,-0.0031060544204068834,-0.030817548177119198,-0.017155921747356216,0.47022478576573884,0.24869036233727454,0.3579057139449274,-0.04397922850438566,0.1823527404497563
2024-05-06,000990.SZ,0.0856079404466501,-0.017669430693597582,-0.028057524929837412,-0.022936246949710234,0.23830237986211322,0.20473740861267128,0.22128476987588502,-0.030238062027633718,0.17175953504650482
2024-05-07,000990.SZ,0.08754623921085081,-0.004525883446178739,-0.034455740978375435,-0.019700472413978504,0.3642314375224037,0.23902231298014703,0.3007497788508616,-0.04723650840577268,0.17617993305054722
2024-05-08,000990.SZ,0.0367197062423501,-0.023705585826530862,-0.04573824474334193,-0.03487625520144111,0.23452603048519285,0.1680627629747675,0.2008288180997785,-0.046071073058341384,0.11436751061103013
2024-05-09,000990.SZ,0.04299754299754288,-0.005353144416931323,-0.03789269112871724,-0.021850858982351482,0.3231355265937625,0.2600226126272197,0.29113696038033676,-0.045887095953326,0.17912965478961887
2024-05-13,000990.SZ,-0.00583430571761967,-0.021890006674178508,-0.07367527258630471,-0.04814539809925933,0.2436623010903261,0.12740207322760752,0.18471777824314323,-0.05715622564322435,0.02988033230152019
2024-04-10,001211.SZ,-0.11002304147465436,-0.025218201103803253,-0.04154492722322799,-0.03349593372533662,0.3925545276988693,0.15981070995706895,0.27455223633383224,-0.039933944233963715,0.23305387817545217
2024-04-11,001211.SZ,-0.12752452394691283,-0.014104436972103949,-0.04622628152816302,-0.030390374434432314,0.36217394576036943,0.1519182332398582,0.2555732373474263,-0.04980665210100147,0.24165103729929494
2024-04-12,001211.SZ,-0.10885504794134238,-0.030539072780871156,-0.0320155538411081,-0.03128765613726485,0.3538666330442475,0.19667897787990749,0.2741716977988928,-0.04142368346233941,0.2321587047268524
2024-04-17,001211.SZ,0.05436893203883497,0.04955853527364067,0.03175304033922584,0.04053105939249653,0.6218172218391237,0.543390455506,0.582054455113669,0.03427840105645582,0.556882906136754
2024-04-18,001211.SZ,0.05987261146496814,-0.0035437628634190353,0.033482211482177476,0.01522859317677655,0.5673961877318309,0.46732037209599275,0.5166572436437233,0.0005436122706485528,0.4251379543902774
2024-04-19,001211.SZ,0.1009708737864079,-0.0034873461598828133,0.02736263116881076,0.012153748192981206,0.5964143788637492,0.4186065982013211,0.506264935822581,-0.013374513450101133,0.4204538354796668
2024-04-22,001211.SZ,0.14550264550264558,-0.0019363205167379977,0.03431564125576407,0.01644360723875953,0.6244336461477978,0.46588092634434203,0.5440466162344089,-0.003203885034933662,0.5190234636701321
2024-04-23,001211.SZ,0.11772151898734173,0.014314237034549837,0.019518300899139533,0.016952723703668716,0.6184027766728203,0.4719083577708277,0.5441293662323243,-0.00634440088857805,0.44828917939959473
2024-04-24,001211.SZ,0.09944751381215466,0.026586596271584058,0.01850957160382641,0.022491503961700746,0.6461378209022829,0.4595926412287673,0.5515584724230991,-0.011650143017091252,0.43010146482479517
2024-04-25,001211.SZ,0.0859375,0.030153048009636373,0.015272789638647418,0.022608681843792937,0.6235114748659499,0.4210526144654684,0.5208638098658227,-0.021980534920258678,0.37085679303349967
2024-04-26,001211.SZ,0.04761904761904745,0.03717145191455332,0.02760001611350225,0.03231868561065795,0.6415667461089477,0.47039977212867295,0.554784225603508,-0.0011782419085178183,0.42783850638730747
2024-04-29,001211.SZ,0.03926096997690531,0.05292078005028756,0.0402213568649067,0.046482108340641204,0.656718144138313,0.5069522108828338,0.5807860593936374,0.005666438235992744,0.4348820713950847
2024-04-30,001211.SZ,0.003963759909399789,0.03108189121485281,0.02428373645399527,0.02763519240833387,0.5779106207415212,0.41140284890697065,0.49349033926121555,-0.008135987157812863,0.33578605302573916
2024-05-06,001211.SZ,-0.02400893355667222,0.01726390541512897,0.013443060003230065,0.015326717489235957,0.5307610217282285,0.35617950404511856,0.4422473103159369,-0.0271160739606258,0.28620062479886405
2024-05-07,001211.SZ,-0.021029330381848288,0.015420443683540674,0.018695526735833846,0.01708092733604366,0.5922334135672501,0.41400171680365927,0.5018690429212628,-0.021570969762782867,0.37173749049843613
2024-05-08,001211.SZ,-0.008978675645342271,0.022256163997053394,0.019976998191545792,0.021100615419822874,0.65833828132827,0.4456952679909985,0.5505271993411173,-0.0184591297986059,0.4457984397758849
2024-05-09,001211.SZ,-0.0033333333333332993,0.016936147642701536,0.01530709456776078,0.016110209504093163,0.581022550334239,0.4311726205710845,0.5050478789358402,-0.02422016018105059,0.3976582218254381
2024-05-10,001211.SZ,0.025380710659898442,0.0271321987223988,0.02055640842491505,0.023798239822146128,0.6400054566526434,0.4765918598510859,0.5571539375451485,-0.014440607543646322,0.49000041823726437
2024-05-13,001211.SZ,0.027459954233409745,-0.004847489763663832,0.024362847849727563,0.009962298970447226,0.46575898779659874,0.4285568563120335,0.44689731919703934,-0.015904432579686913,0.46067517789204876
2024-04-10,002046.SZ,-0.01717171717171717,-0.04565419304523378,-0.05362065419867906,-0.049693229094818464,0.22408053461152377,0.1535143039700082,0.18830309919139054,-0.039292708164006464,0.25323351836011526
2024-04-11,002046.SZ,0.0010214504596528506,-0.04468902395938759,-0.05906227528724406,-0.05197633499307616,0.24025577833609668,0.15303082613163346,0.19603228692739688,-0.04083837522885706,0.26304473037445864
2024-04-12,002046.SZ,-0.01732925586136591,-0.033098409001507866,-0.0596264898578415,-0.046548280009626734,0.25962650611791327,0.1500855041908936,0.20408866476416307,-0.05411359281957421,0.2214565631966139
2024-04-15,002046.SZ,-0.020181634712411634,-0.03390366624682329,-0.03953442945349184,-0.03675849163796621,0.2838749489355952,0.21616194542957204,0.24954411408702476,-0.02299624449143626,0.3031267102088801
2024-04-16,002046.SZ,0.06222707423580798,-0.03112158962434234,-0.005047663302786217,-0.017901977259643254,0.4024458310435925,0.4194794246787452,0.4110819490665373,0.0011613995281025361,0.5180470130682346
2024-04-17,002046.SZ,0.027749229188078095,-0.044047123116766264,-0.015830190025224813,-0.02974099549369158,0.31122078419550986,0.3814920429091095,0.3468486673580572,-0.007327515061133638,0.4405662378752464
2024-04-18,002046.SZ,0.005102040816326481,-0.030768412488981906,-0.028937115554493544,-0.02983993569189195,0.3199153233322689,0.3379754425562809,0.32907189501454404,-0.023759644227040057,0.400523031367078
2024-04-19,002046.SZ,0.051867219917012486,-0.03140538040977984,-0.03378518836610361,-0.0326119550658959,0.31080061507516393,0.33350118322266636,0.3223099178041634,-0.025165673310736637,0.40645849390917116
2024-04-22,002046.SZ,0.08547888774459311,-0.03117880789017775,-0.028941916316236837,-0.030044692561911543,0.33563958239512354,0.34493639713043717,0.34035311443136557,-0.023301133606102455,0.40659743422475225
2024-04-23,002046.SZ,0.10996916752312447,-0.029597414240686862,-0.03579123126773813,-0.03273771076318635,0.29790040965882686,0.2915586744839993,0.2946851178881552,-0.03238227484356163,0.34886123531100577
2024-04-24,002046.SZ,0.08400000000000007,-0.0317674966783818,-0.02403791369884554,-0.02784855905962478,0.2935063447980624,0.3371806156894057,0.31564942077266545,-0.02090944689631006,0.3852930278998209
2024-04-25,002046.SZ,0.11573604060913723,-0.030568036172105652,-0.03656339687482302,-0.033607714335610696,0.29482112672819866,0.32119033407383063,0.3081904480637982,-0.027524377474007523,0.3858040922496601
2024-04-26,002046.SZ,0.16568047337278102,-0.03145215128216248,7.724668832576401e-05,-0.01546658723162676,0.32541084002634774,0.37412436655783743,0.3501088440677025,0.0005882509169496623,0.39652364864815
2024-04-29,002046.SZ,0.12239089184060736,-0.026973578724782173,-0.005669932471995858,-0.016172522453342133,0.3403522871741103,0.3135544396494641,0.32676564310235584,-0.00735941630334328,0.33812470560939856
2024-04-30,002046.SZ,0.07129629629629619,-0.021036281359721277,0.016243179968234035,-0.002135406138909987,0.3583157602019498,0.413320932522771,0.3862036604424892,0.01512345116567967,0.39590029614630184
2024-05-06,002046.SZ,0.03413284132841343,-0.020164577868070667,-0.012152265632412017,-0.016102295088174345,0.36689137332142097,0.3686877354721185,0.3678021380066462,-0.008605300432689844,0.38827592869227273
2024-05-07,002046.SZ,0.020928116469517866,-0.02123753551587432,-0.009193455413851272,-0.015131126060137706,0.36167557074975093,0.3763311668210839,0.36910603199472486,-0.006810889819389742,0.3991395782140041
2024-05-08,002046.SZ,-0.06768189509306266,-0.0008082995369328179,0.014684543684041849,0.007046650242495639,0.4085778382994018,0.38871241038299725,0.39850596599006616,0.04996867075063146,0.3278060251307839
2024-05-09,002046.SZ,-0.07100591715976334,-0.01657400281455715,-0.006265217255741178,-0.011347396458548173,0.23943735964865703,0.31089074697142605,0.27566458798790383,0.00780643418171475,0.2632131646876084
2024-05-10,002046.SZ,-0.03543647363872082,0.0024682302445032224,0.01280080004645465,0.007706895331934575,0.4717271154520793,0.5487175214676437,0.5107616402403589,0.0063355224515946,0.44697666466477487
2024-05-13,002046.SZ,0.0,-0.004262989148320874,-0.019795657537270677,-0.012138130489100604,0.5989029495136069,0.46516935354438954,0.5310993407648641,-0.00835758112763888,0.42193224085777
2024-04-10,002068.SZ,-0.0714285714285714,-0.05081003404605313,-0.0316965241148157,-0.041119387953719416,0.4329208960614044,0.2647429932721225,0.3476538497499202,-0.027552237438994966,0.31451594214980483
2024-04-11,002068.SZ,-0.09766454352441611,-0.05786014563995792,-0.019351384338801108,-0.038336009122583725,0.22345483021282128,0.294403308610638,0.2594260671764298,-0.0164762167618007,0.32443457695577005
2024-04-12,002068.SZ,-0.07943416757344923,-0.05066242221237567,-0.05965404275156137,-0.055221219249407705,0.1988052339492431,0.18305691400485172,0.19082075618043084,-0.047537610191851244,0.2473104703047524
2024-04-15,002068.SZ,-0.05186020293122873,-0.045999697713650284,-0.02562330682641757,-0.03566876459683356,0.38606579992287954,0.2860531905109309,0.33535890170958776,-0.020530595817787302,0.32135650405390737
2024-04-16,002068.SZ,0.04315659679408146,0.011724268661530295,0.004976982225425513,0.008303360352636452,0.5377784198836071,0.46333140849751164,0.5000334090211316,0.0014760857520330298,0.5277896410804429
2024-04-17,002068.SZ,-0.002331002331002252,0.003088031512959718,-0.016065349624193963,-0.006622829482193992,0.5882006749213082,0.3960754023501563,0.4907921911536359,-0.01586226383686399,0.38186117291976285
2024-04-18,002068.SZ,0.03764705882352937,0.005037343343047333,-0.0212218982674227,-0.008276224809302683,0.6344626334814606,0.4183922263886253,0.5249138455458069,-0.01344104775171776,0.4356132577199636
2024-04-19,002068.SZ,0.06855791962174917,0.007705336042032471,-0.023336023091618505,-0.008032789852763218,0.6444439930168625,0.4142749208573499,0.5277471106690867,-0.020206806754274255,0.4398823895874515
2024-04-22,002068.SZ,0.1129607609988108,0.007107829834321902,-0.027409213830407352,-0.010392485676114826,0.6275715330301018,0.4087311298547542,0.5166183430872109,-0.020704544319200026,0.44256589516373745
2024-04-23,002068.SZ,0.10638297872340408,-0.007507147041502893,-0.0330312471152748,-0.020447994720975603,0.47030970896903235,0.3681443932958143,0.4185113778062842,-0.03125479444833549,0.38155787763905286
2024-04-24,002068.SZ,0.125,-0.010524041767134585,-0.03358741400728886,-0.022217288003914044,0.4484287355560792,0.35881698371955617,0.4029951246763448,-0.02941359393234525,0.3838414545075794
2024-04-25,002068.SZ,0.1054421768707483,-0.013402737160682182,-0.018470804444751594,-0.015972272876452833,0.4723491213524077,0.3961039180141544,0.4336924180861228,-0.013504352127894392,0.41387373189218696
2024-04-26,002068.SZ,0.04646017699115057,-0.021021387019705733,-0.018997934833555264,-0.019995486539297544,0.38550154757016875,0.3848683512433826,0.3851805138337213,-0.017236006053265286,0.40015283290730486
2024-04-29,002068.SZ,0.03418803418803429,-0.023759581361508977,-0.018933652201078604,-0.021312810897651205,0.3905151722806592,0.3949270849796964,0.3927520343070716,-0.01488179957298844,0.4069532618801674
2024-04-30,002068.SZ,0.018162393162393098,-0.015505575100076113,-0.03546478362164217,-0.025624994649987416,0.3952608018115499,0.35741312876624287,0.3760718403795622,-0.025373156666177267,0.37384151461043447
2024-05-06,002068.SZ,-0.03322949117341645,-0.017169640864297547,-0.01817677683053062,-0.017680263887004367,0.39117092160333217,0.379633567561596,0.38532142482002824,-0.015200550266156554,0.38304669996446816
2024-05-07,002068.SZ,-0.0492307692307693,-0.0164943226645604,-0.032523805234231054,-0.024621351304760224,0.36004151711481613,0.34209269819000604,0.3509413752465007,-0.026273651605292415,0.3509186334589144
2024-05-08,002068.SZ,-0.014799154334038112,-0.019761754327082853,-0.03378576681880116,-0.02687199950657254,0.44750347040274385,0.38145414104091174,0.4140161267497896,-0.020061165720433295,0.4214457702535173
2024-05-09,002068.SZ,-0.04132231404958686,-0.016069463379358516,-0.02269727046204875,-0.01942979505248809,0.388465697140889,0.39041796555696295,0.3894555070902639,-0.018412821856328677,0.3963814584208572
2024-05-10,002068.SZ,-0.005246589716684014,-0.014388198263965677,-0.04262689986567729,-0.0287053626316663,0.3989939610937867,0.3460751488349566,0.3721638559445033,-0.02846737686179627,0.39225687632345874
2024-05-13,002068.SZ,0.025778732545649774,-0.01999773025859513,-0.03911524322729873,-0.029690405911146647,0.41262894649604626,0.36715788127619864,0.38957488671988666,-0.023589395988351115,0.41781219455081237
2024-04-10,002222.SZ,0.01474582848273176,-0.03232519674917926,-0.04927248905012223,-0.04091755955970455,0.30015365468295907,0.21694120580261478,0.2579645227298609,-0.04509496117945692,0.24165319908040223
2024-04-11,002222.SZ,-0.004961832061068705,-0.023413549049303494,-0.037914694215661154,-0.03076570290520337,0.23925346817711737,0.24959683713095315,0.244497608489109,-0.0469912356664948,0.2564677692134712
2024-04-12,002222.SZ,-0.010309278350515427,-0.020724172236858712,-0.05189704184690906,-0.03652897460755053,0.20636235954461452,0.20757104053491635,0.2069751669126848,-0.057106292356062384,0.21768199244979858
2024-04-15,002222.SZ,-0.01966075558982272,-0.02412021963199974,-0.035771238421880805,-0.030027345016822138,0.20883078532319171,0.2930991871499842,0.2515552907545783,-0.03367342107521968,0.30381692015030937
2024-04-16,002222.SZ,0.028271405492730217,-0.021437818587731184,-0.03324906398023986,-0.027426179669514904,0.38263108843334587,0.30721585971422166,0.34439518649180645,-0.03282104873131989,0.33505497549389535
2024-04-17,002222.SZ,0.0026768642447418944,-0.04591381924191982,-0.03242840403800276,-0.03907664560821894,0.3087031647708844,0.2958142993861931,0.30216844490916783,-0.034959676228920857,0.2767937645941225
2024-04-18,002222.SZ,-0.011123897199846522,-0.04142023857253278,-0.02923886516906837,-0.03524422071939021,0.305724453439858,0.33217840436471463,0.31913674019823013,-0.029472072093263336,0.3218738021693968
2024-04-19,002222.SZ,0.032793209876543106,-0.044892684623520855,-0.02487939781773858,-0.03474584711032047,0.2908144673343416,0.3524383480868082,0.3220580861859665,-0.026879523256768935,0.3307156403819375
2024-04-22,002222.SZ,0.06763664962642535,-0.041405613896379645,-0.029955827428444156,-0.03560051431536454,0.3249879786969544,0.34094777459741027,0.3330796758438208,-0.014984187772098678,0.3610489783531828
2024-04-23,002222.SZ,0.05027494108405328,-0.041721757465963016,-0.04661629727145904,-0.04420331387347477,0.22999301363455588,0.26450355186548485,0.24749003085719185,-0.042658263885299065,0.29609774118489157
2024-04-24,002222.SZ,0.035469107551487467,-0.0340271420878172,-0.03700674488320686,-0.03553781575736964,0.19265785731571292,0.29235109901599937,0.24320283448581742,-0.03377317869641975,0.28419767097310034
2024-04-25,002222.SZ,0.039953452288595814,-0.033613131874560345,-0.0447141637440787,-0.039241411112347385,0.24865242339011048,0.28382709782251325,0.2664861610219619,-0.03464816879477287,0.30695897179843296
2024-04-26,002222.SZ,-0.013821441912588717,-0.032233742948403615,-0.02016783498689732,-0.026116266657639508,0.29055477455494094,0.3712010316568481,0.33144283431254196,-0.015724062842180232,0.3242303359419674
2024-04-29,002222.SZ,-0.011049723756905938,-0.02894984974731793,-0.041095630783103174,-0.03510782209024245,0.2377173261487551,0.26832526663090217,0.2532357065977038,-0.03254182627467931,0.2480721107191494
2024-04-30,002222.SZ,-0.031039640987284955,-0.03386465140223978,-0.048947375284899564,-0.04151166860531101,0.2789710255945306,0.27019390971352325,0.2745209835028247,-0.035152703446156765,0.28078134221626955
2024-05-06,002222.SZ,-0.06666666666666665,-0.032367894813435154,-0.042649530190330964,-0.03758073589005394,0.2685875123420012,0.25551712527833165,0.26196076007203556,-0.041987788539314765,0.24582383829807186
2024-05-07,002222.SZ,-0.04364043267437512,-0.03254426255753787,-0.041789803018815616,-0.037231798277817474,0.2614623044110287,0.2741135429794003,0.2678765462764334,-0.033616621503126866,0.2818964796996903
2024-05-08,002222.SZ,-0.03257575757575759,-0.031223753309204315,-0.05049810129797934,-0.04099594510922765,0.27428611341167675,0.23490156352981176,0.2543179476595946,-0.04372173373294989,0.2617869563224569
2024-05-09,002222.SZ,-0.046554934823091254,-0.03094323680202541,-0.048604055419550166,-0.03989736105963374,0.26700054396370043,0.22332613897843798,0.24485740000280298,-0.04595963275738616,0.24263172795049012
2024-05-10,002222.SZ,0.007719027402547152,-0.026085121606837073,-0.025898420381458075,-0.0259904631423969,0.33310700307588875,0.39464937710735,0.3643092976082101,-0.017376101457229155,0.3679126423511415
2024-05-13,002222.SZ,0.04025256511444364,-0.02960400079507545,-0.052132803220696494,-0.041026217435358885,0.2850757510120414,0.2670020779575075,0.2759123074692208,-0.03307418792262088,0.2987427562932797
2024-04-11,002248.SZ,-0.26075949367088613,-0.0030682069147137435,0.00842480448814863,0.0027588079266720415,0.3745374548624062,0.22222408007984976,0.2973138043943949,0.0456349218807632,0.2324886189932377
2024-04-12,002248.SZ,-0.21122994652406413,4.747950685888836e-05,0.0051194542301717695,0.0026189963140654904,0.36295491706539823,0.33026361337211135,0.3463802609437146,0.0032608223044847343,0.300264934389739
2024-04-17,002248.SZ,-0.031847133757961776,0.04603757233426963,0.04964972056965836,0.04786894973738032,0.5727972510804449,0.520570504957151,0.5463180269580423,0.026322329094584616,0.5390884645330096
2024-04-18,002248.SZ,0.024752475247524774,0.005199218245034383,0.020029363078462346,0.012718176594171963,0.5175119243309763,0.46058693268957773,0.4886506659964044,-0.014390245861973383,0.3884976782606748
2024-04-19,002248.SZ,0.05306799336650081,0.023507801691939476,0.042336496318059996,0.03305404498575541,0.5825544778210734,0.6098676605428303,0.5964023994411216,0.0058742906654118635,0.5136472785288612
2024-04-22,002248.SZ,0.125,0.01962575136062753,0.017794436322618717,0.018697265384961255,0.6269032396247558,0.5539160196312677,0.5898983503728733,-0.0139561986568835,0.4810816858995425
2024-04-23,002248.SZ,0.10338983050847439,0.025767131276670723,0.012105384099717221,0.0188405564418505,0.5480834287821146,0.5457371352441558,0.5468938461054169,-0.02672673598242018,0.4087502866482624
2024-04-24,002248.SZ,0.09046052631578938,0.024581369754601498,0.02016476304123278,0.022342127839209847,0.5980884162065047,0.5772520641576216,0.5875242804571099,-0.015673197304137333,0.4452422175645902
2024-04-25,002248.SZ,0.06763285024154597,0.027258865247763595,0.03137274704942719,0.0293446241036219,0.6217612822378388,0.5958898295206568,0.608644325013409,-0.0033568783059776727,0.4608006908500378
2024-04-26,002248.SZ,0.025196850393700787,0.029152745860867215,0.029988743884336536,0.02957660108204203,0.6381158030046927,0.5944171800733516,0.6159603804227898,-0.0049335947279145805,0.4515065272509253
2024-04-29,002248.SZ,0.003044140030441289,0.02577402569500545,0.029192246595789447,0.027507080959793824,0.635013296386554,0.585543410390745,0.6099318142758298,-0.0019423133181375781,0.44185004791710664
2024-04-30,002248.SZ,-0.003072196620583667,0.032761486111327384,0.022891974045957348,0.027757593635607376,0.6658197476382138,0.6057227854238943,0.6353502841990819,-0.009338113588638819,0.46371360368194536
2024-05-06,002248.SZ,-0.06184012066365008,0.004921608653020436,0.013529223996055943,0.009285713115695572,0.45754925391326995,0.4675989091110532,0.46264447986716645,-0.027882558582829987,0.31578483469531
2024-05-07,002248.SZ,-0.04977375565610864,-0.0010867803426693702,0.0040126626476822795,0.0014986630146894566,0.42298582940173574,0.44989094121791207,0.4366268570111713,-0.03672930052985394,0.30047161297809544
2024-05-08,002248.SZ,-0.03840245775729645,0.013902670851841816,0.0031372297581096532,0.008444537832708248,0.4099253371003618,0.48358407162965056,0.4472706876142371,-0.03459274288712625,0.35432642351071564
2024-05-09,002248.SZ,-0.047040971168436974,0.014037281685466436,0.004135873721811432,0.009017217828184973,0.39727226590119824,0.4664213815663441,0.4323312168693627,-0.036590211561018195,0.31027049433250226
2024-05-10,002248.SZ,-0.02003081664098616,0.023678589264156034,0.005893510475097199,0.014661464471845206,0.3978729990307639,0.5226575617001517,0.4611394026879695,-0.03217640398052727,0.39340782182157
2024-05-13,002248.SZ,0.027331189710610992,0.013723914112107119,0.00795268606834058,0.010797872338958434,0.5610155767130368,0.5473614613931448,0.5540928712683012,-0.01711570155602108,0.4478407264351725
2024-04-10,002281.SZ,0.06130952380952359,0.018092530918115864,-0.04562410221886981,-0.014212123964579272,0.36886638505080444,0.20234238599413354,0.2844378762869074,-0.04579704713948577,0.19532189113027704
2024-04-11,002281.SZ,0.1035820895522388,-0.03289562527582934,-0.0572206438800856,-0.04522853259276502,0.2865683014038908,0.1434036322448543,0.2139830909042279,-0.07815438077172956,0.10888321473780299
2024-04-12,002281.SZ,0.007803468208092301,-0.03818226312074361,-0.03507731297215693,-0.03660803770989336,0.3329546081290208,0.2111839514369046,0.27121627002787385,-0.07121507671091212,0.13555982974423156
2024-04-15,002281.SZ,-0.05591640779440832,-0.0323616962287142,-0.04240190737198486,-0.03745213399926356,0.3602024233746357,0.20418165155065096,0.28109910387767595,-0.0693676523497955,0.14077854228552225
2024-04-16,002281.SZ,-0.023543260741612615,-0.032937343488281645,-0.049559775532940734,-0.04136500050774933,0.3933181027166157,0.25677350368843044,0.32408930121641466,-0.05600604187567474,0.1950128122616694
2024-04-17,002281.SZ,-0.011777902411665542,-0.00600808275005966,-0.035639557066363264,-0.02103138992003606,0.4556595912745554,0.2971965398662675,0.37531802369050127,-0.051506102393501764,0.17055001970577024
2024-04-18,002281.SZ,-0.03435217744116836,0.04369331833874052,-0.007128869394343741,0.01792621241569049,0.5167828552699555,0.40941295973918457,0.4623457758270495,-0.020889039664110855,0.3213834533744102
2024-04-19,002281.SZ,0.08746773731000879,0.03312722174017142,-0.03008691642486729,0.0010773343467461102,0.5402505542541532,0.342531116330981,0.4400058003925289,-0.023391461351918864,0.24834433743813789
2024-04-22,002281.SZ,0.12772958420580327,0.047024847329205303,-0.029714818114418708,0.00811744927758504,0.5522850340197007,0.4057883118020858,0.47801045578654844,0.007748796499599664,0.3806039597883578
2024-04-23,002281.SZ,0.13411693791440626,0.04596476736957297,-0.05091546250516077,-0.0031539985942669116,0.5862666721088339,0.33774400440901314,0.4602644241038438,-0.04380424995564728,0.26358038736368533
2024-04-24,002281.SZ,0.05817253121452892,0.04797923827824152,-0.010871829212598823,0.018141449757896336,0.5336559508037333,0.5,0.516592213723871,-0.02021945284529484,0.36580845830683517
2024-04-25,002281.SZ,-0.0036414565826331513,0.06477788343702483,-0.03302322987061404,0.015192224920603986,0.64183086452805,0.4473836054722346,0.5432451218824947,-0.027839001160229672,0.34832812655493034
2024-04-26,002281.SZ,-0.07964135021097052,0.06315183648457318,0.011913299473755742,0.03717363937440858,0.576838904139922,0.5,0.5378811915679469,0.035087045949369254,0.5469569134754216
2024-04-29,002281.SZ,-0.05517241379310356,0.06603342374762688,-0.032207924159675515,0.01622456406520946,0.6106318330208956,0.38482144738717255,0.49614482676080895,-0.031015886820066542,0.24529015966509013
2024-04-30,002281.SZ,-0.09407387722561777,0.06103011521664293,-0.04456468626773022,0.007493017422640486,0.6091657167208168,0.3922410442679763,0.49918381193208206,-0.034108829323213054,0.273894398129843
2024-05-06,002281.SZ,-0.09761330115312417,0.049744625804170536,-0.05114677210423267,-0.0014078226162675435,0.6151677653967784,0.36043575188939697,0.4860173476991227,-0.043056256950555295,0.2635614517679298
2024-05-07,002281.SZ,-0.0590385156030363,0.030148133755549936,-0.02536108751411051,0.0020046781516059736,0.5666643671134158,0.4366651219937162,0.5007540931104876,-0.02185167878117359,0.35203146423279147
2024-05-08,002281.SZ,-0.030659025787965644,0.004200011916699106,-0.07120190058229135,-0.03402913863396194,0.543623503799334,0.2596133004720828,0.3996288959561084,-0.04424035532035323,0.21755602433095336
2024-05-09,002281.SZ,-0.010387422796181878,0.005236495109600465,-0.0468526743290288,-0.02117297693867035,0.5336596653887444,0.3316713024544328,0.43125054498081383,-0.03551086631330084,0.25023648883888566
2024-05-10,002281.SZ,0.03578762100322663,0.021169914324197455,-0.05581143747083302,-0.01786001992853152,0.5509762179595702,0.3576820500204496,0.45297509833533867,-0.027282275340679875,0.3222798175459377
2024-05-13,002281.SZ,0.09985141158989608,0.009358598294475768,-0.07190454625009549,-0.03184222651293397,0.5336911674239238,0.25579124881004084,0.3927945047981738,-0.04585508467486069,0.25368855044622257
2024-04-10,002367.SZ,0.005689900426742556,-0.013085268878728096,-0.0676649922953144,-0.04075746437554728,0.32164586321311694,0.10451187903116366,0.21155783632032582,-0.05783097633162119,0.16399464452568271
2024-04-11,002367.SZ,0.01555869872701554,-0.024103718725653662,-0.06689990501850505,-0.04580160137293343,0.30680085633563137,0.0764409871579992,0.19000723893580493,-0.05532780382863071,0.1401750104456079
2024-04-12,002367.SZ,-0.013531799729363914,-0.03328821979840338,-0.03868528933199493,-0.03602456131672786,0.20961978352574312,0.15871375028148596,0.1838101675049596,-0.004900085813046828,0.08934308135965777
2024-04-15,002367.SZ,0.01571428571428579,-0.028693157376742433,-0.030513035062794413,-0.02961584455718764,0.2703733875135806,0.2516778386814686,0.26089464980994986,-0.0133594458097959,0.19311985134321677
2024-04-16,002367.SZ,0.06896551724137923,-0.0186856924088846,-0.03760709160083106,-0.028278937385897117,0.3278343453197201,0.2749003630561946,0.3009965489014206,-0.0251416028280416,0.2851470128131155
2024-04-17,002367.SZ,0.032531824611032434,-0.03826634363471947,-0.031418258831373266,-0.034794330044423324,0.3010283553183827,0.24062892669166264,0.2704055398801708,-0.02577505631226832,0.27674223635956696
2024-04-18,002367.SZ,-0.0473537604456824,-0.0260362390770529,-0.027618071758980716,-0.026838236237856798,0.30876160230859634,0.3030737909525462,0.3058778532175224,-0.018744199139815877,0.32692230747545975
2024-04-19,002367.SZ,-0.06310013717421126,-0.025454509864644623,-0.04306118073103021,-0.03438118093888302,0.27661983011376046,0.21895508535706412,0.2473835132126646,-0.03842941297722139,0.2510444709289671
2024-04-22,002367.SZ,0.0014064697609001975,-0.031616289989336105,-0.05147149441255883,-0.04168297893598179,0.32876110086041477,0.27434896063265446,0.3011738708869233,-0.03445933167344454,0.3115718691919753
2024-04-23,002367.SZ,-0.02103786816269282,-0.028905324554799106,-0.049030008866377595,-0.03910864116619356,0.31113027525613085,0.2564365623156311,0.28340028649483784,-0.04526540006119565,0.2905147486016577
2024-04-24,002367.SZ,0.015068493150685036,-0.025767495006987877,-0.04143633688267391,-0.03371167699346101,0.3597901430616217,0.2611449540974668,0.309776533923265,-0.03408504128898774,0.30976419831268187
2024-04-25,002367.SZ,0.05409356725146197,-0.004654263046636471,-0.03718066179570911,-0.021145311528540423,0.3836909011114875,0.32162752565406905,0.3522244562242226,-0.011387132466195637,0.33933545010874144
2024-04-26,002367.SZ,0.06588579795021965,-0.016508392860545673,-0.0414445929548649,-0.029151172280496077,0.3572015053718382,0.3117488153469227,0.33415676191233656,-0.02373657517763015,0.3684660699832684
2024-04-29,002367.SZ,0.016853932584269593,-0.009155144531314397,-0.02698393579073523,-0.018194431766924427,0.4577678171783068,0.3225388403534613,0.38920604278142945,-0.009545785455300304,0.3870306118716462
2024-04-30,002367.SZ,0.0630372492836675,-0.012548690374620699,-0.0474893810599647,-0.03026379706467952,0.5174712508355089,0.3625252524621583,0.4389128469075368,-0.024800995110068315,0.4273176887953082
2024-05-07,002367.SZ,0.005398110661268607,0.005120754726379159,-0.060144200994629124,-0.027968907528196384,0.37181524001752386,0.11958553872895888,0.2439335072559322,-0.026847980855519794,0.08006140156190945
2024-05-08,002367.SZ,0.01109570041608876,0.007991713131693246,-0.04884603226177228,-0.020825310914427957,0.45128593986259824,0.23151499878279297,0.33986096250127706,-0.029031301554296264,0.22791871896526988
2024-05-09,002367.SZ,0.012362637362637319,-0.00038471155153245446,-0.04635043536370191,-0.023689565732904296,0.44758002322463375,0.25393997240924554,0.34940353923481127,-0.030683117973103337,0.27192602893691376
2024-05-10,002367.SZ,0.024861878453038555,0.00533305080460616,-0.03577034753382034,-0.01550657979819236,0.46268610232297297,0.3060659975909402,0.38327891801393643,-0.020092472327187395,0.30057880801379094
2024-05-13,002367.SZ,-0.016172506738544534,0.0008676004864470407,-0.041118549568409296,-0.020419589696046524,0.4259181428893163,0.22703586257304167,0.3250838220599682,-0.018388117839420105,0.23229379557246327
2024-04-10,002393.SZ,-0.007726718178121206,-0.018180313327249967,-0.0628953582995257,-0.04085106701864466,0.3083257524388705,0.15055223737426626,0.22833378326444803,-0.05834367525470289,0.16721629448427588
2024-04-11,002393.SZ,-0.016813450760608584,-0.0038169821099088034,-0.06006604169093337,-0.03233553947521279,0.3936518622565803,0.16137356086393248,0.2758855900322485,-0.05133169288066445,0.165762021491168
2024-04-12,002393.SZ,0.00806126561870224,-0.010443958370533666,-0.0674138221138004,-0.03932796708743656,0.36623682206112984,0.12471102641809512,0.24378202353557002,-0.06308288762006445,0.14225004650951942
2024-04-15,002393.SZ,0.0020542317173377622,-0.015117253796145971,-0.062312446262250576,-0.03904545479606482,0.3438681621000992,0.1661643390278288,0.2537714260823116,-0.05321971526892203,0.1685637001277172
2024-04-16,002393.SZ,0.03575989782886335,-0.009119733037935389,-0.05355113875779946,-0.03164668019547503,0.49565865959639505,0.2070703069320758,0.3493429069114849,-0.045633288933357975,0.23011275604078987
2024-04-17,002393.SZ,-0.0024590163934425924,-0.012846863522740736,-0.05052686562424741,-0.03195081493918537,0.5136655668212882,0.19597102953202541,0.35259283149356774,-0.04461013275975593,0.2227542872696324
2024-04-18,002393.SZ,0.008143322475570258,-0.0114098535251528,-0.058245424561898226,-0.03515572464365915,0.4588286202548766,0.16631263109316205,0.310521536024242,-0.054444026421825144,0.20068324667570642
2024-04-19,002393.SZ,-0.003198720511795372,-0.00978008285106375,-0.05988770283751513,-0.035184899316733756,0.4246408020091156,0.17088524255211854,0.29598545144783317,-0.04700203574573284,0.1879664601065711
2024-04-22,002393.SZ,0.03936039360393617,-0.011002651829907138,-0.05911724610075332,-0.035396994189443164,0.4566148874004633,0.19454647733855396,0.32374487958782006,-0.04192103262282235,0.23126228883824415
2024-04-23,002393.SZ,0.046033703247020163,-0.012477412574875115,-0.05510716957206087,-0.03409091472848866,0.5121852220330267,0.18404612382593127,0.345817041556369,-0.05049409510667439,0.2254770520537316
2024-04-24,002393.SZ,0.08545603944124913,-0.012000998844370456,-0.05624108215011911,-0.03443094457143534,0.5016729341643955,0.17398032215151962,0.3355311244437559,-0.05438822071699282,0.20754001309017192
2024-04-25,002393.SZ,0.06462035541195466,-0.01064983542847929,-0.06045211075080796,-0.03589984060690583,0.43079047223313116,0.1526919862108126,0.2897931349281859,-0.051640321492966636,0.17234172017204216
2024-04-26,002393.SZ,0.05896510228640195,-0.010113384182065605,-0.06217030274394442,-0.03650650487289969,0.4130314356757331,0.16293544254706102,0.2862315037302257,-0.04312598781853997,0.19363214118206967
2024-04-29,002393.SZ,0.05719921104536496,-0.009709160150032085,-0.06169716532313095,-0.03606734140461964,0.3905586403102595,0.1671957580231649,0.2773125306111554,-0.04128281869495102,0.20040048152116735
2024-04-30,002393.SZ,0.033005893909626716,-0.008563064192849613,-0.06275592183421656,-0.036039116787272826,0.3921962855399078,0.16419120112654323,0.27659655591141336,-0.04183866599403733,0.18873649521699865
2024-05-06,002393.SZ,-0.012112036336109022,-0.011346777309945173,-0.061425097800004574,-0.03673673878292991,0.34079206954694014,0.17634618252161766,0.2574171740810961,-0.034867821952913304,0.18144695338044042
2024-05-07,002393.SZ,0.0011380880121396597,-0.013664382184252715,-0.061088906435701265,-0.03770885555787405,0.37410218944932505,0.19276026772289112,0.2821609190350123,-0.039417606102574866,0.21303211866000166
2024-05-08,002393.SZ,-0.020075757575757525,-0.011609230658241553,-0.05918691487641531,-0.035731356908722624,0.3693306550681571,0.20307139007640762,0.2850363678125528,-0.04240265000122382,0.21772051704758794
2024-05-09,002393.SZ,-0.03358208955223885,-0.01796516439003539,-0.056164679743096774,-0.037332511649483535,0.3665210369170678,0.224957529481211,0.2947476234997695,-0.031602954954051556,0.23412347389974078
2024-05-10,002393.SZ,-0.012171928489920103,-0.021258800214637583,-0.06114399756583852,-0.0414807967628326,0.41143063484011155,0.24728923503075725,0.328210115930965,-0.03680513504720143,0.26632324897152637
2024-05-13,002393.SZ,-0.0045977011494253706,-0.02121958692761134,-0.05580069050721313,-0.03875238113850487,0.40163598364987396,0.2516827743631853,0.3256089490112982,-0.03423762751248408,0.2777170931331467
2024-04-10,002449.SZ,-0.06082036775106092,-0.06699424573126125,-0.03389129409074719,-0.050210882020779675,0.271060064245714,0.33414689782867846,0.30304540757291326,-0.01215858742433643,0.5126455693871441
2024-04-11,002449.SZ,-0.07605633802816902,-0.07406532187186421,-0.039023768208364853,-0.05629907714234331,0.1541861916321714,0.2763534931599168,0.21612563066874374,-0.02625877516796952,0.4401959656372759
2024-04-12,002449.SZ,-0.08392603129445231,-0.06953549576256071,-0.03958049613015607,-0.054348159622943225,0.17092308570125817,0.2875378719439609,0.230047371438243,-0.02877344739152069,0.4170211841752241
2024-04-15,002449.SZ,-0.030441400304414,0.05408284928222273,0.0366904974005129,0.045264839015906735,0.587274687381328,0.6260279414719874,0.6069227829781032,0.033390259795014386,0.6934412562014176
2024-04-16,002449.SZ,0.06414473684210531,0.008075606902662853,0.025490989589451212,0.01690529390350016,0.5914928345070861,0.5857051853811075,0.5885584671623003,0.0331260232386101,0.719892600341842
2024-04-17,002449.SZ,0.0075301204819278045,0.048185525563308546,0.013505729762679056,0.03060269389778285,0.760574290338005,0.6149976847298453,0.6867662158740708,0.034030165453332116,0.7100105149223006
2024-04-18,002449.SZ,0.02286585365853666,0.04002332664576762,-0.0012259342898662783,0.019109742969319585,0.7692388758187491,0.6352750569511079,0.7013185428974706,0.00617375161594832,0.6588615445675106
2024-04-19,002449.SZ,0.06677018633540377,0.01105175709988606,0.0007533824668313656,0.00583042913583173,0.7011237270718048,0.610320000483866,0.6550857789715115,0.0031128589512421038,0.6430900811818133
2024-04-22,002449.SZ,0.15698587127158548,0.011740164291566366,0.008147981818568791,0.00991890963085058,0.6787535904931675,0.6347765310690303,0.6564569992028177,0.008771968786911189,0.6637109838218109
2024-04-23,002449.SZ,0.1205564142194746,0.011578633485640031,-0.003986435589348549,0.0036870648333575877,0.6227126347664134,0.5654152835331476,0.5936625882376871,-0.005036188628606808,0.5707607652207223
2024-04-24,002449.SZ,0.09865470852017921,0.027610520347512817,0.002814690714743596,0.01503890946068858,0.6911355734670535,0.6024252845119981,0.6461590088222129,0.005311326873810274,0.624687575052525
2024-04-25,002449.SZ,0.09985096870342769,0.02728189074112042,-0.005738108237050742,0.010540584449505069,0.679638957074463,0.5946614767810713,0.6365549452784041,0.0006668188088967079,0.6077865259327309
2024-04-26,002449.SZ,0.05240174672489095,0.005015269176092374,0.00249607484917869,0.003738024925938323,0.6128760692072575,0.5921914267869857,0.6023888510059718,0.0037870740908105497,0.600242728151296
2024-04-29,002449.SZ,-0.0027137042062416183,0.05210726674675713,0.03857302506016688,0.04524533783968042,0.7794016034605851,0.661956097875876,0.7198561388205938,0.04255882881342795,0.6790210525293892
2024-04-30,002449.SZ,0.0027586206896550447,0.04312163659950329,0.009390645132059883,0.026019853524051166,0.7518893259889391,0.6502031218396792,0.7003339067892025,0.014114793153469052,0.6302601461815817
2024-05-06,002449.SZ,-0.021768707482993088,0.03600395800113523,0.004962785539555915,0.0202659267500229,0.71927548291802,0.6118255651610515,0.6647978318021774,-0.00018704602284306225,0.5688883399219087
2024-05-07,002449.SZ,-0.02168021680216803,0.031824800917029245,-0.0030862051425114244,0.014124744482212834,0.7072690872953316,0.6272731458618854,0.6667107408668902,0.0005395999487960105,0.5944543481255133
2024-05-08,002449.SZ,-0.006915629322268413,0.037917480606013965,-0.008674641792561135,0.014295039176908279,0.7659704323271438,0.6239269137896476,0.693953650856405,-5.397507956520463e-05,0.6138396399463393
2024-05-09,002449.SZ,-0.01224489795918371,0.031211060239150993,-6.148678679506955e-05,0.01535572091505194,0.7033217482147491,0.6178604497132069,0.659992438143016,0.0013991594648261278,0.5877573328629138
2024-05-10,002449.SZ,0.02613480055020645,0.03651971944871813,-0.0003984471433396246,0.01780202248418746,0.7603521582448972,0.6438607737340429,0.7012904378093576,0.006430486212225717,0.6212093133812061
2024-05-13,002449.SZ,0.05424200278164104,0.023055201788561165,0.01112055995174752,0.017004278086143465,0.7459471479470564,0.6865543444673973,0.7158346965436505,0.015284672824188406,0.668861006762479
2024-04-10,002471.SZ,-0.0462633451957295,-0.03129614846900965,-0.059696688413788515,-0.045695365694216644,0.38451727010772174,0.17657829990711316,0.27909116175463566,-0.040308774137328286,0.2954187176699787
2024-04-11,002471.SZ,-0.05319148936170215,-0.03166955304312493,-0.0538281413121139,-0.04290406923575642,0.35308400137133056,0.1644321792493843,0.2574365745285039,-0.03644927657778244,0.2781653492905892
2024-04-12,002471.SZ,-0.032608695652173836,-0.038393374780529906,-0.06499861184709115,-0.05188236437701016,0.3772693161825637,0.17410001100040456,0.2742614520891171,-0.04692841080529168,0.28668647502799016
2024-04-15,002471.SZ,-0.02592592592592602,-0.014962116275997356,-0.03924183872669347,-0.027272058214251958,0.48722608933479955,0.2715399346547245,0.37787211931357295,-0.019832665083411784,0.35460791042767553
2024-04-16,002471.SZ,0.047808764940239,-0.00011450893457408455,-0.018488526519896024,-0.009430228671777972,0.493386590068815,0.4312546981110102,0.46188540696972413,0.004508991744175817,0.543869770779477
2024-04-17,002471.SZ,-0.007462686567164201,-0.00853898288348536,-0.01261174486973354,-0.010603893785199898,0.4257914693864008,0.4018367579310699,0.4136463096646795,0.005666782870166387,0.5133392827271865
2024-04-18,002471.SZ,0.0,-0.008525653157883568,-0.03256980401584682,-0.020716159108567375,0.4607289012578006,0.391333238219291,0.4255449495258382,-0.018149979360435865,0.4686073802127237
2024-04-19,002471.SZ,0.011235955056179803,-0.012209846502735438,-0.0349844220132256,-0.023756671338638423,0.4529660796536676,0.39188676383317167,0.4219985579735726,-0.023669943032764075,0.4671283173335223
2024-04-22,002471.SZ,0.04562737642585546,-0.008727418905854788,-0.03179292868414056,-0.020421748885265285,0.49425881547225003,0.428932610581396,0.46113809957914553,-0.015295742610560025,0.5059929844660986
2024-04-23,002471.SZ,0.0,-0.012070983795508234,-0.031131859676292836,-0.02173494415836686,0.4548141204239098,0.3949728842381225,0.42447431137311475,-0.02316025803281655,0.4578988266482515
2024-04-24,002471.SZ,-0.022556390977443663,-0.01632623668636133,-0.02730714520626824,-0.021893612779058956,0.4637232856391085,0.4040363686456556,0.4334617171984132,-0.022000397057175193,0.46026524874600827
2024-04-25,002471.SZ,-0.014981273408239737,-0.010988603844182897,-0.025772587483088156,-0.01848415823450139,0.4250340812180079,0.4277090195166123,0.426390288448593,-0.020520914759919053,0.48285682511891515
2024-04-26,002471.SZ,-0.040740740740740855,-0.014067955161808239,-0.015743364388900605,-0.014917396103738436,0.4231309820437172,0.4072895411313167,0.41509929147369795,-0.012614589178715973,0.45430422368146633
2024-04-29,002471.SZ,-0.043636363636363695,-0.00784949833023461,-0.007995900971862969,-0.007923725209133736,0.4188319059879557,0.40798605212757,0.4133330032899014,-0.0028313238860973363,0.46003212949002076
2024-04-30,002471.SZ,-0.0038022813688212143,-0.00829813898587621,-0.0009283978281152301,-0.004561642988600018,0.510410897939736,0.4831953524005714,0.4966124788645033,0.011840006718289076,0.5145204549784625
2024-05-06,002471.SZ,0.007692307692307665,0.002431043542161368,0.006169689252721131,0.004326555804220847,0.48814390482320136,0.5075373539596665,0.49797648150677604,0.010224698362891716,0.5312529994856405
2024-05-07,002471.SZ,-0.0038022813688212143,-0.0029880565754606112,-0.0030734386939206236,-0.0030313457408512887,0.48141380891786234,0.4571954051280376,0.46913495585043774,0.0012635913832867666,0.5070773570168877
2024-05-08,002471.SZ,-0.007722007722007707,-0.006588728255513949,-0.024013349012181055,-0.015423099004448451,0.4930764835016913,0.43045686181166265,0.46132801896446096,-0.01378187143624946,0.4830345643910092
2024-05-09,002471.SZ,-0.034220532319391594,-0.005149257896290817,-0.015038403637940633,-0.010163104745069634,0.4655457843762308,0.3996002421467835,0.4321110613237052,-0.011341860911711776,0.45106748395980245
2024-05-10,002471.SZ,-0.026717557251908497,-0.007828709086493078,-0.02128798779367268,-0.01465263138431231,0.4842572772192472,0.4108029888485607,0.4470155819405997,-0.014197783734349911,0.4602901094412538
2024-05-13,002471.SZ,-0.03435114503816805,-0.00913242535197651,-0.01316678026338455,-0.011177863672723106,0.483630127086979,0.49006084877218553,0.4868905354679528,-0.004738931082381803,0.543543526699663
2024-04-10,002485.SZ,-0.2065868263473054,-0.07763650144101106,-0.09475519650010505,-0.08631576631580748,0.13369166367501711,0.04265167005840497,0.08753392699761806,-0.07999201098128442,0.02533744794804781
2024-04-11,002485.SZ,-0.20504731861198733,-0.05131348738005308,-0.09215279785513059,-0.07201922410202058,0.3752328331819877,0.09483692845870927,0.23307069298960809,-0.0629521119490575,0.10678537020112314
2024-04-12,002485.SZ,-0.22653721682847894,-0.07624561615872259,-0.06094922377480255,-0.06849026794610671,0.2043236997351461,0.19874791692927787,0.20149674968495768,-0.03890890732273381,0.24698080239462494
2024-04-15,002485.SZ,-0.22789115646258506,-0.07729113330412375,-0.06740434327856687,-0.07227848081530461,0.4539054248223186,0.25131586579796084,0.3511914949596258,-0.04173423064962226,0.3800054773291909
2024-04-16,002485.SZ,-0.1469534050179212,-0.07292493257060123,-0.07103900323785656,-0.07196875687160462,0.49370188460575376,0.2595041378356838,0.37496244387845834,-0.047561135752472596,0.4012846011936205
2024-04-17,002485.SZ,-0.12452830188679254,-0.03286687856826426,-0.06804711514052267,-0.050703436233121166,0.4828116691688549,0.14400921458992624,0.3110371131427756,-0.04508268473922631,0.17596666397917188
2024-04-18,002485.SZ,-0.031746031746031744,-0.04474661981609013,-0.04883135534443418,-0.046817601364134945,0.5751763593549941,0.3333541198546986,0.45257126229623473,-0.02561652362491732,0.4922427365394568
2024-04-19,002485.SZ,0.029288702928870203,-0.015384548673442655,-0.0603471546275131,-0.03818081703323023,0.6219194234995615,0.30164539963093845,0.4595388754451136,-0.043157037494081764,0.4476712557623725
2024-04-22,002485.SZ,0.11894273127753308,0.014508858358623027,-0.05677815760252482,-0.021634018859810727,0.6173095396703879,0.32930785721324296,0.4712912317442424,-0.041444524322044075,0.47932888486060066
2024-04-23,002485.SZ,0.0126050420168069,0.056588224708581665,-0.013611919442914563,0.020996396988275656,0.5261922670649422,0.346459913004789,0.4350670555886112,0.013754062050581795,0.4360031871961821
2024-04-24,002485.SZ,0.0818965517241379,0.021062989842896895,-0.04187222582129871,-0.010845482433546596,0.5076570814096263,0.28884842592220245,0.396719987704895,-0.023528393688421446,0.36716262276443934
2024-04-25,002485.SZ,0.020491803278688714,0.02299889918642311,-0.029034355148441774,-0.00338222362176851,0.5081967493929491,0.3806619622348293,0.4435359680264347,-0.00545758959621726,0.48093688638843346
2024-04-26,002485.SZ,0.024390243902439046,0.013431923684679553,-0.03438895938284693,-0.010813505611009789,0.508123145948558,0.35540719478366634,0.43069538722097656,-0.01183272471631217,0.43437771762281263
2024-04-29,002485.SZ,-0.03149606299212604,0.021405048777935157,-0.01911826331572933,0.0008595248316975255,0.5052925679641774,0.42824896751573616,0.4662310733297028,0.006005235634164408,0.5574620753460273
2024-04-30,002485.SZ,-0.024896265560165998,0.014158556007973746,-0.034049870220993386,-0.010283359628347765,0.5254810072928642,0.3888530280411942,0.45620993159813805,-0.010406930019298854,0.5214996281768616
2024-05-06,002485.SZ,-0.0916334661354582,0.019888647251735465,-0.03867424011689975,-0.009803032490829906,0.4848640527198665,0.28338940297321713,0.3827153874932453,-0.015117259901286572,0.33213866660655417
2024-05-07,002485.SZ,-0.04016064257028118,0.01210245024270713,-0.043215268893554454,-0.01594391281217747,0.523740860983756,0.3423096042823354,0.4317542972858246,-0.023974836207800977,0.42127890754897546
2024-05-08,002485.SZ,-0.003968253968254065,0.002129875707500379,-0.040704127764495,-0.01958718044064936,0.5759412838599542,0.36310472417263256,0.468032072895573,-0.022830771238714832,0.45483847646052245
2024-05-09,002485.SZ,0.016260162601626105,0.009092300428099795,-0.04475070283469468,-0.01820637422900075,0.6318968126032122,0.3948489746849681,0.5117123612657666,-0.023232774968802418,0.5273951302318176
2024-05-10,002485.SZ,0.08085106382978724,0.004040872082050059,-0.035530296191455965,-0.01602191013734866,0.5963784516597547,0.4009355512016909,0.4972879137935007,-0.008758790586325815,0.5570284350180592
2024-05-13,002485.SZ,0.10964912280701755,-0.027178808654685697,-0.046927379270261915,-0.03719143372216435,0.6087331834763196,0.39107681324309684,0.49838030421655677,-0.019634626713253923,0.5313223803719254
2024-04-10,002578.SZ,-0.13812154696132595,-0.05226781839875921,-0.0701897531058334,-0.06135432983286945,0.25951523763442713,0.13252000219369744,0.1951280117143246,-0.06290647867545676,0.0777482112821147
2024-04-11,002578.SZ,-0.15000000000000002,-0.04935238436402622,-0.05059030675204805,-0.04998001726846155,0.2766363182745082,0.15969993480147013,0.21734898111710577,-0.050212464377059875,0.13322233057181737
2024-04-12,002578.SZ,-0.18055555555555558,-0.03660881191123806,-0.06350392583960751,-0.05024477054104845,0.24881500004564366,0.1349187251081484,0.19106901327371284,-0.05927604265800416,0.13733564905731552
2024-04-15,002578.SZ,-0.1622418879056048,0.010348799799212443,0.02555708218529101,0.0180594757978106,0.43986346869932974,0.517034861478597,0.4789897546911115,-0.001064578230098234,0.36367497919871716
2024-04-17,002578.SZ,-0.0757097791798107,-0.0002680320895657803,-0.01184893706695309,-0.006139609417254476,0.4426375276356573,0.3388784231936994,0.3900311375156921,-0.007040762486424412,0.3440738069754408
2024-04-18,002578.SZ,-0.04166666666666663,-0.019128714018390506,-0.05444240095348672,-0.037032931691367704,0.3603438437783013,0.19798622414063222,0.2780277104274594,-0.05181601912432957,0.2094707679037508
2024-04-19,002578.SZ,0.0032679738562091387,-0.020857412517644624,-0.03509609341451085,-0.028076495663001293,0.3896318040999077,0.2978697651892089,0.3431079868107947,-0.03474474257518371,0.3172266294561924
2024-04-22,002578.SZ,0.0610169491525423,-0.025859056225603153,-0.04326065819818968,-0.03468175633472303,0.394147866708046,0.2935079333916587,0.34312291210610313,-0.03690694512807927,0.34346427761160103
2024-04-23,002578.SZ,0.08450704225352124,-0.021326786614796776,-0.05197476202774666,-0.03686546497591005,0.37887448338350943,0.26054797233329613,0.31888234452186415,-0.04395907051137574,0.3185138744256778
2024-04-24,002578.SZ,0.0819112627986347,-0.032591991163304045,-0.042765002440910097,-0.037749759272838156,0.3829943427677685,0.26737692305183075,0.32437572689832717,-0.04471716877536228,0.30564915154860284
2024-04-25,002578.SZ,0.06688963210702337,-0.02496955335350286,-0.039260658650598204,-0.03221521593461209,0.4022303291834095,0.28900192603058616,0.3448229567802469,-0.0331518201872412,0.3437223065685187
2024-04-26,002578.SZ,0.019543973941368087,-0.039871209770541954,-0.04129763091738395,-0.04059441249795287,0.3829020000447086,0.2714339074252909,0.3263871139746795,-0.03410081568169535,0.3214923578242347
2024-04-29,002578.SZ,0.028753993610223683,-0.046496752411968434,-0.044331997114974125,-0.04539921054053057,0.36162852999193507,0.2744249294157888,0.3174158639666556,-0.03541714252948073,0.33027802814056784
2024-04-30,002578.SZ,0.04220779220779214,-0.026411995457353142,-0.055153905200411885,-0.040984288894812246,0.3899041391624728,0.2654009557180635,0.3267803961937965,-0.04114566311967697,0.3268723216374101
2024-05-06,002578.SZ,-0.01577287066246047,-0.030285071187723594,-0.04450015203193698,-0.03749218898716306,0.3894737807962466,0.25757184770039804,0.32259883437745485,-0.03823440736617404,0.30531543876345285
2024-05-07,002578.SZ,-0.006269592476489061,-0.027008572960072155,-0.051974488958332926,-0.039666418493439055,0.416273604432163,0.2733440304215673,0.3438075883604079,-0.04178596425272322,0.32826664320176796
2024-05-08,002578.SZ,0.0031948881789138905,-0.03496051568591592,-0.05973566779878134,-0.0475216429656907,0.4135358752545931,0.27492837339096143,0.34326117159549496,-0.04400235534519784,0.3371497615324539
2024-05-09,002578.SZ,-0.021739130434782705,-0.023131342967630114,-0.04132162644109022,-0.03235390858193623,0.35019815456629944,0.2874395718078634,0.31837923606538615,-0.032382951234934766,0.34926813013322033
2024-05-10,002578.SZ,-0.006230529595015577,-0.05814237301928729,-0.05680062564636766,-0.05746210032300807,0.23963534141997567,0.23273396462284404,0.23613630851961104,-0.039753845427975144,0.33281670892213455
2024-05-13,002578.SZ,0.07692307692307687,-0.06277727059219104,-0.06323841714031672,-0.06301107422170044,0.2820148073968332,0.22894431954489594,0.2551078019556131,-0.0365577087020326,0.33907844594067754
2024-04-10,002628.SZ,-0.08429118773946354,-0.05453943714334525,-0.045395200024270194,-0.049903262729324334,0.405780923452707,0.16951104153358776,0.2859908997368782,-0.026269109629181643,0.33046588624755174
2024-04-11,002628.SZ,-0.1132075471698113,-0.05853675056033437,-0.04756344596072565,-0.05297322969364124,0.3972450960148383,0.13961572258454444,0.26662570219944876,-0.03129469541857891,0.2877274807195214
2024-04-12,002628.SZ,-0.10384615384615381,-0.05602538182562979,-0.056764763363244014,-0.0564002520003911,0.41170698635672,0.13820026308518704,0.2730376959629861,-0.04575195735335872,0.25109594399388946
2024-04-15,002628.SZ,-0.07346938775510214,0.039721102092673856,0.03908444101156941,0.03939831170828388,0.5480769505189046,0.5634093007600698,0.5558505295467948,0.03660062794701143,0.614082572714832
2024-04-16,002628.SZ,0.04504504504504481,0.05709823712727233,0.054305511117163335,0.0556823109319171,0.6410308616819662,0.6002541224567811,0.6203568488997901,0.0526313660263484,0.76769761318303
2024-04-17,002628.SZ,0.02092050209205021,0.020583984790893357,0.011075037122250952,0.015762900285805306,0.6439349940076368,0.5343697937316829,0.5883848839687322,0.040317705644456324,0.6595837322987996
2024-04-18,002628.SZ,0.02127659574468077,-0.0006549873411162551,-0.0025220716213748447,-0.001601608503301417,0.5845111555258211,0.5,0.5416635727426895,0.009595158605451204,0.616682082824605
2024-04-19,002628.SZ,0.02145922746781115,0.001412219690669511,-0.010112121179782819,-0.004430679349053877,0.5797094660110921,0.490599687783648,0.5345303582870196,-0.002698009762467179,0.5966087889601895
2024-04-22,002628.SZ,0.1013215859030836,-0.003444249504868828,-0.000759337058224948,-0.002082985330840526,0.5728220101109396,0.5309610498265502,0.5515982917745037,0.010815663287518007,0.6563716818200434
2024-04-23,002628.SZ,0.051724137931034475,0.005900337978347676,-0.008631786762098543,-0.001467522678117009,0.6143980213329564,0.5,0.5563976466038156,-0.0011250916969188004,0.5951531026308556
2024-04-24,002628.SZ,0.008196721311475308,0.05217716481911639,0.03508856639703563,0.04351315909132718,0.6672313083231238,0.5154878631345851,0.590296615038437,0.04986466139384201,0.6052373781193933
2024-04-25,002628.SZ,0.025000000000000133,0.0581102865386715,0.021584272339679533,0.03959141281849175,0.6969339958491294,0.5227822811332644,0.6086381967124999,0.03026022089064081,0.6121272963696173
2024-04-26,002628.SZ,0.0126050420168069,0.04256237843168386,0.005423560857089244,0.02373281030432737,0.6879964977306879,0.5125545415587602,0.5990465396578221,0.015832352702483475,0.5944164270351897
2024-04-29,002628.SZ,-0.016000000000000014,0.08220407516841254,0.01936259244423497,0.05034312596607613,0.766135724060846,0.5868274868863321,0.6752255419880782,0.0321236903218833,0.6574461490003828
2024-04-30,002628.SZ,-0.004098360655737654,0.041785152496244454,-0.004234028784071735,0.018453195108466994,0.763954155837275,0.5711703610459978,0.6662117979772917,0.010782644495749694,0.6433254296248294
2024-05-06,002628.SZ,-0.03658536585365846,0.02661534433376787,-0.010881715960185178,0.007604145337934203,0.7530614234220482,0.5281478944614973,0.6390291280259801,-0.000532847544297865,0.5805892262312722
2024-05-07,002628.SZ,-0.04065040650406504,0.028845141312346802,-0.01837486403229036,0.004904360057662814,0.7681722668346492,0.5225076327519788,0.6436190563117039,-0.007981031461034049,0.5830842979412401
2024-05-08,002628.SZ,-0.020746887966805128,0.03059027769849622,-0.016710109315615656,0.006608742531318256,0.7866594368074683,0.5447768500922934,0.6640237434059044,1.3852927254831907e-05,0.636013121751009
2024-05-09,002628.SZ,-0.008130081300813052,0.03184660523608587,-0.010539623595393014,0.010356573092735782,0.7379680551267905,0.5589466700255198,0.6472033085042698,0.0013943117475194392,0.6230189688527871
2024-05-10,002628.SZ,0.020576131687242816,0.03176331993468671,-0.015718246546729115,0.007689925862307313,0.7846077213727586,0.5789662911851441,0.6803464774129211,0.00262352293209186,0.6579822799545831
2024-05-13,002628.SZ,0.04219409282700415,0.031188433352470638,-0.004120991613828177,0.013286376519204241,0.7598672240367796,0.6130508526226666,0.6854305820462062,0.015925987290758413,0.6917594464985376
2024-04-10,002637.SZ,-0.08852459016393444,-0.07273059117081974,-0.05605288549196247,-0.06427491013958349,0.13085872321072964,0.15213964311165315,0.14164825710696677,-0.03525999069192912,0.2582504026570769
2024-04-11,002637.SZ,-0.06725468577728766,-0.07275647155393285,-0.0569702668101585,-0.06475278600044786,0.15757252342969205,0.15974307364125584,0.15867300335209128,-0.03762703782269331,0.2697286952490339
2024-04-12,002637.SZ,0.0011111111111110628,-0.06742220679719642,-0.06024941582593861,-0.06378556553942583,0.18600487577644415,0.16280009496387052,0.17423993467908344,-0.05611628320050447,0.22800507238688322
2024-04-15,002637.SZ,0.009389671361502261,-0.04367105268056237,-0.026472854043017007,-0.03495147908985673,0.37174716143875414,0.3774543802802618,0.37464075022299737,-0.009629892562953912,0.4484569279193582
2024-04-16,002637.SZ,0.10353535353535359,-0.0342054016864745,-0.001703260072385717,-0.01772665169454901,0.43400818572693134,0.4778477727645317,0.4562350778228271,0.004318462823748448,0.5835544788281783
2024-04-17,002637.SZ,0.07314148681055155,-0.027409856034192367,-0.022966022746511387,-0.02515681010808181,0.44101754843493507,0.37141756910501467,0.40573000731106706,-0.009824982626794465,0.47303202418952295
2024-04-18,002637.SZ,0.08274231678486998,-0.016270182475662844,-0.01931591772155729,-0.017814385631707626,0.42621762005336555,0.3952703328505947,0.41052718910275654,-0.010202412943952665,0.5014338378609792
2024-04-19,002637.SZ,0.021087680355160954,-0.0007240111769042868,-0.013946158250161381,-0.007427706538388592,0.3910418760332076,0.31924387532641474,0.3546399269673507,0.011120637594119487,0.35790603475552324
2024-04-22,002637.SZ,0.08953488372093021,-0.014091441023605163,-0.02391624111092545,-0.01907266430057899,0.42284419676515056,0.36284673036888776,0.39242517820840417,-0.0045649062416102445,0.4536834011945829
2024-04-23,002637.SZ,0.06407322654462244,-0.01956202129010897,-0.025307444132045425,-0.02247497969556767,0.4613832165440819,0.3915933557377422,0.42599940455243035,-0.012988448848871214,0.46488641185005253
2024-04-24,002637.SZ,0.0715083798882683,-0.02175525047191775,-0.016325312081329254,-0.01900224427704967,0.4614698664940665,0.4237725263761161,0.4423571246156971,-0.0015884468301819218,0.4913924203650677
2024-04-25,002637.SZ,0.06877729257641918,-0.023884810476036463,-0.015814435375918843,-0.01979308953053878,0.4501114584819609,0.4304121914174453,0.44012383056394055,0.0012978129105804762,0.49120721810023554
2024-04-26,002637.SZ,0.0608695652173914,-0.023500417118900524,-0.028201768032431764,-0.02588402578223887,0.4293371093349608,0.39422240560939387,0.41153377715443384,-0.012410728159517858,0.456916362116417
2024-04-29,002637.SZ,0.03842049092849531,-0.01902468735130169,-0.028079626257111006,-0.023615587120082184,0.45522273158248,0.40710951455388655,0.43082908749172366,-0.014505138179798293,0.46881148160308644
2024-04-30,002637.SZ,0.02580645161290307,-0.018656476783580855,-0.036120156910447704,-0.027510650830525868,0.41270083784332334,0.3801213728296545,0.3961828844971902,-0.019447539282302174,0.4445162363281897
2024-05-06,002637.SZ,-0.02502606882168923,-0.018450813455053422,-0.024996769780577643,-0.021769646380808028,0.47416856441581706,0.38824282072973704,0.4306037782892497,-0.010273562012726145,0.44158705565467443
2024-05-07,002637.SZ,-0.01736465781409602,-0.01765488663944182,-0.02756411132516338,-0.022678913614299363,0.45805415485995193,0.3725401811395398,0.41469813818614837,-0.012062034698088453,0.4236877554732666
2024-05-08,002637.SZ,-0.020491803278688492,-0.01340171769308582,-0.03546925285081251,-0.02459006949832729,0.44395179454482553,0.395497193249569,0.41938506690627364,-0.017182501385242056,0.4633282436524946
2024-05-09,002637.SZ,-0.0174717368961973,-0.008506696999476752,-0.032845856383492605,-0.020846773763186617,0.48719853282306147,0.38045661978608075,0.43307984367693486,-0.017735980409874487,0.4359280343643021
2024-05-10,002637.SZ,0.007337526205450695,-0.004981359410071212,-0.03545092753524201,-0.020429584375006592,0.5273390387849674,0.4040667744252075,0.46483937801053743,-0.012700795347085047,0.474035914763137
2024-05-13,002637.SZ,0.01711229946524062,-0.006355471432193598,-0.03668165299869823,-0.021730998687528265,0.5053107127856972,0.3868627969046968,0.4452570210615327,-0.01294967950347673,0.4598001096394446
2024-04-10,002709.SZ,-0.07818765036086617,0.051074604283329154,0.018597547727568043,0.034608572542699924,0.5641606026345637,0.5227554199132146,0.5431679658250759,-0.029544087178555757,0.25217402015105067
2024-04-11,002709.SZ,-0.12015655577299411,0.04608956833272934,0.02455650619736435,0.035172197049863956,0.5146466514720371,0.5636153618573598,0.5394740350164172,-0.004473409329888411,0.30883595167350497
2024-04-12,002709.SZ,-0.11713576158940409,0.0364814985834849,0.032259100910524405,0.03434072163268105,0.6243707225733268,0.669842472994832,0.6474251297501883,-0.013301328780740007,0.40263379988871495
2024-04-15,002709.SZ,-0.15752577319587635,0.035100640035860185,0.007452995722507429,0.021083144699247318,0.5747225350749473,0.5,0.5368378323103395,-0.032954231978754835,0.2742937149352343
2024-04-16,002709.SZ,-0.0731489741302409,0.04997708636900757,0.012887886343742886,0.031172674589818167,0.690959689202411,0.6103320319650956,0.6500810596701203,-0.016124108147478368,0.39221823563004177
2024-04-17,002709.SZ,-0.12222705524140931,0.061472956500180656,0.012109259353206201,0.03644531267225799,0.6737211214414461,0.5445029348294856,0.6082068480476752,-0.03116418711381489,0.3008386433626407
2024-04-18,002709.SZ,-0.0987544483985765,0.050548925685153526,0.016217862757822044,0.03314290334811074,0.7208631896815259,0.6042036805024925,0.661716229189891,-0.019412841895159162,0.36627259567704956
2024-04-19,002709.SZ,-0.022034692920768872,0.05547388630981682,0.01225540927061174,0.03356190012081691,0.7388397636265771,0.5706406800215894,0.6535619785345294,-0.024422314346123998,0.35162532200415664
2024-04-22,002709.SZ,0.06314243759177685,0.052082109743728816,0.01613877395780527,0.03385865692253637,0.6873408473726215,0.583014414367185,0.6344468188049551,-0.024179066049624866,0.41239882789219845
2024-04-23,002709.SZ,0.010587102983637964,0.05367700495436654,0.009098467128015753,0.031075461075559495,0.6910051119303953,0.5177937269852343,0.6031860647378493,-0.03534522167990265,0.33839701727598676
2024-04-24,002709.SZ,0.09960356788899905,0.04718710122777295,0.004877829965794254,0.02573608696093196,0.74427220439902,0.5199588745471954,0.6305442129831482,-0.02600795902712453,0.3396287534316196
2024-04-25,002709.SZ,0.09526159921026656,0.05742119244799644,0.01138710256993503,0.034081676325847236,0.7111991542261488,0.5322660295723397,0.6204791560963633,-0.028352050298233324,0.37067551834051304
2024-04-26,002709.SZ,0.03116011505273253,0.0607266556268582,0.017219069254403047,0.038668089545384525,0.7101804315221791,0.5515634802194931,0.6297608359141971,-0.020304014759842816,0.36055112410398593
2024-04-29,002709.SZ,0.04327808471454886,0.07409368008168273,0.034356094296049855,0.05394652334293148,0.7280600958393366,0.6637315150415143,0.695445180401174,-0.006843707153718881,0.4833054685013467
2024-04-30,002709.SZ,0.04761904761904767,0.06972226894756897,0.007237318969666912,0.038042083648718306,0.812736881260966,0.6238639030491621,0.7169773271633502,-0.012569537095784155,0.491825816308665
2024-05-06,002709.SZ,-0.045966651644885115,0.07308565279391734,0.019451659853381157,0.04589294742607535,0.7819429923271626,0.6483403101522041,0.7142057575334564,-0.02609479220164549,0.41391294805391116
2024-05-07,002709.SZ,-0.050473186119873836,0.07582519863093239,-0.0033015764537512697,0.035707523932148495,0.8319177547594744,0.5843214818486578,0.7063851935924497,-0.018226579753831275,0.4270307214707149
2024-05-08,002709.SZ,-0.019060901906090222,0.07499189181963006,-0.018174871686045837,0.027755872064507754,0.8075597083984887,0.5291677198763942,0.6664135638434479,-0.021125861766121447,0.42839914491087927
2024-05-09,002709.SZ,-0.08252427184466027,0.0830209220175508,0.02350264213659047,0.052844853444806356,0.6937101543744579,0.6274534176238217,0.660117654127604,-0.02050658738964576,0.3551257516353697
2024-05-10,002709.SZ,-0.048181818181818103,0.07211394159434464,0.005768119195907227,0.03847627447401474,0.7839966351267514,0.6423886557517327,0.7122006742116356,-0.010639619301441782,0.4475384672037905
2024-05-13,002709.SZ,-0.006140765233821566,0.050092351063884426,-0.00835770512293597,0.02045787730049718,0.7634332405406247,0.6077114917754937,0.6844815272451017,-0.004194439922214499,0.48493369024831845
2024-04-10,002788.SZ,0.038318912237330194,-0.009387187123950988,-0.060454397400486026,-0.035278520714329895,0.3176299355052495,0.1257867895759352,0.2203644913702299,-0.04948174565745792,0.21182985516593447
2024-04-11,002788.SZ,0.014705882352941124,-0.007276663043936808,-0.05372462903747005,-0.03082601644744021,0.3492267006465285,0.13608715265235738,0.24116387307994513,-0.04464637918371598,0.2301571586499458
2024-04-12,002788.SZ,0.02689486552567244,-0.012615713573901477,-0.057328479263332,-0.03528531165737923,0.30461277437057943,0.12457468201627094,0.2133325520345899,-0.060589129180369995,0.16899746680731995
2024-04-15,002788.SZ,0.06982543640897765,-0.006099362928895586,-0.047717937913225913,-0.02720019069372505,0.36443818048322973,0.17059840784487068,0.2661604365202109,-0.03519421039538732,0.201789532393733
2024-04-16,002788.SZ,0.05080545229244127,-0.03780169757817944,-0.036524518602059644,-0.037154161385262896,0.25089347600222256,0.16662952433613598,0.20817122682479516,-0.012869893979255564,0.09518049400059295
2024-04-17,002788.SZ,0.011904761904761862,-0.028500727013505475,-0.05413219351354215,-0.0414960100134857,0.2641990513185412,0.1026598530277381,0.18229786172504275,-0.03726625458783265,0.11635762775383751
2024-04-18,002788.SZ,0.02898550724637694,-0.01396212001797183,-0.0651751617801313,-0.039927390908270514,0.3089137509055624,0.11133618547925249,0.20874092711655554,-0.053848900773543464,0.13389223896715535
2024-04-19,002788.SZ,0.017857142857142794,-0.015043067278453394,-0.058628917994690305,-0.03714131377759846,0.2776172071586308,0.11676307121163394,0.19606334763422453,-0.0470973844256675,0.14629277400969248
2024-04-22,002788.SZ,0.015151515151515138,-0.024261379882654848,-0.05997915291398356,-0.042370471247774905,0.2803104800358069,0.11083621012565392,0.19438616904508305,-0.04000408182254337,0.13682851748767696
2024-04-23,002788.SZ,0.04363207547169812,-0.019975410270811036,-0.06733080819652519,-0.043984836248074234,0.29692041237837946,0.12888210927954472,0.21172414381517857,-0.05265769095287557,0.16503548776474186
2024-04-24,002788.SZ,0.06705882352941184,-0.01631731076916598,-0.0643324509775672,-0.040661229416622625,0.33110084910000415,0.1273502377488855,0.22779825984226576,-0.060698818241134135,0.1629097933814879
2024-04-25,002788.SZ,0.06103286384976525,-0.012181170724374794,-0.06077285027395206,-0.03681739773035608,0.43166914700582787,0.1427479456321343,0.2851846383437874,-0.05759082072213876,0.1794826630800551
2024-04-26,002788.SZ,0.054970760233918003,-0.011820342707678727,-0.0620725157571627,-0.03729844830655615,0.4088695158026766,0.13295908312465787,0.2689815325968497,-0.05722892421080975,0.16867923794095924
2024-04-29,002788.SZ,0.051664753157290466,-0.010390965276598697,-0.05911297171367187,-0.035093268672922825,0.372153174079493,0.1269154550998132,0.24781641167044394,-0.05473601189281244,0.17154026898643626
2024-04-30,002788.SZ,0.03728813559322042,-0.009316226865050075,-0.05692243258852257,-0.0334528136628019,0.4412247782252753,0.14347590573446423,0.2902645957114273,-0.051500160360232784,0.1791943174360479
2024-05-06,002788.SZ,-0.003307607497243792,-0.00957948988489754,-0.05984425556642578,-0.03506398001183658,0.413441352276941,0.12143897713581091,0.2653946729494064,-0.049432143710318045,0.16021562431020997
2024-05-07,002788.SZ,0.013274336283185972,-0.008727260045051916,-0.06499874999843064,-0.03725718972245271,0.4615667054694926,0.14547150383624963,0.3013048413988618,-0.05732701730489457,0.18697741147535346
2024-05-08,002788.SZ,0.004434589800443645,-0.010873380237918532,-0.06407394318816433,-0.03784633441109148,0.4506024407410418,0.14726459600387667,0.2968086210640489,-0.05408128165802032,0.18731832969660947
2024-05-09,002788.SZ,-0.017467248908296984,-0.008626377799002698,-0.05261413825980975,-0.030928394569003363,0.46157353123364414,0.18234011026602648,0.32000077617799366,-0.04486039979538096,0.2191662644828896
2024-05-10,002788.SZ,-0.02287581699346397,-0.012684801688910412,-0.05845437435539526,-0.03589020624850824,0.47653904671558345,0.16276387152679317,0.31745344777254725,-0.056231194108912676,0.20480168376024396
2024-05-13,002788.SZ,-0.0022123893805309214,-0.012795427105244808,-0.06394085849275148,-0.03872641919404197,0.49922277547337457,0.17301387233830134,0.3338332136491478,-0.05579897846132401,0.20220627430500138
2024-04-10,003003.SZ,-0.08982683982683981,-0.06694601363257649,-0.07898494922300264,-0.07304981479494455,0.10828658970422317,0.14029902175596945,0.12451705447413733,-0.05238831982612017,0.20995884897702086
2024-04-11,003003.SZ,-0.11484290357529803,-0.06289731537514007,-0.08048128471868807,-0.07181247666261677,0.1340851486645411,0.11851855980389822,0.1261928094732543,-0.06260464233501109,0.17271792429737076
2024-04-12,003003.SZ,-0.12691466083150982,-0.06597804407866009,-0.07504230842415047,-0.07057367189246892,0.13429861682755562,0.10142694258667494,0.11763251192705008,-0.0693054494240413,0.16582028048229072
2024-04-15,003003.SZ,-0.01676646706586815,0.02488701012191235,0.03397689122641959,0.029495625761952894,0.4474671191167664,0.5,0.474101555108983,0.013914710753924553,0.5122543964175751
2024-04-17,003003.SZ,0.04714640198511155,-0.0008898277730339386,-0.012362010252012206,-0.006706282244787396,0.45898723068429725,0.3902502731980803,0.42413724599498104,0.010699556747015138,0.44318592931319734
2024-04-18,003003.SZ,0.024970273483947647,-0.021188773468231316,-0.007698719667562918,-0.014349248042544345,0.38867802165620036,0.36496131092981965,0.37665352950638353,0.0012341148612777467,0.3871882690240479
2024-04-19,003003.SZ,0.059975520195838516,-0.0356804773439817,-0.029026621319454344,-0.03230693872574725,0.41791181287148826,0.2986245356195665,0.35743256069199986,-0.019596836320358947,0.3917837851179099
2024-04-22,003003.SZ,0.14661654135338353,-0.026997951846719173,-0.025659556527355732,-0.026319378658526765,0.43104210104879803,0.314580935932277,0.371995701998847,-0.018890132664380034,0.42860807465611367
2024-04-23,003003.SZ,0.11084043848964664,-0.02383983075294014,-0.026697316037298347,-0.02528859022748916,0.3870616537958018,0.3159604356131051,0.3510129769896518,-0.019321570245820298,0.3896754539637609
2024-04-24,003003.SZ,0.13033175355450233,-0.02426161928951384,-0.03274795762913392,-0.028564235698792937,0.4146962523432909,0.3055936182410169,0.3593806656912234,-0.023324082680529913,0.3815015042455166
2024-04-25,003003.SZ,0.1032482598607889,-0.026857039329715636,-0.02509762751315234,-0.0259650086505613,0.41924821258290307,0.33615334289971005,0.37711869387674457,-0.01815854950991839,0.4132696731077098
2024-04-26,003003.SZ,0.09006928406466508,-0.021378502456429468,-0.03583509813964887,-0.028708069499324175,0.37279381416663737,0.2609558133376214,0.3160913827656481,-0.03322129640815267,0.3296913989089618
2024-04-29,003003.SZ,0.042622950819672045,-0.014660712062718994,-0.027145143496926028,-0.02099038186842977,0.5318132137884747,0.3041737068671633,0.41639883379526726,-0.01948615323907025,0.3199670834515914
2024-04-30,003003.SZ,0.02412280701754388,0.005939687845943949,-0.030406576432970654,-0.012488051756699998,0.49805949931871524,0.2589678035345014,0.37683880171810813,-0.024699044638355518,0.300657533557503
2024-05-06,003003.SZ,-0.04088050314465397,0.004003912675439592,-0.025679063086733765,-0.011045505987766609,0.4850822339202474,0.2929133381302679,0.38765163296025473,-0.014954003966563689,0.3010948457437082
2024-05-07,003003.SZ,-0.01682439537329128,-0.02157561364784631,-0.04338747524685692,-0.03263433766721283,0.4859469810550635,0.27572676942657254,0.3793642717737173,-0.03609813457774561,0.3207768827957294
2024-05-08,003003.SZ,0.0031779661016950733,-0.019161759966469908,-0.03972046329460942,-0.029585126411828234,0.4845037348086059,0.3198526705042857,0.4010248134258001,-0.029782385769318055,0.3821368271074387
2024-05-09,003003.SZ,-0.0031446540880502027,-0.016492400673677635,-0.0367147039270993,-0.026745210581735738,0.47912891037098426,0.3537334667605572,0.4155527869906373,-0.02816105622060964,0.3972123299741625
2024-05-10,003003.SZ,0.03854389721627394,-0.013320028790559263,-0.03560357283985474,-0.02461789819505493,0.5422478619246376,0.40458633319365006,0.47245277142263564,-0.016751252533053575,0.480523509461119
2024-05-13,003003.SZ,0.050273224043715814,-0.014271007008196382,-0.03495259351875539,-0.02475667584781987,0.5426345511471249,0.3967525805813953,0.46867165510706693,-0.01767993860002396,0.47906824844885193
2024-04-10,003008.SZ,-0.08921256258534349,-0.031109459559886123,-0.04796005317225903,-0.03965279564680614,0.3525161759585454,0.2160060968435868,0.2833048762287372,-0.026757161656702423,0.3230880247739957
2024-04-11,003008.SZ,-0.13634311512415354,-0.03214126980258537,-0.04914192593470347,-0.04076068834509865,0.31825629820731177,0.2114966041409014,0.2641285939894385,-0.026753998760609833,0.28906872363403974
2024-04-12,003008.SZ,-0.10616284300494827,-0.036058859955853846,-0.03836212420203747,-0.037226626564247065,0.30650379362650604,0.16771565632244329,0.23613750688657928,-0.03923033898603937,0.2564296441263187
2024-04-15,003008.SZ,0.01728395061728394,0.03725647062327385,0.08697817165625746,0.06246562422995908,0.5669309107101689,0.6739328345937076,0.6211814266690172,0.047616908406909984,0.6892806743987308
2024-04-18,003008.SZ,0.029585798816567976,-0.011881064292516315,0.018348833139110943,0.0034456464200295104,0.4707317560104601,0.42512478557558325,0.4476087916037178,0.0011300933316762077,0.4531902611881047
2024-04-19,003008.SZ,0.04647676161919034,-0.011866040988393136,0.012020577726609988,0.00024459536999257847,0.4790356029591693,0.40590453439808705,0.44195778175682565,-0.010863890382742524,0.5008650619230401
2024-04-22,003008.SZ,0.1348667015159437,-0.029410554006368522,0.028607121461245184,4.700548089816431e-06,0.5139052488066743,0.44349446263323683,0.4782066245171275,0.016274742056809642,0.5258836558081028
2024-04-23,003008.SZ,0.07347760442878704,-0.011796351213004702,0.0029543006839435233,-0.004317696184242963,0.46970713718642815,0.42426175328581367,0.44666609796885604,-0.001674937131652043,0.47520074542212376
2024-04-24,003008.SZ,0.0902912621359222,-0.012596447016049103,0.0016313526286913412,-0.005382880720489869,0.4745212427216812,0.44924501852535503,0.46170606936428726,-0.0013817074443649765,0.513879529299939
2024-04-25,003008.SZ,0.06561302681992331,-0.0033001722601474176,0.00010447937744100314,-0.0015739966803480982,0.47890749863934856,0.43182640845107284,0.4550371480707083,-0.006296231850184497,0.5071711188492738
2024-04-26,003008.SZ,0.050620821394460336,-0.0027993361538481898,0.006071888205925,0.0016984194120070073,0.4688989187438499,0.41505348122075325,0.4415990099044788,0.002002696097415069,0.4768551098823547
2024-04-29,003008.SZ,0.029940119760478945,-0.009899353620149683,0.005855015426977365,-0.001911808925691727,0.51021878152673,0.4816326207117232,0.4957254535826021,0.003983881793389899,0.5253613387095145
2024-04-30,003008.SZ,0.04125644631973757,-0.00634254629074301,0.008863856873615007,0.0013671769329494186,0.5025380729506158,0.43886047849208054,0.47025321087510974,-0.001485450136142574,0.4985870262263149
2024-05-06,003008.SZ,-0.016028495102404228,-0.020671806113623535,0.005643469909902308,-0.007329828230780848,0.5349188407515232,0.5,0.5172148120882925,0.001509522946450759,0.4926852377065855
2024-05-07,003008.SZ,0.004943820224719175,-0.008292739711132213,-0.008222515081733297,-0.008257135469267771,0.5261282569348358,0.38753158895538864,0.4558590461097495,-0.013346362693786673,0.4321303925487615
2024-05-08,003008.SZ,0.011363636363636465,-0.006756977650767805,-0.011289084827911824,-0.009054778884776158,0.5618893544992086,0.39289664757512816,0.4762091983751725,-0.0184926422702019,0.44417290985444907
2024-05-09,003008.SZ,-0.004472271914132242,-0.005019406009764441,-0.00947398358549367,-0.007277899344193211,0.5400185468477274,0.444388576667478,0.4915336688650247,-0.014740865588278395,0.4750891251029441
2024-05-10,003008.SZ,0.011706438541197572,-0.002702532590164528,-0.007940285320638129,-0.005358099684475194,0.5763127432401474,0.4856123651917064,0.5303271933714734,-0.005807295906171716,0.5316670762625977
2024-05-13,003008.SZ,0.0117647058823529,-0.007752911563499371,-0.008968183656343245,-0.008369060653855235,0.5366832383818275,0.442855161949869,0.48911192963227423,-0.010811787159076302,0.480262093060038
2024-04-10,300034.SZ,0.12979152656355097,-0.017786335159658478,-0.03359872298470211,-0.02580329566761809,0.41843019649291735,0.25487197458483224,0.33550535172579915,-0.03309603819761112,0.3408080601069998
2024-04-11,300034.SZ,0.09406270847231468,-0.01594938723527951,-0.027695593019235156,-0.02190477290696122,0.42239252504547403,0.2467253032998835,0.33332835618876966,-0.029706594177638025,0.3009522458128292
2024-04-12,300034.SZ,0.06837606837606836,0.043956964282225314,0.0561778054563869,0.050152992494493745,0.5357375077572404,0.6525402076738483,0.5949570666761932,0.06419465034402247,0.5775625175723831
2024-04-15,300034.SZ,0.07030303030303031,0.0023094444628336,0.024234949733705376,0.013425786397936266,0.3911787037225272,0.44713663008148685,0.41954965507350406,0.024270900803722482,0.33055763490043844
2024-04-16,300034.SZ,0.10862619808306717,0.03673423221375118,0.07504227961046037,0.056156605767608475,0.5107456761910152,0.7147448318497532,0.6141742786683071,0.029835597490419828,0.5355317577389769
2024-04-17,300034.SZ,0.07857142857142851,0.026499580946519274,0.01698032960359114,0.021673272426516493,0.6706338590630871,0.5076924875024093,0.588021760538295,0.01816866076110709,0.3853640193248059
2024-04-18,300034.SZ,0.0615853658536587,0.03813993410868132,0.001394770232079446,0.01950995039485798,0.6669650805048346,0.42578639466212986,0.5446862684015635,-0.011042363511761166,0.3176168115568709
2024-04-19,300034.SZ,-0.006285714285714228,0.029066318203032456,0.040691036872219685,0.03496010929380072,0.6068767738497577,0.6078352377992596,0.6073627199141016,0.03665501491663444,0.44147377543076594
2024-04-22,300034.SZ,0.011325028312570762,0.024304877719541654,0.04984047923501586,0.037251556688060156,0.5531572205986857,0.6464950084627222,0.6004799505674738,0.015454435386261978,0.413813367283331
2024-04-23,300034.SZ,0.026512968299711615,0.036818021183538295,0.033687827716407534,0.035230997282662574,0.6070494273000119,0.6220161472596236,0.6146376299280718,0.0037140146771023844,0.3998074806298564
2024-04-24,300034.SZ,-0.008830022075055233,0.034782004672044446,-0.01624741731661226,0.00890982993451787,0.5362409801244937,0.36625886740319036,0.45005919026300784,-0.017966818473423886,0.2081869020778168
2024-04-25,300034.SZ,0.06145893164847793,0.03697792246644645,-0.01584603232271708,0.01019591053348278,0.6322026485208172,0.4830921787741154,0.5566028870863473,-0.016401323836261285,0.3200357033402324
2024-04-26,300034.SZ,0.020126509488211486,0.030970299001347786,-0.029163735075749885,0.0004820399405086138,0.5972351220446859,0.3747547768990394,0.48443646313467714,-0.029958868458835254,0.2317520333147011
2024-04-29,300034.SZ,0.05207166853303469,0.022549775153470574,-0.02003533479828935,0.0009589092774348589,0.5646348927339474,0.4185349669891058,0.4905614923170186,-0.02246363026226409,0.2690050295671093
2024-04-30,300034.SZ,0.04154969118472773,0.016976181325213738,-0.0202334832251234,-0.0018893065767473568,0.6028519112018447,0.465849081313716,0.533390784340772,-0.032367288882782654,0.31292018637048946
2024-05-06,300034.SZ,0.01837416481069032,0.01591578424327055,-0.028853609064629537,-0.006782524328841388,0.6620940178480741,0.4292892001395464,0.5440607991917481,-0.03511870859686032,0.28954746882731414
2024-05-07,300034.SZ,-0.03625541125541132,0.011937771757767118,-0.0294794208155361,-0.0090609541073325,0.5684968365507271,0.38892849379776484,0.4774547796356905,-0.030671033617478728,0.23965571154818602
2024-05-08,300034.SZ,-0.03494926719278457,0.019157927424732876,-0.0342662626229059,-0.00792840681653262,0.7254225246335416,0.5057204945757529,0.614032485508506,-0.024546631454354796,0.36976830542469996
2024-05-09,300034.SZ,-0.0910058541777542,0.020862934057639282,-0.014307308268634859,0.003031443525985101,0.5576168421820984,0.46989364712870635,0.5131407391319798,-0.011905188776422803,0.289972435571417
2024-05-10,300034.SZ,-0.049056603773584895,0.016831958726926943,-0.034582821594648525,-0.009235594632133937,0.5685581318460793,0.46225699431918965,0.5146629181102685,-0.03801706342636483,0.2520268542245891
2024-05-13,300034.SZ,-0.024056861673045216,0.011383353728470198,-0.02615603130043521,-0.007649304121799453,0.64666079615006,0.5533909784215616,0.5993725273833597,-0.014150723389482677,0.3769862639711075
2024-04-10,300124.SZ,0.06497759393312652,-0.009857515325339959,-0.04933691232088762,-0.02987376904320572,0.39789194476136847,0.22332350908907286,0.30938486599464715,-0.024994665355482483,0.2640481836744416
2024-04-11,300124.SZ,0.044501278772378416,0.0033455574260146653,-0.05123724974507948,-0.024328201549918434,0.42471156878707134,0.23209438818723477,0.32705368516384614,-0.0249134993496141,0.3098444301958561
2024-04-12,300124.SZ,0.04042299164250385,0.005295331575160728,-0.0504440743261866,-0.022964828799889987,0.4948806679688345,0.2387253707929693,0.36500863826114527,-0.03723717702196464,0.30348421332852166
2024-04-15,300124.SZ,0.017940199335548135,-0.010322130101983152,-0.041290566174814525,-0.026023283636552236,0.37146989084185317,0.29505383617847514,0.3327265650906272,0.0009141589089993411,0.39511654791032563
2024-04-16,300124.SZ,-0.014304505097007536,-0.00961004063708171,-0.04338298921538779,-0.02673309617969919,0.4670464578066407,0.2942436846202734,0.37943457884001874,-0.016404479961748465,0.3502146932174557
2024-04-17,300124.SZ,-0.04223984463505426,-0.011720591702513095,-0.055726260841013356,-0.03403168826257487,0.3552444560640843,0.266008154565458,0.310001200402355,-0.009155631691795818,0.3547196520593264
2024-04-18,300124.SZ,-0.06252040483186416,-0.013969576973524049,-0.05711074286275927,-0.035842366018930524,0.33273482758540135,0.2512788052735865,0.2914362127756236,-0.015755724083595525,0.3382302213989128
2024-04-19,300124.SZ,-0.02803278688524591,-0.015970332288970098,-0.06088204069923692,-0.038740795336926176,0.27574723573399473,0.24280111115924555,0.25904338413811134,-0.02052739609422386,0.3406641854050813
2024-04-22,300124.SZ,-0.021214099216710247,-0.017681516219453557,-0.05758499982820181,-0.037912783992603165,0.2875065312679634,0.2508063477190531,0.26889935280751026,-0.01936816621344154,0.3593017719877523
2024-04-23,300124.SZ,-0.007506255212677226,-0.010603688283958386,-0.04518728385917034,-0.028137745949215278,0.4462047031133099,0.31510222836179813,0.37973508611378237,-0.001665244228844542,0.39667248856040616
2024-04-24,300124.SZ,0.06370395403852669,-0.007894222971096852,-0.04569859808270177,-0.02706123213196605,0.48409050444647966,0.29812186271057306,0.3898034636142049,-0.019711205538959477,0.3809953337848562
2024-04-25,300124.SZ,0.11039526379940812,0.0012867985946305725,-0.040890015456127235,-0.020097059196977088,0.5128693609261427,0.30699444528416775,0.40848973866142785,-0.0031639244571819766,0.3809058557323329
2024-04-26,300124.SZ,0.07556080283353017,-0.007184983379202565,-0.04286324811389647,-0.025274043838341656,0.4624689913995194,0.34682194491370033,0.4038353546080804,-0.0005624925413612366,0.44132086339145005
2024-04-29,300124.SZ,0.06168722907635882,-0.003646135511652065,-0.038295168424754264,-0.02121337023779417,0.5378609933162601,0.3481562215980626,0.4416797157088671,0.0027473997839295387,0.4126667648419442
2024-04-30,300124.SZ,0.06218487394957983,-0.008903311951720552,-0.04634644229540384,-0.02788716819032535,0.49152450010221715,0.29580836445680225,0.39229543061565286,-0.0155677600786979,0.3763696665322021
2024-05-06,300124.SZ,-0.01953931691818911,-0.016854344753609113,-0.025841927088994052,-0.02141109440091405,0.4424561261699366,0.414161903633942,0.42811081240807514,0.022746952809954833,0.4979996249723452
2024-05-07,300124.SZ,-0.03638074329622076,-0.01875404311289638,-0.0380243454359606,-0.028524183739966534,0.3567155770925503,0.36205782838925243,0.3594241254878423,0.00173705955930511,0.4304422162933898
2024-05-08,300124.SZ,-0.043280539438607546,-0.022845445831662675,-0.03969280060067078,-0.03138713980863483,0.29817542241070194,0.3693381048693195,0.3342552619152477,-0.01139147785541742,0.4551286352970495
2024-05-09,300124.SZ,-0.06077261306532655,-0.020133398915710265,-0.04617525728410013,-0.0333367526661539,0.28967291896363045,0.3370964191363583,0.31371687312416696,0.002730519029442458,0.4444226653256043
2024-05-10,300124.SZ,-0.03607594936708858,-0.02070720263850752,-0.04709142209146586,-0.03408413518835934,0.28284885451654185,0.32110887476886363,0.30224687806557227,-0.015917813680909533,0.4646820230829418
2024-05-13,300124.SZ,-0.0108554763447829,-0.017727378555479754,-0.03220633138053153,-0.025068280782226778,0.3315111103798863,0.3731433566029772,0.3526188695318314,-0.0009253833840275113,0.49368979272212793
2024-04-10,300155.SZ,-0.18701298701298708,-0.0633460048962862,-0.020029298544622067,-0.041384215949636934,0.3973491731731359,0.25018800851536577,0.32273771926620964,-0.01726408251438575,0.3717428231502855
2024-04-11,300155.SZ,-0.15104166666666674,-0.05464475095580044,-0.04959809222460376,-0.052086069484487504,0.32336440753779316,0.15914416177047153,0.24010391332964492,-0.04430061714950843,0.24433964052448606
2024-04-12,300155.SZ,-0.09283819628647216,-0.06927439783361916,-0.04889514142786841,-0.05894201188443783,0.24508839233668944,0.15795249485114818,0.2009100521203677,-0.04493131287091349,0.2493125936493805
2024-04-18,300155.SZ,0.05504587155963314,0.03485053352349878,0.01315562562977066,0.023851105623534555,0.5773482172496448,0.3719463362952046,0.47320842596117607,-0.010175100650299284,0.413472378144672
2024-04-19,300155.SZ,0.07453416149068315,0.010625120321791963,0.005456729965677875,0.00800472030168484,0.5746265455995175,0.3610407243794539,0.4663374552529337,-0.022509072610175353,0.3885523998168117
2024-04-22,300155.SZ,0.18849840255591066,0.012200243428728028,0.017332913579699415,0.014802533124377279,0.559577473244045,0.4045482763188835,0.48097688723000426,-0.0067361349369561615,0.46902476818778943
2024-04-23,300155.SZ,0.1073619631901841,0.033345665934855946,0.0022028179769812313,0.017556084693479877,0.6489631538514234,0.4120478994845421,0.5288459230443013,-0.007232221152504692,0.42989465679488775
2024-04-24,300155.SZ,0.07602339181286566,0.03881408284948929,-0.0012288918376117917,0.01851209239493693,0.6439799568560871,0.39855786896322853,0.5195497184766658,-0.011485953105035562,0.38391882192671195
2024-04-25,300155.SZ,0.09275362318840585,0.030947343745497416,-0.0013123016520801244,0.014591540560380018,0.6477839390093854,0.38292858648998457,0.5135009372917811,-0.0205345390582237,0.3923980314191639
2024-04-26,300155.SZ,0.05780346820809257,0.04274959489916533,0.006771849565806513,0.024508696263593824,0.6746430573806331,0.3961674017761587,0.5334544931921581,-0.01030816611127453,0.4074113856056861
2024-04-29,300155.SZ,-0.013440860215053863,0.1200888210333107,0.01810118519125718,0.06838057444256196,0.7165468882803111,0.5166885064803712,0.6152176790676973,0.024605942455609507,0.5228689353185481
2024-04-30,300155.SZ,0.01939058171745156,0.061158615434485385,0.021746214826776775,0.04117632922370486,0.7023310552663954,0.49095738244673026,0.5951635353340947,-0.0005500161399665578,0.5155575877162198
2024-05-06,300155.SZ,-0.05163043478260865,0.0440475216758496,0.0020727331851107776,0.02276609186375971,0.6894667967010095,0.41551409539283735,0.5505713931897178,-0.01837949550662036,0.3659830013097267
2024-05-07,300155.SZ,-0.06896551724137934,0.14585559191187839,0.0870534725219772,0.11604262032598428,0.7088133943021075,0.6730093272926183,0.6906605514541222,0.05415345528440848,0.6588349409316825
2024-05-08,300155.SZ,-0.021857923497267784,0.07645012635919844,0.001352300727627629,0.0383751493864983,0.7252596973960201,0.38492384951143016,0.5527077032176091,-0.01871771876882481,0.3854677557236548
2024-05-09,300155.SZ,0.2942779291553135,0.042331689047226624,-0.010972130906306204,0.01530638305175576,0.6939460553583328,0.36871561754768123,0.5290525803965768,-0.03458689227046311,0.32713995526548556
2024-05-10,300155.SZ,0.2309782608695652,0.11966643650264741,0.05935856871514014,0.08909004287246138,0.7321742394762493,0.6044797801453308,0.6674325035114976,0.02647716480402603,0.5698239709567342
2024-05-13,300155.SZ,0.5816618911174782,0.0986824794426057,0.015859746451602406,0.056690935414161356,0.7265079919333388,0.4334485384383836,0.5779253685402904,-0.00028753778063464984,0.45391777451521353
2024-04-10,300193.SZ,0.05228758169934644,-0.02272436019167575,-0.05459868128545775,-0.03888480200819622,0.35411948852113667,0.1522309026692771,0.2517609555980609,-0.03519635990555362,0.2527265033282564
2024-04-11,300193.SZ,0.04768041237113407,-0.025098671136735074,-0.0551644292117113,-0.04034216236626335,0.2986933005289067,0.1376904498487078,0.21706404188349326,-0.03902814805749547,0.2508659878950914
2024-04-12,300193.SZ,0.046875,-0.02498754642383211,-0.06627650143764119,-0.045921255198440605,0.3130865487881982,0.13043136296232494,0.22047944684115184,-0.05148770647601556,0.20644174253426392
2024-04-15,300193.SZ,0.030729833546735197,-0.027275527159090797,-0.036284150875399324,-0.031842944892820364,0.2914581718036138,0.16435745163009297,0.22701746459110078,-0.02323592454199134,0.21949909139698617
2024-04-16,300193.SZ,0.09400544959128054,-0.02110443098008895,-0.010953204334953084,-0.01595770778926834,0.4020586247718871,0.34411388711799046,0.37268035005744893,0.0035199439858090934,0.37060035668812774
2024-04-17,300193.SZ,0.006211180124223503,0.00989636173662478,0.0075480867483440385,0.008705774454604073,0.4736208560398464,0.3841107078958249,0.4282387587454895,0.026473724169208977,0.425656169667709
2024-04-18,300193.SZ,0.019680196801967753,-0.013372016050521136,-0.00897822624303193,-0.011144342421676327,0.33657538412409416,0.32907842341687454,0.3327743871725576,-0.004237944646808855,0.3203649259679998
2024-04-19,300193.SZ,0.017412935323383172,-0.023379103298369053,-0.0199073915151782,-0.02161892788597638,0.4204016444620212,0.3673420089067273,0.3935001411900227,-0.016847060496848955,0.3546229441257105
2024-04-22,300193.SZ,0.019875776397515477,-0.011890684136189527,-0.016122315080567034,-0.014036142402246234,0.3775598569736147,0.34580268594936225,0.36145881083416176,-0.014949164510183166,0.33119094921674497
2024-04-23,300193.SZ,0.03362391033623924,-0.02270119952282998,-0.02187961035960489,-0.022284649666589343,0.4138348401876818,0.38539887520582616,0.3994176622897175,-0.021979098540758003,0.36565032122869195
2024-04-24,300193.SZ,0.051851851851851816,-0.020628527402554594,-0.021351900958580302,-0.020995281449781765,0.3916970110058401,0.34714439729576163,0.36910861078494595,-0.028584020816565116,0.3382978337677978
2024-04-25,300193.SZ,0.02895054282267795,-0.006560856693811101,-0.006715540186788115,-0.006639282006177012,0.38444693285003917,0.3605209563975811,0.37231634191993723,-0.0037927641417055177,0.36060918914704015
2024-04-26,300193.SZ,0.033007334963325086,-0.012683143972208792,-0.020794101265098033,-0.016795440294453887,0.36402345144647713,0.3323907767068587,0.34798552555226114,-0.01740472269783159,0.32318823766334537
2024-04-29,300193.SZ,0.05724725943970754,-0.0213794157506545,-0.021256052083129372,-0.02131686974801348,0.34904182534885914,0.34345365111415155,0.3462085927816504,-0.027916523393140026,0.3372674719206381
2024-04-30,300193.SZ,0.08554216867469866,-0.020177738255359352,-0.018049856923915333,-0.019098891670734544,0.3634789153311735,0.3381848927552749,0.3506547181054228,-0.02268351801734373,0.34020200507673093
2024-05-06,300193.SZ,0.02230046948356823,-0.0182637040890154,-0.017336207201408996,-0.017793458481491196,0.36971882482762447,0.31361883190522777,0.3412758450112964,-0.020961508732666702,0.31525670461696165
2024-05-07,300193.SZ,0.029308323563892236,-0.013973561843333386,-0.020843704850611832,-0.017456759054456317,0.3955993675413849,0.3309556735060925,0.362824688099943,-0.018057712692378915,0.32228446611777517
2024-05-08,300193.SZ,0.0035502958579882726,-0.01652334428837974,-0.023708399135169766,-0.020166203392999536,0.37595045071883154,0.3954536344771133,0.38583866341002215,-0.02684376016170934,0.38828524012382304
2024-05-09,300193.SZ,-0.02188940092165892,-0.024007141226083935,-0.010830009778702156,-0.017326269014327336,0.34916368711103796,0.3643526564505737,0.3568645712974737,-0.013798139652278862,0.3815466147066158
2024-05-10,300193.SZ,-0.049944506104328434,-0.020437143527953835,-0.0039928110203325574,-0.012099783873483531,0.3358193220637591,0.3036886432615011,0.3195289055939792,-2.1973495007798424e-05,0.26192234717358237
2024-05-13,300193.SZ,-0.02640642939150406,-0.02660872601033248,-0.02874612695989331,-0.027692399089433502,0.31806719223000646,0.39631083671617545,0.3577371152539643,-0.015972346395910976,0.34939940969866506
2024-04-10,300207.SZ,-0.011149825783972167,-0.014926129317517467,-0.01828913896331785,-0.016631192197114182,0.40256757308906344,0.39438033845944603,0.398416603771761,-0.01807625093904467,0.3447943314653259
2024-04-11,300207.SZ,-0.005629838142153454,-0.013419948634198813,-0.029275706173688864,-0.0214588978064769,0.431701845626465,0.3441453571707939,0.3873102636635555,-0.03132060848810018,0.3274485342357071
2024-04-12,300207.SZ,-0.010108303249097395,-0.011379681496224118,-0.026638162229784098,-0.019115808310586225,0.4375132814575555,0.4123186320422626,0.42473946692624304,-0.023438896011880574,0.3868701046712619
2024-04-15,300207.SZ,-0.03813559322033899,-0.01853248737498509,0.0029049257303756133,-0.00766361063352948,0.34739378414371175,0.4705401043631,0.4098295906027315,-0.009903338953604545,0.39730910179660717
2024-04-16,300207.SZ,-0.005181347150259086,-0.008888586062428698,-0.01912823670606224,-0.014080140667185985,0.49840675410229096,0.5,0.499214537821153,-0.012649787972817605,0.47150829696897045
2024-04-17,300207.SZ,-0.05496828752642702,-0.026903391659717456,-0.007696609251245847,-0.017165455950234224,0.2589120234251757,0.41590892959066905,0.3385102479644937,-0.014337681593146,0.4083013291631622
2024-04-18,300207.SZ,-0.031139419674451663,-0.019097696408971875,-0.017993014754975802,-0.018537617229790117,0.26791341635198834,0.4553592823808336,0.36294941736339115,-0.013111001860361326,0.44315117537914284
2024-04-19,300207.SZ,0.09044493070751258,-0.01583495029033492,-0.02400281110239456,-0.019976096984263315,0.35546306149017004,0.45837927720885746,0.407642102769351,-0.015355409078337245,0.45457125197332116
2024-04-22,300207.SZ,0.11747430249632895,-0.021660167207056928,-0.02500852659996255,-0.023357802334426185,0.258322160597983,0.44798610192270955,0.3544827369896202,-0.020017634582627765,0.46341194198517505
2024-04-23,300207.SZ,0.1316964285714286,-0.022617630537432532,-0.025359625949641956,-0.024007836063373,0.2927620358496603,0.46337459251341667,0.3792634639748323,-0.021122810913530445,0.46917057010807495
2024-04-24,300207.SZ,0.14988814317673382,-0.020316864364222923,-0.003841770957501,-0.011963908778511377,0.28649048591124193,0.5336663057397927,0.4118098752415225,0.002427695891738158,0.5091760249597584
2024-04-25,300207.SZ,0.127100073046019,-0.013628009631369297,-0.003358951067513504,-0.008421545062497064,0.3716981077922998,0.5138474296199212,0.4437685320656266,-0.002976753389289299,0.5103125646160381
2024-04-26,300207.SZ,0.006688963210702337,0.02184424003221928,0.03200345381489644,0.02699501274212257,0.40461558211267623,0.5810150987518488,0.4940510281798175,0.03908368798524161,0.4847586098284575
2024-04-29,300207.SZ,0.016425755584756896,0.025467465469914134,0.026322035116769078,0.025900736597965168,0.5861539073907475,0.5977541283365944,0.5920352780120252,0.01008120451854363,0.4303946961126056
2024-04-30,300207.SZ,0.0013149243918475495,0.006076796611728161,0.009367968087111603,0.007745437176013045,0.6418685575060146,0.6236204698737479,0.6326166848911798,-0.0024438811441485405,0.4718851727402407
2024-05-06,300207.SZ,-0.024643320363164745,0.0031588643240077685,0.0068200787651982765,0.005015118541331503,0.5651426448537893,0.5711255716822085,0.568176018980212,-0.01129101577316608,0.42893587095590185
2024-05-07,300207.SZ,-0.028515878159429686,0.0011458512008856374,-0.004303068467017165,-0.0016167785974699838,0.5748462752054503,0.58642420601409,0.5807163446145591,-0.01118127893369295,0.47303632360229786
2024-05-08,300207.SZ,-0.017940199335548246,0.0007563797897915552,-0.005039329462473343,-0.002182074079739412,0.60630968937035,0.6354774539476029,0.6210978933600694,-0.005255225371398253,0.5162695458494377
2024-05-09,300207.SZ,-0.04266321913380733,0.014527563492925525,0.021422871754158638,0.01802351961493273,0.5325330610161544,0.6102433363281312,0.5719325631743345,-0.0037216606938399784,0.4452642015840935
2024-05-10,300207.SZ,-0.006565988181221227,-0.012829336495030206,0.006315982757861525,-0.003122562915924149,0.45457658880664,0.6721210779059055,0.5648727437662878,-0.0016301088263175664,0.5527600487462109
2024-05-13,300207.SZ,0.005319148936170137,-0.014247003990898302,-0.0015598347075625428,-0.00781454507149279,0.47744724460205457,0.6410855734622511,0.5604127039985758,-0.0009852945141218036,0.5425382239140722
2024-04-10,300289.SZ,-0.08798283261802575,-0.05298316745199272,-0.027445317100949867,-0.040035348312480304,0.34426055835360214,0.29773730602643633,0.3206730343986172,-0.00743220996390751,0.4355488186863536
2024-04-11,300289.SZ,-0.11513859275053306,-0.0455726978881672,-0.03700435082735555,-0.041228502642954176,0.32018382649203403,0.2404922860835646,0.27977981292102205,-0.020893489049674842,0.3792415827999276
2024-04-12,300289.SZ,-0.11038961038961037,-0.03737843221636495,-0.046393602842780796,-0.041949169266592465,0.33434471464294746,0.21504277145352033,0.2738580267590548,-0.03042705070906341,0.3613412954175143
2024-04-15,300289.SZ,-0.04439252336448607,0.03907948619445788,0.019126598817920577,0.02896327149700917,0.5602458110483869,0.5217333385753137,0.5407197929481031,0.024480740003484512,0.6628847013688088
2024-04-16,300289.SZ,0.08974358974358987,0.047656424276447396,0.03210717919382644,0.03977287846823463,0.5518652559352961,0.5255608395290913,0.5385287839332955,0.036254652802499364,0.7025777674113761
2024-04-17,300289.SZ,0.014117647058823346,0.06429978145206328,0.0006373382786984925,0.03202260115467956,0.7596299201763596,0.5295878964651406,0.6429974520336892,0.033539254494444136,0.6530967577676557
2024-04-18,300289.SZ,0.07469879518072275,0.04653725970863639,-0.007907709064368978,0.0189333854968632,0.785283996516586,0.5341968345316321,0.6579815369537794,0.00492500941588655,0.6242649658337254
2024-04-19,300289.SZ,0.04866180048661772,0.048013666397522206,-0.00800810608031002,0.019610344741740574,0.7965646486896941,0.5366497643170176,0.6647864892806241,-0.001644913867926234,0.6118859144364727
2024-04-22,300289.SZ,0.10757946210268954,0.043288496661382785,0.0008697534413872575,0.021781979558799302,0.774455337879997,0.5748277023819292,0.6732431182081113,0.011195722212063075,0.6566235652020325
2024-04-23,300289.SZ,0.09882352941176475,0.04605301767835391,-0.0005736648735091866,0.02241305407694101,0.7448160783583622,0.5641736515247806,0.6532294553884179,0.012259797193381517,0.6311545634536688
2024-04-24,300289.SZ,0.09744779582366614,0.04305453706584588,-0.008367111772822126,0.01698350133392086,0.7480026270412153,0.548690280364997,0.6469502603947763,0.0032974319962890356,0.6082870873598578
2024-04-25,300289.SZ,0.06726457399103136,0.040381140098787814,-0.0033214286353175256,0.018223716974950017,0.7461848679539613,0.5440836607864724,0.6437185349497458,0.009002983741270143,0.5906916947883316
2024-04-26,300289.SZ,0.13457076566125292,0.05388775468114142,0.0159180243484698,0.03463690958785365,0.7446465811175844,0.583935404584678,0.6631652027383211,0.026286647295607778,0.6552091869668636
2024-04-29,300289.SZ,0.0971302428256069,0.03907352459284882,0.006716215710467644,0.0226682055275618,0.7404216072812094,0.5921705926096151,0.6652575939115948,0.021686237431298237,0.6420687456123726
2024-04-30,300289.SZ,0.02997858672376874,0.07588877135744415,0.09863622382049936,0.087421844671278,0.6222644204877981,0.7315575197361257,0.6776765739311023,0.0826398955011187,0.7670298833308761
2024-05-06,300289.SZ,-0.016913319238900604,0.04834076568201269,0.010715922709460337,0.029264780222599533,0.6812279051183439,0.5,0.5893444417003193,0.020189823828646168,0.5035007701712988
2024-05-07,300289.SZ,-0.01680672268907568,0.04515579923986274,-0.0037005409311308655,0.020385387961816836,0.7447110794313819,0.5462515129650412,0.6440910766594066,0.006140623316399385,0.5487275355484497
2024-05-08,300289.SZ,-0.05521472392638027,0.04097807779561495,0.023387729903150797,0.03205968255161475,0.618857826666446,0.5158094437421388,0.5666117759463365,0.03164717968165728,0.5235001485926903
2024-05-09,300289.SZ,-0.05432595573440635,0.06052438956113222,0.00020079056917435625,0.029940020130819187,0.7178053038146305,0.4948716099081852,0.6047767947926798,0.013209129513897822,0.5066827748460442
2024-05-10,300289.SZ,-0.02079002079002068,0.04135125003507709,-0.013232627419888576,0.013676948419814296,0.7873737551128603,0.5190331897984937,0.6513237329016894,0.004950143813560815,0.5672733241120926
2024-05-13,300289.SZ,0.006451612903225712,0.037502492868847014,-0.012724946136319411,0.012036927555389473,0.7825006347073038,0.5634240398483377,0.6714276943876305,0.006479287401178724,0.6218167040386166
2024-04-10,300338.SZ,-0.16387959866220747,-0.04813639473861446,-0.0375213147128344,-0.04275449554052324,0.33097677465362757,0.4477916125498571,0.3902024875895669,-0.014628223376588678,0.5075431988850498
2024-04-11,300338.SZ,0.00990099009900991,-0.03326525100797715,-0.029007548652819497,-0.031106574404947945,0.342579838596005,0.42502609361973376,0.3843805063931583,-0.013155929660980703,0.48173907074511096
2024-04-12,300338.SZ,-0.026936026936026924,-0.02728753155096611,-0.04810480051774253,-0.03784199208132938,0.3805592613282566,0.38799483171345245,0.3843291330763969,-0.026604891422890277,0.44013941723115846
2024-04-18,300338.SZ,0.08148148148148149,0.06480513270261397,0.04163250403999785,0.05305649290770723,0.6570448664221046,0.48559074850686895,0.5701167624910526,0.027183023283173312,0.628402695656319
2024-04-19,300338.SZ,0.10465116279069764,0.015494022208447405,0.005487943066826751,0.010420889535161872,0.6914489619630286,0.36560003364582144,0.5262419091899726,0.0023242130211699966,0.5657994860490135
2024-04-22,300338.SZ,-0.272,-0.032974980110556135,-0.0019777630284449448,-0.017259234458886934,0.5488832046929372,0.3530724933211584,0.4496061848353309,-0.008177390264377393,0.5494321787785202
2024-04-24,300338.SZ,-0.4117647058823529,0.036690914823850354,0.020252033973475057,0.02835631918714432,0.487301250105798,0.27772789733900083,0.3810465015351175,0.04701795221028401,0.4929503400089224
2024-04-25,300338.SZ,-0.4325259515570935,0.030466279988169028,-0.010483637794011059,0.009704464802737038,0.467838136597541,0.2361565378128686,0.3503743956098615,-0.0010317572969554042,0.4082827471093466
2024-04-26,300338.SZ,-0.386986301369863,0.03299393163442095,-0.012606886629355548,0.009874086409505921,0.4674735602289101,0.2235407858672599,0.3437984113334917,0.002493135462339169,0.3790150637077421
2024-04-29,300338.SZ,-0.38596491228070173,0.031798150301166866,-0.016722574859501484,0.007197897528808174,0.4711373851827965,0.20844284323724044,0.3379499253420655,-0.011292094664595608,0.3153714020955633
2024-05-08,300338.SZ,-0.016483516483516536,0.08743473490611295,0.04175109277903205,0.06427289756409488,0.6355508884266956,0.47117895196611936,0.5522134862707597,0.0315495531269094,0.5523783347362015
2024-05-09,300338.SZ,-0.03888888888888897,0.06905473650349254,0.03273354871850383,0.05063971080994989,0.6426442208279866,0.4883372485695278,0.5644098063684823,0.011623806539327675,0.5323284538772168
2024-05-13,300338.SZ,0.04268292682926833,0.08112760263250862,0.029503439499886906,0.054953891130491955,0.6362947742336293,0.465007939771585,0.549451483858424,0.04170533402386108,0.6851291239821735
2024-04-10,300374.SZ,0.2492753623188404,0.012749752609099633,-0.04109842298159862,-0.014551544444377576,0.5604841289733831,0.4029707807537547,0.48062406570366834,-0.022204077290949344,0.4396281485678086
2024-04-11,300374.SZ,0.2090843547224226,0.00892048541904198,-0.02666006646913827,-0.009119034133291145,0.5328612759661254,0.4298824212026825,0.48065047637481495,-0.026375186255871243,0.4363341953925279
2024-04-12,300374.SZ,0.2540740740740741,0.01132391724802432,-0.03414335851709305,-0.011728221255443561,0.5702559130427429,0.4459917280942649,0.5072533435188711,-0.01732616995584938,0.4659943452615968
2024-04-17,300374.SZ,-0.09282245008094991,-0.05333866078646799,-0.054847761193031905,-0.05410378231623513,0.20903076268608475,0.1107146990551124,0.15918402175431945,0.08230352250369474,0.3942859659084738
2024-04-18,300374.SZ,-0.06934097421203445,-0.05072617466860122,-0.051193535625092323,-0.050963129034545696,0.2274978370326091,0.10970785783135484,0.1677777225288255,0.03453991239145334,0.39502622437798396
2024-04-19,300374.SZ,-0.07192575406032475,-0.040685328350349916,-0.052277105554059566,-0.0465624179517081,0.24773134822536808,0.09409068882228372,0.16983475774960277,0.036688892352488366,0.43440161401063493
2024-04-22,300374.SZ,-0.022659511031604018,-0.041398235845829155,-0.0552442878949877,-0.04841825418192451,0.27317672323991976,0.08407944620718702,0.17730344850698526,0.006256611356578035,0.42126433289632215
2024-04-23,300374.SZ,-0.10454813939751917,-0.04031694942901879,-0.062494374319762486,-0.051561015884038344,0.24961830396043094,0.0738726277223629,0.16051435827970578,-0.0003583138679615124,0.3259780706693539
2024-04-24,300374.SZ,-0.014277215942890997,-0.04098313431951556,-0.06628213592091087,-0.05380985593634597,0.24249857317966592,0.06757876911270362,0.1538133488618137,-0.010012681075265461,0.32542022983970925
2024-04-25,300374.SZ,0.020320197044335186,-0.035176376733861085,-0.06436657958627218,-0.049975957042438804,0.28332715066927766,0.0701658504234031,0.1752532946011931,-0.005450837379483075,0.36321178896314366
2024-04-26,300374.SZ,0.05875000000000008,-0.045783503322627095,-0.06757921111083096,-0.056834037278309144,0.24010307554397106,0.06569864074004139,0.15167914604600716,-0.010711255408962372,0.3189887785425825
2024-04-29,300374.SZ,0.028676021964612497,-0.05693696538575286,-0.0632420883384322,-0.06013369457483854,0.20319625526279786,0.07110673462232618,0.13622620101123162,-0.005546282326291318,0.3677501457547587
2024-04-30,300374.SZ,0.10883905013192607,-0.027064194516670456,-0.04999233110199712,-0.0386888755932719,0.2996107702622182,0.096571181169502,0.196668672881416,0.004613403616888079,0.5114375357549101
2024-05-06,300374.SZ,0.06638503319251665,-0.004421105201329233,-0.026083754792608833,-0.015404177978990298,0.30390405687806515,0.15288476522507133,0.22733651309416195,0.03201044759289725,0.6274072360045527
2024-05-07,300374.SZ,0.013880506940253445,-0.05314676986958979,-0.06499664738393798,-0.05915471763230702,0.2319208656197611,0.07645889018996675,0.15310085871757081,-0.02726582799316927,0.2821943619883408
2024-05-08,300374.SZ,-0.05371900826446285,-0.05027938928984717,-0.06051754009276156,-0.055470183467782985,0.22919631202533,0.08013261909387182,0.15362026667249468,-0.000988299606531384,0.3410156565345462
2024-05-09,300374.SZ,0.01720047449584805,-0.052540379787667846,-0.06568517208978056,-0.059204855889402865,0.20895193515501756,0.07788865523395155,0.14250219013252963,-0.02557426805514699,0.2959541268616986
2024-05-10,300374.SZ,-0.006543723973825077,-0.05292985057604915,-0.06177457027741971,-0.05741416814619858,0.1934986654420364,0.08360482572668367,0.13778193354714338,-0.006007388713012573,0.3809620753693137
2024-05-13,300374.SZ,-0.06621392190152808,-0.03281699588116305,-0.045477678891081647,-0.039236026126143304,0.2612709403223471,0.12009743444422263,0.18969525966502016,0.02198349793242623,0.48736236437932023
2024-04-10,300623.SZ,0.05902777777777768,-0.020376578891318418,-0.03794733412405725,-0.02928504055786012,0.4363549170714281,0.29079162046903345,0.3625535903406508,-0.025033809788864304,0.42867352412808274
2024-04-11,300623.SZ,0.088935574229692,-0.021525460789302092,-0.04434587028268448,-0.03309552368607451,0.3252274266118525,0.2307949040125145,0.2773496606019104,-0.036831312132589646,0.3414970939734712
2024-04-12,300623.SZ,0.1475988700564972,-0.022212422775956676,-0.043337698378876494,-0.0329230442268256,0.3218286310586149,0.2355561250163199,0.27808803466568033,-0.03927971569483749,0.32766262001674246
2024-04-16,300623.SZ,0.15564738292011038,0.033755458688970404,0.09356301296546214,0.0640781908415991,0.6119525984425058,0.7188466528023411,0.6661484240079037,0.05289657437670466,0.6710775140587956
2024-04-17,300623.SZ,0.05785123966942152,0.02439383779592217,0.04928027622327,0.03701138779933322,0.6189363592810544,0.6223869580755258,0.6206858303015081,0.04143814108580709,0.5733917078880654
2024-04-18,300623.SZ,0.06950819672131137,0.021839177866136428,0.0225473910769361,0.022198245541747312,0.5569085860332609,0.4811366658167842,0.5184918397006377,0.015492772726462179,0.4782972530494465
2024-04-19,300623.SZ,0.0559485530546624,0.021513039999765785,0.05414226945689417,0.03805622417013184,0.5478526917490089,0.6243819001161823,0.5866533869996864,0.039707743961089746,0.5568889224577642
2024-04-22,300623.SZ,0.05784615384615388,0.0669559477178511,0.09997187558003001,0.08369518993309201,0.6705941067461622,0.7930981964061872,0.7327042990671788,0.07649408540497557,0.6865752559225884
2024-04-23,300623.SZ,0.0,0.03085437765624754,0.07146201902535339,0.051442656971146666,0.6155271751004774,0.6504627849284054,0.6332397057701589,0.05956455056063855,0.5564459076464442
2024-04-24,300623.SZ,0.021033653846153744,0.029186464491117094,0.021273711234626836,0.025174658616608944,0.6268676754430309,0.5116609522386871,0.568457284779715,0.018579415214121396,0.46985896978238473
2024-04-25,300623.SZ,0.018393623543838222,0.026237045608756077,0.024133774872258155,0.025170676720096187,0.6394614372013648,0.5552227294563333,0.5967519868194391,0.006862870244761255,0.5045479468496821
2024-04-26,300623.SZ,-0.011571254567600553,0.016307993508709685,0.018436784298322437,0.01738730119322042,0.6194126182968978,0.5487865306808187,0.5836048350882768,0.006819815999792056,0.49176784070113116
2024-04-29,300623.SZ,-0.0232693426410705,0.013435092216662453,0.021975367421426698,0.017765054889046672,0.5237120283415466,0.5362513676134301,0.5300695366983414,0.015914775315097628,0.4807483850492009
2024-04-30,300623.SZ,-0.03635280095351601,-0.011031995181960965,-0.02368586227668448,-0.017447569723504825,0.5407890643717979,0.4394752545308933,0.4894224509676506,-0.010346745490478681,0.44307787409168664
2024-05-06,300623.SZ,-0.061212477928193065,-0.008065348179644837,-0.017653684521927514,-0.012926683143322407,0.5662889307607433,0.4187967830422232,0.4915096667699641,-0.01870809277042288,0.3977600704827197
2024-05-07,300623.SZ,-0.030704394942805413,-0.006138393867339724,-0.020603815789192553,-0.013472435857809772,0.573237026892506,0.45431252427675345,0.5129417032862121,-0.012125651750137833,0.44901632558972665
2024-05-08,300623.SZ,-0.020332717190388205,-0.0045389775700928415,-0.03200088034505974,-0.018462301008419182,0.5365482453444317,0.4366087047503551,0.4858783933909284,-0.021243148947119907,0.45410066730598686
2024-05-09,300623.SZ,-0.06015485407980936,0.0001999477557152237,-0.0036381535632429123,-0.001745989002229819,0.6151232691147359,0.5160066057362654,0.5648706200665374,-0.004954234290961678,0.4833724800694268
2024-05-10,300623.SZ,-0.0024737167594311993,0.004564090708882556,-0.029948766253725747,-0.012934102122428561,0.6120870878925331,0.5143284733516762,0.562522976465565,-0.0102918402871082,0.5305474133406338
2024-05-13,300623.SZ,0.01567398119122254,-0.0008516876721253998,-0.023984001639614543,-0.012579887712941896,0.55983309665832,0.5511665568374574,0.5554391171877132,-0.006127859003035396,0.5487889345654572
2024-04-10,300698.SZ,-0.03458498023715417,-0.07118817476260797,-0.025635448269343494,-0.04809271230829146,0.28243878134203776,0.3405732294799213,0.3119132402302324,-0.02978473356860282,0.4013150254317561
2024-04-11,300698.SZ,-0.05028305028305036,-0.0647863133090139,-0.04303208732834021,-0.0537568108393065,0.23946212391964633,0.2600072114576807,0.2498785870906374,-0.04899586480736521,0.3047852649260986
2024-04-12,300698.SZ,-0.05342237061769606,-0.0566365972107393,-0.04266866375044227,-0.049554784383478975,0.258906905605714,0.2519595784296595,0.2553845756311044,-0.04367739873120805,0.2870762255406957
2024-04-15,300698.SZ,0.02499107461620853,0.008144129358546522,0.026448114178721494,0.01742434213003096,0.5844582983165542,0.5087403302999473,0.5460689060218196,0.004657567498684146,0.5170440699325133
2024-04-16,300698.SZ,0.13856812933025386,0.03774299453531046,0.04148529153190256,0.03964035801783382,0.7097308604516287,0.5606781817085323,0.6341603993479341,0.0035798520851401897,0.5653188691149219
2024-04-18,300698.SZ,0.01569430228590929,0.05651969812995563,0.02221271436563062,0.039125884050199705,0.8036879633998967,0.5770200713813252,0.6887661970707606,-0.01625657066655454,0.4355273636752553
2024-04-19,300698.SZ,0.08274894810659195,0.047497710207758746,-0.0020828541510116393,0.022360113607890676,0.7047469033881609,0.41138163798174904,0.5560092318111103,-0.03462080914557778,0.3288219850748566
2024-04-22,300698.SZ,0.08042328042328029,0.04909758726165063,0.008564896217893043,0.02854730814033543,0.6845115068411581,0.44760395153199306,0.5643981794951921,-0.023761549748579726,0.3649986198467025
2024-04-23,300698.SZ,0.062347614071752044,0.044295034963928843,-0.001358108307756841,0.02114866069566957,0.7012502750716592,0.4230825220578194,0.5602178190520912,-0.04226686252527959,0.31196819994730246
2024-04-24,300698.SZ,0.22312373225152138,0.046372252600363636,-0.004638155694025533,0.020509717901883655,0.6643417738144379,0.42778487269992765,0.5444062299165888,-0.04022316292200249,0.2831731055381685
2024-04-25,300698.SZ,0.18374202216996993,0.038902624853740894,-0.009297041988928566,0.014465150270522774,0.6509429555717273,0.3746390137004065,0.5108554612169754,-0.04174513732670552,0.2682355879350331
2024-04-26,300698.SZ,0.1033031088082903,0.05154225931414474,-0.002094816828551515,0.024347990747231946,0.7179910300919359,0.4296771021154672,0.5718144121100984,-0.02902049176928604,0.2803681748903737
2024-04-29,300698.SZ,0.07704864511916432,0.058335216303658795,0.021599834641454128,0.039710192221952406,0.6617295767596261,0.44928871602207227,0.5540209871617602,-0.0007835960062492538,0.2799922264998188
2024-04-30,300698.SZ,0.040983606557376984,0.029031791167716047,0.022195820185315452,0.025565919345835644,0.5490202658298202,0.4743541476900689,0.5111641667363627,-0.03345791385927858,0.35892913884280214
2024-05-07,300698.SZ,-0.12520729684908793,0.006137625660484865,-0.012306790104999906,-0.0032137863096975096,0.4243998370823241,0.2980406595931745,0.3603350957568958,0.024590609831095477,0.13565220488547045
2024-05-08,300698.SZ,-0.08768444948921694,0.016414342916371488,-0.00676999315386673,0.004659767406657131,0.4406093151964935,0.3121097628310425,0.3754593929960831,-0.022299679144280916,0.13415928721476256
2024-05-09,300698.SZ,-0.05459348400352215,0.012046910050927426,-0.0024026583137074196,0.004720905894055537,0.41786672287846116,0.3436694870839586,0.380248349502734,-0.019063334285432533,0.17752852942125472
2024-05-10,300698.SZ,-0.0290997271900576,0.02190247946800562,-0.0013107363234421097,0.01013326179374412,0.4921986662458177,0.35946427983575835,0.42490166179135225,-0.031692195636294586,0.21589039511134903
2024-05-13,300698.SZ,0.1067716535433072,0.018035627335998825,0.005210117026085582,0.011533028817250466,0.4924753568885365,0.3873106153679141,0.4391563016687229,-0.03247462124953263,0.2790055160938801
2024-04-10,300712.SZ,-0.07755581668625144,-0.0056369160816652246,-0.001046971374311572,-0.0033097909276582627,0.4428317635550286,0.3154992621381408,0.3782735420812213,-0.02784434165788089,0.30845926354333236
2024-04-11,300712.SZ,-0.05841503267973858,-0.02629345973423696,-0.018905937400529604,-0.022547948590929415,0.40747745183040684,0.34861610710872776,0.37763445270210816,-0.027451867533200315,0.30564018596998305
2024-04-12,300712.SZ,-0.039004149377593444,-0.034435931117967486,-0.012876694325007067,-0.023505289151472677,0.42651676268062566,0.35373499119751595,0.3896160368613852,-0.04112295723218854,0.33631911010307447
2024-04-15,300712.SZ,-0.021249468763280932,0.018637805963091697,0.045756519344121546,0.03238713064497555,0.5001256806000446,0.6137631965006666,0.5577404752330877,-0.008026662177498067,0.5288285908702266
2024-04-16,300712.SZ,0.07863089731729866,0.04753819604980671,0.04077736779094911,0.04411042196836691,0.5746322955626839,0.6260665241014711,0.6007097092661192,0.006453421451014763,0.6117994847856589
2024-04-17,300712.SZ,-0.00721868365180478,0.04746007818518588,0.023186203216930854,0.035153100950069086,0.6766520951130954,0.574997410117568,0.625112656283529,0.013541348395749353,0.6022388950692579
2024-04-18,300712.SZ,0.010845986984815648,0.001921079191868294,0.006935241900540266,0.004463285015598529,0.6161403940269822,0.5513622417943496,0.5832975436002359,-0.01118785664112768,0.5039428923301131
2024-04-19,300712.SZ,-0.00043177892918833116,0.0083843661093271,0.007475875610331365,0.007923756836844546,0.6217353332144249,0.5562269994490476,0.5885222770618626,-0.013051274584859029,0.49087109107907634
2024-04-22,300712.SZ,0.054711246200607855,0.005478414562770883,0.007951228615492013,0.006732143779606492,0.6104809562248734,0.5683249823660409,0.589107664515852,-0.011179182121457997,0.5261836754466991
2024-04-23,300712.SZ,0.030874785591766596,0.011198417850730905,0.0054473357267839535,0.008282590160703452,0.6529641459419583,0.5447904634270115,0.5981195424375223,-0.021383787796095434,0.4732430178053965
2024-04-24,300712.SZ,0.04875962360992303,0.0012712402130796935,0.003969238944680296,0.0026391391996900522,0.5890442477505227,0.5484835258594457,0.5684797568480109,-0.02049119650452117,0.4822602964272238
2024-04-25,300712.SZ,0.05579399141630903,0.0071612768413833825,0.0030399829969393923,0.005071760042391429,0.6561618835174654,0.6008677933705949,0.6281275004795706,-0.011778436921064539,0.561000978647914
2024-04-26,300712.SZ,0.06997840172786174,0.002944394776025632,0.0026462953646839045,0.0027932568685435253,0.6604115852616491,0.55040822497979,0.6046393258862639,-0.01167454317046993,0.49898817811961216
2024-04-29,300712.SZ,0.04158089748867844,0.02777591825069067,0.01908113958916133,0.023367621545209487,0.6994124223254281,0.579550082359104,0.638641610444649,0.008671897307452625,0.47224278711182244
2024-04-30,300712.SZ,0.04742096505823623,0.01073153469982372,0.010962448994349647,0.010848609413675965,0.7463684193258295,0.6239420883693757,0.684297651060343,0.005774935048678842,0.5500541942023479
2024-05-06,300712.SZ,0.10970636215334428,0.010602172383864501,0.0011909114440968628,0.0058306155438075605,0.7412671525229733,0.5875563565756694,0.6633350024649745,-0.008199570332619898,0.4928897715796142
2024-05-07,300712.SZ,0.09268292682926815,0.008717150000613051,-0.0055725724006320775,0.001472188554685963,0.7180154400070994,0.5911099666224429,0.6536737239028838,-0.008545880491068558,0.5140282192010089
2024-05-08,300712.SZ,0.027048849414614606,0.010735449562905858,0.012696550216632106,0.011729737501388907,0.7517500614584034,0.6448112394249716,0.6975315384563356,0.006567123519404661,0.5548597976841738
2024-05-09,300712.SZ,0.04110671936758892,0.030575185195102397,0.011709341540952187,0.021010107156406787,0.7122074077609527,0.5821779650061758,0.6462818234044885,-0.0006973305988238528,0.4649244694148543
2024-05-10,300712.SZ,0.03256552819698166,-0.0013364585628778763,0.00014996049825330773,-0.0005828365898262367,0.6216780903479185,0.5477394674404191,0.5841908350123567,-0.004605849254144345,0.5186637982997008
2024-05-13,300712.SZ,-0.06651966188901148,0.056505346952471405,0.03335601868636881,0.04476852057630544,0.7181908852640252,0.6326133986077983,0.6748026672109103,0.04611117241371839,0.47692387431856653
2024-04-10,300737.SZ,-0.06575963718820865,-0.043185687150126356,-0.02498473227906275,-0.033957711083325744,0.3472892648102949,0.3694085676374399,0.3585038630854502,-0.008982459278213539,0.48418202997643456
2024-04-11,300737.SZ,-0.08219178082191791,-0.03795376633855852,-0.03216854122999377,-0.03502062798284709,0.3010551583327777,0.31160694418849216,0.30640496706689757,-0.024550502088670968,0.4052431126835087
2024-04-12,300737.SZ,-0.05660377358490576,-0.03646591477486309,-0.014012939629491936,-0.025082142948728882,0.3486685248595962,0.3605265283056105,0.3546805925107186,-0.0022023807360780686,0.434528541595764
2024-04-15,300737.SZ,-0.007444168734491385,-0.02666955649776277,0.012476675225640835,-0.0068222192559508135,0.4264132047613623,0.4627127409542468,0.4448172529883291,0.016596630858076465,0.509615092493359
2024-04-16,300737.SZ,0.05759162303664933,-0.017784257767868315,0.009024549270798769,-0.004192057167140221,0.4686238386192356,0.46423305404986887,0.4663976886613007,0.013507706411091747,0.5320049053039978
2024-04-17,300737.SZ,-0.00728155339805836,-0.010369081826823653,-0.0005404551941762224,-0.00538591847203811,0.6095868897324942,0.4905608280012063,0.5492400751415698,0.022548370628685276,0.588173755120669
2024-04-18,300737.SZ,0.022388059701492713,-0.01741903420700338,-0.011128877154514414,-0.014229892804918619,0.5066558386939927,0.48427444980306383,0.4953083614604985,-0.004859294076395215,0.5477164277212504
2024-04-19,300737.SZ,0.04249999999999998,-0.01590107269510649,-0.009819274705504703,-0.012817570390489117,0.5127472579659051,0.48083457467519214,0.49656736632174336,-0.005415997558783558,0.526820907630834
2024-04-22,300737.SZ,0.11250000000000004,-0.019168846793010882,-0.012969026596081259,-0.016025506633056387,0.5021640530186877,0.509551163407274,0.5059093553037378,-0.006528303025952453,0.5688946984901377
2024-04-23,300737.SZ,0.1188118811881187,-0.019089097474335733,-0.01582844389153847,-0.01743592963576164,0.47437306214478697,0.4598329150612247,0.46700113411983535,-0.01187136173808615,0.49881706202453024
2024-04-24,300737.SZ,0.11491442542787289,-0.017722060082671246,-0.01958414091373305,-0.018666144470837327,0.4649837663159484,0.4352356599379867,0.4499013261015121,-0.017429911830332302,0.47028009938234167
2024-04-25,300737.SZ,0.13868613138686126,-0.01738405950526567,-0.01563115423457247,-0.016495327677737093,0.491655434773011,0.484979201817859,0.4882705509379066,-0.009282509020197593,0.5303564436711374
2024-04-26,300737.SZ,0.07913669064748197,-0.024100961062110078,-0.009611130659265141,-0.016754543848470818,0.42071737246058016,0.4529012792571032,0.4370347757923484,3.5896032672256065e-05,0.49612941874633526
2024-04-29,300737.SZ,0.035955056179775235,0.0494698009478543,0.023485156688610374,0.0362954550397806,0.6888278462927907,0.538302299645657,0.6125106337211483,0.034649457861023435,0.5946309062720418
2024-04-30,300737.SZ,0.0331858407079646,0.006672127960806884,0.00044813693900708565,0.003516533070537584,0.5951571853344259,0.46682613343845697,0.5300926937232697,0.00529652947733591,0.4933183602964548
2024-05-06,300737.SZ,-0.002192982456140302,0.009270407404887809,-0.005590169547735297,0.0017360198175820005,0.511980816291705,0.40420238406046716,0.45733660667782583,0.0001690982566502023,0.4232175979573393
2024-05-07,300737.SZ,-0.02136752136752129,-0.00412208259974466,-0.012834192274743573,-0.00853916621660734,0.5565766088346144,0.44375072755016237,0.4993733170521669,-0.0028850033252594606,0.4846748836102083
2024-05-08,300737.SZ,0.05555555555555558,-0.005870451935791209,-0.023845236450861996,-0.014983758489541185,0.6121841256260068,0.4938604345171789,0.5521934164888896,-0.007201284387049511,0.5608032431832303
2024-05-09,300737.SZ,0.12798264642082424,-0.01500478564581811,-0.02094646291673009,-0.018017246038201075,0.47737887426621783,0.43349209133082584,0.4551280536117186,-0.014720843114416382,0.4771878192404622
2024-05-10,300737.SZ,0.38972162740899363,-0.008735110291741278,0.006199387468173823,-0.001163244481706969,0.5270709659632735,0.5183577676002751,0.5226533303760953,0.011977428317565953,0.541006481968026
2024-05-13,300737.SZ,0.37362637362637363,-0.008704026026467412,-0.025608254694517673,-0.01727455535756821,0.5472437717397175,0.45823511672449063,0.5021159339950911,-0.008078041367396238,0.5031992505454755
2024-04-10,300800.SZ,-0.09482758620689657,-0.02529277624603449,-0.021094022009822865,-0.023163986637103694,0.31046080508026447,0.25165232181316555,0.2806446069764822,-0.012198903156600138,0.2144748300705527
2024-04-11,300800.SZ,-0.15302491103202853,0.015223216445101152,-0.018583775807901787,-0.0019170994125687017,0.5107436786915543,0.27611668303050335,0.39178660660806164,-0.005518867102621427,0.17582074794519145
2024-04-12,300800.SZ,-0.1462522851919561,-0.005450569864363378,-0.048360884151362304,-0.02720631598122516,0.3940074246720479,0.17567242853355028,0.28331047865004383,-0.02525970422182259,0.14831736014853805
2024-04-15,300800.SZ,-0.08030592734225639,0.023816024993585042,-0.0034403167475700845,0.00999692203784984,0.539734492032996,0.4020747945142595,0.46994032996485613,-0.005477659544977953,0.3805551227240734
2024-04-17,300800.SZ,0.025484199796126372,0.01458843651930191,-0.031777263680633536,-0.008919207711258939,0.5888282252115937,0.3210575106308245,0.4530671202011157,-0.021125046491347534,0.28163916517924853
2024-04-18,300800.SZ,0.06878306878306883,0.006853252597125471,-0.032266868241778726,-0.012980846294338912,0.6766808229427519,0.37788584078719445,0.5251902575441644,-0.024943127370688857,0.40260187050503937
2024-04-19,300800.SZ,0.07457983193277329,-0.01217110988522601,-0.03296491395014149,-0.022713673591806323,0.556809669790546,0.34803474543377694,0.4509597284572323,-0.034144830070365985,0.35601558957443186
2024-04-22,300800.SZ,0.11991434689507496,-0.008536301441202113,-0.02330144142890855,-0.016022302005168874,0.5778833229177031,0.40429383158650756,0.4898725738773283,-0.016313606903820145,0.46388607638055285
2024-04-23,300800.SZ,0.09251559251559249,0.0026192057080705144,-0.03712903807347703,-0.017533354688451293,0.6268784967708101,0.34688270817179223,0.4849192174747282,-0.033782193293218556,0.3410417450926679
2024-04-24,300800.SZ,0.05666003976143141,-0.009425165513652266,-0.031525487362879134,-0.02063014033711539,0.5634589587414733,0.3713845502648123,0.466076263326662,-0.023217443618689416,0.36560242482882915
2024-04-25,300800.SZ,0.0663366336633664,-7.12139850301682e-05,-0.04162012448472653,-0.021136721504220746,0.6702054076072116,0.36151413105536,0.5136973709558272,-0.034577656550093296,0.37195520880269745
2024-04-26,300800.SZ,0.038123167155425186,0.0006999594389947278,-0.041238472350917474,-0.020563037342110107,0.631738693994611,0.3488759667344805,0.4883258623142092,-0.03423483674983022,0.36234492322126954
2024-04-29,300800.SZ,0.020076481835563875,-0.0032098054280734335,-0.044359003172479594,-0.02407265656107204,0.606008367697136,0.3505852269059613,0.4765075449751759,-0.03693473414671037,0.3494001829932576
2024-04-30,300800.SZ,0.0028544243577544037,-0.011232723617326692,-0.052249312836725265,-0.03202834155823771,0.4973432976367147,0.2890835301158327,0.3917545434216534,-0.041341928563126275,0.29149335954323397
2024-05-06,300800.SZ,-0.027281279397930458,-0.01749141587832096,-0.049625730743884613,-0.033783675850565374,0.489825618864521,0.313978901943334,0.4006704450470195,-0.03973052644806633,0.32278497834046
2024-05-07,300800.SZ,-0.01021355617455888,-0.02157595407341644,-0.051325032830846384,-0.03665888728915535,0.4725334168891397,0.3198162111878029,0.3951050221052429,-0.03956917115857398,0.32555005371772516
2024-05-08,300800.SZ,-0.0009416195856873921,-0.019450232293418027,-0.057404543434900146,-0.0386932597788784,0.4577669731583984,0.321651951070625,0.3887559693371132,-0.04155911816687866,0.35510664150835575
2024-05-09,300800.SZ,0.0009372071227740086,-0.01976469332048308,-0.05194010884463325,-0.03607779153426224,0.4430456465611426,0.3338402927113559,0.3876779804781688,-0.04228219972034911,0.34668059163162657
2024-05-10,300800.SZ,0.022770398481973375,-0.020979235881401923,-0.05020808167487745,-0.035798408356314836,0.4513441650365941,0.3333044493678948,0.39149743288220284,-0.037197727008601945,0.36905897121126563
2024-05-13,300800.SZ,0.05802707930367501,-0.026293658787527957,-0.05073150233498534,-0.038683768920633105,0.4389434718446252,0.3096089488475256,0.37337021531588327,-0.037369334930046606,0.35877374747217905
2024-04-10,300820.SZ,-0.006956521739130417,-0.04294751741232791,-0.0784612385993083,-0.060953153461538886,0.20006382416082452,0.10726495609447657,0.15301432925196734,-0.06862495088965506,0.15136920068514634
2024-04-11,300820.SZ,-0.0493775933609959,-0.05428320286370388,-0.06327679318050318,-0.05884299858793689,0.1683483026380808,0.17567964061986568,0.17206532803113284,-0.053919505361007126,0.18441406873533303
2024-04-12,300820.SZ,-0.04978354978354982,-0.04381201241083513,-0.07297385316687559,-0.05859721299327393,0.22911650951412565,0.1284985626047165,0.17810270213159113,-0.06464300508998935,0.1707482966742106
2024-04-15,300820.SZ,-0.04259850905218321,-0.04130005639652821,-0.08181986597886005,-0.06184380455182628,0.14653344183992933,0.13610439835498403,0.14124586410785653,-0.06626491089964606,0.1608031777829344
2024-04-16,300820.SZ,0.05118200596740863,-0.04711270394710401,-0.033555369586547396,-0.04023906693766731,0.27292329198915494,0.24591734093584622,0.2592311383770759,-0.031647020047996834,0.30019042116893113
2024-04-17,300820.SZ,0.02977232924693518,-0.03146043330129699,-0.06733968048372171,-0.04965139287675418,0.20804105628828984,0.22380184354155488,0.21603185504568312,-0.054267395276140364,0.2211989387335844
2024-04-18,300820.SZ,0.04561326931470955,-0.03868899400575149,-0.061288359527389855,-0.050146986492184756,0.21389201068648767,0.2214994306988799,0.21774901106376254,-0.034179679069689585,0.26313706044537516
2024-04-19,300820.SZ,0.1246013667425967,-0.024018833736342723,-0.051143585540893405,-0.03777121992945641,0.21951056771607494,0.2262430729113959,0.22292398186121984,-0.03956938853921902,0.28446247074785475
2024-04-22,300820.SZ,0.12547274749721904,-0.026494166570346027,-0.04828511852142063,-0.037542289292578114,0.25892022088242844,0.26198861339364954,0.2604759113864533,-0.026224653172859193,0.3126831690646521
2024-04-23,300820.SZ,0.09541484716157211,-0.023272205279801613,-0.06840942804338274,-0.046157005244136344,0.19580614258512966,0.2206862760319251,0.20842049593154927,-0.04597102183244165,0.23772137124853623
2024-04-24,300820.SZ,0.06717687074829937,-0.015500675907068018,-0.05931857335090031,-0.037716571269352336,0.3215691848327271,0.2683832316348961,0.29460363787783367,-0.026865812654177902,0.28059137527811123
2024-04-25,300820.SZ,0.02149864328950124,-0.010684656718854628,-0.04720698588669012,-0.02920166210962208,0.3176442910044466,0.3570471788131921,0.33762175417809626,-0.025315467468983756,0.31610755624963904
2024-04-26,300820.SZ,-0.05063803929511845,-0.03286795085420552,-0.058029723602598685,-0.04562509674931423,0.31013353392492543,0.3006870606874303,0.30534412427203594,-0.01411529426714101,0.2847975545962343
2024-04-29,300820.SZ,-0.06088159715358776,-0.02949445266368277,-0.06800912509753436,-0.049021586155194946,0.33394918682289654,0.28553083330159684,0.30940083698885645,-0.02341185267697047,0.26758687457202734
2024-04-30,300820.SZ,-0.08610723539964127,-0.028498081283895322,-0.09098484582280703,-0.060179186574344644,0.23106906342884387,0.2320369923152969,0.23155980826403677,-0.038237931449371744,0.2422300953197419
2024-05-06,300820.SZ,-0.1139442231075698,-0.026417444865987082,-0.0817605470526449,-0.0544766772556521,0.23146029857738298,0.26714483580311055,0.24955253922116338,-0.050115173868160924,0.27269312072028673
2024-05-07,300820.SZ,-0.09154066203514499,-0.0231381732541592,-0.0765167588225278,-0.05020138579405104,0.2690069119845666,0.2716741686665166,0.27035922459670214,-0.029137234491584153,0.26319422191444686
2024-05-08,300820.SZ,-0.030083208875613332,-0.022138294238195036,-0.06195444699069705,-0.04232528482605175,0.30532420894279233,0.2900879633345454,0.29759935544929084,-0.027977743051037764,0.28427580114727086
2024-05-09,300820.SZ,-0.07240580930330454,-0.03255729093809354,-0.07624401211623506,-0.054706679270999356,0.24125347119072554,0.25546979307997136,0.24846121820626593,-0.03896908749862708,0.20926915055936557
2024-05-10,300820.SZ,-0.02726281352235549,-0.025477270755074142,-0.06136533222495261,-0.0436726992187982,0.2875265757572925,0.3148641353377643,0.3013868565678557,-0.024671901460335634,0.2974604124843495
2024-05-13,300820.SZ,0.02023381294964044,-0.024076361419798346,-0.06635729348908051,-0.0455130075727789,0.27493519200830624,0.2881352723000164,0.28162769940006976,-0.018613591189433877,0.2711160152492146
2024-04-10,300840.SZ,-0.10415293342122611,-0.022682987837092015,-0.02063389912756899,-0.02164408950982393,0.44739326901753,0.3807068394341236,0.4135829123337492,-0.01586746395072173,0.4907208066638783
2024-04-11,300840.SZ,-0.11369680851063824,-0.021975206444777986,-0.018460481363538377,-0.020193223072980986,0.44210383068643194,0.4104889809196487,0.4260749421434912,-0.015700061509738718,0.5186977151470351
2024-04-12,300840.SZ,-0.06589673913043481,-0.017339353871172736,-0.017485315870169087,-0.017413357342031408,0.4811913404846355,0.43323549410173684,0.45687748410624784,-0.012473979318669037,0.5358909342500761
2024-04-15,300840.SZ,-0.056842105263157916,-0.0306409617411825,-0.005844729319302588,-0.01806914663824434,0.4382426251463215,0.5272103057590717,0.48334968866189865,0.003988840235040059,0.6186817824322333
2024-04-17,300840.SZ,0.006721433905899854,-0.004953420104394365,0.003295310818133789,-0.0007712718559206408,0.45624026682070806,0.5621438023877767,0.5099338943542929,0.038622202479318544,0.720410160496662
2024-04-18,300840.SZ,0.01986754966887405,-0.026069869549298373,-0.007111993457516393,-0.016458130599796075,0.4306745066933614,0.510851459503793,0.4713246268043635,0.010817422887215955,0.6470603950948666
2024-04-19,300840.SZ,0.03975993998499616,-0.01732615724462283,-0.015733235437773465,-0.016518537841463916,0.46783099806019846,0.4706734549032158,0.4692721380390673,-0.0009273281981719058,0.6353987424649983
2024-04-22,300840.SZ,0.019636363636363674,-0.012085645838425625,0.01275644073262899,0.0005094175497890579,0.4481042151820693,0.5989850566893626,0.524601564042683,0.027777366463583163,0.7133463020027874
2024-04-23,300840.SZ,0.032738095238095344,-0.015916459776320002,-0.009394042778727626,-0.012609561408742283,0.46771557850822093,0.48150187088985164,0.4747052983909872,0.007195523195592657,0.6271096417356923
2024-04-24,300840.SZ,0.06305637982195833,-0.023220409125702033,-0.02019034036758847,-0.02168414895810577,0.4025594840425388,0.38098974300641764,0.39162351637169635,-0.009481273268838108,0.5172080846079494
2024-04-25,300840.SZ,0.045454545454545414,-0.01212031220263857,0.01777764640164262,0.003038103847561753,0.41225690410099136,0.5,0.4567430969803723,0.015130665862516069,0.5646505107919397
2024-04-26,300840.SZ,0.031024531024530955,-0.004187471013556197,0.0033873671825980257,-0.00034698978171006,0.46170381932245574,0.44537953602834546,0.4534273252256974,0.009538038356738021,0.5509993116307051
2024-04-29,300840.SZ,0.01711840228245376,-0.0032601930814766113,0.006572749727470798,0.0017251585964973832,0.4512143404344361,0.4336824153243108,0.44232556583622057,0.020294508447813185,0.5323635467034129
2024-04-30,300840.SZ,0.025216138328530313,-0.01565486432317707,-0.013276485574593901,-0.014449014282605538,0.41272942909872307,0.42209653780415013,0.4174786005329221,-0.005266927778093488,0.5425059102872165
2024-05-06,300840.SZ,-0.037683182135380355,-0.01604417019988722,-0.007313934236679458,-0.011617896463332682,0.3870861860766625,0.40830004389402164,0.3978417191577498,0.001252950535773423,0.5077659866425551
2024-05-07,300840.SZ,-0.0331262939958592,-0.014580473904030113,-0.007947968471378238,-0.011217760143734967,0.38466191249496007,0.4164496189693003,0.4007784402618658,-0.0017738576798563051,0.5155638029217928
2024-05-08,300840.SZ,-0.0006997900629810427,-0.016812345261585992,-0.020788522837285727,-0.01882828737922953,0.44343796129767815,0.4201524175040579,0.4316320729609302,-0.01264445706983811,0.5352476622640929
2024-05-09,300840.SZ,-0.025946704067321136,-0.016895493542819173,-0.020044359222955523,-0.018491984350016588,0.378863406543149,0.3673113399631345,0.37300645042861347,-0.011180014301565932,0.4805850610736943
2024-05-10,300840.SZ,-0.025298664792691605,-0.013898875255223235,0.0008798927518569762,-0.00640596521658825,0.4317610777977572,0.49058171672964684,0.4615834388849961,0.007613328662259911,0.5591424326226679
2024-05-13,300840.SZ,-0.01377810007251623,-0.023273579234879573,-0.019715825430473215,-0.021469780083065503,0.41297671044777756,0.4281834413619155,0.42068659984226414,-0.005154576425282087,0.5430880628844664
2024-04-11,300922.SZ,0.16338880484114982,-0.026469285764177904,-0.025071286207595075,-0.025760492926607932,0.3512838184817785,0.36064893795173997,0.3560319813635473,0.010665549971479138,0.2819823959849176
2024-04-12,300922.SZ,0.041784702549575226,-0.0002490891116181037,0.014455383085893659,0.00720615257623979,0.42778443327216853,0.4201075104984637,0.4238921946437957,0.033108541296444215,0.2961442104710361
2024-04-15,300922.SZ,-0.06775244299674266,0.031606118476615964,0.009190692973919608,0.020241384509010314,0.4643419590217105,0.39810405620246286,0.4307590076732155,0.03664013897129489,0.25011813289333934
2024-04-17,300922.SZ,0.003597122302158251,0.030119162673989407,0.01808341065153087,0.024016975596663603,0.6650584009001631,0.4582186661887995,0.5601896104932171,0.007145062824535942,0.33941040464435485
2024-04-18,300922.SZ,0.08012093726379432,0.04082039421284479,0.03783951900365426,0.03930907542306736,0.7372282280018737,0.5651409460521892,0.6499791067067524,0.01720996024904916,0.4563368761750846
2024-04-22,300922.SZ,-0.06176853055916787,0.04549623675991514,0.06076004377831845,0.05323506402760002,0.5992541770027783,0.49497647635629993,0.5463848559872886,0.028184175704596824,0.30814672015948175
2024-04-23,300922.SZ,-0.06458191706322236,0.03155206377250142,0.016561456533576113,0.023951750173156344,0.6592807312712893,0.45925354994650947,0.5578659398468441,-0.012518538746930019,0.25942406219116887
2024-04-24,300922.SZ,-0.02096436058700213,0.036002717708552866,0.01927755463878814,0.027522975540382362,0.6981306787872329,0.5255285861002726,0.6106205458476035,-0.01603214347859553,0.3110442337704965
2024-04-25,300922.SZ,0.09390681003584223,0.0351434310026135,0.009506928074380337,0.022145594508094744,0.745769105157306,0.5666113929460663,0.6549352400013368,-0.023014973098439286,0.35020048784694774
2024-04-26,300922.SZ,0.04828551434569639,0.030118118514785942,0.01634978484822917,0.023137503791285645,0.6354716375607503,0.48321350624449905,0.5582759958092334,-0.024330320255357564,0.28687795709419234
2024-04-29,300922.SZ,0.08662508662508661,0.03209060572989415,0.014026744610260957,0.022932136887635863,0.6805261810067462,0.50994783331621,0.5940420970038129,-0.0187727692590001,0.3147513367843764
2024-04-30,300922.SZ,0.11482558139534893,0.037641395316120346,0.019318281546825664,0.02835148407079702,0.6988207803535734,0.5784648842284177,0.6377997330069307,-0.018759690029993593,0.4097485451041105
2024-05-06,300922.SZ,0.047822983583154954,0.030739261239136464,0.00466990401191111,0.017521965428345127,0.7010168172309946,0.5203064617888715,0.6093957541133597,-0.032583126322107504,0.3002017026923279
2024-05-07,300922.SZ,-0.023591087811271283,0.037006819941655375,0.009648495029493939,0.0231360110030237,0.6295079086699001,0.43489720376431173,0.5308392981528178,0.0001772577090421671,0.2886711572705034
2024-05-08,300922.SZ,-0.044058744993324406,0.025439816646006363,-0.0021090828768985485,0.011472385416987248,0.7100000549710369,0.5300379064369022,0.6187583365355267,-0.028011343926620115,0.29260162011461527
2024-05-09,300922.SZ,-0.08227040816326525,0.022393003511779894,0.022114398300038512,0.02225174926197552,0.5767276982938523,0.5355728123238115,0.5558619632017212,-0.007083097235449897,0.3422879155070161
2024-05-10,300922.SZ,-0.04889178617992174,0.0236611164099419,0.0034961413117072133,0.01343737216617267,0.6271513289872288,0.5491691005123901,0.5876139452016309,-0.026218198607465028,0.30617806632328215
2024-05-13,300922.SZ,0.042234332425068244,0.027938805617166457,-0.007121170286990077,0.010163220718567314,0.741297061269155,0.6452318269480211,0.6925915021681662,-0.02072792441428665,0.40634771221158233
2024-04-10,300989.SZ,0.14301310043668125,-0.061115167977628705,-0.06549881855036518,-0.06333770096323273,0.16048481519217797,0.1026064442598791,0.13114018874085975,0.027559790703479435,0.4974523346684228
2024-04-11,300989.SZ,0.1884480746791133,-0.057411028986731824,-0.04680471548247253,-0.05203357445933815,0.2719650588945066,0.21860496470433077,0.2449112215767728,0.0071840902690085365,0.5045641142896767
2024-04-12,300989.SZ,0.2708585247883919,-0.05007307689704943,-0.04848486567230374,-0.04926784578281389,0.2413117423730212,0.19141051436374673,0.2160115676824262,-0.001492836603217895,0.5379679249933038
2024-04-15,300989.SZ,0.39393939393939403,-0.028470690432265414,-0.034058015343704215,-0.03130349238828626,0.3191774963641369,0.2234765852080037,0.27065665094828306,0.0261454264281313,0.6956111589309314
2024-04-18,300989.SZ,0.20818291215403106,-0.046939635613697905,-0.038443937964278405,-0.042632273987069355,0.2322362830985937,0.1348060320835856,0.18283865363805038,0.020709869725196582,0.49892151367304716
2024-04-22,300989.SZ,-0.04489016236867249,-0.03756652440745448,-0.01784709851907917,-0.027568675863899356,0.2736563445283242,0.14544879174372258,0.2086544675905213,-0.02739605658918113,0.2254596110520345
2024-04-23,300989.SZ,-0.10063819342169855,-0.041677747511450605,0.006578728551222646,-0.017211470366703032,0.29779704403010077,0.21672110460818794,0.25669113316559744,0.003405719262816931,0.2781977274826954
2024-04-24,300989.SZ,-0.05518553758325406,-0.04346066521968429,-0.0018086554464291499,-0.022342885847964837,0.25951291435258883,0.18362656119896048,0.22103814994274007,0.011118858172993485,0.271877697809428
2024-04-25,300989.SZ,-0.09666975023126734,-0.04448759031937379,-0.0027538987673342875,-0.023328397873172507,0.2247269457039029,0.1854359210305896,0.20480619770502495,-0.002954618741723791,0.2623691974163077
2024-04-26,300989.SZ,-0.07768924302788838,-0.02833277489710539,0.001133348524749677,-0.013393301465930301,0.2881777027977859,0.2710563315695959,0.2794970810917384,-0.015490280702904513,0.2486828734153955
2024-04-29,300989.SZ,-0.0625,-0.03403541637341955,0.00042751165952279943,-0.01656253776167891,0.28161540729050466,0.29321050857957104,0.2874941822199313,-0.025898325777628885,0.2527836815050068
2024-04-30,300989.SZ,0.04530567685589504,-0.012593033408513785,0.01947510520981954,0.003665674872077187,0.38818635511193766,0.3840424022165284,0.38608535005963784,-0.003612774205221469,0.44123474858233075
2024-05-06,300989.SZ,-0.11127895266868082,-0.016168187276738695,0.018074849413979233,0.0011932053136520689,0.296887584074097,0.3226897305318944,0.30996940267489903,0.007461370139496737,0.49294279794629997
2024-05-07,300989.SZ,-0.07066052227342567,-0.02905815060488637,0.008632209595948782,-0.009948947579755387,0.3138102364149333,0.3578380620205324,0.33613256641574374,-0.026691592297124957,0.275669764258538
2024-05-08,300989.SZ,-0.016198704103671746,-0.01833093278696651,0.011683165182546768,-0.0031136334918833043,0.4376288515008856,0.38355299287581196,0.41021211799877605,-0.02047576095831819,0.3379252315458413
2024-05-09,300989.SZ,0.04533333333333345,-0.00778600790926493,0.0083310597572985,0.00038542681751993794,0.42559028144474964,0.3892160194364027,0.4071483468518452,-0.03665193367737477,0.28484011508174273
2024-05-10,300989.SZ,0.0663185378590081,-0.013706709591149266,0.026838771829742588,0.006850054315987146,0.3307634617936184,0.3589873569017585,0.34507311919427913,-0.0063723538908518115,0.3561045158935312
2024-05-13,300989.SZ,0.15637393767705388,-0.0023895497566082096,0.013410849099679673,0.005621332283626637,0.4347360429027264,0.3878477205087054,0.4109634265795932,-0.009050892034379287,0.4380826703329425
2024-04-10,301023.SZ,-0.0650563607085346,-0.06396013907748486,-0.036326214561807346,-0.04994959974760271,0.3162320584715757,0.3848585372386027,0.3510260298921487,-0.036474282801334725,0.32177503472021546
2024-04-11,301023.SZ,-0.08405797101449275,-0.05921403807212869,-0.015125254043056192,-0.03686080184266887,0.2578854135984011,0.2341968150361556,0.24587517445781723,-0.04770400687433821,0.25549034089797634
2024-04-12,301023.SZ,-0.09562398703403574,-0.05504912346617596,-0.024742312552608742,-0.03968341722973679,0.2392152640678582,0.19393791950382241,0.2162594216428288,-0.07107496034055874,0.20893671328494137
2024-04-15,301023.SZ,-0.04520358868184948,-0.014891264198421081,0.019045422132048784,0.0023148072117101064,0.4683715074503953,0.3403604550140588,0.4034692571818389,-0.02703914777491282,0.40924429358928344
2024-04-16,301023.SZ,0.08455467869222089,0.03106325676514821,0.024411999168208808,0.02769103556282753,0.6336011602062028,0.3633848591024882,0.49660013047403295,-0.014938755029261485,0.4902090930758244
2024-04-17,301023.SZ,0.02583534274888044,0.04513356281799299,0.01016150929710755,0.027402555011876596,0.6075945499162265,0.4339422978863794,0.5195519808845823,-0.02744421301689063,0.41363486915999886
2024-04-18,301023.SZ,0.053094233473980346,0.03512164981855515,0.016937447042759204,0.025902167148683094,0.615951760955451,0.4218106364980784,0.51752123009783,-0.03251692519418573,0.4238303984604458
2024-04-19,301023.SZ,0.07885304659498216,0.03439890453479871,0.009537290045984245,0.021793940393629092,0.6199423375744121,0.3727362159720121,0.49460758509171215,-0.04099318083947726,0.38385846974293725
2024-04-22,301023.SZ,0.14672930972172016,0.055144282587596544,0.017744812852041745,0.03618256249787656,0.7482786530654283,0.4807968675270425,0.6126640365390439,-0.01613162510537184,0.5121252670882234
2024-04-23,301023.SZ,0.08627858627858642,0.05032396380920351,0.023312907046802927,0.036629221576821955,0.7335469661905081,0.5430352683973314,0.6369565729866897,-0.002498917079817786,0.530831848616448
2024-04-24,301023.SZ,0.07387508394895903,0.04921372560976778,0.014328329137484084,0.031526653365064584,0.7365348805286918,0.5111335609019104,0.622255272800635,-0.01598718976840833,0.46356072879242044
2024-04-25,301023.SZ,0.06844741235392315,0.045946900735138296,-0.004384169461423806,0.020428793884121443,0.7303956401459324,0.4104391316430228,0.5681760739859181,-0.028469847522009574,0.3790735889294216
2024-04-26,301023.SZ,0.05780730897009967,0.045946900735138296,-0.0005769977054636936,0.02235904919737722,0.7341494125789501,0.4207798234397456,0.5752694478119842,-0.027444641111229275,0.3911127703721355
2024-04-29,301023.SZ,0.011660888748818099,0.06644522558442975,0.04219414622178001,0.05414980583651317,0.7416011302072073,0.6536443738948535,0.6970066104188957,0.0016786230924183635,0.5438293000838299
2024-04-30,301023.SZ,0.011164274322168932,0.046822776808467574,0.006166094838068018,0.026209633660970344,0.7555037165980208,0.4801992012933855,0.6159229365614589,-0.00987590437436684,0.42459825598934
2024-05-06,301023.SZ,-0.039399624765478425,0.04650723311626477,-0.003275586390916515,0.0212670921344044,0.7653417012845682,0.5072042791458699,0.6344647242074686,-0.02404623397249698,0.4055985495480468
2024-05-07,301023.SZ,-0.010937500000000044,0.04577464717369205,-0.004768118769962328,0.020149209509459635,0.7624746649089278,0.5160114677078206,0.637516578850772,-0.013578666274144424,0.4337790667543078
2024-05-08,301023.SZ,-0.027638190954773822,0.04509794789600648,-0.013526794726493773,0.015374907227252564,0.7584591526434155,0.4687005569323427,0.611550080821994,-0.01953384741525558,0.39449969422046344
2024-05-09,301023.SZ,-0.026479750778816258,0.04335370042786096,-0.00954358797516942,0.016534507982201706,0.7518942259462738,0.47566396852116777,0.6118440899779902,-0.02262860121420677,0.39347331182490836
2024-05-10,301023.SZ,0.001577287066246047,0.03914113274949796,-0.013237161258994875,0.012585073083713365,0.7153598484968061,0.3794698552927851,0.5450619251009114,-0.026904192627503577,0.39562344459142307
2024-05-13,301023.SZ,0.03352864583333348,-0.004348437173549525,-0.013236560716616882,-0.008854760710705775,0.655019734540912,0.3234420836048075,0.4869081904598439,-0.022030417768105694,0.3699123543428313
2024-04-10,301105.SZ,-0.17075009423294385,-0.050985441295437174,-0.03068278806604142,-0.04069189354365002,0.39139919795778766,0.19319821216855249,0.2909102968953968,-0.03784738581525308,0.27213892695095565
2024-04-11,301105.SZ,-0.07611548556430447,-0.028547202369935062,-0.035656454369598814,-0.032151629048122736,0.38413026791991084,0.18396492303648998,0.2826454268732631,-0.046290904427946956,0.2605838631908158
2024-04-12,301105.SZ,-0.06113375324194137,-0.034166696024850285,-0.0363459168041744,-0.03527157196890576,0.34881127103226844,0.18482270666203485,0.26566824046284665,-0.05194068717174919,0.24285506457559497
2024-04-18,301105.SZ,0.09257641921397375,0.016620976051885304,0.05451244425368901,0.03583214184946019,0.5488340136257593,0.48001623362428136,0.5139430515129084,0.003670028589924457,0.45234227209956024
2024-04-19,301105.SZ,0.17602830605926578,0.020755146281703798,0.044439517231338446,0.03276324200133702,0.5462556865980348,0.455361242827821,0.5001717444280451,-0.014134153086457856,0.4326982373308819
2024-04-22,301105.SZ,0.19999999999999996,0.01578253857916727,0.0631560787744056,0.03980116277872993,0.5289413368766271,0.5081880787017666,0.5184193301411335,0.014464246128186276,0.5234548777589936
2024-04-24,301105.SZ,0.1160714285714286,0.03869454915650124,0.0585355793562443,0.04875405170023772,0.5212605705083102,0.5076509459282044,0.5143604220934035,0.010227340231937021,0.3019358073138061
2024-04-25,301105.SZ,0.09629044988161017,0.024800434174198017,0.027863863960767,0.026353608551753664,0.5282295007449187,0.4045014549841162,0.46549875649765404,-0.026362395592356237,0.24220613995230966
2024-04-26,301105.SZ,0.09472422062350128,0.027995881752363054,0.025942247116980625,0.026954678617719247,0.5537783762319408,0.36013320777052493,0.4555992975697291,-0.03417540871595141,0.21369282644637044
2024-04-29,301105.SZ,0.05641218503196699,0.05737792554841076,0.02436534004288002,0.040640377924875314,0.6748640585448533,0.45923639820689,0.5655397454505777,-0.013124976019055523,0.2776160169164143
2024-04-30,301105.SZ,0.03295454545454546,0.030677699954189775,0.03770721681036586,0.03424170051182501,0.5714822722570125,0.4438636921310134,0.5067790074324798,-0.031236434434740702,0.28198207699869937
2024-05-06,301105.SZ,-0.023636363636363567,0.05148529152167027,0.01435934798284658,0.0326622505954864,0.660875385483048,0.40096664169299756,0.5291003393803904,-0.038156435408565316,0.21145559758087687
2024-05-07,301105.SZ,-0.00683945284377252,0.03785393150646889,0.016544445013139692,0.027049914203570013,0.6148252843959096,0.390400891007332,0.5010409832058359,-0.03611452673302854,0.22094243407137557
2024-05-08,301105.SZ,0.013508579773640061,0.04274812472595095,0.0196593151637612,0.03104198163839581,0.6786772138807418,0.4074848126939846,0.5411812964754291,-0.04059919180229902,0.2684005734183403
2024-05-09,301105.SZ,0.007831968672125322,0.0429300763708297,0.01989955615774987,0.03125348627773811,0.6606177343569337,0.43583849530231683,0.5466535246215769,-0.028457270269184577,0.26552934744371204
2024-05-10,301105.SZ,0.03777044371103777,0.04619625710438122,0.02015592609864073,0.03299367773451672,0.7278857640937428,0.45208269615960117,0.5880522153554444,-0.03045327797646128,0.3254826786781462
2024-05-13,301105.SZ,0.039478584729981225,0.05194487478073936,0.022258624062191843,0.03689379569810711,0.7361592232621496,0.46691404145453513,0.599650555918981,-0.027961989457692384,0.32370069564557685
2024-04-10,301115.SZ,-0.08890214797136053,-0.004682427558901028,0.007457612972573999,0.0014726343193384624,0.4992178947295447,0.3961223567351282,0.44694793615067296,0.043340700172920875,0.4443982471431013
2024-04-11,301115.SZ,-0.09330143540669844,-0.008599473510895649,0.003500119627403476,-0.0024649186653275656,0.4487755548633775,0.3461650304327272,0.39675150061151576,0.0398131055805517,0.3805240536676019
2024-04-12,301115.SZ,-0.04277743335399875,-0.009575864539670213,-0.015126319046617012,-0.012389973014352539,0.5275808867995007,0.3421813418047274,0.4335823808899305,0.0038591191620171664,0.4234731983812901
2024-04-15,301115.SZ,-0.010396361273554255,-0.013802341296762454,0.004909173446789584,-0.0043155087953754105,0.5686200730549315,0.5,0.5338293493627512,0.020421829709691607,0.5735629256167915
2024-04-16,301115.SZ,0.07272727272727275,-0.0010747032686911997,0.02693873392974758,0.013128250908564489,0.6386512664631445,0.6125090743593185,0.6253970430019711,0.03756313289973586,0.7134566924244802
2024-04-17,301115.SZ,0.015062213490504295,-0.0011468064173177168,0.01301522794460722,0.00603341654762249,0.6073066012787686,0.605222839386294,0.6062501234725828,0.030802076884428785,0.6763117562031641
2024-04-18,301115.SZ,0.02836411609498679,-0.0023275491922620773,-0.0005619467658793224,-0.0014323798426556932,0.627868911224187,0.565232768297343,0.5961120703364297,0.002229168589925579,0.6167942011181915
2024-04-19,301115.SZ,0.0019430051813471572,0.002976613531210127,0.03059120148970679,0.016977349128917612,0.5853736817960419,0.6870334101659689,0.6369156776419069,0.032178128674191085,0.7052903103548311
2024-04-22,301115.SZ,0.040052527905449775,-0.0037649748923618037,0.00746418403617723,0.0019282654116180979,0.6589275996421062,0.6268179212851381,0.6426478305041778,0.011465882855832022,0.668706416140633
2024-04-23,301115.SZ,0.022816166883963485,0.0035744461630013054,0.0011608279810640422,0.0023507295516974765,0.6409377651490265,0.580269055349741,0.6101784227959755,0.008725021873844796,0.6287212358290846
2024-04-24,301115.SZ,0.029677419354838808,0.0019448908145385105,0.004311938703001828,0.003144996051788296,0.6358598987775785,0.5889019387047372,0.6120519757994893,0.007367677381930194,0.6264538079282328
2024-04-25,301115.SZ,0.029506093649775522,0.003578705279589417,0.0006316815827427831,0.002084549377580644,0.6720723229118609,0.5849297355560494,0.6278905908975165,0.003954132227059504,0.6267369775079364
2024-04-26,301115.SZ,0.025856496444731647,0.002086921458108479,0.0002553926748804676,0.0011583271125362744,0.6382466634030399,0.5446704212890963,0.5908030359249311,0.010434325952770352,0.5830329219603726
2024-04-29,301115.SZ,0.010732323232323315,0.020192067539665688,0.03562280081085532,0.028015527260787494,0.5916109644603847,0.7061786927849887,0.6496973814916127,0.04359774452821493,0.7115053450392075
2024-04-30,301115.SZ,0.004461440407903083,0.003323345281269755,0.002162671487046148,0.0027348778041328143,0.6352484451310912,0.5922261167030618,0.6134359072788564,0.012536401010409393,0.623060690427059
2024-05-06,301115.SZ,-0.03007518796992481,0.003817471726576765,-0.0010322208084693162,0.0013586531117415522,0.6412429313935115,0.5520136657115738,0.5960032429263868,-0.0013693231105078914,0.5851526397136683
2024-05-07,301115.SZ,-0.03177570093457949,0.003390000884925603,-0.003590004995067047,-0.00014889735766620118,0.653234661755478,0.5741412094529497,0.613133881875586,0.0005012876796983371,0.6077071547233945
2024-05-08,301115.SZ,-0.02961562696912401,0.003312169089074653,-0.007103244026837107,-0.0019684979770405652,0.6736504694678493,0.5986842279081722,0.6356422062843328,0.0010287129352392847,0.6326503777862859
2024-05-09,301115.SZ,-0.02623360399750163,0.002750988959243697,-0.0006714004890488005,0.0010158202198099404,0.628100289081535,0.6014700471604734,0.6145986218975041,0.002574109946729764,0.6203313091178269
2024-05-10,301115.SZ,-0.0031725888324872775,0.002252421643285073,-0.0036742043142395896,-0.0007524076571746399,0.6935973602450238,0.6460529018738282,0.6694920796668102,0.007552756845500242,0.6691234734328181
2024-05-13,301115.SZ,0.018733850129198926,0.0004973850716560773,0.0012773554156923113,0.000892833976318957,0.6429711018593838,0.6242233618738554,0.6334659029773129,0.013997809985910792,0.6460111615535409
2024-04-10,301120.SZ,-0.08975712777191147,-0.07757289770619405,-0.04152800336070765,-0.059297954182252005,0.29153450391079055,0.26382472480349634,0.2774855059197582,-0.04590536070871413,0.3105829434599323
2024-04-11,301120.SZ,-0.11746361746361733,-0.06126946737128896,-0.02448263067361883,-0.0426183553266622,0.22994547644739366,0.2654093219773601,0.24792582528653784,-0.03891819662515975,0.3011052323014462
2024-04-12,301120.SZ,-0.09656652360515028,-0.07538287558059664,-0.04417201144609127,-0.05955880979406625,0.25604402458939163,0.22153751464908766,0.23854904973045257,-0.05416960095008808,0.25665298795845065
2024-04-15,301120.SZ,-0.02491506228765583,-0.022939276368195715,-0.002272192620703394,-0.012460960502711768,0.47810424565223875,0.39873205926044153,0.437862146180985,-0.020857945960427927,0.40364220227688574
2024-04-17,301120.SZ,0.02298850574712663,-0.05288413637926947,-0.013933265771938024,-0.033135848210226956,0.3051934182613265,0.3153290675918514,0.3103322436749463,-0.007510779019055646,0.4157831852382725
2024-04-18,301120.SZ,-0.013921113689094988,-0.053703213725126486,-0.02961061127797533,-0.04148814257395777,0.3615841066032679,0.2800011886023443,0.3202211550380632,-0.03716425876964128,0.34865744313455155
2024-04-19,301120.SZ,0.016489988221437102,-0.04671536461662632,-0.033381467463965114,-0.039955011400347615,0.37032826029348515,0.26504796111189644,0.31695061675579006,-0.042529886635135385,0.3300788674146881
2024-04-22,301120.SZ,0.07482185273159159,-0.06005946323699966,-0.024455374595385836,-0.042008010431773275,0.3727210894001467,0.30865924061925626,0.3402414084420393,-0.031732739328566496,0.39070632448284903
2024-04-23,301120.SZ,0.03716608594657389,-0.0508601771132201,-0.04351934441850605,-0.04713833785274782,0.3414156850054818,0.256349608715333,0.2982867545914999,-0.02847727461360553,0.41419726248453126
2024-04-24,301120.SZ,0.020224719101123556,-0.04383725071867122,-0.03490025315615167,-0.03930614780675204,0.3709896170809002,0.29169806004133214,0.3307883970985482,-0.015304321807646104,0.443471702901287
2024-04-25,301120.SZ,0.07176470588235295,-0.04801879444673001,-0.0138135376789888,-0.030676556468144205,0.42321721446308147,0.35893968417265404,0.3906281818900638,0.01049654073288916,0.5424855145171541
2024-04-26,301120.SZ,0.1031286210892235,-0.03993720786063549,-0.025698577246857198,-0.032718150209058425,0.3416188120050585,0.3276367285567448,0.33452982506239115,-0.006681723714576903,0.48094111912617915
2024-04-29,301120.SZ,0.12486187845303864,-0.04567314904239326,-0.022897258679392473,-0.03412565756962505,0.2859222538464593,0.32235218382297887,0.30439241238044945,-0.0079969844868926,0.44044267143605936
2024-04-30,301120.SZ,0.2127659574468086,-0.03289331577242979,-0.04380556780231716,-0.03842588267785021,0.34206241860586883,0.287642133124773,0.31447105894778826,-0.02139274340932066,0.44446289123879507
2024-05-06,301120.SZ,0.1806167400881058,-0.03722733923006209,-0.03782672737343509,-0.03753123204672765,0.2974611376165281,0.279940013084033,0.2885778389657332,-0.023212757304163646,0.41251401913752145
2024-05-07,301120.SZ,0.15916575192096616,-0.03608915745725596,-0.04340541458486086,-0.039798536781053606,0.322715261590302,0.28659312097096945,0.304401153815289,-0.020182923659890308,0.42836579706771505
2024-05-08,301120.SZ,0.05147058823529416,-0.033246102188629945,0.022724260516896026,-0.004868845547118307,0.28471974065950856,0.43755084977120035,0.36220588504787,0.03088707807713017,0.48184212777759444
2024-05-09,301120.SZ,-0.03929273084479379,0.00801522950407681,0.09719618047926565,0.05323042217080476,0.3849065133087662,0.696379048970053,0.5428246623789359,0.1034198888191484,0.6568016093911941
2024-05-10,301120.SZ,-0.09510618651892888,0.005387992576496583,0.03399948219511571,0.019894162352011375,0.4389297313304232,0.42184827752458337,0.43026934795916116,0.0724645036037985,0.3187118116611273
2024-05-13,301120.SZ,-0.043843283582089554,0.008726362535876863,0.04770076233442129,0.02848658012372859,0.4138176439227424,0.5,0.45751253382798546,0.04350708797827859,0.3247569248314328
2024-04-10,301312.SZ,-0.09316987740805605,-0.05738962068109792,-0.0504217697714234,-0.05385688506986161,0.11148087424868602,0.3059515261524734,0.21007847718633862,-0.05964290809816778,0.24732212865659434
2024-04-11,301312.SZ,-0.08062234794908063,-0.06772159787968096,-0.03141689122663445,-0.04931492820329201,0.18740193256822174,0.2083466581091922,0.19802101422558363,-0.05451812752063593,0.20660796790730784
2024-04-12,301312.SZ,-0.09932239657631958,-0.07578910280023782,-0.03495458498109806,-0.055085795979042194,0.16942487413564467,0.19964668122434537,0.18474748300345611,-0.07036601784430577,0.2150614170500757
2024-04-15,301312.SZ,-0.03417334860633825,-0.005404336347775474,-0.006228338803536657,-0.005822109755523327,0.3996937894393397,0.2774302723645234,0.33770556863434287,-0.01947605579202464,0.46506859985368415
2024-04-16,301312.SZ,0.10537407797681775,0.01857580363097864,0.0054688842128488985,0.01193052927274836,0.6091747399243637,0.307989237421835,0.4564721686334852,-0.0027319785399256055,0.5520814602125379
2024-04-17,301312.SZ,-0.011394360757049138,0.05181547301276626,-0.008067404988062627,0.021454551351379934,0.612801185320292,0.32993040855662215,0.4693842725009315,-0.021561087544269143,0.4656091356003033
2024-04-18,301312.SZ,0.015576923076923155,0.035995475045162276,-0.0069204957235925665,0.014236861063474958,0.6156766045104088,0.31843386096644144,0.4649730319294613,-0.025194257614631156,0.4234980234564566
2024-04-19,301312.SZ,0.05167293605226697,0.03634298121494268,-0.007683039213417311,0.014021566448111837,0.5968236052451978,0.30501498261533977,0.4488751594196727,-0.02633105018874308,0.3970712390325032
2024-04-22,301312.SZ,0.08638070764973316,0.0343098486751668,-0.00408438057984108,0.014843780483780506,0.617007806777651,0.32358211109435925,0.4682394967449419,-0.007660928854989179,0.47293647853855264
2024-04-23,301312.SZ,0.024594852240228837,0.040344896953379575,-0.010681260220513439,0.014474377493431308,0.637577226708787,0.3356051118764334,0.484475838992897,-0.021139207235462622,0.3886916148630797
2024-04-24,301312.SZ,0.07013088493846453,0.0516529643924206,0.004074164691717175,0.027530272586661814,0.6062513554724434,0.3546012981975784,0.4786635051540301,0.028896624191988095,0.42235243034851866
2024-04-25,301312.SZ,0.041848134822950245,0.06033824850724781,0.0008939719612000435,0.030199699999152403,0.587609454477525,0.3688893834998844,0.4767172735667631,-0.009342532796365688,0.45730489660809326
2024-04-26,301312.SZ,0.0011295180722892262,0.03592925765697084,-0.011196276085990133,0.012036373981586173,0.5490973603366026,0.3134328337170016,0.42961425481574966,-0.023268267960139512,0.3179178570466354
2024-04-29,301312.SZ,-0.026928675400291202,0.03181427868749992,-0.016713516165440596,0.007210441545444726,0.561097411242758,0.31956573249314724,0.438639629952444,-0.02663663949873144,0.34023648023091624
2024-04-30,301312.SZ,-0.051358392259025054,0.03148707964980025,-0.011452854719288901,0.009716316001684665,0.5969581622331188,0.31604611115650005,0.4545343332321392,-0.02389108450607428,0.3585863609702812
2024-05-06,301312.SZ,-0.10916392844103695,0.029566811415189,-0.023526340047188895,0.0026483154089839925,0.5669779099789173,0.3014191053270139,0.4323382544764507,-0.05062163077849239,0.2952641052709083
2024-05-07,301312.SZ,-0.051435841512177505,0.029583650494481306,-0.02749634893711014,0.0006438024272168042,0.5735030861547753,0.30533092118916605,0.4375384437711455,-0.02990908447223565,0.30699500915999217
2024-05-08,301312.SZ,-0.05490786009778115,0.029829608107313773,-0.01696232607485153,0.0061058610945232145,0.5514478577256912,0.31764597206638673,0.432909120581356,-0.01897865140607128,0.35657853956448293
2024-05-09,301312.SZ,-0.05459985041136861,0.032768977968406277,-0.022637095477262153,0.0046778188323061045,0.5692693995515234,0.3071025978248061,0.4363495066677697,-0.04072416534784499,0.32221361893642975
2024-05-10,301312.SZ,0.04158493526873297,0.03642220117989434,-0.0008433725629843312,0.01752836703487389,0.6024907913675703,0.3515871362968922,0.47528137073733756,-0.018203452164824697,0.4340927247875524
2024-05-13,301312.SZ,0.08401639344262302,0.03442362807112018,-0.004216468207965108,0.014832904056461179,0.578859662639044,0.3482115333858385,0.46191989592467614,-0.023258693955553057,0.4173318071283627
2024-04-10,301459.SZ,-0.12392426850258176,-0.05336816326975837,-0.03948439387321431,-0.04632902204799892,0.49536750379618133,0.28774877907560825,0.39010376151928206,-0.037245582501567655,0.31251010313218125
2024-04-11,301459.SZ,-0.07333164171530049,-0.03319556259990639,-0.04050696918906056,-0.036902482676205675,0.5059275767372193,0.2787647113411516,0.39075485640519736,-0.04389009696599392,0.27188643280627045
2024-04-12,301459.SZ,0.015789473684210575,-0.02304743252966842,-0.02240751084895771,-0.022722989004806245,0.5526805302393154,0.3231621485006918,0.4363135512220735,-0.041722373302418604,0.30496389859803497
2024-04-15,301459.SZ,0.039944521497919716,0.002830783566854614,0.005201874812962613,0.004032938806856396,0.5964862370544313,0.39180942253858525,0.49271405811320396,-0.026992379855597805,0.4101399262871461
2024-04-16,301459.SZ,0.13678696158323644,0.008707061468386743,-0.004001911518468872,0.002263547961149209,0.4845257180502886,0.30372638531316093,0.3928595429945928,-0.0028686684551486926,0.309118271918832
2024-04-17,301459.SZ,0.12405276452427705,-0.03830460067707138,-0.05167429025324281,-0.04508310083288512,0.3349970917188272,0.2164851105132268,0.2749109185514467,-0.05614459821513965,0.15771083843262104
2024-04-18,301459.SZ,0.09638554216867457,-0.056295728839874874,-0.04199437410029955,-0.04904486973965039,0.31411631706677867,0.2439833722746984,0.2785585597611728,-0.03823556864422376,0.2282685585706281
2024-04-19,301459.SZ,0.032642487046631974,-0.03717567692698464,-0.03602758505855577,-0.03659358854978672,0.4386539711536934,0.3280027318781824,0.38255323385558626,-0.02580446870341139,0.2608080135799517
2024-04-22,301459.SZ,0.07655374766604428,0.00965516040470907,0.002278443867154329,0.005915127854639376,0.4305422696627015,0.3581563540195982,0.39384224475411983,0.009914346802092766,0.24739101141668626
2024-04-23,301459.SZ,0.04352278545826915,-0.041377647271370416,-0.043723864858665085,-0.04256719144069765,0.4207069368095408,0.3010705981777763,0.3600507087470918,-0.041895860683452114,0.24006994912772045
2024-04-24,301459.SZ,0.05617977528089879,-0.06299776061432148,-0.07411767403638514,-0.06863561289463439,0.19605110130131528,0.19341842228460554,0.19471631974013526,-0.055485559814043385,0.16087031953350786
2024-04-25,301459.SZ,0.03796203796203801,-0.05963590243540004,-0.07604979213258031,-0.06795782743118646,0.17188895048192537,0.1892810863368379,0.18070685122156382,-0.07001665713032271,0.18284735262727278
2024-04-26,301459.SZ,0.06497742097340709,-0.05232165341870569,-0.0855039707633985,-0.06914525594214375,0.18876693182472656,0.16381926033407293,0.1761183363488837,-0.060421359081662275,0.14669241810763636
2024-04-29,301459.SZ,0.05227948463825571,-0.06357128650837574,-0.0955652967032062,-0.07979241130377046,0.15822558774650367,0.15712538812857318,0.15766778098224943,-0.06912086937897602,0.1541175319205231
2024-04-30,301459.SZ,0.0022080471050049955,-0.05563926540072656,-0.09517150655737794,-0.07568231137522885,0.1883595243955362,0.15730645931897325,0.17261546352854834,-0.06921904541935067,0.1521046310581943
2024-05-06,301459.SZ,-0.05933806146572096,-0.06222035111949035,-0.09230391449349935,-0.07747286972557665,0.23699099331107845,0.19592264719997243,0.21616913436460747,-0.06683504676509092,0.17513115484668257
2024-05-07,301459.SZ,-0.032964388835418745,-0.049245195500399415,-0.0911180440601001,-0.07047494125247514,0.22767600230822765,0.17931780047816656,0.2031581496855185,-0.05892594023546697,0.1866276306078959
2024-05-08,301459.SZ,0.01719670200235557,-0.04980987843790875,-0.07763722136916883,-0.06391848188159804,0.24766401677348948,0.230342267407895,0.23888180233951217,-0.05676416873995852,0.19569178779425306
2024-05-09,301459.SZ,0.04308923946315035,-0.04747514953001243,-0.09583315689659999,-0.07199290355875809,0.22020295043525387,0.17561526382135229,0.19759676807494092,-0.05504221858938888,0.1716459226856444
2024-05-10,301459.SZ,0.07711138310893517,-0.04955830172893878,-0.06739588204193554,-0.058602045059112144,0.2836951619910005,0.2655421181315777,0.2744914770491375,-0.039058483591487815,0.2404167853254278
2024-05-13,301459.SZ,0.09273686855993968,-0.04731743603514838,-0.08813981975067087,-0.06801459080451126,0.2368700140043282,0.2042100684902969,0.2203112566379417,-0.043349161116124336,0.22633886652396523
2024-04-10,600010.SH,-0.012121212121212088,-0.003954431586692225,0.025918938436135675,0.011191517928495242,0.4815042869047724,0.5154160100059727,0.49869770183155526,0.005449300515850653,0.6485287946266498
2024-04-11,600010.SH,-0.012048192771084376,0.003300699442166015,0.04034201407790662,0.022080833086960384,0.58081397126619,0.7494979845735414,0.666337618167093,0.008992523384749618,0.6575647034495743
2024-04-12,600010.SH,-0.012195121951219412,0.004806418379178078,0.032094957835499524,0.01864184573915829,0.6360405672441523,0.8037325396276058,0.7210612443850692,0.00037428368740118935,0.6477231742146734
2024-04-15,600010.SH,-0.006134969325153228,0.00510050710393129,0.039654097756877144,0.02261935212202108,0.6055116990062067,0.7871326292201961,0.6975944281331989,0.004209639571347979,0.6689468852894411
2024-04-16,600010.SH,-0.006249999999999978,0.0038892978707199747,0.029312851558929213,0.016779168024774457,0.6529553506963498,0.8158367750054786,0.7355370556617664,-0.0009345811534713696,0.6531693080739778
2024-04-17,600010.SH,-0.018404907975460016,0.001740129623078665,0.033981526644465715,0.01808668078928075,0.6625834112924436,0.7769988019573966,0.7205925923606525,1.0898064589171322e-05,0.6292883538284555
2024-04-18,600010.SH,-0.024390243902438935,0.009495492030992647,0.011784400445582512,0.010655980160245368,0.7015425011474793,0.5982571143098402,0.6491762882460196,-0.034038423388827156,0.38272075257534416
2024-04-19,600010.SH,0.0,0.00980091505439851,0.0192736646533993,0.014603646955313673,0.7254446921386873,0.662420615175553,0.6934911667347744,-0.02726516394004922,0.40731899539497163
2024-04-22,600010.SH,0.0,0.011630703299711165,0.014608775651711339,0.013140601026733676,0.7314714640269826,0.6292964494568275,0.6796682154744907,-0.03557035445884552,0.3660847906701742
2024-04-23,600010.SH,0.0062893081761006275,0.013143171122389876,0.011747105688464748,0.012435358894778113,0.7247413230955789,0.6474554155223784,0.6855569775247697,-0.037309058494200444,0.3755399799296951
2024-04-24,600010.SH,0.012499999999999956,0.009151460351558118,0.005088094838290796,0.007091313509113765,0.7273842985050077,0.601098984744121,0.6633570064629519,-0.037081499842662326,0.3796638384849648
2024-04-25,600010.SH,0.018749999999999822,0.010558849017211748,0.0034145548730010154,0.0069366557947136455,0.7351476015802635,0.6188730591964476,0.6761958211985706,-0.03507544939516575,0.3884858244284332
2024-04-26,600010.SH,-0.006172839506172867,0.009511405337237466,0.009604587803930555,0.009558649318587936,0.7407777509923013,0.5818971540203369,0.6602244856981159,-0.03660563584155189,0.36319757443827805
2024-04-29,600010.SH,0.0,0.011567585556008533,0.01700663612237435,0.014325211670028398,0.7272792346976709,0.6359902128583219,0.6809952394533091,-0.03132268151102683,0.3813211002156746
2024-04-30,600010.SH,0.006250000000000089,0.015632554586990834,0.0075892374560953026,0.011554552168579587,0.7629812203396767,0.6635651536418662,0.7125767722960539,-0.035153975573037045,0.39843893547552933
2024-05-06,600010.SH,-0.01851851851851849,0.010931707780581732,0.012075684976679702,0.011511709998121478,0.7397105377792969,0.5993002122949146,0.6685217934370147,-0.03657702516983211,0.3606566658917893
2024-05-07,600010.SH,-0.018404907975460016,0.00938619530941346,0.012002392092824086,0.010712620295046271,0.7051084230545357,0.5636217535425585,0.6333739668528124,-0.023282914323799177,0.4267767354844369
2024-05-08,600010.SH,-0.012422360248447228,0.009664907881513921,-0.010903823191807261,-0.0007635426813094471,0.7356589274818225,0.5637249662939022,0.648487540587458,-0.02909364556935249,0.4473779238869618
2024-05-09,600010.SH,-0.01851851851851849,0.010838604506070161,0.010912354237162098,0.010875995992300994,0.7193395946063403,0.5815894762492919,0.6494995887163904,-0.019943720422516166,0.45518211378240836
2024-05-10,600010.SH,0.0,0.013097965734027881,-0.0034436931745398143,0.004711261102606436,0.7466508698231015,0.5409014954559613,0.6423348976189345,-0.02919145490155576,0.41892541796790533
2024-05-13,600010.SH,0.012578616352201255,0.016863636804968572,-0.00891531239059282,0.003793579333307577,0.5713231395666115,0.39916133090763406,0.4840362328533864,-0.039278871451371246,0.29950623955407896
2024-04-10,600011.SH,0.026557711950970564,0.005918810106714306,-0.004406884663920651,0.0006836306948915308,0.6671786317793642,0.5672472695545523,0.6165129263003934,-0.011967665566434504,0.4757401880522038
2024-04-11,600011.SH,-0.03413654618473916,0.004904019504825296,-0.006456717399081543,-0.0008559314973687168,0.6727066201945451,0.47066453859752666,0.5702702641532473,-0.009533701066287292,0.4086323280587195
2024-04-12,600011.SH,-0.05247524752475241,0.003283228252382992,-0.01281914683734579,-0.004880757263723083,0.6376724046934803,0.416084813487771,0.5253263765410138,-0.021576322051102083,0.3769731507542688
2024-04-15,600011.SH,-0.0631163708086786,0.004177213762375007,-0.01071055182216787,-0.0033709585986650406,0.6460295913034804,0.4650032273224206,0.5542483102601997,-0.014346761855906364,0.39640070387573
2024-04-16,600011.SH,-0.061491935483870885,0.007287133051271333,-0.007709320822241735,-0.000316144821345636,0.6724588051197509,0.5656207294927067,0.6182913610546701,-0.0046274103251405015,0.44302663502107203
2024-04-17,600011.SH,-0.032835820895522394,0.0031899110368918027,-0.013836745861585464,-0.00544269002551565,0.6711653853989609,0.4363224471702529,0.5520988293427723,-0.014281149296250717,0.4295507134862128
2024-04-18,600011.SH,-0.015592515592515399,-0.004158401848255385,0.018784298079666206,0.007473662916612453,0.4591994189151377,0.7148242347874966,0.5888024919220758,0.023408860627584814,0.5333192237537058
2024-04-19,600011.SH,-0.015673981191222652,0.0032544404938219303,-0.007205079309067355,-0.0020485888854080547,0.6424535934541828,0.5269304760409749,0.5838827893286198,-0.006340770051858768,0.47376776146222976
2024-04-22,600011.SH,-0.029473684210526208,0.004458388798837986,0.009508826062952714,0.007018986005428676,0.6415022122128526,0.6481496745388958,0.644872509193656,0.007276320958661231,0.5199584283904818
2024-04-23,600011.SH,0.005370569280343629,0.0037222966804604215,-0.014101217417620143,-0.005314315007691047,0.668241981282041,0.5625955866294998,0.6146787254911401,-0.007977853963735881,0.50136063852297
2024-04-24,600011.SH,-0.02880658436214001,-0.01972378276463855,0.0037026079196519936,-0.00784648434279365,0.33778729758742077,0.44650883986917345,0.39290966876129296,0.014801545157170993,0.382433398771676
2024-04-25,600011.SH,-0.025343189017951406,-0.008441369306540006,-0.0023787894312124434,-0.005367610682945302,0.6135610513655237,0.6476176793680782,0.6308279338093205,0.002769356672531942,0.5260071429556997
2024-04-26,600011.SH,-0.0286624203821656,-0.00806030157059051,-0.004526889445954859,-0.006268843773388934,0.5813929438168226,0.5535644903094359,0.5672837773054267,-0.005762926495629627,0.45870631445670373
2024-04-29,600011.SH,-0.005422993492407935,-0.007525951699323379,0.005135967765768131,-0.0011062945653241615,0.40060041627468196,0.6047778531192796,0.5041194082138415,0.009422304582487684,0.4418441279384013
2024-04-30,600011.SH,-0.010683760683760646,-0.0043916628396470205,0.0031356641418738736,-0.0005752700336360589,0.5150839252616888,0.5437522474235421,0.5296189094237287,-0.0027439272117944277,0.43557788482905846
2024-05-06,600011.SH,0.0021186440677967155,-0.005474313548705446,0.0025228126544159894,-0.0014197301640219483,0.5191105891990254,0.5766550487006173,0.548285920868129,0.000639352713983599,0.4534854074907324
2024-05-07,600011.SH,0.028169014084507005,-0.003168059037101731,-0.0068360969638869805,-0.00502777279609273,0.607466864985163,0.6164985957828223,0.6120459981258692,-0.008304138754296175,0.4729622884534245
2024-05-08,600011.SH,-0.003278688524590234,-0.003942584198341339,-0.010231892980687673,-0.0071312955231785154,0.5940728364596349,0.5496575006352143,0.5715540368202667,-0.012089288928512942,0.43753151366069415
2024-05-09,600011.SH,-0.026172300981461283,0.0029906839690686067,-0.008343046648017296,-0.0027555747092774434,0.6415598078041613,0.5234955151144387,0.5817006149759536,-0.013032088407842124,0.39471740820973583
2024-05-10,600011.SH,-0.048596112311015016,0.0020657199111075958,-0.009659073752023618,-0.0038788097071468615,0.5335281465301333,0.4706596109192512,0.5016534813775725,-0.015296332372662291,0.3578478074282844
2024-05-13,600011.SH,-0.052854122621564525,-0.008499250923384875,-0.0019969498869130305,-0.005202551449716622,0.37714570330335206,0.509157744030183,0.4440764748472912,-0.0038965746629158523,0.37272012496267415
2024-04-10,600021.SH,0.002178649237472685,-0.002817067973721965,0.0023277787344438243,-0.00020860470206189672,0.40203396249418843,0.5559877688910992,0.4800893200777726,0.00764389121347594,0.3712480325597159
2024-04-11,600021.SH,-0.011917659804983827,0.00011721760747624528,0.0054870721450741185,0.002839760985347834,0.4982010461406912,0.6142709093114969,0.5570490531273942,0.005155867678007653,0.4277221536254919
2024-04-12,600021.SH,-0.0065789473684209065,0.0029958870940294023,-0.0005969589414464883,0.0011742960037849411,0.5950878078407127,0.6208949124771622,0.608172140263139,-0.014214912793290934,0.4185103333699543
2024-04-15,600021.SH,-0.031419284940411796,0.002129698305370224,0.0035016019901559815,0.002825260404108549,0.5304743475311778,0.5743999518534412,0.5527448508249379,-0.009092388367859782,0.38728843290374987
2024-04-16,600021.SH,-0.034216335540838916,0.00403221016792766,0.004321081190815774,0.004178669235844021,0.5064598176143843,0.6545664613712489,0.5815506342009014,0.00036992112896580033,0.42399282613658845
2024-04-17,600021.SH,-0.02717391304347827,0.004528827121526583,0.0017455252611739656,0.00311767901770654,0.5254049801755964,0.5550549633330072,0.5404376714215167,-0.008897429741337148,0.3832583935400738
2024-04-18,600021.SH,-0.02083333333333326,0.0056623422462590165,-0.002474115396873245,0.0015371171176186186,0.5752379159558321,0.5960699674924621,0.5857998713237893,-0.015202011159656947,0.3860813912368251
2024-04-19,600021.SH,-0.002207505518763919,0.006495535814393236,-0.0023970272640230113,0.0019869614103875536,0.6190756938188933,0.6240989669375914,0.6216225186665305,-0.0166633861995236,0.41340126288139295
2024-04-22,600021.SH,0.031319910514541416,0.008166435086354671,-0.0012545536090408892,0.00338994622505192,0.6390822316631461,0.6790827737361663,0.6593627085679994,-0.016946312361240147,0.46052321186858514
2024-04-23,600021.SH,0.05028571428571427,0.009106307412330285,-0.004554112086282643,0.002180405717135866,0.6329248773642319,0.6685000354571263,0.6509616622351069,-0.015677922973621507,0.4599425613222726
2024-04-24,600021.SH,0.04916201117318453,0.006821123498495451,0.0001277236119750537,0.003427535942463742,0.624903056531835,0.5462440636625304,0.58502254977938,-0.01976877416275461,0.4161053659365095
2024-04-25,600021.SH,0.04591265397536404,0.0051411079431458555,-0.006486874335328515,-0.0007543378140180234,0.6239283407820304,0.6204352458055795,0.6221573239826318,-0.023342484041432056,0.4695051004849119
2024-04-26,600021.SH,0.021017699115044364,0.004702728078666878,0.00026777002994796475,0.002454181943545819,0.6279340687280591,0.5921382032784754,0.6097853841123783,-0.015577755190405084,0.4500256085464778
2024-04-29,600021.SH,0.0032537960954446277,-0.00010530000609940334,0.0006531485545658682,0.00027923724567114087,0.5823168827215458,0.5240455531145866,0.552773024237035,-0.01029038557802967,0.4030713264172543
2024-04-30,600021.SH,0.03699673558215455,0.005319870783975767,-0.0023264781467664634,0.0014431332484372019,0.6363494906208714,0.6341182207366135,0.635218225517674,-0.016951205265981074,0.4663646767934598
2024-05-06,600021.SH,0.022364217252396124,0.008001574488767158,0.0010531866608284417,0.004478706758294057,0.5858563581360297,0.542117063476913,0.5636803147826799,-0.009820137598337808,0.4028831345654705
2024-05-07,600021.SH,0.01820128479657379,0.007127023196652376,-0.005782832086875907,0.0005816613501891652,0.6756482225229854,0.6091291970233671,0.6419227405553734,-0.018459904329047462,0.4516591982809036
2024-05-08,600021.SH,0.007583965330444142,0.007982016883232263,-0.0034616806056155212,0.0021800044453747875,0.6448100440245854,0.6459047325157098,0.645365056619708,-0.010319882322113371,0.4585461543003577
2024-05-09,600021.SH,-0.00216216216216214,0.005513919517326357,-0.013990008086544634,-0.004374670307335727,0.4628101516765104,0.4386464356180893,0.4505590255651777,-0.03153821583527464,0.3240764477252637
2024-05-10,600021.SH,-0.0209863588667365,-0.006200519760160867,-0.007111419794318886,-0.006662350679143133,0.4662966666712867,0.3725191319440544,0.4187509828213551,-0.012519271208743887,0.2873726861432308
2024-05-13,600021.SH,0.0010416666666666075,-0.006111734923510219,-0.012452093732287717,-0.009326328869641362,0.4365566857141224,0.3792524338811956,0.4075031405465077,-0.01462756567231186,0.2645746833652472
2024-04-10,600060.SH,0.1568627450980391,0.028173944981485007,-0.05817737505933468,-0.015606610506852348,0.6263519387767,0.15149642012179218,0.3855977919543133,-0.05876622228279719,0.13324888008092148
2024-04-11,600060.SH,0.08629644426687966,-0.005085070899501403,-0.013275658348051781,-0.00923774011294051,0.42413083074249464,0.36124728974656306,0.39224855778390993,0.0032393997480128726,0.33194770488569364
2024-04-12,600060.SH,0.056179775280899014,-0.007091410340883847,-0.018534686408393158,-0.012893209115993788,0.3502888749599625,0.3541472573787953,0.3522450943379996,-0.01291396675041615,0.2798732817026041
2024-04-15,600060.SH,0.014291086874764991,-0.007825413805752364,-0.03461160304210639,-0.02140614706644764,0.3371647919017201,0.275867682531366,0.30608684779160256,-0.025804047894622685,0.22080058436143943
2024-04-16,600060.SH,0.0030007501875468634,-0.017555478459265226,-0.030485057152466837,-0.02411084017407109,0.34121708876769963,0.3494919956496701,0.3454125083598457,-0.02543849970714466,0.27927207166166984
2024-04-17,600060.SH,-0.002579218865143673,-0.012669349479626037,-0.032491393923193335,-0.02271922614906959,0.3552801949908424,0.32161576291350136,0.33821215786241543,-0.017761128337723066,0.2837080055235085
2024-04-18,600060.SH,-0.020963589554983453,-0.014071919983457679,-0.041332179377985015,-0.027893009209243702,0.35306812607388754,0.2886544339443179,0.3204100587605655,-0.03948351544975485,0.2592026421167213
2024-04-19,600060.SH,0.007336757153338258,-0.016017038419323223,-0.04224439239213586,-0.029314439378291694,0.3412765115984374,0.2795202280958373,0.3099657638836256,-0.04081491300358512,0.2660019464976849
2024-04-22,600060.SH,0.004820170559881376,-0.016197047831138706,-0.043471625385331225,-0.03002539643620713,0.37573786588370156,0.29283192174268746,0.3337041333818375,-0.04131829853220229,0.28627433347378645
2024-04-23,600060.SH,0.041510845175766864,-0.008414217872599009,-0.029665786895788592,-0.019188870725550936,0.36224234818441997,0.3446500631717939,0.3533229708107118,-0.01859038144004036,0.26038719791542453
2024-04-24,600060.SH,0.05541189508681188,-0.015790292148254267,-0.03924391180604089,-0.027681395797216395,0.3515849725278175,0.29130116164332137,0.32102077586898825,-0.03401948531565172,0.2797283071490276
2024-04-25,600060.SH,0.03831705484598036,-0.014789923116865016,-0.038450206839912,-0.026785806490934982,0.37192400341538545,0.36448038078050093,0.3681500491359748,-0.035275088839965364,0.34915682199375614
2024-04-26,600060.SH,0.008011653313911182,-0.01805530836365259,-0.03774177600531034,-0.028036446909624185,0.38265800465873406,0.30293796242257703,0.3422395405170996,-0.031983743681207856,0.2826722208479122
2024-04-29,600060.SH,0.02103321033210337,-0.017399083227019715,-0.0406929384809306,-0.029209185516122643,0.38287728447289693,0.3651115857058881,0.373869985449669,-0.025644425965785346,0.3346993470377531
2024-04-30,600060.SH,0.021543985637342722,-0.01477458953438452,-0.02081886424940264,-0.017839067349228743,0.4320428494863139,0.4521127464837635,0.4422183886526717,-0.019522333385010783,0.3817938196232368
2024-05-06,600060.SH,0.01610080504025202,-0.015899083090886893,-0.030453202912460228,-0.023278095364597278,0.4285396212487803,0.38130427059738736,0.40459105984605004,-0.019822973217414032,0.32066940794478815
2024-05-07,600060.SH,0.02713458755426923,-0.01662257831142312,-0.04006069456832899,-0.02850582165781897,0.442042341385325,0.40718278403328395,0.42436836970511826,-0.025557121206914148,0.37047127091535187
2024-05-08,600060.SH,0.02095375722543369,-0.019486204130889,-0.03500233631957006,-0.02735296153459528,0.35069480293808747,0.39555888458140304,0.3734411189745994,-0.02637013949703463,0.3808465587956841
2024-05-09,600060.SH,0.006143838091796194,-0.019487887032536372,-0.03825685190274335,-0.029003847038362715,0.3569473377651836,0.3729288174124318,0.36505002868121517,-0.025278894462674985,0.3583599401855021
2024-05-10,600060.SH,-0.02390158172231982,-0.017847934357174692,-0.03248781715204144,-0.025270428891600277,0.40427936360671074,0.3752277233170462,0.3895500352174327,-0.02486874469987147,0.35066933058025923
2024-05-13,600060.SH,-0.052015156734412704,-0.018764197815772293,-0.025876910540046396,-0.022370379098820222,0.40352706636846153,0.4328348578345177,0.4183862646981888,-0.004583292557184293,0.3787191206567299
2024-04-10,600131.SH,0.06220657276995323,-0.026055201840495146,-0.08037563901604675,-0.05359593790325337,0.2506617388752143,0.13911960523004357,0.19410931363108966,-0.058680655572656705,0.18979077065234476
2024-04-11,600131.SH,0.009009009009008917,-0.03580381259391582,-0.03721442200335122,-0.03651899869058421,0.25832459139439856,0.24674353976439306,0.2524529397130916,-0.028145361365473222,0.26058380640068207
2024-04-12,600131.SH,-0.008928571428571397,-0.03439041662423342,-0.05228662933132652,-0.04346388687441143,0.23456013146178709,0.20837317050546827,0.22128320996623752,-0.04593232340090329,0.22795824198797923
2024-04-15,600131.SH,-0.06303879310344818,-0.02223125695823014,-0.03307818334384688,-0.027730703431994738,0.29581206533648113,0.24760436274701264,0.2713705165890411,-0.029442784562389947,0.22233378121988503
2024-04-16,600131.SH,-0.07028223574986159,-0.023018812308865218,-0.0552544473803501,-0.039362442137358816,0.2526811918936229,0.26648861324026474,0.2596816242683886,-0.03790419557829087,0.2782644375031626
2024-04-17,600131.SH,-0.04640883977900556,-0.01657535068950331,-0.049522984007239965,-0.03327996722570316,0.30005071246478393,0.19026578164322677,0.24438919792922875,-0.03908545070900996,0.18668838836625173
2024-04-18,600131.SH,-0.05412946428571441,-0.02752085137243148,-0.05305970174526878,-0.04046917752804557,0.2657087128682821,0.21256256624652614,0.2387633480485527,-0.035045397864449414,0.220040141772621
2024-04-19,600131.SH,-0.05123873873873874,-0.030186549288373058,-0.067946985610283,-0.04933128126089792,0.3019829966835445,0.18257717132487966,0.24144364001505875,-0.048995872160423816,0.22849322807091493
2024-04-22,600131.SH,0.0017251293847038163,-0.030888827038765526,-0.06835937386611357,-0.04988658357309032,0.3580462478457793,0.19140733677139046,0.27355947810838943,-0.04924532321973477,0.2346704424849507
2024-04-23,600131.SH,0.020238095238095166,-0.03217687305926606,-0.0519438993061197,-0.04219885522503611,0.3667426336242185,0.2532798107552167,0.30921640924071725,-0.040232571316563694,0.26762420511380003
2024-04-24,600131.SH,0.056199304750869095,-0.025277945064018623,-0.05424038840920592,-0.03996205015184356,0.30972142670587866,0.17327092350273166,0.24054033226432314,-0.04378581214147762,0.2187316073740852
2024-04-25,600131.SH,0.07964601769911517,-0.026215685191096693,-0.05645433711877981,-0.04154683447736861,0.3129282568273217,0.2353956151179848,0.2736188158030455,-0.03482627362408967,0.27793400954577596
2024-04-26,600131.SH,0.12818991097922838,-0.011284430175583646,-0.007224874399046604,-0.009226214888907487,0.35102766490266524,0.33575416948561404,0.3432839255679222,0.006269011021019922,0.23444272709488548
2024-04-29,600131.SH,0.11940298507462677,-0.020764455927610476,-0.03528865229267561,-0.028128296857704564,0.278274428586384,0.2368747877255987,0.2572846015281983,-0.02564806086202357,0.24653682458507814
2024-04-30,600131.SH,0.11960326721120196,-0.02063244755046229,-0.04890775044705602,-0.03496816895956974,0.33842580255378235,0.2518292983947021,0.2945209374788713,-0.030589330169446684,0.27088590393044526
2024-05-06,600131.SH,0.02084476138233682,0.01394964299481926,0.006786470191126871,0.010317878196593173,0.4600038639401935,0.46945286798006397,0.46479455672267234,-0.0005431808548180036,0.3639975672960008
2024-05-07,600131.SH,0.01038251366120213,-0.013330322252204811,-0.017251098309345927,-0.015318175520062994,0.36938571666765585,0.369109270785319,0.36924555720876806,-0.018981857962030703,0.27633940928491546
2024-05-08,600131.SH,-0.013150973172014746,0.009194346234288319,0.024975107364879363,0.017195271848389447,0.3930027793363574,0.5674492002371095,0.4814479959975147,0.006344398494705772,0.341503666394839
2024-05-09,600131.SH,-0.07282051282051294,-0.009769067761137673,-0.01829067160403967,-0.014089563958734171,0.3632075425478205,0.38282105655459286,0.3731516932323597,-0.012124394963718898,0.2971059832848987
2024-05-10,600131.SH,-0.07139134966128191,-0.009110250367096841,-0.03777275323222738,-0.02364228411630048,0.32260460393927637,0.3285195075295902,0.3256034899403414,-0.029476553966359988,0.24268853103374602
2024-05-13,600131.SH,-0.030628694250403043,-0.009836461188582417,-0.021304499984402574,-0.01565081479204175,0.39411295651691874,0.4619939799862042,0.4285289783356626,-0.012516075561519712,0.34771723536036214
2024-04-10,600336.SH,-0.014256619144602856,-0.029052214827838502,-0.023840569745283504,-0.02640988444291259,0.35715338458114215,0.3698126333780491,0.3635716876728802,-0.013808007345757189,0.46434470182690646
2024-04-11,600336.SH,-0.03125,0.005483949147980629,0.0016808629455788947,0.003555765231018254,0.5510134715436034,0.4495836555066846,0.49958804241203936,0.012740508601767531,0.5324669768267715
2024-04-12,600336.SH,-0.06285714285714283,-0.031034101959295794,-0.022565127641883568,-0.026740289196995254,0.3084490328131018,0.27701506814181914,0.2925118539273711,-0.015578418694344875,0.33924448019919035
2024-04-15,600336.SH,-0.020576131687242927,0.03928246445390399,0.032970136297747615,0.03608208219025637,0.6228790587329776,0.6353329025518807,0.6291932204632075,0.02680173479855493,0.6922686850714381
2024-04-16,600336.SH,0.03991130820399125,0.01975388562654922,0.02691984294561642,0.02338706218813709,0.6077322223014722,0.6371514062750709,0.6226478971952537,0.03545213497598506,0.754834239203526
2024-04-17,600336.SH,-0.028925619834710647,0.026650607617340928,-0.0022063731077821454,0.012019972610662231,0.753579831190525,0.5523894929198794,0.6515753133185159,0.021313620914513463,0.6465012681307607
2024-04-18,600336.SH,-0.06048387096774188,0.029359723955404555,0.001666050791417021,0.015318891758992353,0.7744594014699462,0.6036565744030256,0.6878615052891662,0.015064026153753319,0.6666844170468003
2024-04-19,600336.SH,-0.03658536585365846,0.018516517062148522,-0.020308277115707343,-0.0011678497202398212,0.74029602019031,0.5420919164594564,0.6398055383157675,-0.0033135128461181714,0.61419179325725
2024-04-22,600336.SH,0.04831932773109249,0.020124810476465197,-0.026747363160790346,-0.0036396183454079738,0.7505516122480235,0.5470564141767318,0.6473785188134484,0.0010167050659093072,0.6494322713067169
2024-04-23,600336.SH,0.08102345415778256,0.02940019544573807,-0.03149126825137835,-0.0014720842588164026,0.7437610939602146,0.5184183369136974,0.6295111777561968,-0.01039094624831297,0.5922411421394103
2024-04-24,600336.SH,0.09787234042553195,0.032631156303859224,-0.030668994804731727,0.000537659913534683,0.7022038830013553,0.5184882576059717,0.6090591328354626,-0.013241524389601167,0.577740746865915
2024-04-25,600336.SH,0.09227467811158796,-0.012543219605730366,-0.03592405897184464,-0.02439742327914478,0.49803258359484603,0.45395862771167195,0.4756868653102652,-0.02143811804513821,0.5235948895429591
2024-04-26,600336.SH,0.06118143459915615,-0.026785994887907342,-0.015418685586265312,-0.021022711646859298,0.39227230459871465,0.48668712947024995,0.4401410977712558,-0.006525721866309097,0.5483733466704495
2024-04-29,600336.SH,0.022044088176352616,-0.008437462948640825,-0.0007122264648423936,-0.004520729025180413,0.5695913904851215,0.5117001676555023,0.5402402480569369,0.011256035650107877,0.5625552543110535
2024-04-30,600336.SH,0.011834319526627057,-0.004241328095929553,-0.0009994647829412971,-0.0025976870190728865,0.6082173448574055,0.5342948177665112,0.5707382501821749,0.007286708405702414,0.5626970947048724
2024-05-06,600336.SH,0.009689922480620172,-0.005462224648757814,-0.01642440887463772,-0.011020107429792786,0.5545452905036131,0.5,0.5268905526676188,-0.007655476619318235,0.5373226416332867
2024-05-07,600336.SH,0.025540275049115824,-0.008067693076436837,-0.028205455624775427,-0.018277640419937,0.5348274304369288,0.4891450661769621,0.5116662409799931,-0.009449181908875814,0.5457918154822304
2024-05-08,600336.SH,0.035785288270377746,-0.009789055521296696,-0.03209612522846762,-0.021098852553181602,0.5142939178054109,0.5,0.5070468292683775,-0.013396693955149785,0.5557008886916569
2024-05-09,600336.SH,0.0235294117647058,-0.00990713150700558,-0.022083037102918115,-0.016080377154097207,0.5185125903973998,0.5140265671203162,0.5162381539335277,-0.006077856824303651,0.5552520885792505
2024-05-10,600336.SH,0.011695906432748648,0.001570240802609428,-0.01513465110373077,-0.006899223783299435,0.6137458643007601,0.5717051197385615,0.5924309944272447,-0.0008497151518141229,0.6112045133488668
2024-05-13,600336.SH,-0.017274472168905874,0.00531512202569771,0.016279845298838806,0.010874292116520806,0.6056000877821986,0.656118809762479,0.6312133350355357,0.02723559099712399,0.6746212892532295
2024-04-10,600352.SH,0.020618556701030855,0.0016780402581097822,-0.02646357524037136,-0.012589900964795616,0.5520628489819857,0.3153879901112256,0.4320674999058215,-0.03952370675081144,0.2633998846809771
2024-04-11,600352.SH,0.010192525481313774,0.001587738627263299,-0.02112413217113387,-0.009927294602838293,0.501948219374832,0.3292939479168899,0.41441163153471927,-0.03044346969026738,0.28323882604756445
2024-04-12,600352.SH,0.01927437641723362,0.002112394064711917,-0.026596919406116245,-0.012443372898057171,0.5142527251186024,0.3210931833113373,0.4163198616233229,-0.04050950237496024,0.2792904917533372
2024-04-15,600352.SH,0.02359550561797752,0.0064761947236700625,-0.018101512473393044,-0.005984826986345195,0.5325677019682596,0.33015466468168647,0.42994326951837214,-0.02004690193401463,0.27254973182432934
2024-04-16,600352.SH,0.01362088535754813,0.004883170639114256,-0.025533512924857515,-0.010538241586132188,0.5633243271178192,0.3179619135666182,0.43892434393107965,-0.024484433855127365,0.26034884989638457
2024-04-17,600352.SH,0.008978675645342271,0.0026267803263101924,-0.025587133548971453,-0.011677816538868362,0.5028372092818661,0.2740801963600239,0.3868562481009981,-0.03186599839192742,0.2550515815619294
2024-04-18,600352.SH,0.012331838565022402,0.0026323755130370284,-0.02745921121036605,-0.012624210971724236,0.5628264015097801,0.30943453836318635,0.43435544681518495,-0.03670475745067162,0.27261471782166447
2024-04-19,600352.SH,0.021134593993325845,0.0031004982999144294,-0.026135706871765082,-0.011722405416925848,0.5258414974017834,0.29249584903121856,0.4075340748676485,-0.026273702777272846,0.260603480254165
2024-04-22,600352.SH,0.021953896816685026,-0.0025610424485911056,-0.02835923889189972,-0.015640858372092753,0.4401740900724858,0.255082260394187,0.3463315973828775,-0.020900661094286378,0.22126246730244817
2024-04-23,600352.SH,0.024636058230683267,0.005677673016096528,-0.03663580431731908,-0.015775473750211114,0.5543382199559144,0.31877291754475073,0.4349054216099978,-0.0344598962348626,0.2859183515778401
2024-04-24,600352.SH,0.04449388209121241,0.0025468647119027904,-0.03134926699329475,-0.014638645298342395,0.5047421425959103,0.28340111320163613,0.39252112252741683,-0.03493175825564369,0.27988667967317027
2024-04-25,600352.SH,0.04318936877076429,0.0017239184069880683,-0.02822921758393856,-0.013462472856985364,0.5007675707020867,0.31340799955085746,0.40577532162957763,-0.035242778417151656,0.3033157645589772
2024-04-26,600352.SH,0.016339869281045694,-0.0029196290220956512,-0.026693905435078134,-0.014973307265828604,0.507149287849415,0.26788632322827244,0.385841756083273,-0.02931029313337622,0.2708937005453799
2024-04-29,600352.SH,0.00859291084854985,-0.002543566298736459,-0.0293501590436475,-0.016134644241344122,0.48915950635891897,0.2636211628784093,0.3748104268448079,-0.027468885118251664,0.26823927262529845
2024-04-30,600352.SH,0.016393442622950838,0.00024271293367909722,-0.036730528453548544,-0.018502907230228308,0.5133918230991307,0.31337224610289416,0.41198088710767233,-0.02655220273196183,0.29415253916861883
2024-05-06,600352.SH,-0.005324813631522929,0.00020380907923612284,-0.02974939906862847,-0.014982618768669378,0.46506960446591966,0.239358239370965,0.3506328021192183,-0.025462978599320153,0.25413267836963016
2024-05-07,600352.SH,-0.026539278131634814,-0.0008835150024640601,-0.035143344334751345,-0.018253421546963175,0.4902200025327459,0.25351599951794945,0.37020987722832566,-0.035005236237177585,0.24958897238391195
2024-05-08,600352.SH,-0.020364415862808127,-0.01146408866297507,-0.034328185278662285,-0.023056301151453646,0.3915461311957917,0.30096858573165974,0.3456228580678852,-0.022378227218302883,0.23621388538232696
2024-05-09,600352.SH,-0.021299254526091715,-0.0005613283072056242,-0.03317084627203626,-0.017094518651398646,0.47070747802517976,0.2739092393598175,0.3709297768409586,-0.02723012344361412,0.24489776052324438
2024-05-10,600352.SH,0.013978494623655857,-0.0012803808126876626,-0.037213273873151764,-0.01949853911931785,0.519059980536476,0.30760133541104345,0.4118493792158901,-0.03914162583882178,0.2933794420751745
2024-05-13,600352.SH,0.005353319057815886,-0.0010573348151859336,-0.02985825315453409,-0.01565954590906206,0.5093567051947359,0.33174312710251513,0.41930572383773107,-0.033152520432478995,0.31985884558758493
2024-04-10,600360.SH,-0.03782894736842113,-0.03345015977871635,-0.05136976734019576,-0.04253549133825381,0.31631297247531986,0.2372889765239228,0.2762474073163296,-0.037494240062612406,0.3272330077609824
2024-04-11,600360.SH,-0.047775947281713305,-0.043089600796390265,-0.05111766933190408,-0.047159872099910474,0.24868522161738355,0.19551163615564646,0.22172594516716876,-0.04557325245903158,0.3024228101921806
2024-04-12,600360.SH,-0.06146179401993346,-0.03984002904516626,-0.050793208593162,-0.04539334640902433,0.25374587763312184,0.20821786474958143,0.23066294510378307,-0.050583510205134886,0.25901794542352846
2024-04-15,600360.SH,-0.03082191780821908,-0.029909632595520267,-0.031809847456539336,-0.03087305112951931,0.3398758856146691,0.3092465021659382,0.3243466334733373,-0.017252090184298553,0.374871745161458
2024-04-16,600360.SH,0.046040515653775316,-0.01836109744199186,-0.013583219384851086,-0.01593868913024539,0.39818001384247664,0.41987540610979995,0.4091796873223006,0.0043508203722965825,0.5439652800821786
2024-04-17,600360.SH,0.00512820512820511,-0.01964805179173323,-0.003987206873571816,-0.011707924303123927,0.37437861398218103,0.46208549294891205,0.4188464446939373,0.010838226912726257,0.5380522049525539
2024-04-18,600360.SH,0.02076124567474058,-0.016717919899149537,-0.018634014931290768,-0.017689389760130604,0.36807995658395326,0.48310060237659896,0.4263960050595166,-0.014385540286254083,0.5077891545385617
2024-04-19,600360.SH,0.07433628318584073,-0.015705326572521154,-0.017127743769075773,-0.016426499276909305,0.38808181972495503,0.4943256117218381,0.4419479589873555,-0.009510449103642215,0.5255006952929774
2024-04-22,600360.SH,0.09540636042402828,-0.017335581976237094,-0.00922476333148296,-0.013223355949296918,0.38109746400746075,0.5163524201909623,0.44967241007041864,-0.0033011365361182207,0.5468199028487648
2024-04-23,600360.SH,0.0369718309859155,-0.019494446445543566,-0.01929628560592601,-0.019393977898793026,0.37600734021184307,0.45730553338245394,0.4172259348497127,-0.01719692309605695,0.4766278177350272
2024-04-24,600360.SH,-0.04761904761904767,-0.008800082008580819,-0.007805368340888855,-0.008295757153989027,0.4578728216409935,0.4593369594955837,0.4586151469297692,-0.005536310772653407,0.49425598479289523
2024-04-25,600360.SH,-0.09830508474576272,-0.014673487799744436,-0.01798010777233745,-0.01634996083015694,0.43315861089773583,0.461267050998334,0.44740973202631984,-0.01543315144449967,0.48948776527094673
2024-04-26,600360.SH,-0.16803953871499178,-0.016150455492683898,-0.0073278387464298204,-0.011677344232437731,0.3507233010005173,0.4295198561862607,0.39067355254234104,-0.0029999789639829962,0.46067797685367773
2024-04-29,600360.SH,-0.22580645161290325,-0.014002565560361344,-0.007426015631164417,-0.010668221522992601,0.3447630843316606,0.4265533084794698,0.38623114116060075,-0.004846617478007331,0.4573041081888804
2024-05-06,600360.SH,-0.22580645161290325,-0.04467112452033841,-0.06015256221503304,-0.05252029164032471,0.4673993829891588,0.41446315515390775,0.44056044805465033,-0.030679550144937097,0.5053124202171311
2024-05-07,600360.SH,-0.22678571428571426,-0.04586923545882866,-0.059013212514629695,-0.05253329822656522,0.4860021248321577,0.41204517069161034,0.4485055754688352,-0.03225959567775608,0.5063298249011546
2024-05-08,600360.SH,-0.22744360902255634,-0.048590498913725515,-0.057955305120410736,-0.0533385029694307,0.4706051755793058,0.4186343533035916,0.4442557061404965,-0.030373074920289768,0.5237781744454497
2024-05-09,600360.SH,-0.2277227722772277,-0.038620385303958345,-0.055351181859823254,-0.04710298367804076,0.5283673303496322,0.41394077775298477,0.4703524901256666,-0.031007078760423114,0.5283483953847863
2024-05-10,600360.SH,-0.2270833333333333,-0.018089973391108474,-0.05275750140911739,-0.035666585228871436,0.5780841326538245,0.4172089486976401,0.4965196016824303,-0.03072509919293357,0.5324309039099893
2024-05-13,600360.SH,-0.22807017543859642,-0.013054997755179553,-0.05261257487400772,-0.03311088919049711,0.6007657251500117,0.42374131846550367,0.51101345667308,-0.03155387379994882,0.535161596564227
2024-04-10,600420.SH,0.16608594657375142,0.006647446784498562,-0.03325781449032701,-0.013584722274332618,0.46580420445008663,0.29739632262048166,0.3804205576033558,-0.03219004448517485,0.3254674434900215
2024-04-11,600420.SH,0.21412037037037024,0.0059120954950983495,-0.028715456039841807,-0.01164424806379646,0.45632246035982243,0.27198102537701824,0.3628604215716568,-0.03497286081411336,0.3023099635059522
2024-04-12,600420.SH,0.2289719626168223,0.004245353237925299,-0.0324370375573715,-0.014352804206560736,0.43319954370795577,0.26149817211596016,0.3461460809137159,-0.03476320267051695,0.2861766872162709
2024-04-16,600420.SH,0.05177664974619289,-0.022412241778146696,-0.07278652206694446,-0.04795225636421479,0.2367952446893497,0.12236116957952911,0.17877659051320322,0.0721166384958438,0.10824133958772487
2024-04-17,600420.SH,0.048387096774193505,-0.0202724745445046,-0.0893758894771624,-0.055308255010427715,0.2308342860333396,0.07031199149804908,0.14944867178105736,0.006666996371274181,0.21848357461765894
2024-04-18,600420.SH,0.06374501992031889,-0.013929238066141176,-0.07801273814562713,-0.046419896342014065,0.2583311220456645,0.08424233469026138,0.17006722739868418,-0.002017755592275605,0.31718968035156125
2024-04-19,600420.SH,0.011439466158245981,-0.02156545870564162,-0.05923659264787656,-0.04066491392053552,0.2640534473868902,0.12387612397764851,0.19298283627377882,0.008535852421020807,0.3568641517670817
2024-04-22,600420.SH,0.004752851711026684,-0.012336812270103682,-0.05240485203772541,-0.032651510847103216,0.3094499353044651,0.1551607218989596,0.23122452467312188,-0.014699047855996994,0.34165963477565264
2024-04-23,600420.SH,0.050193050193050315,-0.00854079968090872,-0.04134674233828106,-0.025173578336514197,0.3757623023451021,0.22127328281622372,0.2974355889998328,-0.012112195725533936,0.4403516371997175
2024-04-24,600420.SH,0.125,-0.005964360410516614,-0.04978937848877808,-0.028183865970428386,0.3986396785541092,0.1634467273374346,0.2793956641448339,-0.013591054869208008,0.38718214559434233
2024-04-25,600420.SH,0.11329588014981273,-0.01103738887342694,-0.053292696484286,-0.03246104329653793,0.33181775389005347,0.14186025443290665,0.2355083420422889,-0.008564385353891068,0.37428383143632055
2024-04-26,600420.SH,0.10650329877474096,-0.009046115177397729,-0.043311625144610094,-0.02641890183250116,0.45421352810376076,0.20505174464683043,0.3278872451812457,-0.012111393825643446,0.4187201266566415
2024-04-29,600420.SH,0.11163670766319767,-0.010499210802773431,-0.042911364945888514,-0.026932336692318586,0.4666332695756006,0.19660441507518475,0.3297272762182417,-0.01695713050542328,0.41969768469265967
2024-04-30,600420.SH,0.07352941176470584,-0.02122069180481401,-0.04704154939872966,-0.03431199704615251,0.30577253031011525,0.1653291971241567,0.23456705089638627,-0.006456113721539125,0.4110519495290527
2024-05-06,600420.SH,0.047008547008547064,-0.012345673191087753,-0.019103705865951472,-0.015772029897319982,0.3274982887976595,0.2720390535191561,0.29938017634375025,0.012577337043767145,0.4125700821195604
2024-05-07,600420.SH,0.026072329688814122,-0.008740728973688883,-0.017324764190594245,-0.013092878193294487,0.3453289738642602,0.3706104558956968,0.35814681297061657,-0.009253029500597065,0.38094397986636946
2024-05-08,600420.SH,0.03918228279386704,-0.010883601122407514,-0.012424498573418038,-0.011664843914340674,0.3826973037454212,0.48859911088220237,0.4363900549561187,-0.016507568950059594,0.4520134856900324
2024-05-09,600420.SH,0.041702127659574595,-0.011324799233096539,-0.021426430922158023,-0.016446377530644766,0.3435777066195719,0.3752553001614084,0.3596384065734322,-0.014698166498462483,0.3649179760712806
2024-05-10,600420.SH,0.001712328767123239,-0.011706720257258562,-0.01371480255540351,-0.012724828126802699,0.39406695382301776,0.45917342023548163,0.4270762611975086,-0.016270416387486976,0.45152382708993544
2024-05-13,600420.SH,-0.03591836734693876,-0.01748857446215186,-0.0024250923070224355,-0.009851312912143445,0.31509155498472585,0.4221145270833555,0.3693527424949563,-0.000292099065786899,0.47873480635975657
2024-04-10,600481.SH,0.0,-0.013699014666072777,-0.06027806948947452,-0.03731483076855109,0.3143124198356104,0.18066918466785256,0.24655462446969026,-0.05859736481472869,0.19445485760060235
2024-04-11,600481.SH,-0.01740294511378848,-0.01744521927061671,-0.05084479590369245,-0.03437897335081048,0.30222588996196437,0.17196318071081768,0.23618203831343026,-0.05681509992785853,0.19315782866220332
2024-04-12,600481.SH,-0.015089163237311465,-0.019196554226067915,-0.06306010788071467,-0.04143559751788018,0.3183858846268102,0.18243527854554736,0.2494582405514189,-0.055994605262411214,0.20983370966435133
2024-04-15,600481.SH,-0.015027322404371657,-0.01883255100919989,-0.048868640496188887,-0.03406100011473953,0.2653800114275691,0.16928803033492515,0.2166608915783061,-0.04901267566743276,0.2042345928366722
2024-04-16,600481.SH,-0.008547008547008517,-0.011468084111788504,-0.04699592608490022,-0.029480879470903127,0.48093547571517453,0.23524460897854793,0.35636896510415184,-0.03781956555370262,0.26811440567225553
2024-04-17,600481.SH,-0.044654939106901215,-0.03437624925411276,-0.02283177634957154,-0.028523143171403753,0.29988718237808465,0.26014187418011314,0.2797361103372658,-0.019628517218320853,0.2900122995464781
2024-04-18,600481.SH,-0.04087193460490457,-0.023078282354686924,-0.04206240066747233,-0.03270332624280782,0.2876718486956921,0.2647996531039509,0.27607552998543994,-0.03826656364158002,0.30040630024465187
2024-04-19,600481.SH,-0.10027855153203336,-0.022651042282297418,-0.043808094739730755,-0.03337777475893428,0.29744370360271755,0.2696616917930856,0.2833580832666964,-0.03729703845118441,0.2973170321711522
2024-04-22,600481.SH,-0.0859916782246879,-0.026503118271491922,-0.03541086010330778,-0.031019388380150892,0.28845527294172696,0.28837529333589357,0.2884147228775303,-0.03749928628755076,0.3197603706220295
2024-04-23,600481.SH,-0.08764367816091956,-0.021590005359369235,-0.011345220439077982,-0.016395847650409266,0.36730109494805036,0.41294510710769244,0.39044283969637517,-0.010812784990930779,0.39011848850721487
2024-04-24,600481.SH,-0.09065155807365433,-0.02365335388404233,-0.02341897813349759,-0.02353452419450204,0.2979828574839392,0.29434621324835136,0.29613906048497923,-0.022255505174170666,0.3212101996013394
2024-04-25,600481.SH,-0.09232954545454553,-0.02209729055808796,-0.036573410869220696,-0.029436756685968804,0.2734404484519218,0.28723952885712983,0.280436651927244,-0.03495207266911863,0.32260426867945996
2024-04-26,600481.SH,-0.03869969040247678,-0.017355047117584375,0.013498336085644918,-0.0017122259691250254,0.3375045474464773,0.35535006112044615,0.3465523130307411,0.03953525049105774,0.36196362687332184
2024-04-29,600481.SH,-0.018209408194233667,-0.007752712175230242,0.0055983682025030936,-0.000983646977034137,0.3660429366569209,0.35206513437158643,0.3589561202855115,0.014245218795851245,0.3763524782892756
2024-04-30,600481.SH,0.0,-0.00937523241251747,0.014770056168634273,0.0028665508747481618,0.4161360317922076,0.5,0.45865548733565253,0.014705671475768256,0.4959865396383402
2024-05-06,600481.SH,-0.02336448598130847,-0.015916194260094985,-0.012663271478357638,-0.014266945976712556,0.35228479511338423,0.38646749334568536,0.3696155958005412,-0.008676491011149678,0.4249694282588988
2024-05-07,600481.SH,-0.026604068857589924,-0.015210227984018936,-0.0229753737038707,-0.019147196091770964,0.3351133247945664,0.3764597032490459,0.3560761475436852,-0.01581673625343808,0.42785237835220963
2024-05-08,600481.SH,-0.006441223832528209,-0.016068657468450157,-0.025914883096958673,-0.02106074360304348,0.34427070918360064,0.41061556166141105,0.3779078845492728,-0.012799162366645944,0.46544464507752803
2024-05-09,600481.SH,-0.0587326120556414,-0.002981843571427744,0.0037589468955993056,0.0004357712483274985,0.45997787859755446,0.4369360569255564,0.4482955586076989,0.01021125480115056,0.4585711465540796
2024-05-10,600481.SH,-0.022047244094488105,-0.014980187993823293,-0.021494202889366997,-0.018282826453216786,0.39070544136289187,0.44794087990189924,0.41972409784286,-0.009298857078091671,0.4827507996063236
2024-05-13,600481.SH,-0.019138755980861122,-0.014908614307842101,-0.02912692804530857,-0.022117371200492737,0.3679739617764604,0.43699222794679815,0.4029665713897347,-0.014195893874278808,0.49004613886095727
2024-04-10,600610.SH,-0.12734082397003743,-0.017784435841719883,-0.05178320343709525,-0.035021982766778884,0.4322830590603913,0.2206014230900221,0.3249594002549224,-0.033845872926930455,0.2508801470093948
2024-04-11,600610.SH,-0.11985018726591756,-0.032381429008216306,-0.049196279385158,-0.04090664309420584,0.35138322094119445,0.18243508170188402,0.26572566085848276,-0.05581532460314723,0.2011415194649993
2024-04-12,600610.SH,-0.07514450867052036,-0.036078850638505744,-0.052710280267065895,-0.04451106947846505,0.34298547097525706,0.17612971746524234,0.25838876102756514,-0.06062874861650717,0.21360578705476646
2024-04-18,600610.SH,0.03586497890295348,-0.006226235254542963,-0.01927871721134614,-0.01284390954487474,0.4755193248409234,0.26448364618681863,0.3685231696580331,-0.03112324867428943,0.21540532409208
2024-04-19,600610.SH,0.06423982869379019,-0.031813439231722786,-0.026194923451023037,-0.02896482334741731,0.4328807952782713,0.2544315743747073,0.34240613879443405,-0.04252773969892435,0.2663270584136847
2024-04-22,600610.SH,0.09871244635193133,-0.03758424596755037,-0.014889369878088452,-0.026077829140732436,0.441367506599265,0.30219253070920105,0.37080509074201323,-0.02412563025441531,0.31645503920654033
2024-04-23,600610.SH,0.11063829787234036,-0.03148375884535863,-0.04116291586204786,-0.03639114034976615,0.3308435836733387,0.2288341789199211,0.2791243001345567,-0.057373607870287814,0.23620266544705554
2024-04-24,600610.SH,0.16041666666666687,-0.03901909948468649,-0.0369269662107318,-0.037958377345799994,0.3461869381155803,0.2664578363024072,0.3057638807226317,-0.0428689331049397,0.2985333427825575
2024-04-25,600610.SH,0.19959266802443976,-0.03326280315374043,-0.037989200434868614,-0.0356591104519791,0.35777312618965035,0.24205416370007227,0.2991030276210018,-0.04305807767597817,0.2637872890567657
2024-04-26,600610.SH,0.14084507042253525,-0.027023192309592874,-0.032835597326839966,-0.0299701110163131,0.4461419467636753,0.25897220940079363,0.35124594438085655,-0.03718234097358523,0.2896446824137621
2024-04-29,600610.SH,0.1015625,-0.02750519753472016,-0.03681788310718598,-0.03222677616557427,0.42324680430977296,0.2290739396543664,0.3248001810114043,-0.043559402628927914,0.24023399739741455
2024-04-30,600610.SH,0.05555555555555558,-0.025459788649569368,-0.03214882890414168,-0.028851165850179508,0.44689947699275756,0.24089278994779778,0.34245304596104964,-0.037757448897620706,0.25959399152777984
2024-05-06,600610.SH,-0.04847396768402168,-0.009713517570154585,-0.016292278843339236,-0.01304898277009632,0.5044204253964751,0.3136679310528135,0.4077079471251104,-0.012840467222856844,0.2910871231646381
2024-05-07,600610.SH,-0.09337860780984719,0.03445057314056768,-0.0019276680772398157,0.016006621068364663,0.5634464598955992,0.3186822716079017,0.43934977993955676,-0.0015037658636017134,0.2467349871207784
2024-05-08,600610.SH,-0.06525573192239864,0.024620170304759652,-0.0032221938250463524,0.010503951037523832,0.5428271433812212,0.3233594065089488,0.43155589208483935,-0.015338283012154263,0.25901076224642117
2024-05-09,600610.SH,-0.049645390070921835,0.00767563876002215,-0.0361478414164557,-0.014543087075916193,0.6012342010837749,0.2801749753281951,0.43845555170597483,-0.037572129732924155,0.27979349255082003
2024-05-10,600610.SH,-0.016333938294010864,0.0050127085364173405,-0.03168734596249463,-0.013594404495034688,0.6140370642139975,0.3195679786813084,0.4647397502566708,-0.02970756213072282,0.32998867499193957
2024-05-13,600610.SH,0.026415094339622858,0.01927104976667863,-0.038148295590795564,-0.009840848399308483,0.646060787247365,0.3277636201022337,0.4846825155383674,-0.03255359839117337,0.3709468382459533
2024-04-10,600721.SH,-0.12751677852348986,-0.07404079392565949,-0.0638242399349651,-0.06886094944062149,0.18815689772151686,0.18224376480021456,0.1851589094585857,-0.062215201569627156,0.23393444299849606
2024-04-11,600721.SH,-0.13344594594594594,-0.07185449134597664,-0.062354789889153134,-0.06703809471699057,0.15960999407415527,0.1589366927541507,0.1592686269035446,-0.0696091153298524,0.19604758276464232
2024-04-12,600721.SH,-0.12629757785467133,-0.06355789064708812,-0.06107790010380007,-0.06230052291328105,0.1605473741298464,0.17541674684649491,0.16808622121394734,-0.06862540617981797,0.21219889909236966
2024-04-15,600721.SH,-0.033395176252319025,-0.004666761268385635,-0.015175889983942984,-0.009994942616951509,0.5207084400583974,0.39086140446072554,0.4548753370520658,-0.020637718224618497,0.4328071407637236
2024-04-17,600721.SH,0.02115384615384608,-0.06204312332209059,-0.025324079957500713,-0.043426382839812344,0.44302024407990453,0.32783014456012055,0.3846182817086396,-0.01581439311574532,0.42731316618728404
2024-04-18,600721.SH,0.05576923076923079,-0.04332004281648512,-0.03968032971922367,-0.04147468988915341,0.34904642715094164,0.2541646022822522,0.30094086262066333,-0.044749522915938734,0.30829043596488137
2024-04-19,600721.SH,0.11111111111111116,-0.04331703566639602,-0.04711188841256697,-0.0452410451794558,0.32415767819428587,0.25252130379616794,0.28783767448342723,-0.055952387735585675,0.3045703591375306
2024-04-22,600721.SH,0.16831683168316847,-0.04610376383628045,-0.0334924702177771,-0.03970977426225193,0.33882532064503196,0.3387553173882964,0.33878982864022616,-0.039012480290933994,0.4052906371196191
2024-04-23,600721.SH,0.1612284069097889,-0.04476126035726414,-0.02479099978091907,-0.03463623735974736,0.33651485142064735,0.3335962798055858,0.3350351208678372,-0.032729954542885666,0.38665792494134477
2024-04-24,600721.SH,0.1694915254237288,-0.04048678625141238,-0.029376257987330758,-0.03485369229360809,0.3152634476515759,0.3065064589939825,0.3108236101638192,-0.03593829261300944,0.35804003632833364
2024-04-25,600721.SH,0.12568306010928953,0.0026274339894923945,0.020583709978809307,0.011731356627184204,0.561378586629741,0.5499847078429096,0.5556018325254788,0.028378318074077057,0.6730083653482501
2024-04-26,600721.SH,0.09999999999999987,-0.033200891567895324,-0.0120410916986303,-0.02247276613958048,0.33764414343462584,0.33770780058942224,0.3376764179336894,-0.001956705912034706,0.46239973875248075
2024-04-29,600721.SH,0.08983050847457608,-0.06233228698325917,-0.012229322654663182,-0.03692983095964119,0.21835006840487417,0.36042814682368096,0.29038437191002614,0.00526717654425265,0.4909167214206589
2024-04-30,600721.SH,0.028099173553719048,-0.035538246307454585,-0.0007980836540497881,-0.017924808342611908,0.31333128611134703,0.37986766221433826,0.3470655649225206,0.013612876081241254,0.497326610826546
2024-05-06,600721.SH,0.03542673107890493,-0.0312828011678355,-0.013738599487104975,-0.02238780228630464,0.2893352193097989,0.3169347049507994,0.3033282979562423,-0.0003138128407853876,0.4470317614327333
2024-05-07,600721.SH,-0.01941747572815533,-0.04288100115485042,-0.026279195190312913,-0.034463801662202746,0.2539513345623514,0.30676316161130396,0.2807271976697615,-0.0071078927574695135,0.44550450192075036
2024-05-08,600721.SH,-0.03668261562998398,-0.025336701486689445,0.017283341257482644,-0.0037281245084280733,0.33436849331402546,0.5,0.41834450393730666,0.021379023211709224,0.584350559177808
2024-05-09,600721.SH,-0.0528771384136858,0.0024128302186165753,0.007764592459464852,0.005126200710637864,0.44519037860224164,0.39151650403335186,0.41797745304735123,0.016290224221010972,0.492487014830386
2024-05-10,600721.SH,-0.01768488745980701,-0.032107263490363025,-0.021224413145540574,-0.026589603387801287,0.3516445399318836,0.37205208302129134,0.36199126737257703,0.0020857176531181246,0.506176892170906
2024-05-13,600721.SH,-0.04976671850699832,-0.01830867954881446,0.02974057488485676,0.006052535183191552,0.2433729454102648,0.3634296442745274,0.30424229823415666,0.04319528780716705,0.40015360134027983
2024-04-10,601005.SH,-0.023076923076923106,6.955031510755775e-05,-0.022798834364575724,-0.011524836243479372,0.45978483948808185,0.4264174538811614,0.4428674064207707,-0.03531632850272918,0.3622275135984865
2024-04-11,601005.SH,-0.038167938931297773,-0.0016019347656759744,-0.011745081713814675,-0.006744561509302194,0.4274583186724308,0.4015546297206062,0.4143250175141869,-0.02641346069262899,0.3585726715792498
2024-04-12,601005.SH,-0.023076923076923106,0.00038739335943508134,-0.024818439787035202,-0.012392091380082054,0.5239377455574153,0.3779266347317711,0.4499093747531928,-0.04138851284249715,0.33415741607285493
2024-04-15,601005.SH,-0.015625,0.00652805996866486,-0.008473829062970752,-0.001077973556577448,0.5527873809106125,0.4803065254070207,0.5160392210131481,-0.019353213634629086,0.38855759388307526
2024-04-16,601005.SH,0.008064516129032251,0.0035885959987950453,-0.011450389071542996,-0.004036245405470321,0.5966313479029111,0.5337122427432812,0.564731043733669,-0.01020562165738984,0.45910191064151545
2024-04-17,601005.SH,-0.015748031496062964,-0.0009543376725348652,-0.013065907144404806,-0.0070949645797251226,0.5278820258288963,0.38778829209342347,0.45685379510266216,-0.015512334610617884,0.42388934803787276
2024-04-18,601005.SH,-0.007936507936507908,-0.003045812272561349,-0.026432760111882694,-0.014903112972750395,0.5799706617131046,0.4054734261174446,0.49149968174492453,-0.033500446862982515,0.39337999440192517
2024-04-19,601005.SH,-0.007874015748031482,-0.0014588467223386468,-0.01137992794735897,-0.006488885022517261,0.5303190417514977,0.4202847946328484,0.4745311225938264,-0.01377481313799781,0.4187858275549651
2024-04-22,601005.SH,0.015873015873015817,-0.0014531714735202975,-0.020600572758416032,-0.011161000653370346,0.5769636360687288,0.4372374183835584,0.5061217378366072,-0.025289027217967587,0.4168198243419053
2024-04-23,601005.SH,0.008000000000000007,-0.0035857487956504086,-0.023890161547060983,-0.013880188633987791,0.6052031418080319,0.4200333766054631,0.5113211354139058,-0.03405318514220771,0.3969611846141071
2024-04-24,601005.SH,0.016000000000000014,-0.006169742983836874,-0.021499972166435958,-0.013942246624318996,0.5822442465966042,0.4152728628855673,0.497588911552856,-0.03249108738326826,0.39102193229415233
2024-04-25,601005.SH,0.008000000000000007,-0.004868466900180593,-0.01765450060166768,-0.011351050579029855,0.5922356651737577,0.44321241440420284,0.5166801242013122,-0.027477204273410195,0.4167164293538293
2024-04-26,601005.SH,-0.007936507936507908,-0.0013074223565777943,-0.013305099268738022,-0.007390305160635376,0.5544414135828708,0.42703432123261653,0.48984537412902995,-0.023768879253607524,0.4158665089690752
2024-04-29,601005.SH,-0.015625,-0.004370872137086371,-0.003185401299249376,-0.0037698324335683,0.47770065078416346,0.4108756862004966,0.4438200561554026,-0.008344420621808879,0.42849674277121835
2024-04-30,601005.SH,0.0,-0.0013389688033060864,-0.01016971324634849,-0.005816200846883249,0.5725986373793944,0.5053017858303551,0.5384787936753218,-0.011108908600844713,0.4667078562287621
2024-05-06,601005.SH,-0.015748031496062964,-0.004991404231340734,-0.008146121979768484,-0.006590862066725236,0.5068062385305993,0.42526260640805325,0.46546320510419553,-0.011939516065132138,0.4354004635963236
2024-05-07,601005.SH,-0.007936507936507908,-0.0029834008660386806,-0.010427976317113102,-0.006757838228070974,0.5666267261166457,0.48384788804830436,0.5246574370357383,-0.016378767419047237,0.4430675189246041
2024-05-08,601005.SH,-0.016000000000000014,-0.003788505797615344,-0.020027464999197126,-0.012021740148423412,0.579407765018132,0.46782038742608345,0.5228324008643779,-0.03199952218482797,0.4372075082402494
2024-05-09,601005.SH,0.0,-0.0065171829981567056,-0.008052024604453704,-0.007295355446227329,0.5312598852907854,0.44142549051864394,0.48571339331794994,-0.014143767380977479,0.4507137099607818
2024-05-10,601005.SH,0.007936507936507908,-0.005979797369622789,-0.01848531789127351,-0.01232015944920489,0.5459901241342984,0.43594000646602593,0.49019415852779363,-0.025975937169001186,0.44720239592484073
2024-05-13,601005.SH,0.008000000000000007,-0.0035894586519059205,-0.010282449461873042,-0.006982838804058556,0.6055019953036644,0.4873311071082302,0.5455887580155642,-0.014304667981198704,0.4780358137189788
2024-04-10,601012.SH,-0.029733959311424085,-0.0017327121871554942,-0.023931638671271804,-0.012987680058636226,0.4296310261964454,0.28104913226505107,0.3542992553705837,-0.0288091818145502,0.3331415608539255
2024-04-11,601012.SH,-0.012092534174553138,-0.00659206880384959,-0.027468553598066447,-0.017176552057870338,0.4161728118175323,0.24897162679440082,0.3314009663476471,-0.037208216868484,0.29040392756309596
2024-04-12,601012.SH,-0.00592672413793105,-0.004769746473475671,-0.01919395850754278,-0.012082894842655182,0.4304394746296397,0.3089709015492888,0.36885429444571693,-0.028618150940557897,0.33629031865494075
2024-04-15,601012.SH,0.029962546816479252,-0.010941468408551449,-0.013387602307280349,-0.012181670652530799,0.3563628454588734,0.2986269493712164,0.3270904544735398,-0.03220012921683083,0.31867504325476137
2024-04-16,601012.SH,0.03186813186813198,-0.01232398482598317,-0.019405441798309563,-0.015914319284896512,0.37481747226605294,0.3143567755863587,0.34416359361547055,-0.028643463293006634,0.3312717529368258
2024-04-17,601012.SH,-0.005376344086021612,-0.017332064628973687,-0.014587233511370926,-0.015940421386073447,0.3532612962334782,0.282864920862229,0.317569978293441,-0.03180142965214675,0.2991051715251309
2024-04-18,601012.SH,-0.02767429483767958,-0.01604751701032838,-0.003953374360867141,-0.00991572559013576,0.35729836413688504,0.3605209820609001,0.35893224770430887,-0.015279751891908588,0.364001170643924
2024-04-19,601012.SH,0.009214092140921393,-0.014749928875265068,-0.008911266813121373,-0.011789697714137518,0.3690680203875617,0.3450234710788871,0.35687731242035436,-0.02226981175885915,0.33353638156058796
2024-04-22,601012.SH,-0.012987012987012991,-0.01340944341387709,0.00399216452251799,-0.004586740281076149,0.33094926239505745,0.34104364678452825,0.33606716627510147,-0.004111220707257146,0.4164861632318424
2024-04-23,601012.SH,-0.030883919062832943,-0.004213104119832385,0.003712610052674068,-0.00019472699542836093,0.45257144686994477,0.4702254095144348,0.46152209511458964,-0.01135042627887931,0.44681168296784435
2024-04-24,601012.SH,0.000540540540540535,-0.012443777153374958,-0.0024736200568775436,-0.0073888571384370825,0.44136606381654514,0.44584944544297295,0.44363916095018974,-0.014005764090553796,0.42848793924428286
2024-04-25,601012.SH,0.027367268746579132,-0.012310146554969783,0.0011763476444502131,-0.005472425865098066,0.46249231463852325,0.4736950169130696,0.46817214128527573,-0.012320880177389781,0.4303319447194314
2024-04-26,601012.SH,-0.005907626208378036,-0.011316182753593855,0.009297903996319367,-0.0008647366336115439,0.4060484431509368,0.45902056437068384,0.4329055762127101,-0.009032260821525894,0.4157986802342983
2024-04-29,601012.SH,-0.002105263157894721,-0.014363426482876957,0.01490542890615661,0.0004760310591034548,0.4054065899524983,0.4597186597380551,0.43294308370625895,-0.0019063873014302565,0.45336397491888464
2024-04-30,601012.SH,0.023076923076923217,-0.009479936439458487,0.014435130164628666,0.002645123142405231,0.4787348418737296,0.4270307390956838,0.45252060056764565,0.019320172356673125,0.5123465555288574
2024-05-06,601012.SH,0.022150189086979966,-0.01331321589856066,0.007488102846173805,-0.00276684221134963,0.39558819819423235,0.4161327192908658,0.40600437417657165,-0.013670585927853451,0.40576724602858427
2024-05-07,601012.SH,0.003196590303675917,-0.01955274359524596,0.014351928957375273,-0.002362903332210507,0.3396184902306384,0.5,0.4209327258953814,-0.0007461030020137534,0.48840828719286783
2024-05-08,601012.SH,0.00864397622906532,-0.013852367551548289,-0.0032350623552818668,-0.008469340180779421,0.2785457342160176,0.4723916070096075,0.3768265709885551,-0.017501096912665916,0.4465997112016971
2024-05-09,601012.SH,-0.022151898734177333,-0.011989879870718194,0.018200124377975375,0.003316604796548773,0.3279547622815585,0.5,0.41518256693904154,0.009085889931755376,0.5408183732075933
2024-05-10,601012.SH,0.0,-0.016869269462241335,0.011593727192043584,-0.0024383863697973827,0.3249374214246853,0.5469691487930188,0.43750862885527925,0.0004160166081718878,0.4991531773186345
2024-05-13,601012.SH,-0.022198731501057223,-0.014627552343596258,0.02112901454575022,0.003501207703516739,0.3166921509151268,0.5691776882943159,0.4447035938670918,0.013120903838528009,0.5557567723997101
2024-04-10,601398.SH,0.029962546816479474,0.005299092783159158,0.026267198409091277,0.015930028261707585,0.6467123427886912,0.7891592107255251,0.7189336244425254,0.009223249328618366,0.650530856267407
2024-04-11,601398.SH,0.037593984962405846,0.0063984407738078035,0.019825825593721914,0.013206192709662612,0.7202503524678834,0.7492802983231053,0.7349686816693035,-0.002053865173845792,0.5557859533299909
2024-04-12,601398.SH,0.043233082706766846,0.005784189607549704,0.023386935547781065,0.01470887072440005,0.7314570267015428,0.7529920340746808,0.742375384229786,-0.0001683512839146025,0.5617526678604274
2024-04-15,601398.SH,0.011070110701107083,0.006116161849794647,0.017267208978560756,0.011769799076686255,0.6761738374237823,0.6635905241466358,0.6697940340241721,0.014928250135541632,0.5919119745030536
2024-04-16,601398.SH,0.005484460694698434,0.007345953781255935,0.0182452957529944,0.01287197522197612,0.672287371789722,0.6830072277583626,0.6777223929201482,0.015859673086937774,0.6128041648711139
2024-04-17,601398.SH,-0.00545454545454549,0.005957424124584377,0.024364130486374595,0.015289717236594103,0.6938108106904789,0.7444158234950181,0.7194678078276372,0.011788883213066115,0.626037951946095
2024-04-18,601398.SH,-0.005434782608695565,0.005835296098055926,0.01831958852700086,0.012164895427396592,0.6447438288996029,0.7179322442306569,0.6818507252040253,0.020160647895151228,0.6770119546791835
2024-04-19,601398.SH,-0.027027027027026973,0.006452900769621397,0.022741631399943295,0.014711369486234879,0.6293488549378355,0.7437831715368397,0.6873676315502181,0.01084169205607718,0.6407824552718202
2024-04-22,601398.SH,-0.018248175182481896,0.00964086926794982,0.02424388944455368,0.01704467426869439,0.7087722535978723,0.7676805924541793,0.7386390789898313,0.014806897671634645,0.6761489814542343
2024-04-23,601398.SH,-0.01272727272727281,0.005665045760673701,0.021930853890329494,0.013911892653650098,0.7022413509754689,0.723154731577161,0.712844540590269,0.01395738040847202,0.6373889904073333
2024-04-24,601398.SH,-0.018281535648994485,0.00624582143281553,0.019036349043786056,0.012730683546475125,0.655725437593453,0.7193239244047293,0.6879701916921646,-0.00276147900713245,0.5891359030746776
2024-04-25,601398.SH,-0.016393442622950838,0.006204618050625804,0.01646156200886967,0.0114049404532525,0.6780879699247422,0.7217124998389581,0.7002058269726613,-0.010382223094810327,0.5486416790130137
2024-04-26,601398.SH,0.0018518518518517713,0.010003109632085401,0.01144287070963761,0.010733075771756756,0.6704202867482391,0.6558916098958797,0.6630541741884524,0.019706073331848116,0.6446438107354097
2024-04-29,601398.SH,0.0,0.003911791103286821,0.020535518578965687,0.012340104912825759,0.6778685866352864,0.7066362834452481,0.6924539542459358,0.0011992093522061546,0.5687431374383874
2024-04-30,601398.SH,-0.0055248618784529135,0.00281012046909086,0.02254417797248499,0.012815387315376186,0.6361921424124175,0.712542036561545,0.6749019244486902,-0.0023132285627751933,0.5434088630974718
2024-05-06,601398.SH,0.007448789571694592,0.005773151446694344,0.0159879232313699,0.010952092344277476,0.6677531302777061,0.6684195714452631,0.6680910193163698,0.0033672699792661413,0.579183171030435
2024-05-07,601398.SH,-0.005555555555555647,0.002340593112875816,0.020185555525052374,0.01138807920462606,0.6116676961352705,0.6831628997032576,0.6479161255220891,-0.003938369102973993,0.5303890967284232
2024-05-08,601398.SH,-0.005545286506469571,0.002257850994433579,0.01999219095117923,0.011249250942440338,0.6459011192644708,0.6898443196954622,0.6681805438742476,-0.004045725691403745,0.539370143806041
2024-05-09,601398.SH,0.005576208178438735,0.0026082591940560216,0.01726467322997888,0.01003913515120921,0.6211158623054799,0.7000553705190206,0.6611385917545638,-0.010577077836577941,0.5098783558186458
2024-05-10,601398.SH,0.012962962962962843,0.0029516694964413915,0.019137930662283923,0.011158185676910915,0.6201186979837278,0.6955734277942943,0.6583746271781792,-0.01294037274153429,0.5055370055424591
2024-05-13,601398.SH,0.009242144177449063,0.00321164689741593,0.019582806145547364,0.01151190733966987,0.650236877413007,0.7192332262138725,0.6852183748092371,-0.008159301607277214,0.5212861012914816
2024-04-10,601801.SH,0.10041265474552974,0.02514770783703844,-0.02471979628211959,-0.00013536867090194367,0.7454242818323076,0.6314842696230402,0.6876561200426372,-3.0053422092534907e-05,0.6208716422667578
2024-04-11,601801.SH,-0.003968253968253843,0.02742031516043152,0.007723881818677083,0.017434123954166405,0.7516543383012545,0.6689787102598961,0.7097373772254215,0.014371305503844767,0.653323830658394
2024-04-12,601801.SH,-0.018741633199464536,-0.002459276941484171,-0.046650969828872804,-0.024864688481982908,0.4910383516906664,0.45985743778300264,0.4752294708204466,-0.028627936257406263,0.46370010763576275
2024-04-15,601801.SH,-0.07263294422827493,-0.008140811704415322,-0.01580852945733736,-0.012028383340749581,0.541227106881715,0.4375877715343771,0.48868144029776894,-0.008521380572274395,0.4034472228702101
2024-04-16,601801.SH,-0.08087291399229779,-0.00882525458382611,-0.020053782753848195,-0.014518175090051468,0.468217548235184,0.4147560208464843,0.4411122837733807,-0.019183421375187394,0.35657992864724253
2024-04-17,601801.SH,-0.13,-0.009307890434391878,-0.01608243455935301,-0.012742618529235665,0.4899204307777893,0.41160116370033706,0.4502121667180224,-0.012513225910295389,0.3774746074729094
2024-04-18,601801.SH,-0.09030544488711822,0.0272696538894487,0.013606695215541146,0.020342464819552555,0.5162523811721438,0.5618046045486029,0.5393475885436984,0.009211600698806522,0.4168032134646501
2024-04-19,601801.SH,-0.038199181446111896,-0.014379120937664523,-0.046202461281625556,-0.030513715256482367,0.4949735593030653,0.3356037804885825,0.4141722763434854,-0.026496497215644767,0.3383430791671409
2024-04-22,601801.SH,0.040559440559440496,-0.017428722297786595,-0.038115949141324504,-0.027917250814724088,0.4685381050865391,0.3680518709541609,0.41759107674734286,-0.0227154745880667,0.37562779858957246
2024-04-23,601801.SH,0.018156424581005526,-0.011661278504814156,-0.03631791247855816,-0.02416231648932713,0.4811977968843058,0.3535199673456364,0.41646449230823446,-0.023383445961890716,0.3615953810593692
2024-04-24,601801.SH,0.06896551724137945,-0.03479723180482507,-0.05395222728070301,-0.044508911277867255,0.3268883795948517,0.2204478928196761,0.2729225150861986,-0.03698128390298753,0.2479851692355821
2024-04-25,601801.SH,0.11678832116788329,-0.028219248868358388,-0.06993591010587107,-0.04936980685906121,0.3267869460866449,0.18482269486076433,0.25481035354333614,-0.05254847230402352,0.242247442041952
2024-04-26,601801.SH,0.039716312056737646,-0.03259348277886658,-0.04329548166187576,-0.03801945027666767,0.3352014317464681,0.2330092372594885,0.2833894728893571,-0.032378696017742827,0.2939331771149878
2024-04-29,601801.SH,-0.0040322580645161255,-0.028473471505094935,-0.02650491776600374,-0.027475404814680526,0.3351710679494153,0.30019046532556853,0.3174357257049094,-0.01907182424069579,0.3410303507020753
2024-04-30,601801.SH,0.012345679012345734,-0.026815458322438094,-0.03456792706777381,-0.03074599914006923,0.3748838187760232,0.3665919926301554,0.3706798210316088,-0.015547297255223113,0.3815915549672509
2024-05-06,601801.SH,-0.024193548387096864,-0.031230925508408766,-0.04072878131596232,-0.036046386383891155,0.28850346737256766,0.25044225532016046,0.2692062405852287,-0.0315600961367564,0.2979122607213689
2024-05-07,601801.SH,-0.03790849673202612,-0.03868153660404907,-0.039990123754516396,-0.03934499690002692,0.25701538470210006,0.2306338864917971,0.24363983183602164,-0.026912408091659658,0.28027192876400764
2024-05-08,601801.SH,-0.0027285129604366354,-0.035869090518730044,-0.052932699587418364,-0.04452042651810864,0.37899056137359294,0.3139316298153833,0.3460053544103445,-0.023286464027576316,0.3877464712295408
2024-05-09,601801.SH,-0.006747638326585648,-0.04535657245594691,-0.05454862946441061,-0.0500169917954633,0.19197171082031525,0.2579615627048948,0.22542889909183544,-0.03676254738086574,0.34146777326407235
2024-05-10,601801.SH,-0.006775067750677488,-0.04488461555072051,-0.05981806340787783,-0.052455949054752746,0.21065131387065314,0.26518993901910476,0.23830267233790875,-0.038338299273501776,0.3485804991801205
2024-05-13,601801.SH,0.04683195592286493,-0.04198390235358271,-0.06516930963794378,-0.053739020974268886,0.2333400567321306,0.24535409120917615,0.2394312329042198,-0.04198371242033109,0.30804278414790376
2024-04-10,601886.SH,-0.034710743801652844,-0.010946498715608672,-0.03012788394833787,-0.020671557928689625,0.48575340926440835,0.3718704558098333,0.4280141765516152,-0.02835765514825387,0.3524059620865319
2024-04-11,601886.SH,-0.024671052631578982,-0.014780377483512536,-0.023194016032398162,-0.019046134731626106,0.423262584116536,0.38237655313195557,0.40253315986022886,-0.02302104234550332,0.36435765166578155
2024-04-12,601886.SH,0.0016977928692700761,-0.02141348903794033,-0.030378164729234765,-0.025958624900972116,0.50943203698928,0.4256317147376431,0.4669448502671311,-0.02755496158950014,0.381013297544027
2024-04-15,601886.SH,0.0017331022530331364,-0.011570057606735608,-0.023039709050627074,-0.017385228830913833,0.48218855392717974,0.42142103046983975,0.4513791125503104,-0.020887861944443288,0.36402655179291243
2024-04-16,601886.SH,0.07116788321167866,-0.00541125132050602,-0.006639397387248159,-0.006033927580664753,0.4972551282864695,0.5420190700017574,0.5199506728735869,0.000789445688228441,0.4882689515079371
2024-04-17,601886.SH,-0.017123287671232834,-0.016747185248194213,-0.012233300208199401,-0.014458622729774686,0.3568478528795916,0.37341089726604537,0.36524540005633593,0.0027439582379018227,0.4243543989148356
2024-04-18,601886.SH,-0.0202360876897133,-0.01298143171161745,-0.018270223978534613,-0.015662876108745376,0.4152098345664129,0.4154969545457635,0.4153554058464099,-0.013878770004195828,0.42288261242459724
2024-04-19,601886.SH,-0.0016949152542373724,-0.010206301002259863,-0.018042587439692722,-0.014179337813212569,0.4728909521377183,0.462607646895872,0.4676772644311339,-0.012071747306299485,0.45457592928186197
2024-04-22,601886.SH,0.0692041522491349,-0.0119121960546611,-0.02415790630374034,-0.018120833013545813,0.4474250393982999,0.4498353064334923,0.4486470569612748,-0.014195453765110144,0.44168081780177754
2024-04-23,601886.SH,0.013628620102214661,-0.013357676907948994,-0.02189710558138235,-0.017687210384671963,0.43821585204440167,0.4142606560009751,0.4260704466340679,-0.019831191048935083,0.42462904925185757
2024-04-24,601886.SH,0.06097560975609739,-0.012379206607207916,-0.022116285163469012,-0.01731595462478509,0.48284696347688016,0.46757685214866196,0.47510493989227115,-0.014371350806071248,0.4555570179893666
2024-04-25,601886.SH,0.055077452667814164,-0.013787493593467294,-0.02262940491051572,-0.01827038729857807,0.5169391196133923,0.4290544473774752,0.4723811468159867,-0.021597339847458742,0.4361194372683897
2024-04-26,601886.SH,0.028862478777589073,-0.012455078276024305,-0.024587925926627386,-0.018606493327324888,0.45621534018696197,0.39661032851956207,0.425995298160343,-0.024029249865974024,0.4063903456718591
2024-04-29,601886.SH,-0.009708737864077555,-0.01739732510058626,-0.012616613107365716,-0.014973479968930932,0.3901874627324542,0.3815223153734571,0.3857941892470476,-0.0005267300665095283,0.42618512454140506
2024-04-30,601886.SH,0.0,-0.02471405216024503,-0.01732082552550643,-0.020965648907497785,0.2659631786205176,0.4274116491446651,0.3478183687779852,-0.0004579287325284006,0.38091442420380944
2024-05-06,601886.SH,-0.016420361247947435,-0.019839330928513338,-0.03290533887619887,-0.026463862964552765,0.21560614111189763,0.23638008233406105,0.22613863425685998,-0.01943584551464842,0.27335003480683995
2024-05-07,601886.SH,-0.02446982055464919,-0.011800731631558386,-0.028086440978417348,-0.02005766854219331,0.40666084159172583,0.37183847346689597,0.3890057250375869,-0.018459446499134814,0.40020903806997504
2024-05-08,601886.SH,-0.011551155115511413,-0.010416840719792566,-0.030561934924402564,-0.02063050525006023,0.46497458988036683,0.415054594956294,0.4396649002691628,-0.01713279945210492,0.4353947943908904
2024-05-09,601886.SH,-0.0032679738562092497,-0.011122593753398958,-0.029184250600180674,-0.02027994501818605,0.3707819139360071,0.3231990569182458,0.3466571650500033,-0.015497694878616996,0.3588222285771178
2024-05-10,601886.SH,0.053781512605041826,-0.00980558580733,-0.022474695672447854,-0.016228888510466874,0.45673662512948016,0.42918930693181445,0.4427699956403458,-0.008247740975426054,0.45988835546757567
2024-05-13,601886.SH,0.02170283806343898,-0.011075304779940544,-0.024213647411915225,-0.017736510866333287,0.4693046626149308,0.43059389848943674,0.4496781096451443,-0.01067237537040303,0.46397470466901486
2024-04-10,603160.SH,0.033410342989159236,-0.0300034495255236,-0.05126762987095666,-0.04078449638256257,0.1622602207390072,0.1883083799047202,0.17546676902552388,-0.03231646265446234,0.28636153075190235
2024-04-11,603160.SH,0.0449236298292901,-0.03520842672795755,-0.05262876262890906,-0.044040625033398104,0.16294435718986872,0.18185498154058574,0.1725321392679458,-0.04116251500516758,0.2547858237421667
2024-04-12,603160.SH,0.02426312005751252,-0.032507670371954595,-0.06384090939764672,-0.04839378084652737,0.1477824098920196,0.16078628649345564,0.1543754410216368,-0.053722085516423136,0.21234826022098136
2024-04-15,603160.SH,-0.004581497797356837,-0.02970281584285174,-0.06144324530697942,-0.04579537392674677,0.1872714041753426,0.19236765497529495,0.18985522907604274,-0.027840503807438112,0.23360833906346998
2024-04-16,603160.SH,0.017098632109431078,-0.022877274860683118,-0.04488310792004799,-0.034034343390349886,0.21162306490017624,0.2319890797659478,0.2219487373216948,-0.033120692440006295,0.2851176498901547
2024-04-17,603160.SH,-0.02424763542562336,-0.029469242561113176,-0.05170347758766454,-0.040742112041979375,0.25091403332922435,0.2537210846772234,0.25233722254325824,-0.024370372424370047,0.26638822072992746
2024-04-18,603160.SH,-0.016509028374892543,-0.02773912639181819,-0.048594956442330875,-0.03831313758643776,0.2172822086092269,0.24850799890365932,0.23311384203424396,-0.013185596186416937,0.27767941489487813
2024-04-19,603160.SH,0.05790489559571843,-0.03337499979664812,-0.056707602784365194,-0.04520474738253571,0.22221190142665,0.20376348667587013,0.21285846195072106,-0.011784617456525736,0.2578636844562097
2024-04-22,603160.SH,0.09098955567357048,-0.03453644040594378,-0.05638377818424016,-0.045613151027425955,0.20812307092635418,0.20521754391817082,0.2066499540551297,-0.009239230235655682,0.27849517201161067
2024-04-23,603160.SH,0.08883383471951878,-0.033269493105376406,-0.06297386136015617,-0.048329757870404166,0.1886685921521676,0.2067268745203574,0.19782423253926146,-0.03077235595250575,0.2648962274223381
2024-04-24,603160.SH,0.10468805075784271,-0.0329162991126634,-0.06547216754321175,-0.049422288871949806,0.20688578849411374,0.19190991551211323,0.19929294523746371,-0.02741670600980787,0.23370457364300595
2024-04-25,603160.SH,0.08935128518971847,-0.015462160661561686,-0.04687363212925787,-0.0313879353794434,0.2634172145541118,0.26251126193656843,0.2629578920003464,-0.02016575432538862,0.2795077442779264
2024-04-26,603160.SH,0.01559130867473879,-0.027488838604219787,-0.05260110797916495,-0.040220886038910345,0.34316731048191396,0.3093006612840645,0.32599674825183333,-0.0036595621242965556,0.28625658228924405
2024-04-29,603160.SH,0.00438098328736003,-0.03051806298027942,-0.07998025693676421,-0.055595645188207775,0.26099665640245534,0.20970331531809752,0.23499067335014778,-0.03137716979175157,0.21121867414367046
2024-04-30,603160.SH,0.006338371526084741,-0.03048374847199477,-0.08504139684881472,-0.05814475181213422,0.21355917569514243,0.19599707444591177,0.20465510164195738,-0.0347493330139275,0.22114757668822516
2024-05-06,603160.SH,-0.013241863433312018,-0.028821221023883695,-0.08944543136240207,-0.0595580019255245,0.19529511372929825,0.1789051167068113,0.18698530244028183,-0.05667808842288328,0.18867728962488653
2024-05-07,603160.SH,-0.0022471910112359383,-0.02622012234542239,-0.08993889914880125,-0.058525864077808194,0.19500337479292124,0.17430977665515043,0.18451161599762128,-0.03875863252334203,0.21625953949864618
2024-05-08,603160.SH,-0.014861995753715496,-0.02709050202447894,-0.0903118599569497,-0.05914404987646496,0.2558259402124953,0.17942474977068867,0.2170901506966968,-0.03634141852820808,0.2321286200140455
2024-05-09,603160.SH,-0.018901453957996805,-0.02390257718166336,-0.0960626414510708,-0.060488094302830385,0.20338306022140956,0.16587050628481245,0.1843640058704849,-0.044067200244326345,0.21583404770350972
2024-05-10,603160.SH,-0.0027454780361757525,-0.029030898383880618,-0.09714434322258701,-0.06356475901106187,0.17525553300147664,0.17235313084747356,0.17378400044710765,-0.04761502205483862,0.22569298364463358
2024-05-13,603160.SH,-0.00307194826192414,-0.024855424085598297,-0.09167052278145825,-0.058731016659400795,0.2213393202062695,0.17516326959003037,0.19792782927271016,-0.03136191439456563,0.24706870684002727
2024-04-10,603228.SH,0.014158363922391226,-0.024677047512476097,-0.043898302399092023,-0.03442232084149023,0.3013585743960349,0.21769741771377216,0.2589419453205922,-0.03795701943206912,0.28266008989016367
2024-04-11,603228.SH,0.02212855637513167,-0.02597404839164403,-0.046250222435820484,-0.03625417106275805,0.2939504158577579,0.19197358844577014,0.24224764919565428,-0.0434549859483833,0.2611457973771781
2024-04-12,603228.SH,-0.01449275362318847,-0.02503586198792572,-0.028964405748424443,-0.027027653520626915,0.30767206367901323,0.2499987576658525,0.2784314061776404,-0.0320659353569808,0.2967561158671534
2024-04-15,603228.SH,-0.025141097998973794,-0.024657342078445135,-0.031393174194151746,-0.02807244298903243,0.27338535573547124,0.22337283631995591,0.2480287557396927,-0.03099082126285272,0.2734740439372352
2024-04-16,603228.SH,0.016577540106951894,-0.024238128030293845,-0.029006154763117183,-0.026655541670844676,0.3620835745898314,0.28550004893909586,0.3232553402019891,-0.025096246693932657,0.3449637565628212
2024-04-17,603228.SH,0.018614270941054833,-0.031789661625013885,-0.03273518981117585,-0.032269049191995865,0.25278922903586926,0.23227002981412898,0.2423858913720213,-0.02970514725130461,0.2849744086233191
2024-04-18,603228.SH,0.026804123711340333,-0.03319195434313705,-0.031495310897953155,-0.0323317475453639,0.18373589419323774,0.25252706659394913,0.2186133661180843,-0.02919358923764851,0.31213817576655006
2024-04-19,603228.SH,0.07983193277310918,-0.032871020824640065,-0.041805674365793424,-0.037400935305885105,0.17583254761827785,0.2303874156429565,0.20349214130583596,-0.034229249591758916,0.30176759382064433
2024-04-22,603228.SH,0.23684210526315796,-0.036500643154540546,-0.02935721707463018,-0.032878890045027996,0.22998124766032912,0.2970771489358923,0.2639992085605933,-0.022829017915758233,0.36398183790668165
2024-04-23,603228.SH,0.26091530773277216,-0.026450101899266717,-0.04101213110316965,-0.033833124269774646,0.24067548881920764,0.22608693441122868,0.23327901803623374,-0.03701416506971914,0.30629125018349856
2024-04-24,603228.SH,0.2822335025380711,-0.023036685271578698,-0.015452356900701427,-0.019191392473205726,0.3357173035641645,0.30649227672937446,0.32090006732059767,-0.007771506243342585,0.3548849799942564
2024-04-25,603228.SH,0.26154618473895574,-0.01867897523599579,-0.018526095365884062,-0.018601464369534082,0.31440778945837367,0.28301145568972863,0.29848968963038314,-0.009565670055663033,0.34440122117411054
2024-04-26,603228.SH,0.2188715953307394,-0.021824921108907838,-0.01973455070212429,-0.020765092752582728,0.3106297720420486,0.27174102103536907,0.29091297882435097,-0.005414871707030399,0.32651120699807823
2024-04-30,603228.SH,0.07234042553191489,-0.01413244468278093,-0.007128882024742527,-0.010581603034716332,0.291273099555203,0.2475023205500993,0.2690810934793859,0.0683185247261677,0.3047530731579367
2024-05-06,603228.SH,0.052148518982060965,0.004394881468983178,0.016983017413057983,0.010777129985089007,0.3506934438070337,0.33261476268703766,0.3415274611497241,0.023658055880561434,0.3413141524843386
2024-05-07,603228.SH,-0.018606492478226544,0.03282558731242567,0.04486637171319269,0.03893032583097633,0.4488427216676751,0.5192344744807994,0.4845316959473908,0.036353052312465294,0.48040150951179256
2024-05-08,603228.SH,0.03143653004377245,-0.0012197935452581932,0.003907742265107959,0.0013798930137666576,0.3856188336719976,0.36532270309223897,0.3753285929365274,-0.006744202453889769,0.34532432814545005
2024-05-09,603228.SH,0.045490822027134836,-0.018849270034971125,-0.006010851551005763,-0.012340127006769121,0.352929416514842,0.3349110950123476,0.3437940364885291,-0.02102511920770426,0.32801175960094203
2024-05-10,603228.SH,0.042063492063492136,-0.024172049643298475,-0.012169757051118165,-0.018086826666153324,0.37018299314924336,0.2728963997401561,0.32085819882062816,-0.02014824572660804,0.3178792078733653
2024-05-13,603228.SH,0.03211736716891367,-0.025768098569752776,-0.009645695904278214,-0.017593958971568735,0.3897309383395259,0.29978432684022216,0.3441275519191252,-0.015326473357101278,0.36609160082471376
2024-04-10,603601.SH,-0.08181818181818179,0.008073320145477427,-0.016052904267497014,-0.00415879751221438,0.5605257482990509,0.4765196165702047,0.5179342151322532,-0.03472120429523632,0.39563416408526136
2024-04-11,603601.SH,-0.07902735562310037,0.012445600676047055,-0.013561505659954332,-0.0007401336184160896,0.5801107552583743,0.47888160452247824,0.5287870644481453,-0.034037525094899025,0.383922025368328
2024-04-12,603601.SH,-0.0619195046439629,0.011545309264366888,-0.016506291858184464,-0.0026769942152095206,0.5922822951132727,0.4637216464970021,0.5271013968050521,-0.03646075029028698,0.38015652366738945
2024-04-15,603601.SH,-0.038961038961038974,0.009832284405866995,-0.006685429142887441,0.0014577201928374977,0.5190388822283475,0.4329518040742899,0.4753922987114897,-0.02365760366292439,0.423230771182739
2024-04-16,603601.SH,0.0535714285714286,0.03624472608051601,0.011032578406136553,0.023462039843449335,0.5784118494926088,0.5,0.5386566456806517,-0.0059980335805518755,0.560889602376085
2024-04-17,603601.SH,-0.0033003300330032292,0.03545769530266398,-0.0013989010824131225,0.016771214744111477,0.5947139619874049,0.4880096311519372,0.5406143272073023,-0.007872147302448595,0.45057628262289984
2024-04-18,603601.SH,0.01650165016501659,0.02282058277516999,-0.0007360273015225398,0.010877262463537908,0.6265746690977371,0.5823689916825898,0.604162167331018,-0.02546391620890035,0.43612196086112576
2024-04-19,603601.SH,0.02310231023102327,0.029105862171370327,-0.0012352945982095041,0.013722742412425146,0.6637251907773846,0.610153210271559,0.6365639260272139,-0.0261228070854174,0.45758844150145633
2024-04-22,603601.SH,0.10135135135135132,0.02645623956425459,-0.03140203581166573,-0.002878198338461431,0.6573779249439196,0.4315610886454266,0.5428876481642073,-0.027868830179484307,0.45894718066799034
2024-04-23,603601.SH,0.08813559322033893,0.025730883016589313,-0.03056791371982776,-0.0028128913377597087,0.6319653027181176,0.39291843957316536,0.5107673354921006,-0.03404097823390221,0.38580452411958543
2024-04-24,603601.SH,0.0960264900662251,0.028400808166756497,-0.026792313586625423,0.00041761661443011876,0.6057942987172157,0.3980309559407156,0.5004572343553833,-0.034284483207299744,0.36643439994664123
2024-04-25,603601.SH,0.0941558441558441,0.027349296233449723,-0.025870511309573536,0.00036658495451919945,0.6012421334456426,0.37396079666802556,0.48600934752468405,-0.029418987780927254,0.3619896541776253
2024-04-26,603601.SH,0.06129032258064515,-0.007816252392841127,-0.037289219686120936,-0.022759195701402276,0.5365797727108379,0.28351402167758377,0.4082741585051517,-0.041566960263166565,0.2710987447204326
2024-04-29,603601.SH,0.030674846625766916,-0.02009291121413802,-0.02485231680842911,-0.02250595389390093,0.5124182075202256,0.2835915340722988,0.3964019281007232,-0.02800683427538634,0.27828704343414934
2024-04-30,603601.SH,0.031152647975077885,-0.014429515328429968,-0.03822650539875963,-0.026494709511182282,0.5207511901948844,0.27481649012284953,0.396061054851018,-0.037449365223493104,0.27684421983297575
2024-05-06,603601.SH,-0.027190332326283984,-0.010101845245481822,-0.035450069524077144,-0.022953523008314644,0.5185186250641651,0.26183658036994834,0.38837953170366046,-0.04427061266214442,0.22944076953018355
2024-05-07,603601.SH,-0.041543026706231445,-0.009595437260547764,-0.03169123162906275,-0.02079811662841814,0.5544970527175314,0.28332127087966474,0.41700956140606343,-0.03623815550937896,0.26439530386896254
2024-05-08,603601.SH,-0.012158054711246202,-0.0047536050554031015,-0.046247264624405426,-0.025791100073616402,0.5690338335676448,0.287187749269739,0.4261364450049448,-0.04305535457814206,0.28698624025819297
2024-05-09,603601.SH,-0.017857142857142905,-0.004226651914370656,-0.03424600703856416,-0.019446616613434713,0.5051275917040371,0.28467214478895436,0.39335556642625913,-0.03300716335547652,0.2747287612648069
2024-05-10,603601.SH,0.030211480362537735,-0.006611390416304303,-0.039932880957509465,-0.023505554453446136,0.5160516695632956,0.2893920007964125,0.40113407246430755,-0.03488244884495221,0.30860086488336663
2024-05-13,603601.SH,0.04037267080745344,-0.013418556910039754,-0.04279806888445864,-0.028314117899822952,0.5314320831102749,0.3015655250010239,0.4148885769142154,-0.031420825081964567,0.338620992833683
2024-04-10,603699.SH,0.0,-0.012845296796887989,-0.05989806235522152,-0.036701286635057874,0.3967532157339231,0.18430653751129294,0.2890416766417348,-0.05216813221211528,0.19488935720935924
2024-04-11,603699.SH,-0.002797985450475715,-0.02740170097858977,-0.033462760372887757,-0.030474688710621346,0.31396482386395336,0.22958437788501665,0.2711835114814076,-0.03405075515119752,0.23115007531971327
2024-04-12,603699.SH,0.010584958217270346,-0.017823071817753066,-0.048826826558487704,-0.03354213209537115,0.3681558921991372,0.1692917810763084,0.2673307832426529,-0.039587660097011125,0.17044013327507015
2024-04-15,603699.SH,0.04178757980266967,-0.02636372528778736,0.01166360553122468,-0.0070836764569401625,0.37273373073150445,0.4883535428238543,0.43135355954787247,0.03381854452605789,0.23333147107222352
2024-04-16,603699.SH,0.058858858858859,-0.009616638014947752,-0.031826730182302684,-0.02087726694423701,0.3889502374433569,0.31227860119220857,0.3500773305359901,-0.016715752227879833,0.27384372573187765
2024-04-17,603699.SH,0.05348837209302326,-0.033326295015405176,-0.04877288614655956,-0.041157794751639484,0.23606662899835698,0.1837804758791569,0.2095572852289191,-0.03672961242356924,0.2430772943536091
2024-04-18,603699.SH,0.014029180695847465,-0.031226654501173238,-0.0395311792150025,-0.035437090483694436,0.221387092058929,0.2177169013970226,0.21952628685235645,-0.018543833968364155,0.24727275437415877
2024-04-19,603699.SH,0.03528114663726578,-0.03435689810429319,-0.04086956143655912,-0.037658851314277056,0.1979318968741854,0.2516795646563517,0.22518223596099385,-0.028800565416700764,0.2794773484243267
2024-04-22,603699.SH,0.03509749303621157,-0.03528099713886905,-0.05382759818424898,-0.044684217562175554,0.19785860796261215,0.223664296282653,0.21094222230546433,-0.028009711633450153,0.25467177021143417
2024-04-23,603699.SH,0.05785592739648315,-0.032276028740857686,-0.0623854106622119,-0.04754163748087756,0.19561792747714002,0.22820800930052149,0.21214126359943125,-0.03290911109240672,0.29170668948725226
2024-04-24,603699.SH,0.07615894039735083,-0.037822223897872854,-0.04994855100418277,-0.04397033300027646,0.18521849006642893,0.2343657591719727,0.21013640378399995,-0.02862599333040653,0.3165231310349124
2024-04-25,603699.SH,0.06032097399003877,-0.03214457590530783,-0.05860485856821074,-0.04556007288685594,0.2021617730138866,0.22891479012588237,0.21572568783995405,-0.03157304777526918,0.2953418524804129
2024-04-26,603699.SH,0.01650692225772099,-0.03245355155673572,-0.038022804776010055,-0.03527719107353501,0.1881662240650174,0.2539379899505778,0.22151284163331297,-0.0197348279241523,0.23420894286411786
2024-04-29,603699.SH,0.053821313240043134,-0.028529706705739212,-0.04149218264799251,-0.03510174749200386,0.21885739167022777,0.3304852665124651,0.2754532881344106,-0.01708503738514925,0.3073153444442282
2024-04-30,603699.SH,0.04021447721179627,-0.03237756661634972,-0.05704153047211234,-0.04488232088807506,0.19002381277931105,0.2400586633874002,0.2153917348025367,-0.035931195057097555,0.29365214264908784
2024-05-06,603699.SH,0.05128205128205132,-0.03622317768812813,-0.02975459489006099,-0.032943573531668095,0.20101667006973878,0.33949742928908955,0.27122711456791093,-0.011905721304044803,0.34895234238712775
2024-05-07,603699.SH,0.07254697286012535,-0.027246695448551083,-0.05819022204635167,-0.04293521975344244,0.2211656244245371,0.288121413111741,0.2551125475346855,-0.03258364971740794,0.32727834140545703
2024-05-08,603699.SH,0.07752750130958619,-0.028412326211237272,-0.04794545358075365,-0.03831572046459228,0.20791614075145112,0.33632535826868815,0.2730202627274655,-0.025540585009667084,0.38239499157521645
2024-05-09,603699.SH,0.03626149131767109,-0.029533692996086897,-0.03610479169724294,-0.032865273233300525,0.19663448016052548,0.3570103152071344,0.2779458387121654,-0.01717574003400405,0.41692563614920414
2024-05-10,603699.SH,0.057731958762886615,-0.03130396927335849,-0.046634240505547916,-0.03907649423319534,0.2264727217599608,0.37233796185845014,0.3004271353686094,-0.024202043121702745,0.43368369081194474
2024-05-13,603699.SH,0.022926829268292703,-0.0349350354389967,-0.013656075334728134,-0.02414649516956409,0.20188116781864868,0.43245915446283295,0.3187853718758979,0.0019157963173072837,0.4293222472196694
2024-04-10,603711.SH,0.058897243107769226,-0.0228946641852309,-0.04706128831780669,-0.03514726470485098,0.38120308720336865,0.29870517254446977,0.33937622771021114,-0.029335039863964497,0.4207663919697534
2024-04-11,603711.SH,0.08945095619987664,-0.02705711956118706,-0.008336015953480585,-0.01756542545723291,0.3957821893350535,0.40566543016791035,0.400793042365244,-0.010872063468296644,0.46257500833335463
2024-04-12,603711.SH,0.06390977443609014,-0.021422331182851192,-0.030670556857208996,-0.026111228319727488,0.42433473503413305,0.30688088245836437,0.36478503842750754,-0.02876761148442445,0.36611343733368945
2024-04-15,603711.SH,0.05928614640048391,-0.022942750515332077,-0.002996184490566777,-0.012829740775165835,0.37641090154530765,0.35176893970610335,0.36391730240712666,0.0022746504199504195,0.37207969607917124
2024-04-16,603711.SH,0.15896136795440152,-0.023811440368825147,8.636411373952671e-05,-0.01169513276977772,0.4663119195615624,0.47407717128067656,0.47024894141147594,0.0017417801753240817,0.4994588372352036
2024-04-17,603711.SH,0.07810650887573978,0.011267362185652503,0.0007152109768983929,0.0059173682156958155,0.57795863087644,0.4449758676066185,0.5105356980993305,0.009857176036193594,0.46084410269338666
2024-04-18,603711.SH,0.006228765571913986,0.026213967246517235,0.023374089517343478,0.024774134891396182,0.5386220860820319,0.4867974434845959,0.5123467304785767,0.01783287533722141,0.41699921404831797
2024-04-19,603711.SH,0.035924617196702036,0.007688984544197192,0.0015564612156573933,0.004579764236485132,0.6065435081518417,0.45561397370524953,0.5300214717250176,0.008802798355121511,0.45706112157873197
2024-04-22,603711.SH,0.004568817818389359,0.02538150472816013,0.024402275625401388,0.024885030626214055,0.5790650416079106,0.538876904946321,0.5586894532989666,0.02671497615681214,0.5015290926912143
2024-04-23,603711.SH,-0.04590163934426228,-0.02002423439911387,0.0028065831234766365,-0.00844889457895389,0.4139960085259849,0.42208576104911527,0.4180975539228405,0.012635732772609843,0.4007626823469279
2024-04-24,603711.SH,0.06641053787047202,-0.014496326022184442,0.004033720716883699,-0.005101498715806688,0.46772383912003684,0.5,0.4840880157381563,0.006382316923193543,0.47180509226778256
2024-04-25,603711.SH,0.06359032076533477,-0.028955357407012924,-0.030309154443116614,-0.029641739343398685,0.43890248198080767,0.422670607210454,0.43067283947242124,-0.014308962469057362,0.4563641677626
2024-04-26,603711.SH,0.02842524161455362,-0.03295569035984744,-0.024703109139596138,-0.028771589990977234,0.41210838170656044,0.400250132869153,0.4060961896407621,-0.013514111297558784,0.42211919635393247
2024-04-29,603711.SH,0.048322910744741376,-0.025727193804122372,-0.032500172876811506,-0.02916112840955796,0.3941818371950076,0.3919895761395641,0.39307034976508304,-0.02216235143650839,0.4258553051271644
2024-04-30,603711.SH,0.030927835051546282,-0.026734073920409246,-0.038952532792534716,-0.03292889429351051,0.4134018234020598,0.41521017529541887,0.41431866694738395,-0.023435048046915243,0.45227565710421014
2024-05-07,603711.SH,-0.05506948018528046,0.012432238742308645,0.025247393444374894,0.018929586915564352,0.5931507159022663,0.45203255148881566,0.5216030936471018,0.017271676512736277,0.25790312429285756
2024-05-08,603711.SH,-0.03968253968253965,0.026267573745140455,0.016722601066259574,0.021428224377871168,0.6389048246248601,0.4533649785389669,0.5448351853533223,0.02299397001856259,0.2864541012994782
2024-05-09,603711.SH,-0.024322830292979658,0.046229768952066264,0.0019950558333587283,0.023802545936960216,0.7739044715980959,0.4816919458894898,0.6257512448712171,0.003728576558914754,0.3504698606244043
2024-05-10,603711.SH,-0.06290672451193058,0.043888126083829554,0.008771369696213772,0.026083753193274214,0.7913134932948074,0.4865214916639917,0.6367824087266569,-0.0066395987703613876,0.3573652013286909
2024-05-13,603711.SH,-0.04611111111111099,0.036646278620740456,-0.011280534748020207,0.012347142127189091,0.8027898754506363,0.5091140710212102,0.6538947590201434,-0.008636555457810757,0.39968130777700683
2024-04-10,603758.SH,-0.039651837524178,-0.022596980249419866,-0.045697977550020974,-0.0343093025819193,0.3848914510742871,0.37136115267926045,0.37803152143595375,-0.03031071671831701,0.4169685559950077
2024-04-11,603758.SH,-0.030710172744721764,-0.0338967925516223,-0.042808796928512124,-0.03841522379216719,0.3248183685206895,0.2917664678270811,0.3080608878981871,-0.03850884578377948,0.3176737276444204
2024-04-12,603758.SH,-0.030126336248785135,-0.02842872684163314,-0.04560737560274801,-0.037138388546226905,0.3654934467942176,0.28560972478089797,0.3249919961786879,-0.04099218228566163,0.3123379596284622
2024-04-15,603758.SH,-0.021021021021021102,-0.029134096698663795,-0.034094911279339904,-0.031649254751997265,0.36432789881542194,0.3511963185863027,0.35767012130143905,-0.031816945796960185,0.33460247235416535
2024-04-16,603758.SH,0.0506465517241379,-0.014721818984581142,-0.010017610815561542,-0.012336761678275979,0.4432702057332121,0.4856280591694605,0.46474585140783414,-0.008011715994184853,0.47462216497796583
2024-04-17,603758.SH,0.02618328298086614,-0.030011163062760048,-0.029564052538699623,-0.029784475768358597,0.40813506221158863,0.29986718005851554,0.3532426990147469,-0.02654483488804108,0.314200153260328
2024-04-18,603758.SH,0.005940594059405946,-0.030543443163682446,-0.02426756855845739,-0.02736154303451223,0.3908718462014694,0.3731635156501262,0.3818936331533954,-0.02151675723486183,0.37843372044680906
2024-04-19,603758.SH,0.01503006012024044,-0.03837631014428883,-0.0367369036939007,-0.037545122792025695,0.3583088496060271,0.35310064633511257,0.35566826423699016,-0.030360561864738046,0.36393857981542227
2024-04-22,603758.SH,-0.002044989775051076,-0.03301496033429892,-0.03705223111205634,-0.03506187701401496,0.41627361251277706,0.3573948993398237,0.38642180749194077,-0.030067657123522808,0.37032527769073936
2024-04-23,603758.SH,0.02358974358974364,-0.03592838836937003,-0.03912123562645603,-0.03754717805826605,0.3314164773710439,0.32978844590812434,0.33059105719489124,-0.036585050261181785,0.3302421197098225
2024-04-24,603758.SH,-0.07360157016683022,-0.03045824576265255,-0.024616178157063306,-0.02749628797379406,0.42072827068082014,0.35940180583429426,0.38963544319598614,-0.022331339183109734,0.36893579928918036
2024-04-25,603758.SH,-0.06102362204724421,-0.01690017259534178,-0.036846912450985966,-0.02701327046864177,0.4281322582722817,0.358655704422129,0.3929072944901739,-0.03142544445533461,0.36132155551359124
2024-04-26,603758.SH,-0.08292201382033582,-0.015560559072103136,-0.03811645162072609,-0.026996510541601813,0.4658970661193226,0.346812196635947,0.40552043570100604,-0.0333696187856101,0.3465433680681905
2024-04-29,603758.SH,-0.040983606557377095,-0.005012784161765684,-0.02655045759982527,-0.015932493398392502,0.400694888515954,0.2936432457056098,0.3464191648100462,-0.00853800466141611,0.26288221008865104
2024-04-30,603758.SH,-0.08617234468937884,-0.0018846614377492333,-0.027565863601419268,-0.01490516067044507,0.456047346567336,0.3082067918379098,0.3810914384619527,-0.018423945973152812,0.2979673878521642
2024-05-06,603758.SH,-0.05826271186440668,-0.021240170033440305,-0.041043462713413595,-0.031280539464011964,0.40243668092328655,0.2676565480536714,0.3341024726791707,-0.03097099191918521,0.2724766087486164
2024-05-07,603758.SH,-0.052410901467505266,-0.026112727170293035,-0.034185800405382216,-0.030205816083851676,0.41801257671091513,0.3169488873864439,0.3667727756721527,-0.030255066982354507,0.3283917977651205
2024-05-08,603758.SH,-0.04305705059203435,-0.028979049360742356,-0.043645170269412156,-0.0364148467514152,0.41367960425037986,0.3332844929706001,0.3729188766933302,-0.02979511062654997,0.3546069271182893
2024-05-09,603758.SH,-0.05555555555555547,-0.022982458612781878,-0.03752290638728993,-0.030354539089562024,0.3756049343451407,0.3229463182487871,0.34890674996468596,-0.03557252617172527,0.3371813387030844
2024-05-10,603758.SH,-0.02960526315789469,-0.024045370054047995,-0.037588705236839506,-0.03091190940963706,0.46534977872397887,0.3671409804586312,0.41555742187446604,-0.025376167396869577,0.38505290345806237
2024-05-13,603758.SH,0.0,-0.014915267738509177,-0.04529588159337354,-0.030318392439022027,0.46684136914222635,0.34050861300109303,0.40279002357371707,-0.03001487672606932,0.36093112948730316
2024-04-10,603787.SH,-0.038461538461538436,-0.009895265473901682,-0.0290118160305563,-0.019587453178682476,0.30964215960795227,0.263385092161569,0.2861895927322309,-0.019158802860206138,0.2572884943748589
2024-04-11,603787.SH,-0.05414847161572045,-0.022694379826303148,-0.050655256180516875,-0.03687068539001105,0.39182214166917495,0.21746840303538956,0.30342391538557995,-0.03373961987092348,0.26222492967286054
2024-04-12,603787.SH,-0.11908783783783783,-0.02925061398569738,-0.04932914722171451,-0.03943053176863727,0.2739637368749568,0.17011583687356313,0.22131232695778227,-0.03248585466333357,0.19067269655956193
2024-04-15,603787.SH,-0.07218309859154937,0.016258500954269398,0.018519847195127146,0.01740501492220197,0.3751688683129557,0.45945508024063303,0.4179024035554635,-0.011342337974879413,0.27368277106792094
2024-04-17,603787.SH,-0.03199268738574035,-0.03942182076245212,-0.03890437867275859,-0.03915947500897528,0.2877941870353492,0.24598719857480925,0.26659783268625853,-0.01850205308066525,0.297614741631943
2024-04-18,603787.SH,0.009090909090909038,-0.027173488246270253,-0.028032562180218597,-0.0276090430706323,0.3521658622279758,0.3344615463250281,0.34318968462691946,-0.02149142241748895,0.3957075196224371
2024-04-19,603787.SH,-0.012927054478301114,-0.024358025237254166,-0.041839968262301325,-0.03322145866583669,0.3319686547403601,0.28856889359471427,0.3099647565935878,-0.031820969027377445,0.3644593548231722
2024-04-22,603787.SH,0.04985618408437187,-0.059602282134031265,-0.039790751492958326,-0.04955773601556574,0.2694780401359738,0.33360923782520646,0.301992881340946,-0.01933126731107241,0.42968609203070235
2024-04-23,603787.SH,0.015180265654648917,-0.05028883076303111,-0.04165221556303249,-0.04591002322637486,0.2772017377964505,0.2856939382944907,0.2815073263496629,-0.03232191731803472,0.3695212055801071
2024-04-24,603787.SH,0.06704438149197367,-0.03061603444112174,-0.048138615481557206,-0.03950007154880034,0.32697014621708465,0.2636246802197846,0.29485367494926384,-0.0387449632862931,0.3394913502147658
2024-04-25,603787.SH,0.022522522522522515,-0.027441023861545222,-0.015438630302477833,-0.02135574969367826,0.3006891551863351,0.3688854070842619,0.3352649994108639,-0.006031667517403505,0.421958782750405
2024-04-26,603787.SH,0.041159962581852394,-0.05310223975728004,-0.05424017492861791,-0.05367917863774345,0.2957219715177164,0.2000010390318687,0.247190975186554,-0.028994898294526096,0.2595611848822834
2024-04-29,603787.SH,0.15707762557077642,-0.056547780918570864,-0.046020534146100134,-0.05121041362362151,0.21340533347010746,0.23146774090152034,0.22256306528509434,-0.03209468015761122,0.29463227752307275
2024-04-30,603787.SH,0.16168224299065415,-0.06761102818094925,-0.051016002966006266,-0.05919726656260084,0.18630791066443592,0.2582778734370336,0.22279704536636996,-0.03476507920677666,0.3406112804030418
2024-05-06,603787.SH,0.15486725663716805,-0.06736311648363441,-0.04086625347418306,-0.05392907308159047,0.2085245577863163,0.22599309676926949,0.21738119529784294,-0.024749708112024295,0.25821949187526255
2024-05-07,603787.SH,0.11541850220264327,-0.033652666093078744,-0.05473691434329965,-0.044342486468868264,0.338316396770271,0.2161756344899286,0.27639041326620234,-0.03776412796388077,0.2680905695469665
2024-05-08,603787.SH,0.11230907457322559,-0.04520435552720465,-0.06044908165333808,-0.05293350868611628,0.3019332148108272,0.2370130131771015,0.2690183446201248,-0.03280845926239654,0.33182632567682663
2024-05-10,603787.SH,-0.05524861878453036,0.024666382382115427,-0.052200758131231415,-0.014305646173829983,0.5548871794679637,0.11611445641722927,0.332427192299142,-0.03332029874921564,0.053356566129020365
2024-05-13,603787.SH,-0.029766693483507578,0.01295999857112231,-0.05038098630612234,-0.01915420074619276,0.5512806999626821,0.17716598464176692,0.3616026493507371,-0.03219938889392741,0.13920442185432574
2024-04-10,603829.SH,-0.0700685453160701,-0.033377280815712305,-0.03703714290263349,-0.03523284938258971,0.41776162762323105,0.17616949696425946,0.2952731969094815,-0.030184098713517828,0.22114945502855227
2024-04-11,603829.SH,-0.06773211567732118,-0.02476720804093748,-0.04019543949415377,-0.03258939932770818,0.3553590735289617,0.1805347441407314,0.2667222553555434,-0.033093476488305996,0.24060595628385217
2024-04-12,603829.SH,-0.10754294249439889,-0.025442687375310195,-0.0467914975254278,-0.036266641970855155,0.35065874971163713,0.14861434711360202,0.2482212169110988,-0.04405144654927388,0.19789072798614307
2024-04-15,603829.SH,-0.048107255520504655,-0.02726006427570433,-0.015165270613050185,-0.021127942788534134,0.4269292068657968,0.27851295387636243,0.35168141683429,-0.02088502433316667,0.32037280538993085
2024-04-17,603829.SH,-0.0015999999999999348,-0.01865530402281209,-0.023479387783671302,-0.021101138859764737,0.45830889653404205,0.33566483741585984,0.396127738990645,-0.0003801220177435446,0.3573375055231443
2024-04-18,603829.SH,0.042588042588042496,-0.022045379627815852,-0.043957760752690575,-0.033155067554597746,0.440618454606251,0.22067010896081737,0.32910353223394784,-0.028419165373845957,0.3176470455873
2024-04-19,603829.SH,0.0065306122448980375,-0.021818742665249552,-0.04339540491205404,-0.03275821942487282,0.475168471576103,0.24534656680044623,0.3586476048457544,-0.028967178975579246,0.3459797579637234
2024-04-22,603829.SH,0.06108786610878658,-0.02480009547336875,-0.037481365779802614,-0.031229563581684685,0.4757452258032711,0.2884831588311125,0.38080241184212027,-0.021092932659455145,0.4350761208471379
2024-04-23,603829.SH,0.05468102734051361,-0.01803426292479922,-0.04331053484715927,-0.030849460479533478,0.4805139362401122,0.25098524548181006,0.3641417304978144,-0.03188367913445082,0.35324387857063533
2024-04-24,603829.SH,0.04807692307692313,-0.02704709569665631,-0.04332708614048354,-0.03530113309456352,0.4002049697834133,0.2697632812167403,0.3340703747177437,-0.029324244304332482,0.3608905217069848
2024-04-25,603829.SH,0.03927729772191668,-0.0184871088515391,-0.0385367483889059,-0.02865237738329874,0.41727814601905616,0.27208470087371855,0.343664335845414,-0.025790196077663453,0.3708071420421219
2024-04-26,603829.SH,0.052716950527169626,-0.03436179317832097,-0.030680442423022532,-0.03249532974802034,0.36289608159662534,0.2563520326549688,0.30887771054639346,-0.01268048507547651,0.3676511281229414
2024-04-29,603829.SH,0.04100946372239744,-0.04642774682214034,-0.03838190306006101,-0.04234846338895493,0.35814031821782366,0.2636437728147735,0.31023009232297055,-0.024391737546962035,0.3447168712875076
2024-04-30,603829.SH,0.03927729772191668,-0.023633135119713836,-0.047663742514576335,-0.035816774466187,0.40965449491771894,0.2450346799036052,0.3261914170829122,-0.03545919285818603,0.34898142079898986
2024-05-06,603829.SH,0.013761467889908285,-0.033943109610549735,-0.044743818225652335,-0.039419123441181786,0.35589359686519784,0.24264229272238877,0.29847461354442173,-0.031520686404446864,0.3247547978946957
2024-05-07,603829.SH,0.01058201058201047,-0.024693801230380404,-0.048162385139632655,-0.036592491830431666,0.3483205557171645,0.2601083637639177,0.30359652876851606,-0.02822572905074442,0.36578462601867173
2024-05-08,603829.SH,0.0,-0.027493271239849005,-0.05793765208871014,-0.04292872612845487,0.34918943528131247,0.27120426135946013,0.30965055813919895,-0.02699302650874661,0.4090478839123154
2024-05-09,603829.SH,-0.02651515151515149,-0.029756966169910394,-0.04493294980377961,-0.0374512665379723,0.3621806962192566,0.32011886108368875,0.34085513331849815,-0.024336384253471878,0.4369098859683332
2024-05-10,603829.SH,-0.019652305366591016,-0.03147845863675701,-0.03041951283872057,-0.03094156776759415,0.33267769691942556,0.3053797116921026,0.3188374805058296,-0.008238137074956497,0.405687902253599
2024-05-13,603829.SH,-0.009803921568627416,-0.029097063580001206,-0.041754168345906534,-0.03551427963719024,0.37813888602233253,0.2539057232016191,0.3151520448739541,-0.012115337978263951,0.39646612647201435
2024-04-10,603927.SH,0.0960365853658538,-0.01602518022393855,-0.06561599926444539,-0.04116797599925137,0.3741567652949263,0.11335734657820082,0.24193014250495298,-0.07594585241983356,0.1138171199213225
2024-04-11,603927.SH,0.08536585365853666,-0.015174244185074763,-0.061324699627088475,-0.038572758236000704,0.37440143642714424,0.12150755635325419,0.24618296166610945,-0.07582552463062722,0.12107867578545005
2024-04-12,603927.SH,0.03688524590163933,-0.01839362876402581,-0.042315367706245485,-0.030522071255029884,0.34696679578192374,0.1594960609473884,0.2519181861604044,-0.06810427731477223,0.1059287085662087
2024-04-15,603927.SH,0.008300252616384007,-0.024276048435773658,-0.04019259309052706,-0.03234581698257323,0.36376626762635544,0.16929963324179106,0.26517070159124456,-0.05525620858445127,0.10764391349042422
2024-04-16,603927.SH,-0.0061482820976491714,-0.02271172832759681,-0.0562913399832463,-0.03973676107373232,0.2827055664373686,0.1453159082527192,0.21304831567578952,-0.042544946504221394,0.13734619623117572
2024-04-17,603927.SH,-0.014603616133518793,-0.034764055914902475,-0.05286088249448266,-0.04393923841188805,0.3091750118044302,0.18437333270987843,0.24589993003319813,-0.02966166917572214,0.16331527310248464
2024-04-18,603927.SH,-0.022471910112359605,-0.03120829987928574,-0.07235379305154346,-0.052069272775490415,0.2484244563809721,0.12125830477200436,0.18395057510014245,-0.05154387898716654,0.1506890182754398
2024-04-19,603927.SH,0.037010420409629985,-0.03190330407615122,-0.06037704595203819,-0.04633963505022988,0.22556291253323935,0.17304900383101315,0.1989380955326367,-0.04169824602345632,0.20590649802273334
2024-04-22,603927.SH,0.04617036506800276,-0.030835936053734803,-0.05692653939074423,-0.04406400374951728,0.21494381480768343,0.18438036438957767,0.1994479910459576,-0.02686378456991382,0.22669349468582625
2024-04-23,603927.SH,0.05094614264919928,-0.03402867424004315,-0.07418206252598544,-0.05438664494699292,0.1662007120501662,0.14118855244129652,0.15351942077260816,-0.056547539168688744,0.19832020371423137
2024-04-24,603927.SH,0.028581510232886354,-0.032652806613084014,-0.06855665218114847,-0.05085623769432611,0.17467017047960318,0.14322813163713238,0.15872889794829115,-0.05009361915860059,0.178249615599273
2024-04-25,603927.SH,0.030172413793103425,-0.02517788792515921,-0.08134637728827934,-0.05365559578296285,0.1738726596283625,0.12291465474416338,0.14803669372357925,-0.054879602768052295,0.1715779386090694
2024-04-26,603927.SH,-0.023908523908523827,-0.02865321754721827,-0.07625660144665321,-0.052788373665927826,0.26567521711155395,0.11190686663228126,0.18771388661509428,-0.050739927788880736,0.12103752199387637
2024-04-29,603927.SH,-0.029421826890181246,-0.0251872867350887,-0.08658797630748687,-0.05631774653090675,0.22786360689147903,0.1009371992846815,0.163511277030883,-0.051703044016959056,0.12619001068444768
2024-04-30,603927.SH,-0.023545706371191133,-0.025480557541918726,-0.0898787204577419,-0.05813075146542117,0.17844857238330009,0.10047135843201496,0.13891373098647614,-0.055118769264629365,0.13904713207912062
2024-05-06,603927.SH,-0.043567753001715226,-0.02674217566306073,-0.07926043425458315,-0.05336919807951123,0.18476471773313924,0.11954289521097573,0.15169692422827732,-0.058315930435062925,0.14420876684466577
2024-05-07,603927.SH,-0.028242677824267703,-0.026326442820898893,-0.0804060595779149,-0.05374508171488845,0.16080331197828368,0.11294416073642596,0.1365384805248861,-0.05178110563302444,0.15133293119721855
2024-05-08,603927.SH,-0.015974440894568787,-0.021983875407808946,-0.07899916622794978,-0.050890915882174495,0.14077613919827378,0.1265161264117045,0.1335462406770737,-0.05392806175973267,0.17139759149750944
2024-05-09,603927.SH,-0.0285512865703208,-0.026802156249736364,-0.07971995024842601,-0.053631745135984565,0.1891852537640645,0.11365104801076972,0.15088902986515512,-0.06219512442121403,0.1629732437841549
2024-05-10,603927.SH,-0.004964539007092261,-0.021019308941846056,-0.07746082993588667,-0.04963544521582138,0.16470082148845563,0.13714836515967105,0.15073158694088734,-0.05133768528929598,0.19041723154084506
2024-05-13,603927.SH,0.013271162123386082,-0.023946651078792916,-0.07745009100654818,-0.05107316540963022,0.14331087665940173,0.14647880068705796,0.14491703014507024,-0.048539162684241334,0.19593232566419616
2024-04-10,605020.SH,-0.1111898016997166,-0.04332669301648516,-0.031189536188976182,-0.03717309319072429,0.3300767133838025,0.4785685512872284,0.4053628253485412,-0.016789970519637522,0.44117606328644804
2024-04-11,605020.SH,-0.07675438596491224,-0.02416875588410954,-0.033713200756655445,-0.029007837650900634,0.34828534417006557,0.4267037961853714,0.38804389549438445,-0.010455429817524375,0.3601219050281361
2024-04-12,605020.SH,-0.062476334721696225,-0.0047802546813300465,-0.02485270447785814,-0.01495708812971681,0.4924335525199101,0.4611475201467442,0.4765713760566456,-0.017026958995968657,0.4365141091906573
2024-04-15,605020.SH,-0.026156941649899457,0.004253289427208637,0.00523154731445798,0.00474927111798508,0.485383335061984,0.5399598699403698,0.5130539139538277,-0.003449419521116581,0.432701139445044
2024-04-16,605020.SH,0.021867115222876432,-0.022399491631075557,-0.018859465691159077,-0.02060468059611508,0.39422394866488475,0.41688632538361525,0.4057138881465623,-0.011953993709580757,0.3861875682872241
2024-04-17,605020.SH,-0.0346613545816733,-0.011577676823898235,-0.018518211637053788,-0.015096563036204588,0.4426856908587951,0.437865813559687,0.4402419887192004,-0.015086677929259806,0.4113968437900216
2024-04-18,605020.SH,-0.04433887569279493,-0.005608268121295332,-0.02484378513128915,-0.015360772418911133,0.4939475204457755,0.42616306650052344,0.45958045986356433,-0.015013997552001867,0.40883776827097607
2024-04-19,605020.SH,0.008481421647818843,-0.009234149778396246,-0.027301127422689916,-0.018394198714401386,0.4680849469390126,0.45484778685307853,0.46137363990425867,-0.022017926450017357,0.4688060586545373
2024-04-22,605020.SH,0.027685950413223193,-0.00556722093387756,-0.023384925314211043,-0.014600887065781859,0.5531415587048817,0.4692485232327776,0.5106073659115894,-0.01804962156449922,0.4648047436640444
2024-04-23,605020.SH,0.0,-0.004733947620574674,-0.018051197413721933,-0.011485860541481057,0.5803912365785485,0.46278444020212856,0.5207639966923547,-0.01059411547981729,0.4466759854015294
2024-04-24,605020.SH,0.06479570780024768,-0.010861678038683003,-0.025561269327773483,-0.018314445081314044,0.47076309554369955,0.4424589191204367,0.45641273511070823,-0.023104006304781856,0.44910744890326504
2024-04-25,605020.SH,0.10604805302402642,-0.0213143762425312,-0.031392328757522514,-0.026423949079203934,0.43004526880920985,0.35435110141376186,0.3916679435496382,-0.030767152114086017,0.3572689875198843
2024-04-26,605020.SH,0.04805766920304366,-0.01724283492180553,-0.019607051037749994,-0.01844150443608277,0.34387375191269565,0.390957302651229,0.3677453499927467,-0.007896329569616866,0.3310655055592623
2024-04-29,605020.SH,0.05830317651789296,-0.023967317917235224,-0.0341324834469324,-0.029121108192944563,0.3168706974914029,0.3383094087219714,0.3277402323888967,-0.013586515685359657,0.2852714903842545
2024-04-30,605020.SH,0.05884773662551446,-0.02401718088090445,-0.03524649714918349,-0.02971050095692738,0.4000818267696893,0.35537883110676166,0.37741718213900455,-0.025210320954924627,0.331712666858815
2024-05-06,605020.SH,-0.02209302325581397,-0.009657506155242829,-0.0185392923208173,-0.014160616609995166,0.3785194289232664,0.430228474007629,0.40473617600362044,-0.004882544509355468,0.35025316815881113
2024-05-07,605020.SH,-0.05280898876404494,-0.007502594974620512,-0.04067329835152138,-0.02432030915771689,0.3894503799137161,0.3097366016018338,0.3490350916133329,-0.03406207344538207,0.21087932021774639
2024-05-08,605020.SH,-0.04470768055024843,-0.009844099504508525,-0.027037925814672455,-0.018561456303143764,0.4375661444216248,0.4218844403002565,0.42961544121161355,-0.021564531831570734,0.3643719096667135
2024-05-09,605020.SH,-0.05889057750759885,-0.008698596273227022,-0.02676337799558298,-0.017857531865716432,0.49414260740243343,0.43298378998148823,0.46313477800928626,-0.0199961320482969,0.37777280717374045
2024-05-10,605020.SH,-0.021375825884181965,-0.00990743088356082,-0.01633958110925905,-0.013168563541780573,0.5229676730914236,0.5289247942517707,0.5259879636137692,-0.004959942953190832,0.47214434970485414
2024-05-13,605020.SH,0.011494252873563093,-0.013892425479269136,-0.03361649307889454,-0.02389262739387695,0.47465042655680145,0.4117276152061172,0.4427482433299721,-0.024650180053994476,0.40208197312252353
2024-04-10,605288.SH,-0.03323943661971829,-0.0714935257980581,-0.028805629817149594,-0.04985054688599192,0.29489034568665906,0.1963724972178072,0.24494129882271679,-0.04258366824605123,0.18855859185304105
2024-04-11,605288.SH,-0.07631073291243484,-0.05906141003156972,-0.04210661935147682,-0.05046524550493527,0.262702900467054,0.18743922913721242,0.22454383888751506,-0.04560728209348345,0.1626538258597238
2024-04-12,605288.SH,-0.10277324632952689,-0.05572202797649237,-0.05257446140631031,-0.054126195824604595,0.2662521365823093,0.14589354895506568,0.20522972463051126,-0.06276269897943923,0.17540454241047884
2024-04-15,605288.SH,-0.01977318988077925,-0.006152582357672057,0.0391282213263863,0.016805013858683472,0.4043177147127024,0.4465642744358263,0.4257369339125393,-0.010234013769020478,0.32549177377374644
2024-04-17,605288.SH,0.041916167664670656,-0.054818967954840925,-0.031471318463568806,-0.04298159171563934,0.3498406737885209,0.31301852387414825,0.3311716577646314,-0.026879920198480435,0.28894508538797825
2024-04-18,605288.SH,0.034965034965035,-0.05321441716066269,-0.019504678139195795,-0.03612340918268328,0.3090494207766444,0.3072444840964209,0.30813430876163284,-0.02314437235928172,0.26200089633228546
2024-04-19,605288.SH,0.057057949479940584,-0.04746764945355496,-0.038905905257460655,-0.043126801894109834,0.35055465525296775,0.20671371368061045,0.27762657122337353,-0.038781359253176974,0.2792351737192775
2024-04-22,605288.SH,0.13424242424242427,-0.045225215385584855,-0.028462647701665077,-0.036726508889077955,0.38584223283869284,0.23707527067500184,0.31041663148413323,-0.027888892373410003,0.3165280854403889
2024-04-23,605288.SH,0.11331948976564821,-0.048975106287401066,-0.036217227190679435,-0.042506797135398684,0.313785350388816,0.23661295930715534,0.2746585582526776,-0.04220712986363954,0.2523817251071101
2024-04-24,605288.SH,0.060919540229885216,-0.05658440611083765,-0.03407452703775843,-0.04517178370588948,0.3385267151957695,0.2689967207698652,0.3032746567717858,-0.03494988226050414,0.2924744032461155
2024-04-25,605288.SH,0.024774774774774633,-0.044787903280588647,-0.0372964288321528,-0.040989687889970816,0.36643917734634984,0.2512398020694635,0.308032512119375,-0.03382938031384545,0.2762374386490894
2024-04-26,605288.SH,0.03148720832161933,-0.03863470413922103,-0.04135421230846725,-0.04001350851937861,0.3691487137107537,0.22743441596948794,0.297298848846854,-0.03214367261672483,0.2632316324421862
2024-04-30,605288.SH,-0.032861341170184244,-0.02165691843332913,-0.047772983683386866,-0.034897895447655015,0.3429194696672189,0.17058667691749738,0.2555458731562129,-0.009634321734024709,0.07981519287700546
2024-05-06,605288.SH,-0.07194244604316558,-0.037328738000948464,-0.07435873180779261,-0.05610313192830202,0.25721928386275794,0.13087924626303168,0.19316424655795777,-0.03371953788670571,0.06470590111535773
2024-05-07,605288.SH,-0.043066088840736816,-0.03549775390089038,-0.07077598415090842,-0.05338399485541367,0.28531730628012075,0.15187829816928944,0.21766305506377195,-0.045915861361363754,0.1161039027993867
2024-05-08,605288.SH,-0.0346153846153846,-0.04707082516987322,-0.0667741733088688,-0.05706052221327161,0.22206777418515078,0.1886139055005979,0.20510649376058676,-0.04581320485639243,0.1810197766387783
2024-05-09,605288.SH,-0.034886890160806816,-0.04517304546569543,-0.06789521779792186,-0.05669330162548951,0.23010115693330893,0.18714098557171355,0.20832013302775992,-0.048346670804418936,0.17534601533167118
2024-05-10,605288.SH,-0.022651933701657412,-0.04584867625299304,-0.05126608893513167,-0.04859533185039995,0.2635267549926782,0.22226822224953618,0.24260847046298445,-0.03881065505559026,0.24552903710378585
2024-05-13,605288.SH,0.029859316681022152,-0.06097796618313251,-0.050940893064205905,-0.05588911940677819,0.21580742278795612,0.1855384008088131,0.2004608757321713,-0.0346983360872584,0.21991081974353044
2024-04-10,605303.SH,-0.1518386714116251,-0.05390604875865965,-0.052215801958338554,-0.05304908509214637,0.38264616216228725,0.24290650399206073,0.3117974495363439,-0.02752092811975463,0.3330274001250745
2024-04-11,605303.SH,-0.21281464530892447,-0.04458553140886913,-0.041618124931289385,-0.043081041334059406,0.29454577586384223,0.21302447704720442,0.25321406553635684,-0.020380422511676856,0.2768037997917383
2024-04-12,605303.SH,-0.1435294117647059,-0.023674812240258896,0.016860098614960715,-0.0031234076633184556,0.29474007025199833,0.44475938984982527,0.3708006231522958,0.002411726140538051,0.356711978692054
2024-04-17,605303.SH,0.0013550135501354532,0.11167211165541131,0.047762573732007915,0.07926965307149036,0.7749919214006816,0.6392922349156842,0.7061914948281869,0.04629397898692541,0.6050942413858543
2024-04-18,605303.SH,0.051175656984785434,0.047703157938548735,0.021586453934690938,0.034461857072819374,0.6969724045677188,0.4749180514035752,0.5843897257443487,0.0020922875431936497,0.5345922723151818
2024-04-19,605303.SH,0.03916083916083912,0.030662310033198647,0.009154228383181685,0.019757603982600562,0.7347746269943443,0.434780075270963,0.5826758737649118,-0.01352437113405206,0.504222755136999
2024-04-22,605303.SH,0.14680232558139528,0.04297145096027035,0.008992884381768058,0.025744146052817034,0.7173199294527912,0.42160632840724227,0.5673916398434293,-0.00843344641042013,0.5403319276779335
2024-04-23,605303.SH,0.07417582417582413,0.07368605684082837,0.019134118437172398,0.04602794848592856,0.7292027087186908,0.534061254222592,0.6302650054779909,0.0230579080193409,0.5824983864312205
2024-04-24,605303.SH,0.09472259810554817,0.0497396294375257,0.006520563590103733,0.027827344719785298,0.7242301574320967,0.46137837338511245,0.5909629750515896,-0.0102760517540175,0.5145729560344818
2024-04-25,605303.SH,0.08947368421052637,0.05275105529880431,0.007541264973639005,0.029829463214151235,0.7350828701079376,0.5,0.6158946673768972,-0.004681696623647624,0.5281491505512733
2024-04-26,605303.SH,0.0915208613728129,0.05255962877601763,0.018974162016022287,0.03553162746240009,0.755252498373659,0.5178885835601734,0.6349077944535759,0.004213428822497279,0.5749776699641332
2024-04-29,605303.SH,0.0443599493029152,0.08307426224951237,0.011877676994543961,0.04697723385594738,0.7753711128498835,0.5154993341985279,0.6436148082592837,0.008556082814452382,0.5051348570487553
2024-04-30,605303.SH,0.03580562659846542,0.06481103176472239,0.014526343264823372,0.03931644066822372,0.7871238881676672,0.47846834395700394,0.6306339679937771,-0.003166024278469492,0.48311069465131995
2024-05-06,605303.SH,-0.02966625463535233,0.05434352630142555,0.005638873063187336,0.02965002106457524,0.7735390270586789,0.4758448863064074,0.6226065938127631,-0.008736514782539373,0.45565995271376963
2024-05-07,605303.SH,-0.015700483091787287,0.06054162404922456,0.002837822350712931,0.03128550508132137,0.7890552854787526,0.4882317624724539,0.6365362396211026,-0.01388096875662218,0.4633221519658509
2024-05-08,605303.SH,0.0,0.06442339164464587,-0.0024560217347413087,0.030515191201391616,0.804263594724016,0.531565480151186,0.6660042730254356,-0.009047097414393945,0.5154477428650129
2024-05-09,605303.SH,0.10194174757281549,0.06170711608622832,-0.004232968886970018,0.028275159890189763,0.7556377426447115,0.5151681439118247,0.6337184412882684,-0.016247030682576637,0.4557230659430733
2024-05-10,605303.SH,0.06543209876543221,0.06521720708666906,-0.0008581224586794757,0.03171668120932489,0.7756254416394457,0.5487417369632358,0.6605942572026494,-0.00955058939137946,0.5515084854225438
2024-05-13,605303.SH,0.04840764331210212,0.058080698764850246,0.007950961811618171,0.03266466888529243,0.7849876042182352,0.5,0.6404974491856691,-0.005995493853318023,0.5091771281905902
2024-04-10,605338.SH,-0.06172106824925816,-0.015406946132705728,-0.037918068311013214,-0.026820198798284522,0.474457951953385,0.21623274893611222,0.34353646952739875,-0.038467669762125824,0.27436051523451865
2024-04-11,605338.SH,-0.041466346153846256,-0.012827868008833088,-0.035484548725069245,-0.02431491958847104,0.4817122451997378,0.21710543210827862,0.34755525422766587,-0.04021495932686595,0.26291594292932835
2024-04-12,605338.SH,-0.03353658536585358,-0.013897721146711468,-0.034831437789569,-0.024511221237115594,0.4664316766511035,0.24551416976748247,0.3544253846350526,-0.04081769351034684,0.2559467622964353
2024-04-15,605338.SH,0.020163831127914422,-0.017633282900127688,-0.01720399742387471,-0.017415632995012788,0.4630822841346402,0.3492142999146554,0.4053506408994056,-0.020976469124248255,0.32178335472153186
2024-04-16,605338.SH,0.0652173913043479,-0.018700312597569914,-0.016976903843555362,-0.017826535653007246,0.48892307181461064,0.3353432067234148,0.4110573043620921,-0.017105178387380605,0.34118160000331543
2024-04-17,605338.SH,0.03289057558507258,-0.023711130770839514,-0.024374303233839264,-0.02404736255978001,0.454549602376824,0.2862560032093637,0.369223897417131,-0.02266209025201097,0.324678385652427
2024-04-18,605338.SH,0.006896551724137945,-0.018726728982870443,-0.021903414438389054,-0.020337324556725975,0.4567287818850677,0.3078606725590952,0.38125189840825846,-0.024734444468839357,0.3514046231358097
2024-04-19,605338.SH,0.046056782334384705,-0.01564364623434847,-0.030127554133899625,-0.02298706070889861,0.48551992376339426,0.27785673971058283,0.3802336403804515,-0.03412541701681907,0.3350733180614026
2024-04-22,605338.SH,0.07350216182828895,-0.018083938479398765,-0.0224434591817835,-0.02029423749883572,0.40711540253474077,0.3130034542674724,0.3594001693306281,-0.017595041482847663,0.3746728012100265
2024-04-23,605338.SH,0.07977736549165115,-0.020041872963420974,-0.032459432402234076,-0.026337638329644596,0.40664417023530147,0.2346445642018012,0.31943950107260477,-0.03083332154277233,0.2958221840462166
2024-04-24,605338.SH,0.07960808328230251,-0.018983141548509105,-0.03676528564724142,-0.027998778437998986,0.4022157530741481,0.21642500522847255,0.30801890534290083,-0.03406821034960065,0.2890730250715646
2024-04-25,605338.SH,0.10585305105853071,-0.01798215724150372,-0.027847760645846553,-0.022984068006337247,0.4623743421566466,0.2837486190285731,0.37181019815333305,-0.02282678588056645,0.34471871093124623
2024-04-26,605338.SH,0.06031363088057895,-0.02549810033501064,-0.02824065482154679,-0.026888589314459074,0.3515775349495811,0.2680164801726601,0.3092116580458392,-0.018182056179553187,0.34478279764638076
2024-04-29,605338.SH,0.015535097813578869,-0.035276349115185915,-0.00894681778516727,-0.021927143719936742,0.22513890035935,0.40492344086554977,0.3162905706274609,0.009809099205442451,0.4479069493399595
2024-04-30,605338.SH,0.001145475372279492,-0.014702612870392328,-0.03562463553524996,-0.02531018405487513,0.36473251001623813,0.26616971821508795,0.3147606766557769,-0.020814431532534074,0.3369802614291876
2024-05-06,605338.SH,-0.027793533749290944,-0.013678684811420438,-0.035079950725225864,-0.024529234744149957,0.44426902221133546,0.2565480866929876,0.349093559579165,-0.026695842184741893,0.3177762086027195
2024-05-07,605338.SH,-0.024774774774774855,-0.01364168764401039,-0.03561455619937828,-0.024782043003621353,0.45319320912062494,0.26785130477064945,0.359223927309155,-0.0237830683126801,0.3328107841544749
2024-05-08,605338.SH,-0.029010238907849706,-0.009429053827279283,-0.039784666958408155,-0.02481950303456015,0.49660054345719823,0.3000611322326517,0.3969540690930093,-0.030489457631104146,0.3730371952236867
2024-05-09,605338.SH,-0.04872521246458916,-0.01159536624144284,-0.03626448985966155,-0.024102736538799394,0.5247574901630313,0.2940702438645652,0.40779789090910573,-0.030643370107439595,0.35559601450392647
2024-05-10,605338.SH,-0.017734553775743622,-0.012964138414343664,-0.03268527207872948,-0.02296285280896342,0.5040996185904155,0.2966212214887944,0.3989070231252288,-0.020920318163190545,0.34427447016697477
2024-05-13,605338.SH,0.008168028004667427,-0.010814423654308571,-0.03480822858957608,-0.022979403967849248,0.5654582875079476,0.358890085361713,0.4607271654832441,-0.021795626991659746,0.4065304993450667
2024-04-10,605358.SH,-0.0113690194220748,-0.024439640609516474,-0.04214758993612759,-0.03341766037472544,0.40924692413869734,0.19631065495465946,0.3012871599557708,-0.038625755243869166,0.26870362843940043
2024-04-11,605358.SH,-0.005760921747479442,-0.023090402728542802,-0.0459574561349316,-0.03468411432484413,0.37173892588263535,0.17794951943272425,0.2734867178315984,-0.05014225596694492,0.24646339698756345
2024-04-12,605358.SH,-0.016129032258064613,-0.02229057179239859,-0.04477110458087326,-0.03368831548280136,0.40826491953914734,0.18982011960248524,0.2975123024367695,-0.04936786826590226,0.2550147931629447
2024-04-15,605358.SH,-0.004921259842519787,-0.024252449646428524,-0.030622310049560186,-0.027482001049932713,0.4013971987718351,0.22860755178806738,0.31379197485624183,-0.03608851089467028,0.27664225478383586
2024-04-16,605358.SH,0.046907216494845416,-0.02435276240409704,-0.023118926023079658,-0.02372720112585456,0.4729578175400189,0.2642680206504328,0.3671510362626119,-0.030571120365648498,0.33052633130099307
2024-04-17,605358.SH,-0.01677048394825109,-0.024704983214959664,0.00011082518783344861,-0.012123242990805017,0.4141705351070113,0.44046273478247655,0.4275008131648107,-0.005345697321258924,0.38702089273754126
2024-04-18,605358.SH,-0.007242877836793893,-0.02608026711828578,-0.0026323206956375238,-0.01419203982819873,0.4201529710867154,0.40496831678824535,0.41245427464789863,-0.017992439512527526,0.3789334979325664
2024-04-19,605358.SH,0.06358668653750632,-0.028141958600470002,-0.014763491582801196,-0.021359008237475406,0.40565156836643707,0.36493529123311236,0.3850082101702753,-0.02898216583564154,0.37391893774312374
2024-04-22,605358.SH,0.10237388724035612,-0.025307045319941372,-0.004578461421097007,-0.01479754856703687,0.41558958265822915,0.4195913086360556,0.41761847794481577,-0.017194160089184764,0.4064179006788305
2024-04-23,605358.SH,0.08813392417528321,-0.024758619848029618,0.004217579430042449,-0.010067540432740198,0.4473320396647537,0.42295265171868157,0.43497156681685556,-0.00801752015387639,0.3808682930617866
2024-04-24,605358.SH,0.08625730994152048,-0.023940779394902533,-0.017679316637341302,-0.020766186145303324,0.36338493423464024,0.33480778171973746,0.348896173544173,-0.03006338914373278,0.31522705872490725
2024-04-25,605358.SH,0.08706225680933866,-0.022505196307620507,-0.013685673568451597,-0.018033653724596754,0.38611384000983134,0.3843379344046102,0.3852134468965045,-0.030685931178391614,0.37580122187842163
2024-04-26,605358.SH,0.0420364315740307,-0.03488574689974471,-0.006778110359605429,-0.02063503318037277,0.39746427580394234,0.38554673742293116,0.3914220236400193,-0.016591872325206126,0.34516091090696754
2024-04-29,605358.SH,0.024674742036787878,-0.03174055782516276,-0.008220101568485998,-0.01981556768291972,0.4057891390639306,0.38223834707891996,0.39384876855417295,-0.0159130315009988,0.3350979426110309
2024-04-30,605358.SH,0.019457013574660564,-0.030878602381442164,-0.02906376949664693,-0.029958472940719343,0.31743329203922255,0.30636568735519026,0.31182196055334366,-0.03122518238576636,0.30298875552257
2024-05-06,605358.SH,-0.013010318528488107,-0.028198823390569335,-0.018822223133421963,-0.023444839691698922,0.36694691753034525,0.310380306319743,0.33826735988464524,-0.03445159366373066,0.28146373475516034
2024-05-07,605358.SH,-0.02371364653243857,-0.02757322222034166,-0.029335214041169965,-0.02846656097469196,0.34301668464930785,0.2991386024251732,0.32077027529937013,-0.03506192470026396,0.29291639705015504
2024-05-08,605358.SH,-0.02779022859704161,-0.026877324060292297,-0.027995841082989897,-0.02744441784129893,0.35903267829156976,0.3126267608388278,0.3355046437106674,-0.03663593973548188,0.30040535578736766
2024-05-09,605358.SH,-0.05604203152364273,-0.022924764004741353,-0.01925713824029963,-0.021065259214140677,0.3926874613304909,0.33853343341105824,0.36523109560124745,-0.02288093214715862,0.31524229586439373
2024-05-10,605358.SH,-0.022636484687083902,-0.02075674826916176,-0.03621552799471542,-0.02859442768433057,0.39776475219697915,0.3213470282473409,0.3590205801091864,-0.033228846169690386,0.33201838728146527
2024-05-13,605358.SH,-0.005909090909090864,-0.021214764286787507,-0.02983473213283667,-0.02558513153089266,0.4016637795469513,0.35295882390840894,0.37697012099161914,-0.02445913710449891,0.35809140324558036
2024-04-10,688092.SH,-0.05893019038984593,-0.0467331695488373,-0.03926464542443105,-0.0429465900884424,0.30230592572271,0.3037399144867267,0.30303296527025836,-0.034506732174050904,0.2919939149942787
2024-04-11,688092.SH,-0.025664811379097152,-0.040873587455480205,-0.05447647444629922,-0.047770319878581685,0.2647168973600314,0.2765840830743585,0.2707336204675751,-0.035505556435948805,0.31170872837087193
2024-04-12,688092.SH,-0.0399504490554351,-0.03907237440755515,-0.05228213766948407,-0.045769791114135816,0.2402577850296356,0.28142905441876087,0.2611318265980078,-0.043674168092370104,0.31080510396180544
2024-04-15,688092.SH,0.05803996194100858,-0.03858579482807295,-0.017121325570909795,-0.027703200480971843,0.3456542605419445,0.4379388293561988,0.3924430031318649,-0.007835460481201905,0.4031444441532327
2024-04-16,688092.SH,0.18027681660899653,0.011169568456012741,0.013645081486600697,0.012424666068261465,0.49548275912321194,0.5373229974131994,0.5166959713038033,-1.9635378789828115e-05,0.4838530982251696
2024-04-17,688092.SH,0.1843288375080283,0.010303797824857526,-0.0170058869611637,-0.0035423503241019724,0.7844235911160291,0.5187186552859796,0.6497098463680203,-0.009014532139799669,0.4683974010636486
2024-04-18,688092.SH,0.13678197397651526,0.011936630750831338,-0.015474954117961275,-0.0019611812548697826,0.8154778685493905,0.5668828932482743,0.6894389602252617,-0.010533497566667804,0.4964117995688539
2024-04-19,688092.SH,0.1706451612903226,0.010410182337872935,-0.014091463447076593,-0.0020122758519554203,0.812018024817911,0.5520470461298664,0.6802114253075735,-0.013686169213370547,0.4838327881233121
2024-04-22,688092.SH,0.09742206235011985,0.033027047826281485,-0.02017859462043609,0.006051518322736853,0.6177675541853412,0.5163383482416464,0.5663424343741239,-0.01826547574141405,0.36803607312605296
2024-04-23,688092.SH,0.03928466725300517,0.03524482759860467,-0.025071208474915906,0.004664292606145525,0.5877334226058588,0.5,0.5432521341349722,-0.00996570640417208,0.33553577278769275
2024-04-24,688092.SH,-0.03416485900216937,0.040810749110192876,-0.022187252825865995,0.008870443876732444,0.6037026366503833,0.5,0.5511248759860091,0.0022183807068516196,0.31459932008899566
2024-04-25,688092.SH,0.01005025125628145,0.039055773361704405,-0.03432810632827822,0.0018497756398627475,0.6195425180526096,0.5424475305345065,0.5804549699142205,-0.014710946382292788,0.3634327060510189
2024-04-26,688092.SH,-0.008817856158721438,0.03206935130097823,-0.037282219145224726,-0.0030922452639386734,0.6295973123815611,0.5416633725891464,0.5850143606841225,-0.01731632297248912,0.35376273382221546
2024-04-29,688092.SH,-0.022398251843758543,0.029138596903754213,-0.04057009314538601,-0.006204061103940601,0.6343259955073564,0.5406758481648056,0.5868448977049909,-0.017514109681739755,0.3546035628265116
2024-04-30,688092.SH,-0.020028208744710896,0.0388660580999085,-0.03261632416748886,0.002624129177259165,0.6387364509472883,0.542406388477243,0.5898966226369486,-0.011672748179348857,0.34587287825601437
2024-05-06,688092.SH,-0.02610892756878158,0.0369752633150769,-0.03840864634486188,-0.0012447597052386052,0.7345133625119449,0.584142536300219,0.6582745939826675,-0.02229498367279196,0.3966665440076649
2024-05-07,688092.SH,-0.024322830292979658,0.034724949153914414,-0.030311161833001917,0.0017513123355961339,0.7427180586735467,0.6472985057136416,0.6943398632845394,-0.008698365690774678,0.49131079763707003
2024-05-08,688092.SH,-0.04086738949124269,0.036339957769393534,-0.03694417479374763,-0.0008154676552392277,0.7873042785002845,0.6023544353510256,0.6935337736981837,-0.010731725831574479,0.4769968340684599
2024-05-09,688092.SH,-0.02291142777312094,0.026824839587849578,-0.04026687260800703,-0.007190997427841029,0.6483443312709873,0.5176011833065001,0.5820568947677203,-0.020903866313452014,0.3788414373379945
2024-05-10,688092.SH,0.016407599309153698,0.04134247235347081,-0.024274001861821364,0.008074588446500174,0.7464766871677267,0.5709205142212367,0.65746882061316,-0.013424920524512529,0.47757712924581364
2024-05-13,688092.SH,-0.0037474776592676395,0.03778441264040797,-0.024812325011227928,0.006047550426247807,0.7652857511769148,0.5777173363607281,0.6701876173112407,-0.010036391962662294,0.46371776584710683
2024-04-10,688100.SH,0.06253669994127997,-0.047324676789124186,-0.11675546078104584,-0.08252643502188967,0.16449703074461078,0.06182297499072391,0.11244076579092198,-0.0869819173409623,0.08234099892657773
2024-04-11,688100.SH,0.03144475920679879,-0.05222173925355691,-0.09330918889573192,-0.07305328378678666,0.22185352563351546,0.11398395896542471,0.16716311039976098,-0.06890381470516463,0.10086812213826478
2024-04-12,688100.SH,-0.024572059635560528,-0.05680798127499379,-0.11155122709024345,-0.08456308345401405,0.21633878340582688,0.08554493753302041,0.15002564280692735,-0.07793581967253108,0.09025763541922799
2024-04-15,688100.SH,0.01238986784140983,-0.05421305670173125,-0.1192322711127628,-0.08717812687071821,0.17846190387583594,0.0777029049431368,0.12737658240492994,-0.08081441618056776,0.07307225535183706
2024-04-16,688100.SH,-0.0055710306406684396,-0.04926124870957084,-0.11816858657340941,-0.08419761711106491,0.17067772773104367,0.08430853731072706,0.1268881118700242,-0.0741552328922295,0.08118799638658951
2024-04-17,688100.SH,0.006907985631389835,-0.049961131138888074,-0.11916441147734352,-0.08504754387004838,0.1697180541688095,0.07417630455878176,0.12127790446087983,-0.07443467217666314,0.07475846546648378
2024-04-18,688100.SH,-0.015655039824223893,-0.04924553285797171,-0.1254376018217231,-0.08787529672796107,0.1569083806724961,0.06002684949067412,0.10778895493938856,-0.08267147283416268,0.07567682114512109
2024-04-19,688100.SH,0.011321822813472826,-0.048135257360593424,-0.12143675135802537,-0.08529948512011772,0.2035601198777316,0.07394733573911345,0.13784578354452642,-0.07476159099810634,0.10264069205206469
2024-04-22,688100.SH,-0.048137068262170346,-0.054750094695505284,-0.10211626311919783,-0.07876498136965368,0.16712677061347977,0.10920785586154902,0.13776158824078982,-0.05734216748835611,0.11200056560970832
2024-04-23,688100.SH,-0.025490196078431504,-0.05557369739171431,-0.09985454307142695,-0.07802430984830137,0.2160470725086437,0.12014831599076482,0.1674259184949141,-0.06795509650286949,0.14633939802399823
2024-04-24,688100.SH,-0.04171240395170128,-0.05358105181612086,-0.11563865469065991,-0.08504456997470408,0.2146615939424545,0.07471311287491085,0.14370700705264458,-0.07660757988545999,0.09455657954881064
2024-04-25,688100.SH,-0.0457589285714286,-0.052220319287395955,-0.11430969047534556,-0.08369994414136477,0.1460151040363212,0.0862493042319515,0.11571354161199267,-0.06993601173752342,0.12115831377372734
2024-04-26,688100.SH,-0.052616848586621745,-0.05074144731430291,-0.09910572036723307,-0.07526237807767713,0.13721443785990795,0.12521472524487587,0.13113052294421043,-0.0399563009450186,0.11784592912479429
2024-04-29,688100.SH,-0.010000000000000009,-0.049678642914880056,-0.10638230350778478,-0.07842768528975037,0.11973616908794377,0.12255456153376783,0.12116510829586766,-0.06902746314319888,0.12411559088404228
2024-04-30,688100.SH,-0.013222190284564506,-0.05418716561603839,-0.1133070873466172,-0.08416126459412272,0.13622257294960097,0.09392347869999855,0.11477671847944675,-0.07187354021871276,0.12313897978988023
2024-05-06,688100.SH,0.014032073310423776,-0.05138623622962277,-0.1094783030027064,-0.08083920755176267,0.13820299497929203,0.10025367535497078,0.11896249821824825,-0.07026171613428847,0.11671491060415648
2024-05-07,688100.SH,0.058479532163742576,-0.04892143635561151,-0.10765066810399515,-0.0786974535390441,0.12860081576766227,0.10552724272777649,0.11690239767388677,-0.06893915351864013,0.1250235134004234
2024-05-08,688100.SH,0.0262924667651403,-0.048702798557366485,-0.10851139337028563,-0.07902605826722045,0.14465799600371568,0.09774456969592552,0.12087265186948215,-0.063645664204705,0.12653403573066735
2024-05-09,688100.SH,-0.01789321789321785,-0.060097252584166864,-0.09485709962944255,-0.07772067063512925,0.09870454262645109,0.1376647991037825,0.1184575894789989,-0.05282878611906331,0.15733270492806636
2024-05-10,688100.SH,0.021264200407806744,-0.05434117066272593,-0.10740993990965012,-0.08124730476252238,0.14623367787035674,0.11378943303323662,0.129784281836836,-0.06065390533842522,0.1512979713586547
2024-05-13,688100.SH,0.06325896639367423,-0.05369833500716479,-0.084392789021594,-0.06926057825402762,0.1041634394269173,0.1877047762083061,0.14651931920731345,-0.04318931280623265,0.19758163307118748
2024-04-10,688351.SH,-0.07785684386772707,-0.019026421178101775,-0.016672285682245363,-0.017832862589134225,0.3872191542240375,0.41292628259354575,0.4002527981740667,-0.02217167062100448,0.4035244018725786
2024-04-11,688351.SH,-0.04929876753081175,-0.01833640190049601,-0.004939978862226909,-0.011544347744347247,0.44366354817659187,0.47836710957206496,0.4612584291187618,-0.0190516703770938,0.47714920104606157
2024-04-12,688351.SH,-0.0959700872455338,-0.017844603073387522,-0.003905506399402261,-0.010777410642464291,0.4719157510613848,0.473220152546104,0.47257708920368324,-0.011151920579946661,0.456544844306751
2024-04-15,688351.SH,-0.012288135593220506,-0.020488556852254834,0.005025663921943247,-0.007552718027574077,0.47270532103429924,0.5529782686084475,0.5134041109754499,-0.0018242102683941105,0.5326476081827978
2024-04-16,688351.SH,0.13471971066907784,-0.005273279847361073,0.04742987955282657,0.021447488213160414,0.4793537615089784,0.6592572342861925,0.570565731039313,0.036507594884612714,0.5483705038679558
2024-04-17,688351.SH,0.12664548343168391,-0.023519804239901302,-0.017542841125309818,-0.020489453746516603,0.3774192543166648,0.3299505654195897,0.3533523892446009,-0.028784925512276772,0.29394417010006296
2024-04-18,688351.SH,0.10773357174787668,-0.0249109243495602,-0.01573859781175894,-0.020260508458343613,0.3716913935187154,0.34942298898773844,0.36040119992648867,-0.021995253039845765,0.31641115712460866
2024-04-19,688351.SH,0.1420036764705883,-0.04027419158976321,-0.04709082985003951,-0.04373026162386199,0.325195393300285,0.22778241043718034,0.2758065188799916,-0.0382908583443096,0.25648880786573797
2024-04-22,688351.SH,0.09395109395109391,-0.001172744888178947,0.01241526638749452,0.005716445472194945,0.5436650086270309,0.5358756393144024,0.539715759035369,0.018240800656103416,0.5156984603976018
2024-04-23,688351.SH,0.01673306772908356,0.0687233947327709,0.027335184352599882,0.0477393629860009,0.6312667370325973,0.6277944146203466,0.6295062520281864,0.03527631264042138,0.5379322308052756
2024-04-24,688351.SH,0.12248186946011286,-0.008485691026905183,-0.015188299960932721,-0.01188394761654507,0.5601419674353917,0.5057703369379192,0.5325752760998024,-0.007108183171189253,0.43559812648001334
2024-04-25,688351.SH,0.11016949152542366,-0.011350796044291877,-0.014671102583698078,-0.013034208233220155,0.551825490624097,0.5524136867279065,0.5521237090201642,-0.013905860785566803,0.4997230046842789
2024-04-26,688351.SH,0.06398390342052318,-0.010449607900443504,-0.0005034265756774757,-0.005406843722893701,0.5908239151708251,0.5903903462700606,0.590604093547844,-0.015226973091009099,0.500411195695592
2024-04-29,688351.SH,0.028235294117646914,-0.010222341755332884,-0.009924179264172325,-0.010071171866063964,0.6086853869022808,0.5142232438249629,0.5607926031603668,-0.007359680373367794,0.42553049903717843
2024-04-30,688351.SH,0.009012539184952928,-0.01298581850304305,-0.017426330750584303,-0.015237180645025612,0.5394330545865286,0.5452062629671608,0.5423601004004723,-0.014447333807956297,0.4828536912712285
2024-05-06,688351.SH,-0.0897343862167983,0.07908276017434379,0.03358881912839863,0.056017102238789154,0.8403209047327793,0.7116925067887324,0.7751056571731216,0.04286016631677266,0.643409767590413
2024-05-07,688351.SH,-0.055616139585605295,-0.0016560814281328011,-0.003066324992651453,-0.0023710820395802393,0.7075287570998617,0.6479482040313965,0.677321115706462,-0.004348525351501464,0.5558993894528064
2024-05-08,688351.SH,-0.03593040847201223,0.03669180773962484,0.0224524692904331,0.029472391211917328,0.7846839709486925,0.7083462948644469,0.7459803835330379,0.019612142169835166,0.5829441645081427
2024-05-09,688351.SH,-0.04347826086956519,0.012864314799875232,-0.013502891902698915,-0.000503992199587174,0.7899407005332398,0.6043473190714627,0.6958439185556801,-0.0040821012176464385,0.4925527065855626
2024-05-10,688351.SH,-0.014368932038834936,0.03369779128381048,-0.0003853453326799171,0.016417468838832647,0.8452532309874207,0.6411449792206944,0.7417693162322494,0.006127095940117145,0.5107535375477944
2024-05-13,688351.SH,-0.004337539432176629,0.030081975054640914,-0.011670760886877487,0.008913127006765813,0.8112598685433469,0.5834900619657649,0.6957794259661654,-0.00588142096294878,0.46282568754146475
2024-04-10,688363.SH,-0.007468123861566478,-0.05732784846951104,-0.056985946238298196,-0.057154502311072185,0.19003233082567836,0.16086990689684585,0.17524683457168794,-0.035612313166494304,0.2617940683272995
2024-04-11,688363.SH,0.017700763927706253,-0.04748268668522595,-0.053521554586867054,-0.050544423218374004,0.23520517610384828,0.15397065765340548,0.19401886487077433,-0.04036548513221153,0.2390548061231177
2024-04-12,688363.SH,0.010754716981132173,-0.04971758168658155,-0.057986227599091625,-0.0539098269355822,0.22537564932385504,0.1497682144110215,0.1870422978711221,-0.04962711542901691,0.22357728423233109
2024-04-15,688363.SH,0.08061205448777753,-0.03937851054841851,-0.056862139335670914,-0.04824279866695519,0.20445745440325425,0.1634787406022376,0.18368103949080106,-0.04350851113949109,0.2500105906573061
2024-04-16,688363.SH,0.08132811042715904,-0.04434254736819737,-0.05453055738246826,-0.04950791991299083,0.19766331719183838,0.17306517679179126,0.18519193574468623,-0.03663335586647091,0.27357085268949805
2024-04-17,688363.SH,0.06771884749495305,-0.04203007760430702,-0.05399423767945501,-0.04809596720267979,0.19105291000670577,0.17233859015706923,0.1815646553023631,-0.030334962222239782,0.25499333939261404
2024-04-18,688363.SH,0.07597949469058962,-0.037322757102944165,-0.04515993854422096,-0.041296247685367105,0.16894754939798845,0.18845049990005133,0.1788356438270977,-0.02290842627474835,0.2904806198305322
2024-04-19,688363.SH,0.1185364943065148,-0.04630078232646877,-0.04868552723388417,-0.04750986004172866,0.20284567088901845,0.17768421747936117,0.19008868690026204,-0.02957413591702921,0.2954005635411543
2024-04-22,688363.SH,0.04489725436021419,0.010959734144493622,-0.0032419328316859765,0.0037594172439111596,0.3809151253956301,0.4375509077982113,0.40962975318510086,0.04252988229520024,0.5215038505076863
2024-04-23,688363.SH,0.06089356563739878,-0.02989056447866449,-0.023713120173803916,-0.026758569009027025,0.27050568021084354,0.2791870342257862,0.274907170552687,-0.00600010733421844,0.35086017351289384
2024-04-24,688363.SH,0.09487796493640421,-0.04069718493995682,-0.03395925135577951,-0.03728101857423873,0.21967951799416968,0.2548816526431615,0.23752717809455465,-0.0041978615925748804,0.382342562724947
2024-04-25,688363.SH,0.08728943338437967,-0.04586304669055766,-0.03411421633677862,-0.03990633034871675,0.21139335807565682,0.25263328019090525,0.2323022069229918,-0.016836810965015915,0.37667626199971604
2024-04-26,688363.SH,0.0535714285714286,-0.03207382452459056,-0.030293568431423456,-0.03117122569189745,0.2944094927961077,0.2731065175275818,0.28360877671707735,0.005040898507844916,0.3583685347919724
2024-04-29,688363.SH,0.04478598578747306,-0.03458724575944417,-0.04065158151707124,-0.037661894624235054,0.2645915838403346,0.2550965021660748,0.25977752946444643,-0.020347209752271923,0.34725667549705436
2024-04-30,688363.SH,0.01300813008130075,-0.030005619557608228,-0.04272829190454859,-0.03645607870961484,0.2616794607687122,0.26317108177006643,0.26243572015173594,-0.03630278929423828,0.3071911868591688
2024-05-06,688363.SH,-0.023547880690737877,-0.03733692187344836,-0.05796057527761195,-0.04779321833546421,0.1963621320629378,0.2391413552006955,0.21805141430489097,-0.03722003947184608,0.2132623580955402
2024-05-07,688363.SH,-0.019874804381846523,-0.03090573635941504,-0.05083630206024972,-0.041010633854518384,0.19293602747844463,0.24254239885945716,0.2180867083689608,-0.022665083453463,0.2526412767963164
2024-05-08,688363.SH,-0.01647394265800728,-0.030630939474188268,-0.04974949210878518,-0.04032414224259986,0.18656516162191975,0.2445506987422062,0.21596412187192737,-0.009006788952396405,0.3147079380902261
2024-05-09,688363.SH,-0.022619424232837693,-0.027243364577968526,-0.06403479461502827,-0.04589680546887035,0.2537865198673193,0.21781395981039825,0.2355482501930966,-0.011675707196826124,0.2775986895717945
2024-05-10,688363.SH,0.017495987158908655,-0.031001777201186482,-0.05655033390976627,-0.04395502451805626,0.24577207332061415,0.2177873618258198,0.23158368322022205,-0.017328135589705952,0.3549831366394327
2024-05-13,688363.SH,0.011736334405144655,-0.031860240784349625,-0.05395888477905983,-0.04306436492709666,0.26498392982164815,0.21378824789052542,0.2390274604533831,-0.011265137789257562,0.340806785392431
2024-04-10,688418.SH,-0.09191583610188259,0.03202750100499695,-0.016661259284683202,0.007342053573353215,0.7448274251215485,0.5553967901453828,0.6487851362272434,-0.02248111685274371,0.48377369252921376
2024-04-11,688418.SH,-0.05583195135433949,0.028417792909019926,-0.02767806884034067,-2.309238170909375e-05,0.7070490240946357,0.4211582704483456,0.5621009677395359,-0.03523274495701071,0.38183399533039614
2024-04-12,688418.SH,-0.09484649122806998,-0.00866908192382349,-0.05160070227511944,-0.030435630322917354,0.46634114087906625,0.2422709801729439,0.352736437448502,-0.04741816692589244,0.26716313897346905
2024-04-15,688418.SH,-0.03730017761989335,0.037338026123037514,0.01399122780206544,0.025501081431477977,0.7681076115276266,0.47847032822855107,0.621260045711931,-0.003503086026269286,0.5095755235299657
2024-04-16,688418.SH,0.061118335500650156,0.046640595697749844,0.0164858949815601,0.0313520100998079,0.7703065197072799,0.5,0.6332597486873381,-0.004752224623344048,0.567536708114418
2024-04-17,688418.SH,0.034146341463414887,0.03312023671670195,-0.0023338166569667855,0.015144852550268494,0.6886787487625233,0.5320437665806697,0.60926402151127,-0.023844997885801335,0.3800583055423377
2024-04-18,688418.SH,0.01756440281030458,0.041130300311052866,0.01860549607815697,0.029710110774679055,0.6998276646633893,0.5798067771369582,0.6389764683686889,-0.005043500455924643,0.48681148052870216
2024-04-19,688418.SH,0.12174439733494835,0.029703070435061082,-0.03159697582803063,-0.0013763626945110068,0.7392195796131149,0.4195010621867082,0.5771206761311655,-0.0257381282127496,0.40283268267139455
2024-04-22,688418.SH,0.19003690036900367,0.030092950271459376,-0.011113781858924001,0.009200928914119413,0.7084487921451212,0.44354623272535565,0.5741418562905534,-0.011494926960194973,0.4121006600294098
2024-04-23,688418.SH,0.1384803921568627,0.036847756458214455,-0.041575410627077994,-0.002913185430407153,0.7030029795403273,0.34325162867527453,0.5206072272680236,-0.04532427039877466,0.30611499963581745
2024-04-24,688418.SH,0.116745283018868,0.030180788737817904,-0.017613045059616802,0.0059490735587119856,0.7052214495072029,0.4219037851406864,0.5615779624156224,-0.024477303966433696,0.33159588273307067
2024-04-25,688418.SH,0.1570771001150748,0.033412903447272324,-0.020075541727982992,0.006293991531702644,0.7040965927936298,0.43813253924446105,0.5692514740530226,-0.02864878499047866,0.3422370359210208
2024-04-26,688418.SH,0.06803455723542129,0.05345914660944898,0.0353637962721669,0.0442847125747662,0.7571057043273778,0.636449034419262,0.6959321631533323,0.008209136006614515,0.4778451361461251
2024-04-29,688418.SH,-0.0015503875968992942,0.045080263700817774,0.005251632760097175,0.0248869466084972,0.7255678708555403,0.556982088760327,0.6400940276754334,-0.008950282151160038,0.3461290534215614
2024-04-30,688418.SH,-0.01399354144241105,0.05357068892417963,0.0013749002647561077,0.02710716039234956,0.7366625366864628,0.5084514313344826,0.6209583534013183,-0.014055555507793726,0.35755625945437547
2024-05-06,688418.SH,-0.06969376979936648,0.03583964370717145,-0.00431232119488793,0.015482394663040935,0.7097552686570756,0.5369279166313624,0.6221309280947385,-0.017986400353420508,0.33897883784233257
2024-05-07,688418.SH,-0.14470412729985083,0.04144893935473266,0.0383895284219668,0.039897802556357546,0.699504378556091,0.6904830044820688,0.6949304963265887,0.01273506383496833,0.36946978928138047
2024-05-08,688418.SH,-0.10667340748230536,0.05148760206478897,-0.020066694130726283,0.01520921241729071,0.7350320591246923,0.5256298575896181,0.6288640850931133,-0.01728085631259394,0.30005301106380816
2024-05-09,688418.SH,-0.08436853002070388,0.03936332038263524,-0.01784991163021898,0.010355922723609178,0.7087824359707642,0.5544687218603228,0.6305446033582464,-0.024274157354595517,0.3577676276015533
2024-05-10,688418.SH,-0.0010917030567685337,0.04996682159996063,0.018313895651621132,0.03391862824061849,0.7723858365326826,0.6448001578715395,0.7076992529170428,-0.006626844115045471,0.48855535062494554
2024-05-13,688418.SH,0.09023836549375708,0.03998178751508934,-0.010893328271904933,0.01418784680132619,0.7623920709097655,0.5596228761348715,0.659587064814071,-0.010660719425727804,0.4206083805006703
2024-04-10,688455.SH,-0.02774813233724649,-0.023086060154369606,-0.04329467145725267,-0.03333192817433596,0.49369680286777934,0.21503281072732702,0.3524127511041293,-0.04474893552474971,0.23134216805868582
2024-04-11,688455.SH,-0.05508474576271183,-0.02502820902458998,-0.04469508482407529,-0.034999414407606524,0.4502368348058994,0.1737225691046058,0.31004270520684213,-0.03951931672225432,0.24319686848003405
2024-04-12,688455.SH,-0.07491856677524444,-0.019717810793040032,-0.04681819176897986,-0.03345784085293202,0.4823420370057559,0.23157420703277423,0.35520148038621335,-0.04056092872880716,0.33866174882679306
2024-04-15,688455.SH,-0.06541019955654104,-0.021629709152482662,-0.030697862431999793,-0.026227308675489093,0.47332127058764023,0.27767435883743014,0.3741272979656485,-0.026626058026549417,0.3016957757076661
2024-04-16,688455.SH,0.009237875288683695,-0.010989319550325482,-0.013089555108789886,-0.012054149588389336,0.46483337378627737,0.3742053526680529,0.4188845092467542,-0.00258454887791818,0.369925427024712
2024-04-17,688455.SH,-0.028540065861690445,-0.032909919664984626,-0.02797182482322134,-0.030406280634055025,0.41699641286277683,0.30580637272421324,0.3606225008052,-0.02267334725506335,0.35722582442789086
2024-04-18,688455.SH,0.0033632286995515237,-0.019196213517506725,-0.0387668557359349,-0.02911862798877668,0.4443919040912709,0.2920947670661258,0.3671764862482967,-0.03762172877325857,0.3464063677022371
2024-04-19,688455.SH,0.04107981220657275,-0.050425106808326355,-0.03018567777164388,-0.04016361404163938,0.4268492656831657,0.3455265784836883,0.38561825244892234,-0.021682117652558376,0.4180988830168088
2024-04-22,688455.SH,0.07473309608540935,-0.020776635090920762,-0.030417698730713743,-0.025664703060802624,0.47026593937408473,0.34367755861209776,0.406084990831444,-0.028254944233756775,0.4013328660887928
2024-04-23,688455.SH,0.0194508009153318,-0.023120919905083123,-0.028399014582924386,-0.02579694057050773,0.46216728743023305,0.31656360101481024,0.3883454828602102,-0.02877055227166484,0.3917310019557299
2024-04-24,688455.SH,0.04406779661016946,-0.021769535167063515,-0.031588587042987226,-0.026747844071820594,0.45089566098143635,0.3109312379999426,0.37993299146071874,-0.028543906122278785,0.3931148858776631
2024-04-25,688455.SH,0.03240223463687153,-0.025405270091112077,-0.034359574692037584,-0.02994514775893438,0.390386416080079,0.30815832101479057,0.3486963564839505,-0.033935344694624704,0.39648996753231613
2024-04-26,688455.SH,0.02367531003382206,-0.02148854584489052,-0.03582115804420359,-0.028755252635107767,0.4178269735714027,0.28837074217594455,0.35219201026984925,-0.030870234258122665,0.37470014958845943
2024-04-29,688455.SH,0.02538631346578346,-0.020158322915819794,-0.028556836985952672,-0.024416411976800223,0.4113049569903237,0.29665883071657917,0.3531787918028325,-0.019636753681380882,0.383105843945877
2024-04-30,688455.SH,0.02805836139169471,-0.021334049421746774,-0.03687424290436708,-0.02921300602303255,0.4461861912703644,0.3293152697679275,0.3869320436627561,-0.02527842214925461,0.4140854037178466
2024-05-06,688455.SH,-0.0357142857142857,-0.028236800993735107,-0.02468861022823569,-0.0264378503509572,0.4136870729432646,0.27879938125697,0.3452983318357291,-0.01766028087381092,0.36147043540500584
2024-05-07,688455.SH,-0.03463203463203468,-0.01704393417951787,-0.03669707519713282,-0.027008175958741082,0.4268012837370604,0.3204496723372819,0.37288047949271225,-0.03051830774495582,0.4081223671736199
2024-05-08,688455.SH,-0.03634361233480177,-0.01824160384283828,-0.03391909266013342,-0.026190169872389653,0.46128421563961597,0.3626379247395467,0.4112700478141839,-0.024844152827766565,0.45464613141815907
2024-05-09,688455.SH,-0.04843918191603869,-0.019409959942568788,-0.030165966317274456,-0.024863309511493823,0.40866581071396163,0.3147938103999699,0.36107223233432384,-0.027499929710087558,0.4041456460166687
2024-05-10,688455.SH,-0.01637554585152845,-0.0185371718436334,-0.03822807887114667,-0.02852056118066053,0.4656173379168455,0.35134403607937487,0.4076801966019712,-0.030694213137463934,0.449399124624164
2024-05-13,688455.SH,0.0033670033670032407,-0.023064447220527272,-0.02919800748803608,-0.026174193261535004,0.4577954817904925,0.38677300762782074,0.42178672860029237,-0.01332261345248601,0.48796677967289503
2024-04-10,688525.SH,0.047178329571106126,0.0874188020524716,0.043257964236520466,0.06502903418906462,0.6569772973304079,0.64652431503133,0.6516775824986363,-0.007430510754586705,0.5222929118618058
2024-04-11,688525.SH,0.020408163265306145,0.08968500040621308,-0.03572482993669859,0.026101582879817842,0.5874266861749919,0.5293792778122697,0.5579963568925096,-0.050805188384386114,0.27225709663006853
2024-04-12,688525.SH,0.03264295362449343,0.09409825184547499,-0.04121590812137493,0.02549328916527511,0.614522128254804,0.3970663277352534,0.5042709388531066,-0.059348639176120245,0.23842052977868292
2024-04-15,688525.SH,0.0988045864845084,0.10511090231045835,0.010254083825969675,0.05701801614329652,0.7139098095089551,0.5416593847813294,0.6265779740012566,0.005137762606709473,0.4305128327487113
2024-04-16,688525.SH,0.2554100988511889,0.09008946073721408,0.0007171346739290076,0.044777239934037004,0.6338295523325879,0.5141850575786315,0.5731691890749846,-0.00779576793182305,0.4523886181846335
2024-04-18,688525.SH,0.060573399439534326,0.023633674858516876,0.017279501186529145,0.020412076706948532,0.4454945955708457,0.5385612226251424,0.4926798456392517,-0.04329509771498711,0.25270069898814496
2024-04-19,688525.SH,0.1451111111111112,0.020096348088084085,0.022545234513059665,0.021337945876775653,0.4809841182484426,0.5732509476207459,0.5277638668516782,-0.00228092433060415,0.3846497405729112
2024-04-22,688525.SH,0.14584695879659915,0.026847260074202017,0.03890799902481111,0.03296211565032855,0.5019164471696154,0.5636257681587483,0.5332033846528551,0.025189204164051758,0.47370476404952816
2024-04-23,688525.SH,0.15763765541740682,0.015023380400828332,-0.0016199113884258314,0.006585147385472163,0.46869362424136796,0.42918757477503106,0.44866385758616967,-0.03982449929550417,0.2669292854563542
2024-04-24,688525.SH,0.12257927218557141,0.016462613320392023,0.008302227347719529,0.012325256407794135,0.4890472678926927,0.481714017029094,0.48532927265889764,-0.022184317704029767,0.28119212087855905
2024-04-25,688525.SH,0.038414634146341387,0.04296356651743724,0.03227502693737523,0.03754442295422376,0.48176388780819684,0.5340690468674747,0.508282867685268,-0.014509107618250893,0.46459816725550723
2024-04-26,688525.SH,0.0034931108092373098,0.041029447679789825,0.014922873559212086,0.02779328271605737,0.48486373356019263,0.530756961685798,0.5081318320622444,-0.023798892694527653,0.38410358529006383
2024-04-29,688525.SH,0.02226027397260255,0.01567795745060276,-0.018791445560808622,-0.0017982040079318334,0.4564333436109655,0.43836713908952774,0.44727368665215395,-0.034764758429800126,0.23060976115879375
2024-04-30,688525.SH,-0.021097046413502185,0.007956906465262915,-0.02339615646173483,-0.007939254827417745,0.4391320063832845,0.3990101021506592,0.41878999825041685,-0.056719893105375875,0.22416248805242964
2024-05-06,688525.SH,-0.061990521327014325,0.0057588550309639365,-0.03242690945536128,-0.013601520469582655,0.42655711990529255,0.3528128650420906,0.38916841015009357,-0.060663479040327574,0.18834373626832304
2024-05-07,688525.SH,-0.03699354081033468,0.005905900548205071,-0.024564216061557415,-0.009542602501189115,0.43211188972364695,0.37961684501160387,0.40549663686136384,-0.042734671943561765,0.2623475015923979
2024-05-08,688525.SH,-0.03906401082962685,0.005455157924599388,-0.019520095029537093,-0.007207421492564717,0.44397682111911146,0.3841365043996801,0.4136374782424038,-0.045386823221788476,0.2608644789714572
2024-05-09,688525.SH,-0.09305788200260567,0.009302211738976189,-0.02105593933723839,-0.006089524219284264,0.4238010967728363,0.3853978309010427,0.40433044697108866,-0.04516049067946274,0.25206330366819174
2024-05-10,688525.SH,-0.061128526645767955,0.009730594584562696,-0.034958283955175695,-0.012926892593348581,0.46339019872630305,0.3478104637318231,0.40479068920101563,-0.034372018842260744,0.24189209616140006
2024-05-13,688525.SH,-0.017784963621665262,0.01010536924338236,-0.024919251627976157,-0.007652290474982433,0.47162973516539514,0.36351453168946934,0.41681478082916584,-0.036561827965228035,0.28027531575307935
2024-04-10,688592.SH,-0.08874841972187097,0.03159735037939813,0.002887178870632643,0.0170411483870602,0.5906892077063004,0.3295088718018974,0.4582694579778658,-0.028673491849714496,0.32003968840245445
2024-04-11,688592.SH,-0.03935185185185186,0.03681256104530672,-0.012111388649561652,0.01200787139710805,0.5604672452684443,0.2676475981389532,0.41200620491413453,-0.059143571514324735,0.23334181440619536
2024-04-12,688592.SH,-0.003989361702127603,0.02652902772748953,-0.0032912320511767727,0.011410005374393122,0.5378615156627674,0.25512467923222315,0.39451251126893827,-0.054605869375349315,0.24765489097848173
2024-04-15,688592.SH,0.07765363128491631,0.024505613279946655,0.018016507168703486,0.021215603700027164,0.5515496551357638,0.31371032911159114,0.43096391533019074,-0.031810997843008594,0.31700833585312294
2024-04-16,688592.SH,0.12426035502958599,0.028220241386069485,0.016064475447686622,0.022057206647086467,0.6052867741381394,0.3230243577197926,0.4621783030871587,-0.036202520747151724,0.34122066131516754
2024-04-17,688592.SH,0.07380688124306345,0.05370713522623623,-0.00034715629459971045,0.026301336354927422,0.7270079667818682,0.3689537860126169,0.5454726883218612,-0.03695773076843371,0.3207768601790755
2024-04-18,688592.SH,0.02998661311914308,0.04703691919271476,0.006919528143923635,0.026697199266850657,0.6946578080708814,0.37468931043280845,0.5324321633587729,-0.033131266272773886,0.32130604137648333
2024-04-19,688592.SH,0.03978638184245642,0.052001150440863134,0.00023920405564419392,0.025757582133729362,0.6737067595377607,0.34788427780021564,0.5085131153141955,-0.04141081101412273,0.3018471985520905
2024-04-22,688592.SH,0.05235873509590472,0.05382240681799911,0.007666492487880514,0.030421125083226908,0.7407467583452552,0.4046413874809799,0.5703396373875715,-0.01798385014562446,0.3524525387555449
2024-04-23,688592.SH,0.07236842105263164,0.056069077415871374,-0.0028182058571193346,0.02621292731102189,0.7342650255902344,0.3511350102869152,0.5400161723439223,-0.04631975405321346,0.29329787172227795
2024-04-24,688592.SH,0.06434108527131777,0.05785677867739156,-0.005504619145474256,0.025732229893524902,0.7689497554106554,0.37138461983100124,0.567382223261228,-0.04206757541456189,0.2889688266379944
2024-04-25,688592.SH,0.09201975565375609,0.049626970945152005,-0.014970901483411039,0.016875523289802456,0.6600520026528316,0.3230808085356263,0.4892059049319662,-0.04704162587060371,0.2547089567355343
2024-04-26,688592.SH,0.06574216743708283,0.04693100160901393,-0.004769954694316552,0.020718355581505917,0.6886676720854648,0.35420554956230993,0.519093686338054,-0.04429982227121191,0.2837582071873961
2024-04-29,688592.SH,0.020935960591133007,0.05278551931778341,-0.0007019113111170726,0.02566712178234089,0.771187888643857,0.41564381050418026,0.590925244897524,-0.03679008943795584,0.3155417385534409
2024-04-30,688592.SH,-0.018404907975460127,-0.01700129827775498,-0.03648049716628908,-0.026877350518817296,0.5072930812877364,0.3178709100914442,0.41125508357258433,-0.041558504993338276,0.32280376898115604
2024-05-06,688592.SH,-0.05778101480941966,-0.012498584270341125,-0.06065131113127124,-0.03691226004568706,0.48787798261091736,0.25785979995500746,0.37125760200372837,-0.046484032942144794,0.2303189707414226
2024-05-07,688592.SH,-0.0587955248750297,-0.030138980798200193,-0.04712926262781755,-0.03875313951693693,0.36207292972977123,0.2907990546441347,0.3259367150016065,-0.03860794027137463,0.22678110628704234
2024-05-08,688592.SH,-0.057349397590361506,-0.05197105835293042,-0.0688210967539181,-0.060514112944873334,0.26161020360402987,0.20036762298650476,0.2305599058470637,-0.052937648167271235,0.1967077542216491
2024-05-09,688592.SH,-0.07358262967430651,-0.060034094762565424,-0.07252770191184324,-0.06636841670217075,0.24142782848547484,0.15842183546977287,0.19934337069871944,-0.06094149503686056,0.161572603999957
2024-05-10,688592.SH,-0.018000000000000016,-0.07453467619819545,-0.053092866205920575,-0.06366357021286226,0.255015247421885,0.21527116759993506,0.2348647981739146,-0.046191875414719065,0.23786456438973816
2024-05-13,688592.SH,0.022159237309971713,-0.06601685305951337,-0.0649548375441555,-0.06547840582816102,0.2894088588878889,0.16917193345694126,0.22844813028422323,-0.04321993078626311,0.20129714266505733
2024-04-10,688607.SH,-0.16028880866425987,0.020701455563189988,-0.004902714618325362,0.007720011934594999,0.6569652760065243,0.401432940421682,0.527409090972547,-0.010628277853369538,0.5057075027170814
2024-04-11,688607.SH,-0.1359999999999999,0.024334819382707762,-0.017503761126255946,0.0031224477054702503,0.6925574761063015,0.3535021552768154,0.5206547156137656,-0.02896324816467758,0.4097697958103891
2024-04-12,688607.SH,-0.07032967032967041,0.005174713070846629,-0.015720293257214007,-0.00541916069439958,0.6644056687354808,0.35087223459345374,0.5054426337243755,-0.03180201259974628,0.4041267741104839
2024-04-17,688607.SH,0.06879194630872476,0.09080985842884616,0.0215766905514591,0.05570829256446233,0.7437149131561089,0.5581367160337635,0.649625829715349,0.02590551377945057,0.5536060285528906
2024-04-18,688607.SH,0.11129848229342332,0.057290175575744014,0.02638211606759037,0.0416196332644755,0.7472165706206785,0.5563737356338199,0.650458289186832,0.00400059884581846,0.5562199606767818
2024-04-19,688607.SH,0.15305245055889927,0.05679068839643305,0.0157444114070729,0.03598001860617551,0.7468832086964217,0.4743577233724356,0.6087114108990896,-0.0038264137559720687,0.4984066568333259
2024-04-22,688607.SH,0.12205387205387197,0.08513915085118912,0.03349191757091882,0.05895374266776937,0.7415869898105669,0.5587429066366904,0.6488841159538156,0.018274722283722254,0.5623518464457193
2024-04-23,688607.SH,0.01576044129235621,0.07774204241321939,0.04093430148934925,0.059080331820305726,0.7266577712921684,0.6047881379527886,0.6648692515308507,0.0355698880820385,0.5879784762777757
2024-04-24,688607.SH,0.08791208791208782,0.05358962261840307,0.012159065963009408,0.032584121096171224,0.7451264302903791,0.5,0.6208460918090111,-0.012209372265344498,0.44829592098234894
2024-04-25,688607.SH,0.055386949924127515,0.051645060915330804,0.013953470382651361,0.0325352341057394,0.7084047923843945,0.5611172168689651,0.6337292475340355,-0.002172395136723437,0.5037079935846757
2024-04-26,688607.SH,0.034302759134973826,0.06026822403403178,0.012679776785349945,0.03614064087271068,0.73218442534582,0.47560477872584234,0.6020972483262469,-0.010311126869096554,0.4008199472386374
2024-04-29,688607.SH,0.046511627906976605,0.07190863590145134,0.003894217363696554,0.03742498210911137,0.7619462484892507,0.38319484002672527,0.569917371030968,-0.014450016881318006,0.3177623516413752
2024-04-30,688607.SH,0.05508145849495727,0.07310390427111389,0.01081163592354201,0.041521409532225315,0.7005608893648905,0.3885913851659579,0.5423907747355599,-0.00952691773924944,0.3377807793115593
2024-05-06,688607.SH,-0.06349206349206338,0.06160983598793519,0.00748443572753239,0.03416798462644047,0.6821012613251226,0.4541856596164009,0.5665468998799288,0.001506501505120739,0.3349819780284028
2024-05-07,688607.SH,-0.056793673616103546,0.051439118155833484,-0.007972823536403075,0.02131696358196884,0.7543542869718683,0.4450021077051434,0.5975111693053098,-0.02478045207826999,0.3568295085589502
2024-05-08,688607.SH,-0.02667627974044695,0.05244086677624216,0.0010944430914117294,0.02640797057733352,0.749233280436144,0.5,0.6228707481839808,-0.01996168134874069,0.42272163209349445
2024-05-09,688607.SH,-0.028673835125447966,0.05144951922199124,-0.004977626009544375,0.022840671532229097,0.7861474144177335,0.48664314702334466,0.6342972378199074,-0.02425500070326895,0.41061077793682343
2024-05-10,688607.SH,0.013970588235294068,0.05309011648788065,-0.005905142710699345,0.023179222043287064,0.7696953651337985,0.5,0.6329584525700287,-0.020508320103173973,0.47766831621767475
2024-05-13,688607.SH,0.08089368258859775,0.048100315516123836,0.004159418835878132,0.02582205891961316,0.7327260190159675,0.40572389638559614,0.5669342909004562,-0.014687229649054145,0.4260868584091642
2024-04-10,688609.SH,-0.15181818181818185,0.03325813704528969,0.006345190212103811,0.01961313704264951,0.6832566016387311,0.6930940710029296,0.6882442483030846,0.0002809697144969484,0.6194597015208575
2024-04-11,688609.SH,-0.16575091575091583,0.03221425606294659,-0.029141978733702913,0.001106335063008737,0.7063225898203356,0.6235219005060819,0.664342222047363,-0.02982607191601109,0.42554918653286344
2024-04-12,688609.SH,-0.1655813953488372,0.03401118164678932,-0.018033875419819764,0.007624074793978619,0.6806511966889304,0.6685542707665764,0.6745179941353207,-0.02042611696303557,0.48617841468615297
2024-04-15,688609.SH,-0.0951903807615232,0.04279968061250015,0.009422626739856301,0.02587734568562532,0.7412313729048112,0.43607094372312327,0.5865134937071546,-0.008082287374845875,0.5249365130697791
2024-04-17,688609.SH,0.04661016949152552,0.025587781034399622,-0.017050440494310464,0.003969987320542313,0.6788424522634188,0.41656860810705454,0.5458682883270796,-0.029439789983469113,0.32759462689655383
2024-04-18,688609.SH,0.05037513397642024,0.023546137128934563,-0.006480004197929209,0.008322731790834297,0.6828114138871618,0.42821633015120447,0.5537304202753568,-0.021460109160108133,0.448851665253108
2024-04-19,688609.SH,0.13391877058177837,0.0010137404885769532,-0.04614266798837349,-0.022894796832912657,0.5999940593571721,0.237784494958389,0.41635198040491966,-0.046959533250101416,0.30653853064031716
2024-04-22,688609.SH,0.18283166109253046,-0.008008599061267812,-0.035061660810656564,-0.021724638034252206,0.5735872263677346,0.2777629390814934,0.4236028182751795,-0.0340841753783521,0.35679003833047207
2024-04-23,688609.SH,0.16722037652270205,-0.006324368456380558,-0.04702122382163618,-0.026957879718016862,0.5501395192525542,0.24949682860523412,0.39771215631443113,-0.053348309299748466,0.27701938223665473
2024-04-24,688609.SH,0.08805668016194312,0.043567980263937246,0.011938735055527786,0.027531793159369454,0.6925954482461634,0.5301931980420773,0.6102566869726844,0.008022852811693426,0.49753308029493465
2024-04-25,688609.SH,0.07857142857142851,0.029836353449653692,-0.016894255021883995,0.00614369888195517,0.7032068452104251,0.3965815413136861,0.5477462671320166,-0.031338453652823874,0.3715947974409877
2024-04-26,688609.SH,-0.01839303000968051,0.03249850117478668,0.01244873064861077,0.022333166231039096,0.6887468333177297,0.5307027865737874,0.6086177032152171,-0.007322268366222217,0.4367931209248923
2024-04-29,688609.SH,-0.03864278982092362,0.03075383503093252,-0.009767243548105469,0.010209443487893741,0.7017646473761823,0.4426649160756181,0.5703997746926451,-0.031074721439735144,0.30873420119171957
2024-04-30,688609.SH,-0.06261859582542684,0.031738698511007524,-0.008981165728162956,0.011093521634060681,0.7258856571217026,0.4553547838860635,0.5887251377294986,-0.024179559081629422,0.4086627892677588
2024-05-06,688609.SH,-0.08465116279069773,0.03276694141615267,-0.013333825400659836,0.009393619749219612,0.7134221257759512,0.4784279232392102,0.5942788779514363,-0.028655068397695417,0.379036956941348
2024-05-07,688609.SH,-0.045411542100283864,0.03151775324292574,-0.02410279125554322,0.0033178561995956934,0.7495764721729904,0.49424786099674983,0.6201235764433445,-0.0248461787516148,0.4174734813788837
2024-05-08,688609.SH,-0.004930966469428033,0.032215535835091486,-0.03274094822231012,-0.000717729727705313,0.6721778113460583,0.40565161881815415,0.5370476853034312,-0.026334269613569362,0.4043273680208802
2024-05-09,688609.SH,-0.021568627450980316,0.026846792990748852,-0.028888456147747526,-0.0014112598845373945,0.6995749900594579,0.3935577356806622,0.5444226961583775,-0.038085256199997176,0.31439932059553005
2024-05-10,688609.SH,0.0728744939271253,0.03143790697118,-0.027086218700528446,0.0017658796047719631,0.7271806121018265,0.4143083584848458,0.5685527989570565,-0.028991750438832654,0.40858707240217207
2024-05-13,688609.SH,0.07825203252032509,0.025657542134600773,-0.0086672594879274,0.008254694310723988,0.6894342644011155,0.47107019458089755,0.5787225778756054,-0.01980081617503541,0.44999557277992086
2024-04-10,688633.SH,-0.05115511551155105,-0.05242275927277047,-0.04853841905357996,-0.050453379158818985,0.3165517549220384,0.16014965716514334,0.2372551012507194,-0.06134486615185456,0.20373792307335975
2024-04-11,688633.SH,-0.07651821862348185,-0.05453756815552163,-0.050927730480632746,-0.0527073622182568,0.28456344010835066,0.1456202943440207,0.21411856329600018,-0.059344735509127035,0.18289601614646944
2024-04-12,688633.SH,-0.0625,-0.0489052938184852,-0.05467911700827664,-0.05183265134377861,0.31185178550070297,0.1379294347413984,0.22367227504874523,-0.06809340376073994,0.18095958897902142
2024-04-15,688633.SH,-0.02415875754961172,-0.06844615456488966,-0.013254735373502257,-0.040463826220095464,0.3461481924541753,0.2825098644459406,0.313883238667337,-0.030377744974158717,0.27066891860977216
2024-04-16,688633.SH,0.06943150046598312,-0.055745228859868746,0.013724777740184272,-0.020523584566636784,0.453218991399878,0.43546477395012756,0.44421751346250116,-0.008862891229041636,0.4977922617041676
2024-04-17,688633.SH,0.025217391304347858,-0.035653502300279576,-0.0013333684509688644,-0.01825302106100459,0.45164524140477075,0.4616158247287136,0.4567003775191767,-0.015066320741182337,0.4504045088559688
2024-04-18,688633.SH,0.07321350284962747,-0.022934075306838955,0.006100004006226057,-0.008213650421411062,0.4784837293993626,0.4623713092037731,0.4703146509638395,-0.011358927770770222,0.48752003490201756
2024-04-19,688633.SH,0.08157894736842097,-0.017275542106207843,-0.007560113868801312,-0.012349770909662524,0.4513077267208792,0.39869247523536483,0.42463152841718826,-0.02388052967049007,0.4085285896663708
2024-04-22,688633.SH,0.16003536693191855,-0.02092660767975497,0.004867807869484101,-0.007848708688646816,0.4862776206932539,0.4615226001980197,0.4737267002453186,-0.019170300815846177,0.48151596779057004
2024-04-23,688633.SH,0.13202614379084965,-0.019819014618756067,-4.491674369592677e-05,-0.00979344710176103,0.49525648833614944,0.4198961699232613,0.4570484261972663,-0.02111541943247478,0.40826025361609264
2024-04-24,688633.SH,0.1874469889737067,-0.020131471448036606,-0.0019847226039744724,-0.010930978110762516,0.49013632919789596,0.4310599284370602,0.4601842955713296,-0.015422807632303559,0.4300166032071082
2024-04-25,688633.SH,0.10947712418300659,0.004947109570814654,0.03803191607178308,0.021721273603881396,0.474575662126912,0.5906898859042317,0.5334461601652174,0.02163753040459123,0.5051334352472653
2024-04-26,688633.SH,0.0888077858880778,0.011300972531624938,0.015913220023718925,0.013639405310163952,0.4671804857833967,0.41225928862495415,0.4393351613744071,0.014929150197213048,0.36005367940939514
2024-04-29,688633.SH,0.03544207317073189,-0.00800207769912613,0.017995501610727088,0.005178826344951479,0.5003019694149117,0.5446609341000068,0.5227921886018675,0.02091425429741075,0.45409896302076413
2024-04-30,688633.SH,0.033102386451116184,-0.00040318732213306496,0.0031787409713129357,0.0014128684177482401,0.5186246914310474,0.4840056411462675,0.5010726580489302,-0.00336545624010246,0.45022447497821344
2024-05-06,688633.SH,-0.0714285714285714,0.01834226273202169,0.0120818030539049,0.015168178048768143,0.5762203260887885,0.5244240220130459,0.5499593382589918,0.03416828191196127,0.3886243740830125
2024-05-07,688633.SH,-0.040132547864506596,0.04575034863869796,0.005630702223206194,0.025409485230523023,0.7143594737384454,0.5111790123049494,0.6113459533692123,0.013197484497270396,0.4159936958520575
2024-05-08,688633.SH,-0.04692737430167604,0.02651554108813211,-0.00955432198063821,0.008227938295348684,0.7507250397536608,0.579238551977896,0.6637805241397952,-0.008648712296532223,0.5043086763556001
2024-05-09,688633.SH,-0.053367684946632465,0.007684914173173245,-0.010079402231190384,-0.0013216839852101697,0.7321713829694732,0.5308350436524458,0.6300928418293839,-0.016191475601315987,0.44644634631959357
2024-05-10,688633.SH,-0.028315946348733245,0.010306718566812693,0.001266708846313528,0.005723387970403366,0.7494576227522103,0.5742993942900658,0.6606515160615338,0.0030218729845843065,0.4950087624508311
2024-05-13,688633.SH,0.0180769230769231,0.024503772872387267,0.005036529950056937,0.01463378236658914,0.7552169267330783,0.6211948173182458,0.6872670402099029,0.011587454331321212,0.551120460259374
2024-04-10,688701.SH,-0.19780219780219777,-0.05199050891866627,-0.030846989360799073,-0.041270637690474635,0.500617781131594,0.391689720367791,0.4453907040440369,-0.004217089251979089,0.44192721669290996
2024-04-11,688701.SH,-0.14963503649635046,-0.029893537382244338,-0.026902211515534343,-0.028376920056310144,0.46784331345357655,0.2720860672090623,0.3685934006855873,-0.022275752233495795,0.37247411836926203
2024-04-12,688701.SH,-0.07344632768361581,-0.039200438203004624,-0.031850614247500963,-0.03547404032789016,0.43367997606419934,0.2519655730812226,0.34154985577112695,-0.02994024291392198,0.37995157976911514
2024-04-18,688701.SH,0.09649122807017552,0.13804572094026332,0.06306539206292228,0.10003031541552512,0.7293110674031014,0.5686190998715004,0.6478394280845395,0.03477039608505247,0.6149533789686954
2024-04-19,688701.SH,0.1123595505617978,0.08430387780165985,0.012582792203655237,0.047940925084516556,0.7057467494172864,0.4099352406128832,0.5557688200795772,-0.004302963985436647,0.4565007146129897
2024-04-22,688701.SH,0.21004566210045672,0.060170338257167486,0.020114261717169703,0.03986170509700886,0.6690592271651997,0.4570144866319634,0.5615514725120339,0.00549298537799966,0.5313231766435123
2024-04-23,688701.SH,0.12660944206008584,0.07439974382303678,0.0063056585292721075,0.039875698582941085,0.7404642684629915,0.5,0.6185476695803125,0.01573607456670497,0.5651364799662174
2024-04-24,688701.SH,0.08943089430894324,0.0599654398264835,0.0014919022388162999,0.030319060874244116,0.7505932899865606,0.49219147803383023,0.6195822659381083,0.0010306942548525492,0.5027089719720861
2024-04-25,688701.SH,0.08200000000000007,0.058857196900021974,0.002360095621029349,0.030212881140796753,0.7633737296547446,0.5,0.62984191821435,-0.010345486627853872,0.5227253701693053
2024-04-26,688701.SH,0.06060606060606055,0.060670338600458784,0.001772760667271122,0.030808969050883116,0.7918581023899637,0.46269273328006966,0.6249695973810949,-0.01545638532864605,0.47813818889087717
2024-04-29,688701.SH,0.007547169811320753,0.07748832257078545,0.009448800933958185,0.04299194138040046,0.7535700833738553,0.5440265438553726,0.6473304502706801,0.015259050398428642,0.5633574247028161
2024-04-30,688701.SH,-0.015238095238095273,0.06278645608365528,0.022062819152970262,0.042139366433051766,0.7611038948927663,0.5606674097219957,0.6594815843506919,0.004684522662864865,0.572753421300496
2024-05-06,688701.SH,-0.04664179104477617,0.05703190975308817,0.009946860632248668,0.033159551985638386,0.7647223348067815,0.5249629124893674,0.6431630964806361,-0.009040162449237143,0.47979379097915603
2024-05-07,688701.SH,0.0,0.06271647172809013,0.008197373793038639,0.03507501365667553,0.7697751327060186,0.5,0.6329977775801652,-0.009087339371055136,0.4506706753649739
2024-05-08,688701.SH,0.01333333333333342,0.05826805429274222,0.004417949789281183,0.030965779270749838,0.7773387900475042,0.5,0.6367266224396048,-0.013084770764846964,0.5101448410861781
2024-05-09,688701.SH,0.03745318352059934,0.056346644670666676,0.001097009295022728,0.028334800426359216,0.7607792098214234,0.5087375204809077,0.6329928000672873,-0.015482291158475802,0.4653634021899387
2024-05-10,688701.SH,0.06769825918762074,0.0569824743988595,0.00512732148238788,0.030691649909521973,0.7653888142801047,0.5078192761111998,0.6347997572445138,-0.008062508108549948,0.520541836756278
2024-05-13,688701.SH,0.08806262230919759,0.0611254983748554,0.0010145970168468597,0.03064896771945576,0.7790804216585715,0.49398789157837686,0.6345370686839298,-0.012631957463645349,0.4665348280374623
2024-04-10,688776.SH,-0.07631578947368423,0.017630177699204858,0.009247146914183667,0.013379938741994161,0.4309258887259953,0.336260819716296,0.3829302205112273,-0.02657690977318187,0.35920363029704516
2024-04-11,688776.SH,-0.05588686317941727,0.011734805465263393,0.014180595676494493,0.012974833457945124,0.4740195120425782,0.3391284339214427,0.4056290539954708,-0.039006931133157154,0.38356401612061564
2024-04-12,688776.SH,-0.03912443984832825,0.015398001274383993,0.01498675187290244,0.01518949575029244,0.46902310567117184,0.3424834643934268,0.4048668682932628,-0.02535498771549375,0.3616007329878414
2024-04-15,688776.SH,0.034038800705467276,-0.042621599258828385,-0.03739696324474018,-0.03997268240598784,0.2567513205813832,0.15521505550026857,0.20527192124665505,-0.038722693789394115,0.2344956096755423
2024-04-16,688776.SH,0.11452830188679242,-0.04644480064183531,-0.026001859026278083,-0.0360801259695586,0.3279058165662079,0.18070643449931947,0.25327498623979283,-0.05525179030642694,0.2481310876612168
2024-04-17,688776.SH,0.09615384615384626,-0.01631637843574793,-0.030656502670925408,-0.02358689386609756,0.38429631473826975,0.22398431262425553,0.3030173198059251,-0.0424147307166847,0.29992326500265554
2024-04-18,688776.SH,0.09655296877819897,-0.05733602882873505,-0.03981905596387901,-0.04845483509440647,0.23457559438106657,0.16949645747572367,0.20158014320474865,-0.06244939059997127,0.21585575680428676
2024-04-19,688776.SH,0.16663677130044863,-0.0749515754465569,-0.045262240433788445,-0.05989893261117346,0.19738392455990322,0.155551626652327,0.17617473819330748,-0.05114015495664707,0.1980248063322443
2024-04-22,688776.SH,0.13218488828244923,-0.014215268030969596,-0.025723214003444617,-0.020049854774595116,0.39444728496289855,0.24619886827477722,0.31928458878402904,-0.0235899173036798,0.39702094254602255
2024-04-23,688776.SH,0.12425935330963256,-0.06810552048431885,-0.05264999039863455,-0.06026948865298026,0.2290131830913171,0.18631571466344768,0.20736535090028388,-0.03974403077861969,0.2501373715363697
2024-04-24,688776.SH,0.08122157244964257,-0.053268197123810986,-0.05755420130160897,-0.05544122289389335,0.2869906235876602,0.2071990908809682,0.24653591341631056,-0.0382145208486249,0.26695913522021547
2024-04-25,688776.SH,0.16803818301514162,-0.06656428689004393,-0.06523424055404518,-0.06588994667859463,0.2187119915580349,0.17701225896282674,0.19757001647450018,-0.03263480270414324,0.21750967727537815
2024-04-26,688776.SH,0.04551045510455087,0.032213507313890714,-0.0413609726366381,-0.0050891257029179356,0.5091197508909072,0.2823622937742013,0.394152574604554,-0.027661687353982146,0.305239563215638
2024-04-29,688776.SH,0.081651099728834,-0.009287215748131709,-0.06258477136591627,-0.036309345693732176,0.36787310069631396,0.23666562268467603,0.30135024651344944,-0.04354204814326427,0.19129954974939717
2024-04-30,688776.SH,0.06520102394217742,-0.027178670204372857,-0.08351933966877371,-0.055743674243341354,0.3757004624927541,0.20450192551369736,0.28890193938748276,-0.05347261727449241,0.15560968467631192
2024-05-06,688776.SH,0.031700721153846034,-0.05441895099468727,-0.08884966962058782,-0.07187549927434297,0.20163356230730226,0.18169771735765047,0.19152598820637906,-0.05462328515601048,0.14202126395359602
2024-05-07,688776.SH,-0.038748767084683666,0.016729067075700356,-0.06374370679417751,-0.024071035806863164,0.4336193669370493,0.2585836648970682,0.34487538176138577,-0.0495057989651129,0.21218554240265194
2024-05-08,688776.SH,0.011176470588235343,-0.023827262376674683,-0.07448711615351601,-0.049512064163834545,0.4030450316388062,0.20485862127204862,0.30256352038924333,-0.037002826691816794,0.17136588255467816
2024-05-09,688776.SH,-0.04596100278551529,-0.005279172430658408,-0.073375166601777,-0.03980418548121576,0.4267872007777448,0.24061208958122143,0.3323954788858996,-0.03887999078010144,0.2562224817571933
2024-05-10,688776.SH,-0.008199038733389896,-0.02791977039445043,-0.09025986701929001,-0.05952651431153153,0.4007423443799508,0.22243343968214613,0.31033882892127973,-0.04059559939422134,0.227674200298627
2024-05-13,688776.SH,-0.02752293577981657,-0.004328388782524655,-0.0818434113337532,-0.04362889680463188,0.4403513011275463,0.22969066828940848,0.3335452960679992,-0.03549044233029822,0.24933326076586126
2024-04-10,920718.BJ,0.12546125461254598,-0.023075469691117418,-0.008579361370283683,-0.015725869541343196,0.4065582641022059,0.31626376442298587,0.360778496617134,-0.021141576757857806,0.34611906753522154
2024-04-11,920718.BJ,-0.07943925233644855,-0.020987263562521948,-0.027182333493325852,-0.024128195313553417,0.4486237921373635,0.311480027718012,0.379091210756991,-0.031582455094868934,0.35672097210317927
2024-04-12,920718.BJ,-0.11524500907441015,-0.018524563782502487,0.006882207553499147,-0.0056432023657979665,0.4139465588945515,0.37849633837262653,0.3959731180033148,0.00036413251935282255,0.39544690290615303
2024-04-15,920718.BJ,-0.12844036697247707,0.012323587287472435,0.027711490544528806,0.020125331975060983,0.5165190519280182,0.5341272116449282,0.5254464778569938,0.022288658631369272,0.5107240500858927
2024-04-16,920718.BJ,-0.07815442561205277,-0.051801929444756575,-0.012426124217283546,-0.03183819727662719,0.2791230282366029,0.335788775741126,0.30785284848413524,-0.011992033404210544,0.3499280023498675
2024-04-18,920718.BJ,-0.16393442622950816,0.034908747222434575,-0.030443193899681135,0.0017749829300666882,0.37936714261623483,0.22935834024986151,0.3033119220054151,0.1241347113019999,0.2007695362236041
2024-04-23,920718.BJ,0.03756345177664988,0.052725334880713036,0.05308047549211574,0.0529053929647855,0.519298005888643,0.4691359197994033,0.49386557483370874,0.023250900162247144,0.3284224636401772
2024-04-24,920718.BJ,0.0953846153846154,0.04060399610625268,0.031154700866983628,0.03581315568420771,0.4462093394604434,0.45497739765151984,0.45065478925759683,-0.008305265677995421,0.2993068789920158
2024-04-25,920718.BJ,0.09789473684210526,0.041926282892585924,0.03444275705498409,0.038132097487815556,0.5049996150943201,0.5083283762076788,0.5066873137949529,-0.005829608379114759,0.35600262983258496
2024-04-26,920718.BJ,0.04494382022471921,0.026017620617301215,0.035570807019464926,0.0308611343837688,0.46578331953665325,0.5252352288907706,0.4959257379169991,0.0006618374847719658,0.38535777982396907
2024-04-29,920718.BJ,0.012745098039215863,0.046368837259178834,0.029237057282681275,0.03768293826515671,0.4808864287737882,0.43713156531531017,0.45870249196051216,-0.0006063515787231629,0.32200541111160824
2024-04-30,920718.BJ,0.016634050880626194,0.04565931989256827,0.0549212590298494,0.050355169824424055,0.49354934741945095,0.6152139587256916,0.5552339199742413,0.01132097983595567,0.4748877485588513
2024-05-06,920718.BJ,-0.009363295880149725,0.017123797367619074,0.038975246805874775,0.02820259262147181,0.49604476246499646,0.6004738078168863,0.5489908160106894,0.012628643858151734,0.48663633128281125
2024-05-07,920718.BJ,0.03163950143815919,0.023373780213710598,0.037931721739243765,0.030754730110635016,0.5217532274211707,0.6465655404710892,0.5850337006614941,-0.004033426738486312,0.4919253140355266
2024-05-08,920718.BJ,0.0566959921798631,0.02729917824741941,0.032836098135093764,0.030106424601756724,0.514078713701319,0.6469108013546273,0.5814252531796766,-0.009717112744935618,0.48506508056749176
2024-05-09,920718.BJ,0.03388189738625358,0.024219310974109898,0.030765923651863248,0.027538476673760418,0.48596419232866694,0.6484163648536212,0.5683282644710226,-0.015702132487986277,0.47592823205028184
2024-05-10,920718.BJ,0.04716073147256972,0.022915182731910053,0.03162917470192303,0.027333220681853797,0.47560223168381155,0.656149847912781,0.5671407851982553,-0.011961762800018405,0.48878528822890666
2024-05-13,920718.BJ,0.03402646502835527,0.021829721968496224,0.04954105833844355,0.035879509499560626,0.48800196401326656,0.6498610824010103,0.570065354712079,0.014590833526485015,0.5094999457035971
2024-04-10,920779.BJ,-0.06443661971830983,-0.03510650181019095,-0.0033231221975831525,-0.01899216778404191,0.3931340847658418,0.32868543597947975,0.3604582942509328,-0.04012883054710618,0.3398585080689973
2024-04-11,920779.BJ,-0.04837545126353793,-0.02843074316016605,-0.020784005051166937,-0.0245538083092852,0.38658065344220005,0.2857097430779534,0.33543859231014783,-0.04147492652952981,0.32467814671367984
2024-04-12,920779.BJ,-0.048357993504150154,-0.03065687822365876,-0.021938650119690966,-0.026236692532399915,0.357341102198149,0.29824925104281125,0.3273812351435182,-0.044412486092390936,0.30700230704561277
2024-04-15,920779.BJ,-0.00187969924812037,-0.05015184901832893,0.011609731857708836,-0.01883841550842309,0.44056909224082197,0.46636853346774154,0.4536495392759028,-0.014068273745620174,0.5397431476904302
2024-04-16,920779.BJ,0.058544303797468444,-0.05938685956895894,-0.0003876751884610112,-0.02947397503730382,0.44463546079652255,0.39006874354309823,0.41696985949013077,-0.02043918796520775,0.4795791589365798
2024-04-17,920779.BJ,0.007527286413248069,-0.041534134767102104,-0.013997486591674223,-0.02757291503314492,0.3921029216520855,0.3462228430858461,0.3688414900430609,-0.02548010070482424,0.3486300756395957
2024-04-18,920779.BJ,0.013277693474962105,-0.03095348425946531,-0.03676865739251742,-0.033901806414882586,0.3687333323264605,0.23670563100632902,0.30179462078260416,-0.04935109263139229,0.277931401550216
2024-04-19,920779.BJ,0.020098596890405718,-0.031468858011696646,-0.038197430312842104,-0.034880278159626465,0.37537439560152996,0.259909721571883,0.31683322256667523,-0.04704660516792839,0.3040181899263483
2024-04-22,920779.BJ,0.016949152542372836,-0.03734790888389095,-0.06427861538186791,-0.05100191312629808,0.29797295580057787,0.11595636788302775,0.2056896262191058,-0.06039260871977906,0.17535150796113383
2024-04-23,920779.BJ,0.008594917787742684,-0.03586761949670343,-0.06922048544816804,-0.05277769102534839,0.27466682407117404,0.10207031507559326,0.18715952209128164,-0.06538103767373674,0.15092711494755817
2024-04-24,920779.BJ,0.009338812103100391,-0.030810499668100365,-0.06687425337039464,-0.04909500498121727,0.26331292796727795,0.11054679721512177,0.18585972793545727,-0.06870630466375996,0.16439303783400144
2024-04-25,920779.BJ,0.007113440658929049,-0.031050182398333598,-0.058083787368339676,-0.044756356685879656,0.2658123722956697,0.11019018651012717,0.186911137933768,-0.06639822771341589,0.1559140800125046
2024-04-26,920779.BJ,-0.0007434944237918462,-0.035504223772976046,-0.05119942997926538,-0.043461772608251785,0.3070441376280604,0.13743448302174163,0.22105118591244716,-0.049465941093386236,0.19291230736305018
2024-04-29,920779.BJ,0.034074074074074145,-0.04154833598176268,-0.026173940888648006,-0.033753440001532804,0.3015339732565444,0.1946329385749115,0.24733460863273202,-0.03705665440737808,0.23911384956782988
2024-04-30,920779.BJ,-0.04890700259355307,-0.03335955490032199,-0.05224236217963249,-0.04293323358267032,0.2815953898528252,0.13588143891656268,0.20771768061370477,-0.056450904332379793,0.19598596218484468
2024-05-06,920779.BJ,-0.07253886010362698,-0.03547946766517204,-0.04691036573785025,-0.04127499073437174,0.23544619449266624,0.1284823484278914,0.18121498418029175,-0.045051261452926185,0.2036116655145435
2024-05-07,920779.BJ,-0.08141263940520438,-0.02486438297982203,-0.04426434444428522,-0.034700261446590566,0.2695252913338475,0.1511072372155336,0.20948673967422002,-0.04266530855373699,0.24347551851758947
2024-05-08,920779.BJ,-0.08519345238095233,-0.021429749077683215,-0.04240946844695455,-0.032066572782774666,0.3006314356668738,0.1692486952990227,0.23401972258402276,-0.03197905778877689,0.26436881926031913
2024-05-09,920779.BJ,-0.13968481375358177,-0.039170972057514866,0.0019267427025374574,-0.018334223057664228,0.29845143067332,0.3037286007453993,0.3011269825589524,0.014040679678446211,0.2588153058342921
2024-05-10,920779.BJ,-0.06232956758862496,-0.060552259704722805,0.03806580888912084,-0.010552400731119939,0.40930250892122966,0.4777305956529972,0.44399589457769373,0.013754690593133135,0.45710937112029887
2024-05-13,920779.BJ,-0.04628890662410212,-0.03154301577755753,-0.024147598257476695,-0.02779350173487391,0.45293215216600835,0.3017959693635285,0.37630534397880766,-0.027746617549139686,0.37152205667162264
2024-04-10,920950.BJ,-0.04068169323804294,-0.029841410383522043,-0.030617905511419862,-0.030235097336046728,0.40104439394364716,0.15573348194325135,0.2766705223033402,-0.04329755588366017,0.12645974333416327
2024-04-11,920950.BJ,-0.005090497737556543,-0.025564061346980305,-0.06421904969370454,-0.04516233571516366,0.40123953513127775,0.08836245922997436,0.242609277063995,-0.06958316006232071,0.11452211975354266
2024-04-12,920950.BJ,0.006169377453729918,-0.017397680091690335,-0.07190060374847403,-0.045030937722314306,0.3583966744155432,0.07472640426349851,0.21457441440941405,-0.09290379067156909,0.09356421584328835
2024-04-15,920950.BJ,0.03360370799536483,-0.039445610255603746,-0.05817279002044076,-0.04894038500191847,0.40715537833044296,0.1317082075123494,0.26750227122789394,-0.06864951567082603,0.1761380549911938
2024-04-16,920950.BJ,0.13503422526446784,-0.02720753654660114,-0.006638117758395453,-0.016778737308857147,0.508358302998888,0.32894696414521163,0.4173958478539381,-0.03392253180247299,0.3853748114509523
2024-04-17,920950.BJ,0.04641833810888274,-0.008825009106903642,0.008818373958934023,0.00012027523791881007,0.4757196335405283,0.3967132914935487,0.4356630190002613,0.011564559520324836,0.3355085900548965
2024-04-18,920950.BJ,0.021603183627060707,-0.0185897803597471,0.017806806070449464,-0.00013652717218689756,0.549569555206942,0.454580287779904,0.5014095167568051,0.0032839172128704356,0.4374612963841578
2024-04-19,920950.BJ,0.018394648829431315,0.001469258346995912,0.03276994887136339,0.017338866566969313,0.48462791245191406,0.42504546109071223,0.45441930861450713,0.011293253430083994,0.33945109813632246
2024-04-22,920950.BJ,0.03251121076233199,-0.01717267235973668,-0.0012630503058297902,-0.009106413606537724,0.5432532510880624,0.3921677266456185,0.46665212694531477,-0.01567623254450571,0.3827238635781508
2024-04-23,920950.BJ,-0.011513157894736725,-0.018259635299801166,-0.011760287591416046,-0.014964433178392439,0.5331122758931015,0.3740134640699503,0.4524483745669916,-0.01619864291589427,0.35439801370952273
2024-04-24,920950.BJ,-0.0065717415115006395,-0.016963811625084684,-0.023195572253336235,-0.020123345745075343,0.5407578096508113,0.3918346508303485,0.4652530158021977,-0.028475723583904412,0.3863639551799252
2024-04-25,920950.BJ,-0.004451864218141255,-0.019309167045164572,-0.019122993509155663,-0.019214776121900805,0.5243655275157103,0.3534440697161092,0.4377074849541653,-0.025735247684208575,0.35627841535177956
2024-04-26,920950.BJ,-0.036672140120415864,-0.016742123557020247,-0.007039484523275182,-0.0118228365513395,0.5417722502568623,0.4414038136452314,0.4908849458557718,-0.01751209321387951,0.4330009042445306
2024-04-29,920950.BJ,-0.027687296416938234,-0.012645227081972575,0.00037957141596637115,-0.006041588445135633,0.5421205456741836,0.4324303543612593,0.48650706454810816,-0.015111751211831758,0.41310064472019314
2024-04-30,920950.BJ,-0.009983361064891838,-0.01420288148909873,-0.015420901422608876,-0.014820423748553874,0.5354923185772287,0.4188879675260668,0.47637332353507134,-0.024688974780217067,0.4285562277222155
2024-05-06,920950.BJ,-0.022601984564498356,-0.015668792345449753,-0.003905721887132351,-0.00970485619867005,0.48510868459161643,0.4043057253677433,0.4441411760665544,-0.017445409084429188,0.39064502324128664
2024-05-07,920950.BJ,-0.0005589714924539857,-0.012048020559909077,-0.007648324296323294,-0.009817352327985203,0.5074935538617907,0.41562497458844605,0.46091572007059806,-0.023246028982212764,0.4206227187828266
2024-05-08,920950.BJ,0.012499999999999956,-0.012912101323173962,-0.009467018244930858,-0.011165426798712082,0.5215182482862736,0.46568360284034216,0.49320980098098977,-0.020676261534218456,0.47425452257496165
2024-05-09,920950.BJ,-0.018425460636516067,-0.010349132367209902,-0.0070798091886758695,-0.0086915689998004,0.4959060572361333,0.4681339763063955,0.48182547190638714,-0.019169095995606157,0.44652682986229325
2024-05-10,920950.BJ,-0.02128851540616261,-0.009450259218185207,-0.003297953643986811,-0.006331009211988738,0.509205135993223,0.525833502910896,0.5176358020232905,-0.013775341970259347,0.5301507924667797
2024-05-13,920950.BJ,-0.015792442188381384,-0.010816299025557785,-0.0012197592887768748,-0.005950804899427889,0.5180148652160359,0.5419577651825372,0.5301540364532515,-0.006857414686218177,0.5503419496578569
2024-04-10,920982.BJ,0.05503436512316262,-0.07487658645309672,-0.017427975466941144,-0.04574985046552471,0.2640015878659264,0.2595782906823614,0.26175895384834647,-0.11732526836497773,0.07967482095133234
2024-04-11,920982.BJ,0.04414003044140036,-0.0664730602804938,-0.01743359820707431,-0.04160980527282689,0.22347732373036383,0.2595431069209957,0.2417628580043204,-0.0912613716317863,0.06795292037095634
2024-04-12,920982.BJ,-0.013500815983383707,-0.07050541165815018,-0.01743400771675259,-0.04359794175494582,0.20487869292572397,0.25953626695655246,0.2325903590772479,-0.06543401186173828,0.09119640382766339
2024-04-15,920982.BJ,-0.06365830115830118,-0.06952198167159357,-0.017429799206329238,-0.04311098200359764,0.22883883396291785,0.2595650966433875,0.24441720436415348,-0.09289628575089484,0.09244312416096132
2024-04-16,920982.BJ,-0.012557295645530875,-0.06720551596219544,-0.01742598424546471,-0.04196704190670268,0.21079002524771845,0.2595904811222473,0.2355321029051417,-0.12682826341591483,0.0757024828946616
2024-04-17,920982.BJ,0.026058012363290528,-0.0689833126077493,-0.01742615327037704,-0.04284357236841236,0.22208416166389072,0.25959102999463635,0.24110033338392622,-0.056324659746940044,0.09496659268752755
2024-04-18,920982.BJ,0.020408163265306145,-0.0640397714331225,-0.017426913600844453,-0.04040681703437863,0.22214416884238278,0.25959067610315223,0.24112973719500969,-0.021484771986307195,0.07938504043794484
2024-04-19,920982.BJ,0.1229195909364349,-0.08356144190370929,-0.01743138176430668,-0.050033167338692924,0.29695786519047207,0.25956465698681397,0.27799931972905556,-0.0360997268978294,0.09726508715821611
2024-04-22,920982.BJ,-0.12375650739652588,-0.07540018803789772,-0.017436633019081813,-0.04601237282438432,0.2728223123922961,0.2595302296696506,0.26608315930327253,-0.05135196936826806,0.10069213923345416
2024-04-23,920982.BJ,-0.15284560707896144,-0.07225772481271239,-0.017438739637825714,-0.044464222395737794,0.29491668434939045,0.2595114821747241,0.27696606798763657,-0.07694402455523022,0.1832186829811164
2024-04-24,920982.BJ,-0.16127537306515904,-0.06477849425228857,-0.017429824045285654,-0.04077247926239891,0.33468007156808227,0.259576127414524,0.2966019924738251,-0.05661635686503378,0.15332959465505355
2024-04-25,920982.BJ,-0.1315238095238096,-0.05794427581426498,-0.017426634028879937,-0.037401626742970165,0.28729365574797877,0.2596000171323357,0.2732528410677517,-0.04387260357745352,0.13567404381223538
2024-04-26,920982.BJ,-0.1964285714285714,-0.050454702937635716,-0.017425870147406507,-0.03370891785868048,0.42206766677177365,0.2595980727592278,0.3396947618471996,-0.06525660233658773,0.24719170576281382
2024-04-29,920982.BJ,0.040999999999999925,-0.0012999149647009392,-0.01744375751196834,-0.009484924691263457,0.4311961852505523,0.25930384591407546,0.3440459008451339,-0.08236590212779607,0.398222341063174
2024-04-30,920982.BJ,-0.006849315068493067,-0.0033297849963672636,-0.017443951392922586,-0.010485738661046774,0.4242160579755959,0.2593639410682139,0.34063520190736474,-0.01279272592124262,0.3693551958856512
2024-05-06,920982.BJ,-0.049618742402475324,-0.0013007483922857382,-0.017436524787945776,-0.009481668539234921,0.4191435471530851,0.2594670660008188,0.33818676455885704,-0.0617862673778247,0.3141660324838049
2024-05-07,920982.BJ,-0.015517052308367085,-0.02706054344328244,-0.017432619338264992,-0.02217913728390978,0.43367957640541915,0.25950458109511176,0.34537197388979896,0.033807850443140906,0.405295728965079
2024-05-08,920982.BJ,0.017833333333333368,-0.025088868185618174,-0.017430540481271066,-0.02120605735134784,0.41688490601497846,0.25954552719627205,0.33711304611038584,-0.005993315060250281,0.3587108466037549
2024-05-09,920982.BJ,0.018816748601457878,-0.040645574785589805,-0.01742427940354289,-0.028872260718078226,0.37267454737230765,0.259566178348157,0.31532803287876776,-0.048134322886495697,0.2511902804147638
2024-05-10,920982.BJ,0.034482758620689724,-0.025882214465224138,-0.017422836466635484,-0.021593267085045616,0.35731252551438414,0.2595763401816953,0.3077597858092646,0.016434144535169636,0.25225550629804855
2024-05-13,920982.BJ,0.06395348837209291,-0.03292310849690808,-0.017421395906355306,-0.02506366190229744,0.35057031427002966,0.25960009423548785,0.30444795315122086,0.0012032405879993328,0.25620474617317895
