date,code,y_true,rf_pred,svm_pred,ensemble_pred,rf_proba,svm_proba,ensemble_proba
2024-04-10,000011.SZ,-0.03717026378896893,-0.003453704312605735,0.0,-0.003453704312605735,0.39726374593945124,0.0,0.39726374593945124
2024-04-11,000011.SZ,-0.03734939759036149,-0.007102771750925275,0.0,-0.007102771750925275,0.49182515970838325,0.0,0.49182515970838325
2024-04-12,000011.SZ,-0.014705882352941346,-0.0038317011800844914,0.0,-0.0038317011800844914,0.576073781414179,0.0,0.576073781414179
2024-04-15,000011.SZ,0.015094339622641506,0.0032135352012295825,0.0,0.0032135352012295825,0.6133294872116798,0.0,0.6133294872116798
2024-04-16,000011.SZ,0.02937420178799499,-0.007342091039967389,0.0,-0.007342091039967389,0.5685030633805644,0.0,0.5685030633805644
2024-04-17,000011.SZ,0.012453300124533273,-0.0193077133211744,0.0,-0.0193077133211744,0.3672473295192569,0.0,0.3672473295192569
2024-04-18,000011.SZ,0.02127659574468077,-0.01860628012103308,0.0,-0.01860628012103308,0.5048648560123218,0.0,0.5048648560123218
2024-04-19,000011.SZ,0.03358208955223896,-0.016190936212725424,0.0,-0.016190936212725424,0.4222425141728747,0.0,0.4222425141728747
2024-04-22,000011.SZ,0.06691449814126393,-0.017094934776194122,0.0,-0.017094934776194122,0.4463541347647585,0.0,0.4463541347647585
2024-04-23,000011.SZ,0.043424317617865915,-0.013786075375488215,0.0,-0.013786075375488215,0.4565375260080181,0.0,0.4565375260080181
2024-04-24,000011.SZ,0.04674046740467386,-0.02078478734228706,0.0,-0.02078478734228706,0.4013918997335506,0.0,0.4013918997335506
2024-04-25,000011.SZ,0.052696078431372584,0.004859050414779803,0.0,0.004859050414779803,0.46891082126133404,0.0,0.46891082126133404
2024-04-26,000011.SZ,0.0,-0.003875686197492324,0.0,-0.003875686197492324,0.4582025618021671,0.0,0.4582025618021671
2024-04-29,000011.SZ,-0.024390243902438935,0.01439083120458478,0.0,0.01439083120458478,0.32934730027844095,0.0,0.32934730027844095
2024-04-30,000011.SZ,0.02378121284185486,-0.0012930853510670732,0.0,-0.0012930853510670732,0.5576059947718348,0.0,0.5576059947718348
2024-05-06,000011.SZ,0.009400705052879044,-0.006786238468265252,0.0,-0.006786238468265252,0.3978961375697947,0.0,0.3978961375697947
2024-05-07,000011.SZ,-0.013969732246798539,0.030788309582111026,0.0,0.030788309582111026,0.34139718008348424,0.0,0.34139718008348424
2024-05-08,000011.SZ,0.02767749699157629,-0.004187273339031036,0.0,-0.004187273339031036,0.558413641024218,0.0,0.558413641024218
2024-05-09,000011.SZ,0.06428571428571428,-0.023871587421864158,0.0,-0.023871587421864158,0.2817787023818741,0.0,0.2817787023818741
2024-05-10,000011.SZ,0.10220673635307786,0.0020754098932029208,0.0,0.0020754098932029208,0.2886019230247189,0.0,0.2886019230247189
2024-05-13,000011.SZ,0.05820721769499415,-0.005948426883540836,0.0,-0.005948426883540836,0.5201920883321947,0.0,0.5201920883321947
2024-04-10,000025.SZ,-0.11715976331360944,-0.08197310828459477,0.0,-0.08197310828459477,0.17240608354359405,0.0,0.17240608354359405
2024-04-11,000025.SZ,-0.12130177514792895,-0.054886273237574335,0.0,-0.054886273237574335,0.24538745000322137,0.0,0.24538745000322137
2024-04-12,000025.SZ,-0.17109826589595378,-0.0709687305998315,0.0,-0.0709687305998315,0.2031940654030045,0.0,0.2031940654030045
2024-04-15,000025.SZ,-0.096551724137931,-0.022844528308739814,0.0,-0.022844528308739814,0.40871715686274507,0.0,0.40871715686274507
2024-04-17,000025.SZ,-0.03937007874015741,0.02942421880617804,0.0,0.02942421880617804,0.4958023041331024,0.0,0.4958023041331024
2024-04-18,000025.SZ,-0.016756032171581725,0.016561396550876656,0.0,0.016561396550876656,0.5986786911777079,0.0,0.5986786911777079
2024-04-19,000025.SZ,0.005387205387205496,0.007321775935991257,0.0,0.007321775935991257,0.6212925874034676,0.0,0.6212925874034676
2024-04-22,000025.SZ,0.07112970711297062,0.04200479049121794,0.0,0.04200479049121794,0.5675515241845139,0.0,0.5675515241845139
2024-04-23,000025.SZ,0.047883414295627924,0.01236390626671329,0.0,0.01236390626671329,0.5176755387686495,0.0,0.5176755387686495
2024-04-24,000025.SZ,0.043715846994535346,0.00197264124827788,0.0,0.00197264124827788,0.5158080058477299,0.0,0.5158080058477299
2024-04-25,000025.SZ,0.04976141785957733,0.018479105867496074,0.0,0.018479105867496074,0.5397758255531638,0.0,0.5397758255531638
2024-04-26,000025.SZ,0.011386470194239884,0.018644060875631058,0.0,0.018644060875631058,0.5849658404361773,0.0,0.5849658404361773
2024-04-29,000025.SZ,0.0013020833333334814,0.012223298230181296,0.0,0.012223298230181296,0.493710551958123,0.0,0.493710551958123
2024-04-30,000025.SZ,0.01920529801324511,0.002007423751195124,0.0,0.002007423751195124,0.4922801549084126,0.0,0.4922801549084126
2024-05-06,000025.SZ,-0.03141361256544495,0.00015141981396422355,0.0,0.00015141981396422355,0.48683281441356263,0.0,0.48683281441356263
2024-05-07,000025.SZ,-0.02012987012987011,0.0016561038278717684,0.0,0.0016561038278717684,0.5004901492657192,0.0,0.5004901492657192
2024-05-08,000025.SZ,0.0,0.0009337769852576311,0.0,0.0009337769852576311,0.5150886127444307,0.0,0.5150886127444307
2024-05-09,000025.SZ,-0.012353706111833618,0.01896810508770859,0.0,0.01896810508770859,0.5535053812844363,0.0,0.5535053812844363
2024-05-10,000025.SZ,-0.009096816114359974,0.004386057036207552,0.0,0.004386057036207552,0.4952760849043425,0.0,0.4952760849043425
2024-05-13,000025.SZ,0.05067567567567566,0.015459084427351768,0.0,0.015459084427351768,0.5437366521657365,0.0,0.5437366521657365
2024-04-10,000050.SZ,-0.017632241813602123,-0.033180642803825364,0.0,-0.033180642803825364,0.2639266341756176,0.0,0.2639266341756176
2024-04-11,000050.SZ,-0.010191082802547768,-0.032950651926059615,0.0,-0.032950651926059615,0.26351358196079605,0.0,0.26351358196079605
2024-04-12,000050.SZ,-0.01401273885350307,-0.03162858077244307,0.0,-0.03162858077244307,0.29584894254020677,0.0,0.29584894254020677
2024-04-15,000050.SZ,-0.03821656050955413,-0.02759367558829919,0.0,-0.02759367558829919,0.27043809888921533,0.0,0.27043809888921533
2024-04-16,000050.SZ,-0.002631578947368318,-0.019914656390035323,0.0,-0.019914656390035323,0.3171827074889963,0.0,0.3171827074889963
2024-04-17,000050.SZ,-0.0346153846153846,-0.02783729966189659,0.0,-0.02783729966189659,0.35555945857207777,0.0,0.35555945857207777
2024-04-18,000050.SZ,-0.01158301158301156,-0.024928464722724454,0.0,-0.024928464722724454,0.3236618770788819,0.0,0.3236618770788819
2024-04-19,000050.SZ,0.03229974160206717,-0.02654539884579118,0.0,-0.02654539884579118,0.3251817932813609,0.0,0.3251817932813609
2024-04-22,000050.SZ,0.08476821192052975,-0.024508932821475676,0.0,-0.024508932821475676,0.3288945844875486,0.0,0.3288945844875486
2024-04-23,000050.SZ,0.0725593667546176,-0.024283000428327282,0.0,-0.024283000428327282,0.33449260389341495,0.0,0.33449260389341495
2024-04-24,000050.SZ,0.09163346613545831,-0.02792906756753057,0.0,-0.02792906756753057,0.3592910120728891,0.0,0.3592910120728891
2024-04-25,000050.SZ,0.08072916666666674,-0.015182542751309697,0.0,-0.015182542751309697,0.3220776573557751,0.0,0.3220776573557751
2024-04-26,000050.SZ,0.016270337922402955,-0.014200019458283223,0.0,-0.014200019458283223,0.3713197716565667,0.0,0.3713197716565667
2024-04-29,000050.SZ,-0.004884004884004756,0.0014054971945012332,0.0,0.0014054971945012332,0.39848731122947906,0.0,0.39848731122947906
2024-04-30,000050.SZ,-0.012300123001230179,0.0008992984518126836,0.0,0.0008992984518126836,0.5316515188835443,0.0,0.5316515188835443
2024-05-06,000050.SZ,-0.04257907542579087,-0.02307627137623284,0.0,-0.02307627137623284,0.34710040259294783,0.0,0.34710040259294783
2024-05-07,000050.SZ,-0.050602409638554335,-0.02347332738214201,0.0,-0.02347332738214201,0.3398846000240092,0.0,0.3398846000240092
2024-05-08,000050.SZ,-0.044334975369458074,-0.013414778894489093,0.0,-0.013414778894489093,0.4243831764077148,0.0,0.4243831764077148
2024-05-09,000050.SZ,-0.05276073619631905,-0.018268730441787416,0.0,-0.018268730441787416,0.4777482438797989,0.0,0.4777482438797989
2024-05-10,000050.SZ,-0.013698630136986245,0.002955007489005587,0.0,0.002955007489005587,0.5723453294056984,0.0,0.5723453294056984
2024-05-13,000050.SZ,-0.0025412960609911828,-0.0003230295547271416,0.0,-0.0003230295547271416,0.6367264559998614,0.0,0.6367264559998614
2024-04-10,000422.SZ,-0.03232533889468203,-0.0009673736217318497,0.0,-0.0009673736217318497,0.5053307073254838,0.0,0.5053307073254838
2024-04-11,000422.SZ,-0.04806687565308265,0.000911673651316055,0.0,0.000911673651316055,0.5308459431911485,0.0,0.5308459431911485
2024-04-12,000422.SZ,0.06526315789473669,-0.00442646082330786,0.0,-0.00442646082330786,0.49219556969618916,0.0,0.49219556969618916
2024-04-15,000422.SZ,0.011410788381742698,-0.009072651610807664,0.0,-0.009072651610807664,0.4292367559480452,0.0,0.4292367559480452
2024-04-16,000422.SZ,0.067106710671067,0.013897656252624154,0.0,0.013897656252624154,0.518189714649724,0.0,0.518189714649724
2024-04-17,000422.SZ,0.0829741379310347,-0.021322071511662665,0.0,-0.021322071511662665,0.27065713936744823,0.0,0.27065713936744823
2024-04-18,000422.SZ,0.08562019758507144,-0.01829617038335485,0.0,-0.01829617038335485,0.36253758275725095,0.0,0.36253758275725095
2024-04-22,000422.SZ,-0.004940711462450453,-0.005301817341382619,0.0,-0.005301817341382619,0.38284931203961536,0.0,0.38284931203961536
2024-04-23,000422.SZ,0.01538461538461533,-0.0011589100752660703,0.0,-0.0011589100752660703,0.5656303944767708,0.0,0.5656303944767708
2024-04-24,000422.SZ,0.0835051546391754,0.006831248176535617,0.0,0.006831248176535617,0.6064087066753937,0.0,0.6064087066753937
2024-04-25,000422.SZ,0.22885572139303467,-0.008787235976578411,0.0,-0.008787235976578411,0.4916250199089934,0.0,0.4916250199089934
2024-04-26,000422.SZ,0.2871587462082912,0.009989704767971013,0.0,0.009989704767971013,0.5904784558730729,0.0,0.5904784558730729
2024-04-29,000422.SZ,0.23833167825223445,0.006065453367775308,0.0,0.006065453367775308,0.5047049017050271,0.0,0.5047049017050271
2024-04-30,000422.SZ,0.19898989898989883,0.020179563081548606,0.0,0.020179563081548606,0.6077533415168275,0.0,0.6077533415168275
2024-05-06,000422.SZ,0.17031398667935305,0.02345030864244029,0.0,0.02345030864244029,0.5922072156051054,0.0,0.5922072156051054
2024-05-09,000422.SZ,-0.011336032388663875,0.006399657997330257,0.0,0.006399657997330257,0.39041666666666663,0.0,0.39041666666666663
2024-05-10,000422.SZ,0.02906520031421822,0.007820163971156284,0.0,0.007820163971156284,0.41,0.0,0.41
2024-05-13,000422.SZ,0.06736166800320764,0.012114651363636729,0.0,0.012114651363636729,0.5022058823529412,0.0,0.5022058823529412
2024-04-10,000429.SZ,0.04875621890547244,0.00030030527808790606,0.0,0.00030030527808790606,0.6270714285714285,0.0,0.6270714285714285
2024-04-11,000429.SZ,0.03740157480314954,-0.008267354828480586,0.0,-0.008267354828480586,0.5390714285714285,0.0,0.5390714285714285
2024-04-12,000429.SZ,0.046123650637880376,0.011846276131103362,0.0,0.011846276131103362,0.5764191231147768,0.0,0.5764191231147768
2024-04-15,000429.SZ,0.007611798287345373,0.006323774145074857,0.0,0.006323774145074857,0.5952550130672368,0.0,0.5952550130672368
2024-04-16,000429.SZ,0.005785920925747368,0.019709214851280007,0.0,0.019709214851280007,0.654609995024269,0.0,0.654609995024269
2024-04-17,000429.SZ,0.008538899430740265,0.012191353817360228,0.0,0.012191353817360228,0.6094352017464821,0.0,0.6094352017464821
2024-04-18,000429.SZ,0.01707779886148031,0.019932672916015984,0.0,0.019932672916015984,0.6705691144666724,0.0,0.6705691144666724
2024-04-19,000429.SZ,-0.02908067542213888,0.012749020579254573,0.0,0.012749020579254573,0.6377609073147505,0.0,0.6377609073147505
2024-04-22,000429.SZ,-0.041548630783758256,0.01562881495883094,0.0,0.01562881495883094,0.6359425418349847,0.0,0.6359425418349847
2024-04-23,000429.SZ,-0.016299137104506256,0.023264390525180006,0.0,0.023264390525180006,0.6634034445058375,0.0,0.6634034445058375
2024-04-24,000429.SZ,-0.022577610536218318,0.0038140085285913476,0.0,0.0038140085285913476,0.5383769356406927,0.0,0.5383769356406927
2024-04-25,000429.SZ,-0.042910447761194126,0.008978185039255966,0.0,0.008978185039255966,0.48343833914946477,0.0,0.48343833914946477
2024-04-26,000429.SZ,-0.006763285024154575,0.008203094151291555,0.0,0.008203094151291555,0.5345522388059701,0.0,0.5345522388059701
2024-04-29,000429.SZ,0.013793103448275668,0.01809971188956725,0.0,0.01809971188956725,0.5489520095223772,0.0,0.5489520095223772
2024-04-30,000429.SZ,0.004873294346978696,0.005339594113241846,0.0,0.005339594113241846,0.6054722045118907,0.0,0.6054722045118907
2024-05-06,000429.SZ,0.0019249278152069227,-0.012961130377755115,0.0,-0.012961130377755115,0.489,0.0,0.489
2024-05-07,000429.SZ,0.014619883040935644,0.012217369651284078,0.0,0.012217369651284078,0.6272838673685345,0.0,0.6272838673685345
2024-05-08,000429.SZ,0.012645914396887337,0.007305979255129071,0.0,0.007305979255129071,0.5809461948581188,0.0,0.5809461948581188
2024-05-09,000429.SZ,-0.007774538386783103,0.007907653317304286,0.0,0.007907653317304286,0.5890409552194327,0.0,0.5890409552194327
2024-05-10,000429.SZ,-0.0009699321047526022,0.007576130705548465,0.0,0.007576130705548465,0.5996203438381639,0.0,0.5996203438381639
2024-05-13,000429.SZ,-0.012487992315081686,0.009936429474838644,0.0,0.009936429474838644,0.5865983730533038,0.0,0.5865983730533038
2024-04-10,000609.SZ,-0.06458333333333321,-0.10178274281220405,0.0,-0.10178274281220405,0.3509423832806059,0.0,0.3509423832806059
2024-04-11,000609.SZ,-0.15176715176715172,-0.05958579495591055,0.0,-0.05958579495591055,0.2528461605069638,0.0,0.2528461605069638
2024-04-12,000609.SZ,-0.1577825159914712,-0.07048485805018267,0.0,-0.07048485805018267,0.30192343604108307,0.0,0.30192343604108307
2024-04-17,000609.SZ,-0.05440414507772018,0.1500685183078744,0.0,0.1500685183078744,0.6178431372549019,0.0,0.6178431372549019
2024-04-18,000609.SZ,-0.11190476190476195,0.10653343426717812,0.0,0.10653343426717812,0.7034111721611722,0.0,0.7034111721611722
2024-04-19,000609.SZ,-0.2115812917594655,0.0983646008990633,0.0,0.0983646008990633,0.6831897435897436,0.0,0.6831897435897436
2024-04-22,000609.SZ,-0.17647058823529416,0.1171580369462907,0.0,0.1171580369462907,0.7536845238095238,0.0,0.7536845238095238
2024-04-23,000609.SZ,-0.19240506329113927,0.0864701113596648,0.0,0.0864701113596648,0.8162212889127121,0.0,0.8162212889127121
2024-04-24,000609.SZ,-0.16986301369863022,0.09897088415457896,0.0,0.09897088415457896,0.6947647058823528,0.0,0.6947647058823528
2024-04-25,000609.SZ,-0.2278820375335121,0.04232503163547026,0.0,0.04232503163547026,0.6078326007326007,0.0,0.6078326007326007
2024-04-29,000609.SZ,-0.22598870056497167,0.12512323467176056,0.0,0.12512323467176056,0.729327205882353,0.0,0.729327205882353
2024-04-30,000609.SZ,-0.22619047619047616,0.12356300127222164,0.0,0.12356300127222164,0.734327205882353,0.0,0.734327205882353
2024-05-06,000609.SZ,-0.22570532915360497,0.12368050188615848,0.0,0.12368050188615848,0.734327205882353,0.0,0.734327205882353
2024-05-07,000609.SZ,-0.22442244224422436,0.12469345727955526,0.0,0.12469345727955526,0.744327205882353,0.0,0.744327205882353
2024-05-08,000609.SZ,-0.22569444444444442,0.11578482509626888,0.0,0.11578482509626888,0.7296875,0.0,0.7296875
2024-05-09,000609.SZ,-0.14598540145985417,0.12651472691278345,0.0,0.12651472691278345,0.7494522058823528,0.0,0.7494522058823528
2024-05-10,000609.SZ,-0.11153846153846159,0.12815213604557946,0.0,0.12815213604557946,0.754327205882353,0.0,0.754327205882353
2024-05-13,000609.SZ,-0.11336032388663975,0.12720377861380835,0.0,0.12720377861380835,0.788077205882353,0.0,0.788077205882353
2024-04-10,000710.SZ,-0.12470588235294111,-0.0824808178967298,0.0,-0.0824808178967298,0.15022857142857143,0.0,0.15022857142857143
2024-04-11,000710.SZ,-0.15047393364928907,-0.08156333927381905,0.0,-0.08156333927381905,0.1802285714285714,0.0,0.1802285714285714
2024-04-12,000710.SZ,-0.1562500000000001,-0.07419312250670138,0.0,-0.07419312250670138,0.29,0.0,0.29
2024-04-15,000710.SZ,-0.045454545454545525,-0.0829603092151373,0.0,-0.0829603092151373,0.255,0.0,0.255
2024-04-17,000710.SZ,0.0013605442176871652,0.020042757236856765,0.0,0.020042757236856765,0.3,0.0,0.3
2024-04-18,000710.SZ,0.09946236559139776,-0.07960116579988044,0.0,-0.07960116579988044,0.26,0.0,0.26
2024-04-19,000710.SZ,0.1966527196652721,-0.05191960797067792,0.0,-0.05191960797067792,0.355,0.0,0.355
2024-04-22,000710.SZ,0.23931623931623935,-0.045605014856588674,0.0,-0.045605014856588674,0.4396774193548387,0.0,0.4396774193548387
2024-04-23,000710.SZ,0.22040816326530632,-0.06934850843765906,0.0,-0.06934850843765906,0.3746774193548387,0.0,0.3746774193548387
2024-04-24,000710.SZ,0.25407608695652173,-0.05533806224634657,0.0,-0.05533806224634657,0.41,0.0,0.41
2024-04-26,000710.SZ,0.18459657701711496,-0.012603292865886876,0.0,-0.012603292865886876,0.34925760286225405,0.0,0.34925760286225405
2024-04-29,000710.SZ,0.08041958041958042,-0.004877653102281955,0.0,-0.004877653102281955,0.4785714285714286,0.0,0.4785714285714286
2024-04-30,000710.SZ,0.06781609195402294,-0.0016366815039638204,0.0,-0.0016366815039638204,0.46840476190476193,0.0,0.46840476190476193
2024-05-06,000710.SZ,-0.0033444816053512794,-0.0023787694957709145,0.0,-0.0023787694957709145,0.44705980066445183,0.0,0.44705980066445183
2024-05-07,000710.SZ,-0.015167930660888507,0.011491675716997567,0.0,0.011491675716997567,0.5087264673311185,0.0,0.5087264673311185
2024-05-08,000710.SZ,-0.085655314757482,-0.02955280124419551,0.0,-0.02955280124419551,0.38934065934065937,0.0,0.38934065934065937
2024-05-09,000710.SZ,-0.03883495145631066,-0.019415124990676692,0.0,-0.019415124990676692,0.4507692307692308,0.0,0.4507692307692308
2024-05-10,000710.SZ,-0.04090419806243262,-0.027865080014496807,0.0,-0.027865080014496807,0.42934065934065935,0.0,0.42934065934065935
2024-05-13,000710.SZ,0.008948545861297452,-0.0126077328659531,0.0,-0.0126077328659531,0.4880080482897384,0.0,0.4880080482897384
2024-04-10,000856.SZ,-0.16500000000000004,-0.07364803062399009,0.0,-0.07364803062399009,0.2633602186886279,0.0,0.2633602186886279
2024-04-11,000856.SZ,-0.1992924528301887,0.0010283756391794075,0.0,0.0010283756391794075,0.3977934859895811,0.0,0.3977934859895811
2024-04-17,000856.SZ,-0.07001321003963012,-0.01861591154359727,0.0,-0.01861591154359727,0.40463815789473684,0.0,0.40463815789473684
2024-04-18,000856.SZ,0.0028288543140027045,-0.011651539298011748,0.0,-0.011651539298011748,0.46027151820431256,0.0,0.46027151820431256
2024-04-19,000856.SZ,0.03478260869565197,-0.04711251562322139,0.0,-0.04711251562322139,0.43968844758627107,0.0,0.43968844758627107
2024-04-22,000856.SZ,0.09730538922155696,-0.018529567969388518,0.0,-0.018529567969388518,0.41653475846733895,0.0,0.41653475846733895
2024-04-23,000856.SZ,0.06480117820324005,-0.006616373861831024,0.0,-0.006616373861831024,0.4374199672013833,0.0,0.4374199672013833
2024-04-24,000856.SZ,0.048295454545454586,0.006350177796069663,0.0,0.006350177796069663,0.4746208128938254,0.0,0.4746208128938254
2024-04-25,000856.SZ,0.042313117066290484,0.0031740427343149935,0.0,0.0031740427343149935,0.43873303954570575,0.0,0.43873303954570575
2024-04-26,000856.SZ,0.008403361344537785,0.07887274684503588,0.0,0.07887274684503588,0.4372498721678015,0.0,0.4372498721678015
2024-04-29,000856.SZ,0.0013642564802183177,0.06918284531451073,0.0,0.06918284531451073,0.4136734391815995,0.0,0.4136734391815995
2024-04-30,000856.SZ,0.006915629322268302,0.1169611535411412,0.0,0.1169611535411412,0.4446361825742106,0.0,0.4446361825742106
2024-05-06,000856.SZ,-0.03794037940379402,0.07227945226443575,0.0,0.07227945226443575,0.4203568378356224,0.0,0.4203568378356224
2024-05-07,000856.SZ,-0.02841677943166443,0.10325706228870792,0.0,0.10325706228870792,0.43482622147213723,0.0,0.43482622147213723
2024-05-08,000856.SZ,-0.004166666666666652,0.018799112110277513,0.0,0.018799112110277513,0.46452940172129975,0.0,0.46452940172129975
2024-05-09,000856.SZ,-0.00544959128065392,-0.007314270262715463,0.0,-0.007314270262715463,0.40794052691026395,0.0,0.40794052691026395
2024-05-10,000856.SZ,0.009615384615384581,0.010933004581665368,0.0,0.010933004581665368,0.5106979918143896,0.0,0.5106979918143896
2024-05-13,000856.SZ,0.025352112676056526,0.0075107329054861,0.0,0.0075107329054861,0.5803877750730794,0.0,0.5803877750730794
2024-04-10,000966.SZ,-0.02494802494802484,-0.030720026668292547,0.0,-0.030720026668292547,0.15960897354279707,0.0,0.15960897354279707
2024-04-11,000966.SZ,-0.06326530612244907,-0.02137017496479442,0.0,-0.02137017496479442,0.14643495393495393,0.0,0.14643495393495393
2024-04-12,000966.SZ,-0.06079664570230592,-0.02094761643870051,0.0,-0.02094761643870051,0.3417177660163921,0.0,0.3417177660163921
2024-04-15,000966.SZ,-0.07531380753138084,-0.01785953190966912,0.0,-0.01785953190966912,0.3197897193087251,0.0,0.3197897193087251
2024-04-16,000966.SZ,-0.04824561403508765,-0.05025321095899832,0.0,-0.05025321095899832,0.40329923850099036,0.0,0.40329923850099036
2024-04-17,000966.SZ,-0.04477611940298509,-0.048522738812611974,0.0,-0.048522738812611974,0.3152508227144374,0.0,0.3152508227144374
2024-04-18,000966.SZ,-0.023965141612200314,-0.04281495616473603,0.0,-0.04281495616473603,0.3616638253739174,0.0,0.3616638253739174
2024-04-19,000966.SZ,0.0,-0.029771841328094264,0.0,-0.029771841328094264,0.42283539458210234,0.0,0.42283539458210234
2024-04-22,000966.SZ,0.06561085972850678,-0.034227659425964424,0.0,-0.034227659425964424,0.378555119764752,0.0,0.378555119764752
2024-04-23,000966.SZ,0.0875576036866359,-0.03472675974400296,0.0,-0.03472675974400296,0.4280000057282707,0.0,0.4280000057282707
2024-04-24,000966.SZ,0.08928571428571419,-0.02395864985037934,0.0,-0.02395864985037934,0.34495755851834614,0.0,0.34495755851834614
2024-04-25,000966.SZ,0.0758928571428572,-0.019040272854590038,0.0,-0.019040272854590038,0.4014950377219566,0.0,0.4014950377219566
2024-04-26,000966.SZ,0.0870535714285714,-0.00385085637679793,0.0,-0.00385085637679793,0.40226250386583806,0.0,0.40226250386583806
2024-04-29,000966.SZ,0.02972399150743099,0.00614999893481437,0.0,0.00614999893481437,0.35051601846009744,0.0,0.35051601846009744
2024-04-30,000966.SZ,0.06991525423728806,-0.019626606607571116,0.0,-0.019626606607571116,0.42842312088962337,0.0,0.42842312088962337
2024-05-06,000966.SZ,0.07991803278688514,-0.010313658201435871,0.0,-0.010313658201435871,0.39007118997449086,0.0,0.39007118997449086
2024-05-07,000966.SZ,0.07468879668049788,-0.01145468315915291,0.0,-0.01145468315915291,0.47576868726825144,0.0,0.47576868726825144
2024-05-08,000966.SZ,0.024640657084188833,-0.012704339364232584,0.0,-0.012704339364232584,0.31301462698521526,0.0,0.31301462698521526
2024-05-09,000966.SZ,0.01855670103092799,-0.009214364249949257,0.0,-0.009214364249949257,0.43250327955230367,0.0,0.43250327955230367
2024-05-10,000966.SZ,-0.00990099009900991,-0.04090891428410912,0.0,-0.04090891428410912,0.27978333333333333,0.0,0.27978333333333333
2024-05-13,000966.SZ,-0.030360531309297722,0.005656059541999009,0.0,0.005656059541999009,0.3775,0.0,0.3775
2024-04-10,000990.SZ,0.008174386920980936,-0.0057382812842709605,0.0,-0.0057382812842709605,0.3116504048055383,0.0,0.3116504048055383
2024-04-11,000990.SZ,0.033967391304347894,-0.03144667995810041,0.0,-0.03144667995810041,0.24771141854200845,0.0,0.24771141854200845
2024-04-12,000990.SZ,0.034482758620689724,-0.01270535133058889,0.0,-0.01270535133058889,0.30016267126532,0.0,0.30016267126532
2024-04-15,000990.SZ,0.04090267983074747,-0.0005898498890564913,0.0,-0.0005898498890564913,0.4309368017522995,0.0,0.4309368017522995
2024-04-16,000990.SZ,0.08454810495626819,-0.005426861360807697,0.0,-0.005426861360807697,0.524742328042328,0.0,0.524742328042328
2024-04-18,000990.SZ,0.009459459459459474,-0.01678087741821675,0.0,-0.01678087741821675,0.34433696347543813,0.0,0.34433696347543813
2024-04-19,000990.SZ,-0.007884362680683377,-0.023015417161237214,0.0,-0.023015417161237214,0.23358340745446968,0.0,0.23358340745446968
2024-04-22,000990.SZ,0.028000000000000025,-0.00439673459121229,0.0,-0.00439673459121229,0.41959189439869493,0.0,0.41959189439869493
2024-04-23,000990.SZ,0.04878048780487809,-0.010878048012756918,0.0,-0.010878048012756918,0.41253239701202354,0.0,0.41253239701202354
2024-04-24,000990.SZ,0.08333333333333326,-0.009171557463364078,0.0,-0.009171557463364078,0.3869510557235843,0.0,0.3869510557235843
2024-04-25,000990.SZ,0.08567603748326635,-0.010832987080361242,0.0,-0.010832987080361242,0.3739120250576051,0.0,0.3739120250576051
2024-04-26,000990.SZ,0.08211920529801331,-0.005631976789727791,0.0,-0.005631976789727791,0.4265209749994018,0.0,0.4265209749994018
2024-04-29,000990.SZ,0.055771725032425445,-0.0025463740299688565,0.0,-0.0025463740299688565,0.30005591328476194,0.0,0.30005591328476194
2024-04-30,000990.SZ,0.10723514211886309,-0.011662700877475254,0.0,-0.011662700877475254,0.46186866008150756,0.0,0.46186866008150756
2024-05-06,000990.SZ,0.0856079404466501,-0.03645007685269107,0.0,-0.03645007685269107,0.2294287336448123,0.0,0.2294287336448123
2024-05-07,000990.SZ,0.08754623921085081,-0.029581426416792515,0.0,-0.029581426416792515,0.3812182790042332,0.0,0.3812182790042332
2024-05-08,000990.SZ,0.0367197062423501,-0.04968310912888427,0.0,-0.04968310912888427,0.23090007057525674,0.0,0.23090007057525674
2024-05-09,000990.SZ,0.04299754299754288,-0.02931266372259149,0.0,-0.02931266372259149,0.30261752945312625,0.0,0.30261752945312625
2024-05-13,000990.SZ,-0.00583430571761967,-0.07424526873088007,0.0,-0.07424526873088007,0.34658966477511555,0.0,0.34658966477511555
2024-04-10,001211.SZ,-0.11002304147465436,0.1108725743800209,0.0,0.1108725743800209,0.3516099007031625,0.0,0.3516099007031625
2024-04-11,001211.SZ,-0.12752452394691283,0.11412899833531193,0.0,0.11412899833531193,0.36015051815271404,0.0,0.36015051815271404
2024-04-12,001211.SZ,-0.10885504794134238,0.05133876640990129,0.0,0.05133876640990129,0.2933986976404852,0.0,0.2933986976404852
2024-04-17,001211.SZ,0.05436893203883497,0.03066674978633384,0.0,0.03066674978633384,0.56,0.0,0.56
2024-04-18,001211.SZ,0.05987261146496814,0.04664674072439625,0.0,0.04664674072439625,0.41772128901200617,0.0,0.41772128901200617
2024-04-19,001211.SZ,0.1009708737864079,0.10660456194481323,0.0,0.10660456194481323,0.441942006838188,0.0,0.441942006838188
2024-04-22,001211.SZ,0.14550264550264558,0.06472018800479393,0.0,0.06472018800479393,0.5615366014327826,0.0,0.5615366014327826
2024-04-23,001211.SZ,0.11772151898734173,-0.02694182430694374,0.0,-0.02694182430694374,0.5209145468185228,0.0,0.5209145468185228
2024-04-24,001211.SZ,0.09944751381215466,-0.03172185881438692,0.0,-0.03172185881438692,0.5237304349737361,0.0,0.5237304349737361
2024-04-25,001211.SZ,0.0859375,-0.03525666498945153,0.0,-0.03525666498945153,0.5137131782945736,0.0,0.5137131782945736
2024-04-26,001211.SZ,0.04761904761904745,-0.022256973918259676,0.0,-0.022256973918259676,0.5139589267884347,0.0,0.5139589267884347
2024-04-29,001211.SZ,0.03926096997690531,0.03374719949678283,0.0,0.03374719949678283,0.4849354005167959,0.0,0.4849354005167959
2024-04-30,001211.SZ,0.003963759909399789,-0.0010698144096346041,0.0,-0.0010698144096346041,0.4852777777777778,0.0,0.4852777777777778
2024-05-06,001211.SZ,-0.02400893355667222,-0.008870310265012721,0.0,-0.008870310265012721,0.42137026903784774,0.0,0.42137026903784774
2024-05-07,001211.SZ,-0.021029330381848288,-0.021197056970505973,0.0,-0.021197056970505973,0.475,0.0,0.475
2024-05-08,001211.SZ,-0.008978675645342271,-0.016237171027243133,0.0,-0.016237171027243133,0.5849668186423506,0.0,0.5849668186423506
2024-05-09,001211.SZ,-0.0033333333333332993,-0.012150931524867957,0.0,-0.012150931524867957,0.5016666666666666,0.0,0.5016666666666666
2024-05-10,001211.SZ,0.025380710659898442,-0.005461217710980092,0.0,-0.005461217710980092,0.6805849325545822,0.0,0.6805849325545822
2024-05-13,001211.SZ,0.027459954233409745,0.1104548515582185,0.0,0.1104548515582185,0.46472073493297716,0.0,0.46472073493297716
2024-04-10,002046.SZ,-0.01717171717171717,-0.038704909662591915,0.0,-0.038704909662591915,0.35498025759891827,0.0,0.35498025759891827
2024-04-11,002046.SZ,0.0010214504596528506,-0.03200292927009938,0.0,-0.03200292927009938,0.44529064628430687,0.0,0.44529064628430687
2024-04-12,002046.SZ,-0.01732925586136591,-0.048880398933361074,0.0,-0.048880398933361074,0.27881022918587833,0.0,0.27881022918587833
2024-04-15,002046.SZ,-0.020181634712411634,-0.042143429046567656,0.0,-0.042143429046567656,0.2884354924374149,0.0,0.2884354924374149
2024-04-16,002046.SZ,0.06222707423580798,-0.037024950507449125,0.0,-0.037024950507449125,0.4519254732025529,0.0,0.4519254732025529
2024-04-17,002046.SZ,0.027749229188078095,-0.08380689314002121,0.0,-0.08380689314002121,0.300043309415216,0.0,0.300043309415216
2024-04-18,002046.SZ,0.005102040816326481,-0.020888010829105342,0.0,-0.020888010829105342,0.27125828606814634,0.0,0.27125828606814634
2024-04-19,002046.SZ,0.051867219917012486,-0.03193217075239827,0.0,-0.03193217075239827,0.23603042466240037,0.0,0.23603042466240037
2024-04-22,002046.SZ,0.08547888774459311,-0.03608319817329761,0.0,-0.03608319817329761,0.31188066661008024,0.0,0.31188066661008024
2024-04-23,002046.SZ,0.10996916752312447,-0.027556806580879445,0.0,-0.027556806580879445,0.3054792930242432,0.0,0.3054792930242432
2024-04-24,002046.SZ,0.08400000000000007,-0.030812070458642517,0.0,-0.030812070458642517,0.2767957629416688,0.0,0.2767957629416688
2024-04-25,002046.SZ,0.11573604060913723,-0.024649182675282915,0.0,-0.024649182675282915,0.29856723610167724,0.0,0.29856723610167724
2024-04-26,002046.SZ,0.16568047337278102,-0.050545569102525584,0.0,-0.050545569102525584,0.24776394883673672,0.0,0.24776394883673672
2024-04-29,002046.SZ,0.12239089184060736,-0.0372904298138152,0.0,-0.0372904298138152,0.351877470390624,0.0,0.351877470390624
2024-04-30,002046.SZ,0.07129629629629619,-0.03891846485098211,0.0,-0.03891846485098211,0.34659495439721044,0.0,0.34659495439721044
2024-05-06,002046.SZ,0.03413284132841343,-0.013242025302817605,0.0,-0.013242025302817605,0.3947440948315459,0.0,0.3947440948315459
2024-05-07,002046.SZ,0.020928116469517866,-0.009806532771407086,0.0,-0.009806532771407086,0.3196128985407302,0.0,0.3196128985407302
2024-05-08,002046.SZ,-0.06768189509306266,-0.04275987325541188,0.0,-0.04275987325541188,0.435,0.0,0.435
2024-05-09,002046.SZ,-0.07100591715976334,-0.045794549821454415,0.0,-0.045794549821454415,0.3017956270345976,0.0,0.3017956270345976
2024-05-10,002046.SZ,-0.03543647363872082,-0.027818232480723966,0.0,-0.027818232480723966,0.43222083290493707,0.0,0.43222083290493707
2024-05-13,002046.SZ,0.0,-0.02536484191493714,0.0,-0.02536484191493714,0.5738456802105907,0.0,0.5738456802105907
2024-04-10,002068.SZ,-0.0714285714285714,-0.08978803117895374,0.0,-0.08978803117895374,0.48732213868003343,0.0,0.48732213868003343
2024-04-11,002068.SZ,-0.09766454352441611,-0.08886018201983427,0.0,-0.08886018201983427,0.28921922054948707,0.0,0.28921922054948707
2024-04-12,002068.SZ,-0.07943416757344923,-0.04652291532995992,0.0,-0.04652291532995992,0.32294405081922767,0.0,0.32294405081922767
2024-04-15,002068.SZ,-0.05186020293122873,-0.09165441926001337,0.0,-0.09165441926001337,0.3990650284386766,0.0,0.3990650284386766
2024-04-16,002068.SZ,0.04315659679408146,-0.023991476824720092,0.0,-0.023991476824720092,0.5448892977123659,0.0,0.5448892977123659
2024-04-17,002068.SZ,-0.002331002331002252,-0.03716949869609008,0.0,-0.03716949869609008,0.43965438771451415,0.0,0.43965438771451415
2024-04-18,002068.SZ,0.03764705882352937,-0.030597381848341428,0.0,-0.030597381848341428,0.5033773202742851,0.0,0.5033773202742851
2024-04-19,002068.SZ,0.06855791962174917,-0.0194211179869012,0.0,-0.0194211179869012,0.550102320274285,0.0,0.550102320274285
2024-04-22,002068.SZ,0.1129607609988108,-0.028564410703644745,0.0,-0.028564410703644745,0.5351019008988656,0.0,0.5351019008988656
2024-04-23,002068.SZ,0.10638297872340408,-0.074236064609139,0.0,-0.074236064609139,0.4022064594761963,0.0,0.4022064594761963
2024-04-24,002068.SZ,0.125,-0.069866218437364,0.0,-0.069866218437364,0.4088528045054361,0.0,0.4088528045054361
2024-04-25,002068.SZ,0.1054421768707483,-0.06717614041641162,0.0,-0.06717614041641162,0.3834360810441565,0.0,0.3834360810441565
2024-04-26,002068.SZ,0.04646017699115057,-0.04911741919636821,0.0,-0.04911741919636821,0.36290963633237994,0.0,0.36290963633237994
2024-04-29,002068.SZ,0.03418803418803429,-0.03680347938233378,0.0,-0.03680347938233378,0.4360635569375201,0.0,0.4360635569375201
2024-04-30,002068.SZ,0.018162393162393098,-0.03408883455450526,0.0,-0.03408883455450526,0.3934543055838426,0.0,0.3934543055838426
2024-05-06,002068.SZ,-0.03322949117341645,-0.040267717068937656,0.0,-0.040267717068937656,0.386523644893518,0.0,0.386523644893518
2024-05-07,002068.SZ,-0.0492307692307693,-0.03510551510885806,0.0,-0.03510551510885806,0.34922579017004485,0.0,0.34922579017004485
2024-05-08,002068.SZ,-0.014799154334038112,-0.0579443312702532,0.0,-0.0579443312702532,0.3557158388541145,0.0,0.3557158388541145
2024-05-09,002068.SZ,-0.04132231404958686,-0.03359391752352997,0.0,-0.03359391752352997,0.3962270858154941,0.0,0.3962270858154941
2024-05-10,002068.SZ,-0.005246589716684014,-0.01930973220533251,0.0,-0.01930973220533251,0.37000305409680195,0.0,0.37000305409680195
2024-05-13,002068.SZ,0.025778732545649774,-0.01804247704650187,0.0,-0.01804247704650187,0.42169835882137163,0.0,0.42169835882137163
2024-04-10,002222.SZ,0.01474582848273176,-0.06763435082783362,0.0,-0.06763435082783362,0.23693137254901958,0.0,0.23693137254901958
2024-04-11,002222.SZ,-0.004961832061068705,-0.02320941902450928,0.0,-0.02320941902450928,0.31100739098300073,0.0,0.31100739098300073
2024-04-12,002222.SZ,-0.010309278350515427,-0.023729241112145357,0.0,-0.023729241112145357,0.21957399937460909,0.0,0.21957399937460909
2024-04-15,002222.SZ,-0.01966075558982272,-0.027527236261202702,0.0,-0.027527236261202702,0.23386489989565676,0.0,0.23386489989565676
2024-04-16,002222.SZ,0.028271405492730217,-0.02060901397359296,0.0,-0.02060901397359296,0.425,0.0,0.425
2024-04-17,002222.SZ,0.0026768642447418944,-0.0652058640568732,0.0,-0.0652058640568732,0.2833453325198292,0.0,0.2833453325198292
2024-04-18,002222.SZ,-0.011123897199846522,-0.05945655578781686,0.0,-0.05945655578781686,0.30008327637275006,0.0,0.30008327637275006
2024-04-19,002222.SZ,0.032793209876543106,-0.06439722537564643,0.0,-0.06439722537564643,0.32992729375202356,0.0,0.32992729375202356
2024-04-22,002222.SZ,0.06763664962642535,-0.052429373025561395,0.0,-0.052429373025561395,0.34505086340747987,0.0,0.34505086340747987
2024-04-23,002222.SZ,0.05027494108405328,-0.06003095029037511,0.0,-0.06003095029037511,0.273535587669834,0.0,0.273535587669834
2024-04-24,002222.SZ,0.035469107551487467,-0.07520495790848769,0.0,-0.07520495790848769,0.18725116387677365,0.0,0.18725116387677365
2024-04-25,002222.SZ,0.039953452288595814,-0.04776757179254169,0.0,-0.04776757179254169,0.26106221926221923,0.0,0.26106221926221923
2024-04-26,002222.SZ,-0.013821441912588717,-0.039392909007640343,0.0,-0.039392909007640343,0.2415556233062331,0.0,0.2415556233062331
2024-04-29,002222.SZ,-0.011049723756905938,-0.04782169515755928,0.0,-0.04782169515755928,0.22368018676867688,0.0,0.22368018676867688
2024-04-30,002222.SZ,-0.031039640987284955,-0.048752947723132906,0.0,-0.048752947723132906,0.2339108187134503,0.0,0.2339108187134503
2024-05-06,002222.SZ,-0.06666666666666665,-0.045102528385625444,0.0,-0.045102528385625444,0.20138349449425397,0.0,0.20138349449425397
2024-05-07,002222.SZ,-0.04364043267437512,-0.04306748091862502,0.0,-0.04306748091862502,0.25255906577539805,0.0,0.25255906577539805
2024-05-08,002222.SZ,-0.03257575757575759,-0.037191486893427654,0.0,-0.037191486893427654,0.25660455003237076,0.0,0.25660455003237076
2024-05-09,002222.SZ,-0.046554934823091254,-0.04086362579817032,0.0,-0.04086362579817032,0.24051803186651516,0.0,0.24051803186651516
2024-05-10,002222.SZ,0.007719027402547152,-0.020423753636670483,0.0,-0.020423753636670483,0.4072051426528586,0.0,0.4072051426528586
2024-05-13,002222.SZ,0.04025256511444364,-0.0453020381982045,0.0,-0.0453020381982045,0.3654876029436721,0.0,0.3654876029436721
2024-04-11,002248.SZ,-0.26075949367088613,-0.022630276851983176,0.0,-0.022630276851983176,0.34,0.0,0.34
2024-04-12,002248.SZ,-0.21122994652406413,-0.005807596764078798,0.0,-0.005807596764078798,0.40538167938931297,0.0,0.40538167938931297
2024-04-17,002248.SZ,-0.031847133757961776,0.08471375137619472,0.0,0.08471375137619472,0.477817933981727,0.0,0.477817933981727
2024-04-18,002248.SZ,0.024752475247524774,0.03382593927672096,0.0,0.03382593927672096,0.47903771367521364,0.0,0.47903771367521364
2024-04-19,002248.SZ,0.05306799336650081,0.06465069468507498,0.0,0.06465069468507498,0.5353618726080682,0.0,0.5353618726080682
2024-04-22,002248.SZ,0.125,0.09321848881142555,0.0,0.09321848881142555,0.5920250358337315,0.0,0.5920250358337315
2024-04-23,002248.SZ,0.10338983050847439,0.09558614422485412,0.0,0.09558614422485412,0.5460776915113871,0.0,0.5460776915113871
2024-04-24,002248.SZ,0.09046052631578938,0.08214065131667762,0.0,0.08214065131667762,0.5611875974100861,0.0,0.5611875974100861
2024-04-25,002248.SZ,0.06763285024154597,0.055405506019284886,0.0,0.055405506019284886,0.5380457859169815,0.0,0.5380457859169815
2024-04-26,002248.SZ,0.025196850393700787,0.054675349639682,0.0,0.054675349639682,0.5280457859169815,0.0,0.5280457859169815
2024-04-29,002248.SZ,0.003044140030441289,0.05163920420915481,0.0,0.05163920420915481,0.5052440617790505,0.0,0.5052440617790505
2024-04-30,002248.SZ,-0.003072196620583667,0.07333282322887018,0.0,0.07333282322887018,0.6507086438923395,0.0,0.6507086438923395
2024-05-06,002248.SZ,-0.06184012066365008,-0.0330004428553138,0.0,-0.0330004428553138,0.413246319814225,0.0,0.413246319814225
2024-05-07,002248.SZ,-0.04977375565610864,-0.0672165798163962,0.0,-0.0672165798163962,0.44274257933443034,0.0,0.44274257933443034
2024-05-08,002248.SZ,-0.03840245775729645,-0.061245056848667954,0.0,-0.061245056848667954,0.4594887785705165,0.0,0.4594887785705165
2024-05-09,002248.SZ,-0.047040971168436974,-0.0635880454777653,0.0,-0.0635880454777653,0.43802062343797776,0.0,0.43802062343797776
2024-05-10,002248.SZ,-0.02003081664098616,0.15363065448255825,0.0,0.15363065448255825,0.48589755892060127,0.0,0.48589755892060127
2024-05-13,002248.SZ,0.027331189710610992,-0.0016267027570415163,0.0,-0.0016267027570415163,0.6264478520065108,0.0,0.6264478520065108
2024-04-10,002281.SZ,0.06130952380952359,0.018602148023827213,0.0,0.018602148023827213,0.1852777777777778,0.0,0.1852777777777778
2024-04-11,002281.SZ,0.1035820895522388,-0.06572335251570262,0.0,-0.06572335251570262,0.35,0.0,0.35
2024-04-12,002281.SZ,0.007803468208092301,-0.07215861628734838,0.0,-0.07215861628734838,0.35,0.0,0.35
2024-04-15,002281.SZ,-0.05591640779440832,-0.07555279570409702,0.0,-0.07555279570409702,0.36,0.0,0.36
2024-04-16,002281.SZ,-0.023543260741612615,-0.04522234805626395,0.0,-0.04522234805626395,0.38,0.0,0.38
2024-04-17,002281.SZ,-0.011777902411665542,-0.06031406199752696,0.0,-0.06031406199752696,0.35,0.0,0.35
2024-04-18,002281.SZ,-0.03435217744116836,0.0001833001367816578,0.0,0.0001833001367816578,0.36,0.0,0.36
2024-04-19,002281.SZ,0.08746773731000879,-0.02492788655684346,0.0,-0.02492788655684346,0.46443661971830985,0.0,0.46443661971830985
2024-04-22,002281.SZ,0.12772958420580327,0.04767860113154774,0.0,0.04767860113154774,0.44,0.0,0.44
2024-04-23,002281.SZ,0.13411693791440626,0.00472911916951033,0.0,0.00472911916951033,0.485,0.0,0.485
2024-04-24,002281.SZ,0.05817253121452892,-0.010181077249102088,0.0,-0.010181077249102088,0.45,0.0,0.45
2024-04-25,002281.SZ,-0.0036414565826331513,0.07780977512565236,0.0,0.07780977512565236,0.47704545454545455,0.0,0.47704545454545455
2024-04-26,002281.SZ,-0.07964135021097052,0.06496504853731032,0.0,0.06496504853731032,0.475,0.0,0.475
2024-04-29,002281.SZ,-0.05517241379310356,0.14469246073812386,0.0,0.14469246073812386,0.5214820742637644,0.0,0.5214820742637644
2024-04-30,002281.SZ,-0.09407387722561777,0.10445539938733893,0.0,0.10445539938733893,0.5214820742637644,0.0,0.5214820742637644
2024-05-06,002281.SZ,-0.09761330115312417,0.0706136953788412,0.0,0.0706136953788412,0.525,0.0,0.525
2024-05-07,002281.SZ,-0.0590385156030363,-0.012468134647624201,0.0,-0.012468134647624201,0.5248333333333334,0.0,0.5248333333333334
2024-05-08,002281.SZ,-0.030659025787965644,-0.0634745461036848,0.0,-0.0634745461036848,0.45,0.0,0.45
2024-05-09,002281.SZ,-0.010387422796181878,-0.062391017437316024,0.0,-0.062391017437316024,0.42,0.0,0.42
2024-05-10,002281.SZ,0.03578762100322663,-0.05934559585205511,0.0,-0.05934559585205511,0.46,0.0,0.46
2024-05-13,002281.SZ,0.09985141158989608,-0.05942675079554977,0.0,-0.05942675079554977,0.465,0.0,0.465
2024-04-10,002367.SZ,0.005689900426742556,-0.0030376154409155827,0.0,-0.0030376154409155827,0.29929764466381453,0.0,0.29929764466381453
2024-04-11,002367.SZ,0.01555869872701554,-0.016244853807764355,0.0,-0.016244853807764355,0.3893372655777375,0.0,0.3893372655777375
2024-04-12,002367.SZ,-0.013531799729363914,-0.04861815337167377,0.0,-0.04861815337167377,0.33166171310629516,0.0,0.33166171310629516
2024-04-15,002367.SZ,0.01571428571428579,-0.04220576561762719,0.0,-0.04220576561762719,0.3173447160176444,0.0,0.3173447160176444
2024-04-16,002367.SZ,0.06896551724137923,-0.06189684149231982,0.0,-0.06189684149231982,0.4272349338375252,0.0,0.4272349338375252
2024-04-17,002367.SZ,0.032531824611032434,-0.044475566340886195,0.0,-0.044475566340886195,0.26071667177072233,0.0,0.26071667177072233
2024-04-18,002367.SZ,-0.0473537604456824,-0.031039966551856656,0.0,-0.031039966551856656,0.32940902305443764,0.0,0.32940902305443764
2024-04-19,002367.SZ,-0.06310013717421126,-0.02946206835377937,0.0,-0.02946206835377937,0.23384812451032563,0.0,0.23384812451032563
2024-04-22,002367.SZ,0.0014064697609001975,-0.028708490104005037,0.0,-0.028708490104005037,0.39675306424010737,0.0,0.39675306424010737
2024-04-23,002367.SZ,-0.02103786816269282,-0.04285875365219763,0.0,-0.04285875365219763,0.3220724500753461,0.0,0.3220724500753461
2024-04-24,002367.SZ,0.015068493150685036,-0.02872829058521442,0.0,-0.02872829058521442,0.3693185610125374,0.0,0.3693185610125374
2024-04-25,002367.SZ,0.05409356725146197,0.019163563420710062,0.0,0.019163563420710062,0.4724798908140428,0.0,0.4724798908140428
2024-04-26,002367.SZ,0.06588579795021965,0.02167276470118808,0.0,0.02167276470118808,0.45976487249452924,0.0,0.45976487249452924
2024-04-29,002367.SZ,0.016853932584269593,0.0072816587647750956,0.0,0.0072816587647750956,0.43459608154936097,0.0,0.43459608154936097
2024-04-30,002367.SZ,0.0630372492836675,0.010823361738551132,0.0,0.010823361738551132,0.5690551599046745,0.0,0.5690551599046745
2024-05-07,002367.SZ,0.005398110661268607,0.015027714574641662,0.0,0.015027714574641662,0.3945089285714286,0.0,0.3945089285714286
2024-05-08,002367.SZ,0.01109570041608876,0.025179697128878527,0.0,0.025179697128878527,0.4366843161683278,0.0,0.4366843161683278
2024-05-09,002367.SZ,0.012362637362637319,0.0006434813991083801,0.0,0.0006434813991083801,0.41333130596090095,0.0,0.41333130596090095
2024-05-10,002367.SZ,0.024861878453038555,0.018335788980968996,0.0,0.018335788980968996,0.45517690834070146,0.0,0.45517690834070146
2024-05-13,002367.SZ,-0.016172506738544534,0.007308032428631398,0.0,0.007308032428631398,0.4089423076923077,0.0,0.4089423076923077
2024-04-10,002393.SZ,-0.007726718178121206,-0.0175040987912318,0.0,-0.0175040987912318,0.30796047439014707,0.0,0.30796047439014707
2024-04-11,002393.SZ,-0.016813450760608584,-0.008110410030308149,0.0,-0.008110410030308149,0.29021711702146485,0.0,0.29021711702146485
2024-04-12,002393.SZ,0.00806126561870224,-0.01550999611265395,0.0,-0.01550999611265395,0.306141212662908,0.0,0.306141212662908
2024-04-15,002393.SZ,0.0020542317173377622,-0.009015814556120789,0.0,-0.009015814556120789,0.356911863279036,0.0,0.356911863279036
2024-04-16,002393.SZ,0.03575989782886335,-0.009259641742761443,0.0,-0.009259641742761443,0.4341863562589563,0.0,0.4341863562589563
2024-04-17,002393.SZ,-0.0024590163934425924,-0.03927082517499001,0.0,-0.03927082517499001,0.4312015214222849,0.0,0.4312015214222849
2024-04-18,002393.SZ,0.008143322475570258,-0.023453426216742432,0.0,-0.023453426216742432,0.3989611238800084,0.0,0.3989611238800084
2024-04-19,002393.SZ,-0.003198720511795372,-0.01962091752636179,0.0,-0.01962091752636179,0.3865989866613462,0.0,0.3865989866613462
2024-04-22,002393.SZ,0.03936039360393617,-0.01574918418540062,0.0,-0.01574918418540062,0.46680068217119974,0.0,0.46680068217119974
2024-04-23,002393.SZ,0.046033703247020163,-0.021446144904320567,0.0,-0.021446144904320567,0.39359351093739536,0.0,0.39359351093739536
2024-04-24,002393.SZ,0.08545603944124913,-0.02111075959682416,0.0,-0.02111075959682416,0.386080912676362,0.0,0.386080912676362
2024-04-25,002393.SZ,0.06462035541195466,-0.019984664255972277,0.0,-0.019984664255972277,0.4095529512186263,0.0,0.4095529512186263
2024-04-26,002393.SZ,0.05896510228640195,-0.018344613003214036,0.0,-0.018344613003214036,0.3705458287410266,0.0,0.3705458287410266
2024-04-29,002393.SZ,0.05719921104536496,-0.016694530121326837,0.0,-0.016694530121326837,0.3603208062574251,0.0,0.3603208062574251
2024-04-30,002393.SZ,0.033005893909626716,-0.018410589901970538,0.0,-0.018410589901970538,0.3591094502041045,0.0,0.3591094502041045
2024-05-06,002393.SZ,-0.012112036336109022,-0.03765784103360847,0.0,-0.03765784103360847,0.4111778172807585,0.0,0.4111778172807585
2024-05-07,002393.SZ,0.0011380880121396597,-0.01845194212786684,0.0,-0.01845194212786684,0.34420666833150554,0.0,0.34420666833150554
2024-05-08,002393.SZ,-0.020075757575757525,-0.01564690269978751,0.0,-0.01564690269978751,0.3634326235357217,0.0,0.3634326235357217
2024-05-09,002393.SZ,-0.03358208955223885,-0.022272409426430016,0.0,-0.022272409426430016,0.3243248308655917,0.0,0.3243248308655917
2024-05-10,002393.SZ,-0.012171928489920103,-0.013388555890099947,0.0,-0.013388555890099947,0.40152353238866395,0.0,0.40152353238866395
2024-05-13,002393.SZ,-0.0045977011494253706,-0.016608467036111046,0.0,-0.016608467036111046,0.37464853238866397,0.0,0.37464853238866397
2024-04-10,002449.SZ,-0.06082036775106092,-0.08750534978480641,0.0,-0.08750534978480641,0.30395383759939315,0.0,0.30395383759939315
2024-04-11,002449.SZ,-0.07605633802816902,-0.0943171487114058,0.0,-0.0943171487114058,0.13397136580644786,0.0,0.13397136580644786
2024-04-12,002449.SZ,-0.08392603129445231,-0.06099257526343482,0.0,-0.06099257526343482,0.16101546866528924,0.0,0.16101546866528924
2024-04-15,002449.SZ,-0.030441400304414,0.0956479991689209,0.0,0.0956479991689209,0.7102777283623625,0.0,0.7102777283623625
2024-04-16,002449.SZ,0.06414473684210531,0.07715349416151109,0.0,0.07715349416151109,0.589367578550897,0.0,0.589367578550897
2024-04-17,002449.SZ,0.0075301204819278045,0.0671649145591923,0.0,0.0671649145591923,0.7662896872646924,0.0,0.7662896872646924
2024-04-18,002449.SZ,0.02286585365853666,0.059901749075483145,0.0,0.059901749075483145,0.7905848722304454,0.0,0.7905848722304454
2024-04-19,002449.SZ,0.06677018633540377,0.024501718015760142,0.0,0.024501718015760142,0.7144407800577852,0.0,0.7144407800577852
2024-04-22,002449.SZ,0.15698587127158548,0.01630632618480577,0.0,0.01630632618480577,0.6868855979849562,0.0,0.6868855979849562
2024-04-23,002449.SZ,0.1205564142194746,0.013556873780820574,0.0,0.013556873780820574,0.664381384065373,0.0,0.664381384065373
2024-04-24,002449.SZ,0.09865470852017921,0.05302342032701476,0.0,0.05302342032701476,0.7032836809408444,0.0,0.7032836809408444
2024-04-25,002449.SZ,0.09985096870342769,0.05015677147244303,0.0,0.05015677147244303,0.7224240619756978,0.0,0.7224240619756978
2024-04-26,002449.SZ,0.05240174672489095,0.01028104973044848,0.0,0.01028104973044848,0.6035530158192242,0.0,0.6035530158192242
2024-04-29,002449.SZ,-0.0027137042062416183,0.09275659369584036,0.0,0.09275659369584036,0.7853169310004499,0.0,0.7853169310004499
2024-04-30,002449.SZ,0.0027586206896550447,0.0698255968153094,0.0,0.0698255968153094,0.8137425762458181,0.0,0.8137425762458181
2024-05-06,002449.SZ,-0.021768707482993088,0.04319630647126635,0.0,0.04319630647126635,0.7361157518480881,0.0,0.7361157518480881
2024-05-07,002449.SZ,-0.02168021680216803,0.041975834592276974,0.0,0.041975834592276974,0.834373175108236,0.0,0.834373175108236
2024-05-08,002449.SZ,-0.006915629322268413,0.05510306323493296,0.0,0.05510306323493296,0.8718861737564368,0.0,0.8718861737564368
2024-05-09,002449.SZ,-0.01224489795918371,0.03857340182548843,0.0,0.03857340182548843,0.7855100709376872,0.0,0.7855100709376872
2024-05-10,002449.SZ,0.02613480055020645,0.05015763900081299,0.0,0.05015763900081299,0.8663782987620985,0.0,0.8663782987620985
2024-05-13,002449.SZ,0.05424200278164104,0.016572732023243802,0.0,0.016572732023243802,0.8357667288114788,0.0,0.8357667288114788
2024-04-10,002471.SZ,-0.0462633451957295,-0.01863484941302276,0.0,-0.01863484941302276,0.23483500619139222,0.0,0.23483500619139222
2024-04-11,002471.SZ,-0.05319148936170215,-0.021819013694722944,0.0,-0.021819013694722944,0.24512975547156932,0.0,0.24512975547156932
2024-04-12,002471.SZ,-0.032608695652173836,-0.022767700415327302,0.0,-0.022767700415327302,0.3023960956887292,0.0,0.3023960956887292
2024-04-15,002471.SZ,-0.02592592592592602,-0.002458758516491844,0.0,-0.002458758516491844,0.45599516031457954,0.0,0.45599516031457954
2024-04-16,002471.SZ,0.047808764940239,-0.01554231690098045,0.0,-0.01554231690098045,0.5982995450245783,0.0,0.5982995450245783
2024-04-17,002471.SZ,-0.007462686567164201,-0.006370687362987815,0.0,-0.006370687362987815,0.5159348243661606,0.0,0.5159348243661606
2024-04-18,002471.SZ,0.0,0.005563035933561939,0.0,0.005563035933561939,0.5266978065021543,0.0,0.5266978065021543
2024-04-19,002471.SZ,0.011235955056179803,-0.016667808691245165,0.0,-0.016667808691245165,0.5712158142893056,0.0,0.5712158142893056
2024-04-22,002471.SZ,0.04562737642585546,-0.009906944154708767,0.0,-0.009906944154708767,0.5687712202241871,0.0,0.5687712202241871
2024-04-23,002471.SZ,0.0,-0.023738292346894046,0.0,-0.023738292346894046,0.5650247368482281,0.0,0.5650247368482281
2024-04-24,002471.SZ,-0.022556390977443663,-0.04134190350506037,0.0,-0.04134190350506037,0.5922967283871913,0.0,0.5922967283871913
2024-04-25,002471.SZ,-0.014981273408239737,-0.03599896268995797,0.0,-0.03599896268995797,0.539773954060069,0.0,0.539773954060069
2024-04-26,002471.SZ,-0.040740740740740855,-0.018720933428503964,0.0,-0.018720933428503964,0.42050833793196385,0.0,0.42050833793196385
2024-04-29,002471.SZ,-0.043636363636363695,-0.023937636441494062,0.0,-0.023937636441494062,0.4553122311717527,0.0,0.4553122311717527
2024-04-30,002471.SZ,-0.0038022813688212143,-0.02901709637467127,0.0,-0.02901709637467127,0.4993776714153915,0.0,0.4993776714153915
2024-05-06,002471.SZ,0.007692307692307665,-0.017293224137761257,0.0,-0.017293224137761257,0.507984151875361,0.0,0.507984151875361
2024-05-07,002471.SZ,-0.0038022813688212143,-0.024537620772748174,0.0,-0.024537620772748174,0.4995240942344848,0.0,0.4995240942344848
2024-05-08,002471.SZ,-0.007722007722007707,-0.012008459100788002,0.0,-0.012008459100788002,0.5432740255628722,0.0,0.5432740255628722
2024-05-09,002471.SZ,-0.034220532319391594,-0.021917884906915156,0.0,-0.021917884906915156,0.5037090196004654,0.0,0.5037090196004654
2024-05-10,002471.SZ,-0.026717557251908497,-0.011421583172433603,0.0,-0.011421583172433603,0.5252317510511882,0.0,0.5252317510511882
2024-05-13,002471.SZ,-0.03435114503816805,-0.016206294813529625,0.0,-0.016206294813529625,0.5330515400196503,0.0,0.5330515400196503
2024-04-10,002485.SZ,-0.2065868263473054,-0.06276381880597798,0.0,-0.06276381880597798,0.14229910714285715,0.0,0.14229910714285715
2024-04-11,002485.SZ,-0.20504731861198733,-0.03453293155454446,0.0,-0.03453293155454446,0.34111111111111114,0.0,0.34111111111111114
2024-04-12,002485.SZ,-0.22653721682847894,-0.01572646838144662,0.0,-0.01572646838144662,0.24546174536760312,0.0,0.24546174536760312
2024-04-15,002485.SZ,-0.22789115646258506,-0.05074106217594947,0.0,-0.05074106217594947,0.45111111111111113,0.0,0.45111111111111113
2024-04-16,002485.SZ,-0.1469534050179212,-0.061176800136541365,0.0,-0.061176800136541365,0.47,0.0,0.47
2024-04-17,002485.SZ,-0.12452830188679254,-0.05365140811852978,0.0,-0.05365140811852978,0.42,0.0,0.42
2024-04-18,002485.SZ,-0.031746031746031744,-0.023718602253343456,0.0,-0.023718602253343456,0.569609375,0.0,0.569609375
2024-04-19,002485.SZ,0.029288702928870203,-0.00866152306783606,0.0,-0.00866152306783606,0.595,0.0,0.595
2024-04-22,002485.SZ,0.11894273127753308,0.0600362445576347,0.0,0.0600362445576347,0.65,0.0,0.65
2024-04-23,002485.SZ,0.0126050420168069,0.0755788310332213,0.0,0.0755788310332213,0.4575,0.0,0.4575
2024-04-24,002485.SZ,0.0818965517241379,0.013109926180178207,0.0,0.013109926180178207,0.545,0.0,0.545
2024-04-25,002485.SZ,0.020491803278688714,0.006879972694369072,0.0,0.006879972694369072,0.44907258064516126,0.0,0.44907258064516126
2024-04-26,002485.SZ,0.024390243902439046,0.002162645875317831,0.0,0.002162645875317831,0.5115725806451613,0.0,0.5115725806451613
2024-04-29,002485.SZ,-0.03149606299212604,0.009380284705110799,0.0,0.009380284705110799,0.4790725806451613,0.0,0.4790725806451613
2024-04-30,002485.SZ,-0.024896265560165998,0.03775497797969261,0.0,0.03775497797969261,0.5040725806451613,0.0,0.5040725806451613
2024-05-06,002485.SZ,-0.0916334661354582,0.009311784403714184,0.0,0.009311784403714184,0.47,0.0,0.47
2024-05-07,002485.SZ,-0.04016064257028118,0.013486691510359328,0.0,0.013486691510359328,0.5340725806451613,0.0,0.5340725806451613
2024-05-08,002485.SZ,-0.003968253968254065,0.004002106905318841,0.0,0.004002106905318841,0.4990725806451613,0.0,0.4990725806451613
2024-05-09,002485.SZ,0.016260162601626105,0.025671981387550016,0.0,0.025671981387550016,0.595,0.0,0.595
2024-05-10,002485.SZ,0.08085106382978724,0.023625413326139946,0.0,0.023625413326139946,0.6135170250896057,0.0,0.6135170250896057
2024-05-13,002485.SZ,0.10964912280701755,-0.020133106041781458,0.0,-0.020133106041781458,0.6053571428571428,0.0,0.6053571428571428
2024-04-10,002578.SZ,-0.13812154696132595,-0.06329967979587978,0.0,-0.06329967979587978,0.3027827939712318,0.0,0.3027827939712318
2024-04-11,002578.SZ,-0.15000000000000002,-0.081802791384151,0.0,-0.081802791384151,0.3035492939617185,0.0,0.3035492939617185
2024-04-12,002578.SZ,-0.18055555555555558,-0.08945541075159591,0.0,-0.08945541075159591,0.2814423534963433,0.0,0.2814423534963433
2024-04-15,002578.SZ,-0.1622418879056048,-0.006175054277622055,0.0,-0.006175054277622055,0.48630434782608695,0.0,0.48630434782608695
2024-04-17,002578.SZ,-0.0757097791798107,-0.017688225209944487,0.0,-0.017688225209944487,0.451875,0.0,0.451875
2024-04-18,002578.SZ,-0.04166666666666663,-0.02663981317505203,0.0,-0.02663981317505203,0.4065619247291217,0.0,0.4065619247291217
2024-04-19,002578.SZ,0.0032679738562091387,-0.05593041636414926,0.0,-0.05593041636414926,0.4657926939598909,0.0,0.4657926939598909
2024-04-22,002578.SZ,0.0610169491525423,-0.06105285691434969,0.0,-0.06105285691434969,0.4392708277537225,0.0,0.4392708277537225
2024-04-23,002578.SZ,0.08450704225352124,-0.08340378734721078,0.0,-0.08340378734721078,0.48154956633652285,0.0,0.48154956633652285
2024-04-24,002578.SZ,0.0819112627986347,-0.04782167163024784,0.0,-0.04782167163024784,0.501875,0.0,0.501875
2024-04-25,002578.SZ,0.06688963210702337,-0.05062480399931339,0.0,-0.05062480399931339,0.45210357142857144,0.0,0.45210357142857144
2024-04-26,002578.SZ,0.019543973941368087,-0.05606899374835299,0.0,-0.05606899374835299,0.4262542124542124,0.0,0.4262542124542124
2024-04-29,002578.SZ,0.028753993610223683,-0.06624103558303057,0.0,-0.06624103558303057,0.40125421245421244,0.0,0.40125421245421244
2024-04-30,002578.SZ,0.04220779220779214,-0.051853039384940944,0.0,-0.051853039384940944,0.44312921245421244,0.0,0.44312921245421244
2024-05-06,002578.SZ,-0.01577287066246047,-0.0626170266447467,0.0,-0.0626170266447467,0.44812921245421244,0.0,0.44812921245421244
2024-05-07,002578.SZ,-0.006269592476489061,-0.0666152254867018,0.0,-0.0666152254867018,0.4412339743589744,0.0,0.4412339743589744
2024-05-08,002578.SZ,0.0031948881789138905,-0.06125248615271581,0.0,-0.06125248615271581,0.44018533437283447,0.0,0.44018533437283447
2024-05-09,002578.SZ,-0.021739130434782705,-0.03709918051949097,0.0,-0.03709918051949097,0.4196035714285714,0.0,0.4196035714285714
2024-05-10,002578.SZ,-0.006230529595015577,-0.035089501745739216,0.0,-0.035089501745739216,0.3473132484622096,0.0,0.3473132484622096
2024-05-13,002578.SZ,0.07692307692307687,-0.03978795333869798,0.0,-0.03978795333869798,0.37820741095176685,0.0,0.37820741095176685
2024-04-10,002628.SZ,-0.08429118773946354,-0.07517558444381796,0.0,-0.07517558444381796,0.4260526315789474,0.0,0.4260526315789474
2024-04-11,002628.SZ,-0.1132075471698113,-0.08159618958053937,0.0,-0.08159618958053937,0.42515625,0.0,0.42515625
2024-04-12,002628.SZ,-0.10384615384615381,-0.06867721438890442,0.0,-0.06867721438890442,0.45184973302822273,0.0,0.45184973302822273
2024-04-15,002628.SZ,-0.07346938775510214,0.049462795790457245,0.0,0.049462795790457245,0.5514406779661017,0.0,0.5514406779661017
2024-04-16,002628.SZ,0.04504504504504481,0.05793459269140933,0.0,0.05793459269140933,0.584103299856528,0.0,0.584103299856528
2024-04-17,002628.SZ,0.02092050209205021,0.005599930129974661,0.0,0.005599930129974661,0.591,0.0,0.591
2024-04-18,002628.SZ,0.02127659574468077,0.07098040909781811,0.0,0.07098040909781811,0.5477360699345543,0.0,0.5477360699345543
2024-04-19,002628.SZ,0.02145922746781115,0.05293942714812803,0.0,0.05293942714812803,0.5418691968695388,0.0,0.5418691968695388
2024-04-22,002628.SZ,0.1013215859030836,0.04393230489466395,0.0,0.04393230489466395,0.5913691968695388,0.0,0.5913691968695388
2024-04-23,002628.SZ,0.051724137931034475,0.06223895238737976,0.0,0.06223895238737976,0.5876666666666667,0.0,0.5876666666666667
2024-04-24,002628.SZ,0.008196721311475308,0.05183450043982062,0.0,0.05183450043982062,0.6966249999999999,0.0,0.6966249999999999
2024-04-25,002628.SZ,0.025000000000000133,0.07647754219572837,0.0,0.07647754219572837,0.70463557043922,0.0,0.70463557043922
2024-04-26,002628.SZ,0.0126050420168069,0.06154835427702044,0.0,0.06154835427702044,0.6951903491923912,0.0,0.6951903491923912
2024-04-29,002628.SZ,-0.016000000000000014,0.12108759828563458,0.0,0.12108759828563458,0.7627063619252994,0.0,0.7627063619252994
2024-04-30,002628.SZ,-0.004098360655737654,0.06075151783444145,0.0,0.06075151783444145,0.714244283154397,0.0,0.714244283154397
2024-05-06,002628.SZ,-0.03658536585365846,0.0375295787386598,0.0,0.0375295787386598,0.6855725806451614,0.0,0.6855725806451614
2024-05-07,002628.SZ,-0.04065040650406504,0.041164041380493115,0.0,0.041164041380493115,0.7332608695652175,0.0,0.7332608695652175
2024-05-08,002628.SZ,-0.020746887966805128,0.04774500087471685,0.0,0.04774500087471685,0.7204999999999999,0.0,0.7204999999999999
2024-05-09,002628.SZ,-0.008130081300813052,0.0481708257361336,0.0,0.0481708257361336,0.7190725806451613,0.0,0.7190725806451613
2024-05-10,002628.SZ,0.020576131687242816,0.04390604355820429,0.0,0.04390604355820429,0.7605,0.0,0.7605
2024-05-13,002628.SZ,0.04219409282700415,0.05182269769517756,0.0,0.05182269769517756,0.7061833250249253,0.0,0.7061833250249253
2024-04-10,002637.SZ,-0.08852459016393444,-0.07983603869482961,0.0,-0.07983603869482961,0.08436535084719868,0.0,0.08436535084719868
2024-04-11,002637.SZ,-0.06725468577728766,-0.0785519477739867,0.0,-0.0785519477739867,0.11430582703767486,0.0,0.11430582703767486
2024-04-12,002637.SZ,0.0011111111111110628,-0.09236006958687336,0.0,-0.09236006958687336,0.1806760580157393,0.0,0.1806760580157393
2024-04-15,002637.SZ,0.009389671361502261,-0.04366595814765261,0.0,-0.04366595814765261,0.3741553899499652,0.0,0.3741553899499652
2024-04-16,002637.SZ,0.10353535353535359,-0.02197415184538761,0.0,-0.02197415184538761,0.367711703539513,0.0,0.367711703539513
2024-04-17,002637.SZ,0.07314148681055155,0.010888627752937903,0.0,0.010888627752937903,0.4838350710000747,0.0,0.4838350710000747
2024-04-18,002637.SZ,0.08274231678486998,0.01964219521884944,0.0,0.01964219521884944,0.5176835440849608,0.0,0.5176835440849608
2024-04-19,002637.SZ,0.021087680355160954,-0.04573769274837489,0.0,-0.04573769274837489,0.30188206388206384,0.0,0.30188206388206384
2024-04-22,002637.SZ,0.08953488372093021,-0.07469310575286871,0.0,-0.07469310575286871,0.42545740168939666,0.0,0.42545740168939666
2024-04-23,002637.SZ,0.06407322654462244,-0.038045453313943614,0.0,-0.038045453313943614,0.4175753284854366,0.0,0.4175753284854366
2024-04-24,002637.SZ,0.0715083798882683,-0.048867827433547034,0.0,-0.048867827433547034,0.3804480533634247,0.0,0.3804480533634247
2024-04-25,002637.SZ,0.06877729257641918,-0.06818598318695061,0.0,-0.06818598318695061,0.3320665278442002,0.0,0.3320665278442002
2024-04-26,002637.SZ,0.0608695652173914,-0.020353508658862006,0.0,-0.020353508658862006,0.3912937430820726,0.0,0.3912937430820726
2024-04-29,002637.SZ,0.03842049092849531,-0.009736571098700415,0.0,-0.009736571098700415,0.4005793777372725,0.0,0.4005793777372725
2024-04-30,002637.SZ,0.02580645161290307,-0.026512069483113312,0.0,-0.026512069483113312,0.3579918424972773,0.0,0.3579918424972773
2024-05-06,002637.SZ,-0.02502606882168923,-0.025472883242807644,0.0,-0.025472883242807644,0.331023512306407,0.0,0.331023512306407
2024-05-07,002637.SZ,-0.01736465781409602,-0.02295448402536215,0.0,-0.02295448402536215,0.2859025603394433,0.0,0.2859025603394433
2024-05-08,002637.SZ,-0.020491803278688492,0.014904690497624258,0.0,0.014904690497624258,0.441750305742327,0.0,0.441750305742327
2024-05-09,002637.SZ,-0.0174717368961973,0.031105394439367967,0.0,0.031105394439367967,0.4662602276076076,0.0,0.4662602276076076
2024-05-10,002637.SZ,0.007337526205450695,0.03807470442255975,0.0,0.03807470442255975,0.6306370968323413,0.0,0.6306370968323413
2024-05-13,002637.SZ,0.01711229946524062,0.034993113048162494,0.0,0.034993113048162494,0.5454251040845143,0.0,0.5454251040845143
2024-04-10,002709.SZ,-0.07818765036086617,-0.007711337220987841,0.0,-0.007711337220987841,0.5505555555555556,0.0,0.5505555555555556
2024-04-11,002709.SZ,-0.12015655577299411,-0.0035666328846117273,0.0,-0.0035666328846117273,0.5105555555555555,0.0,0.5105555555555555
2024-04-12,002709.SZ,-0.11713576158940409,-0.017846982723869344,0.0,-0.017846982723869344,0.5995959595959596,0.0,0.5995959595959596
2024-04-15,002709.SZ,-0.15752577319587635,0.007267715454025483,0.0,0.007267715454025483,0.5871304347826087,0.0,0.5871304347826087
2024-04-16,002709.SZ,-0.0731489741302409,0.04187774899024963,0.0,0.04187774899024963,0.68,0.0,0.68
2024-04-17,002709.SZ,-0.12222705524140931,0.023341836207444268,0.0,0.023341836207444268,0.5896913580246914,0.0,0.5896913580246914
2024-04-18,002709.SZ,-0.0987544483985765,0.02961991962565937,0.0,0.02961991962565937,0.6542469135802469,0.0,0.6542469135802469
2024-04-19,002709.SZ,-0.022034692920768872,0.029320434681987903,0.0,0.029320434681987903,0.6796913580246914,0.0,0.6796913580246914
2024-04-22,002709.SZ,0.06314243759177685,0.02964820393250392,0.0,0.02964820393250392,0.6095555555555555,0.0,0.6095555555555555
2024-04-23,002709.SZ,0.010587102983637964,0.021392962430496675,0.0,0.021392962430496675,0.58,0.0,0.58
2024-04-24,002709.SZ,0.09960356788899905,0.013418529720691321,0.0,0.013418529720691321,0.6045555555555555,0.0,0.6045555555555555
2024-04-25,002709.SZ,0.09526159921026656,0.022407739385238847,0.0,0.022407739385238847,0.5345555555555556,0.0,0.5345555555555556
2024-04-26,002709.SZ,0.03116011505273253,0.014796378065822395,0.0,0.014796378065822395,0.5545555555555556,0.0,0.5545555555555556
2024-04-29,002709.SZ,0.04327808471454886,0.09516320430823687,0.0,0.09516320430823687,0.6165370370370371,0.0,0.6165370370370371
2024-04-30,002709.SZ,0.04761904761904767,0.11015607158378891,0.0,0.11015607158378891,0.7019084967320262,0.0,0.7019084967320262
2024-05-06,002709.SZ,-0.045966651644885115,0.10506976897780772,0.0,0.10506976897780772,0.6005338266384778,0.0,0.6005338266384778
2024-05-07,002709.SZ,-0.050473186119873836,0.10393621781548358,0.0,0.10393621781548358,0.685,0.0,0.685
2024-05-08,002709.SZ,-0.019060901906090222,0.1003824547695423,0.0,0.1003824547695423,0.6706913580246914,0.0,0.6706913580246914
2024-05-09,002709.SZ,-0.08252427184466027,0.11687030902107826,0.0,0.11687030902107826,0.5205338266384778,0.0,0.5205338266384778
2024-05-10,002709.SZ,-0.048181818181818103,0.10788522034157323,0.0,0.10788522034157323,0.70103762981932,0.0,0.70103762981932
2024-05-13,002709.SZ,-0.006140765233821566,0.01998641867143106,0.0,0.01998641867143106,0.7299285714285714,0.0,0.7299285714285714
2024-04-10,002788.SZ,0.038318912237330194,-0.015204964602819287,0.0,-0.015204964602819287,0.27280937364343105,0.0,0.27280937364343105
2024-04-11,002788.SZ,0.014705882352941124,-0.02023840041868419,0.0,-0.02023840041868419,0.2949009756670851,0.0,0.2949009756670851
2024-04-12,002788.SZ,0.02689486552567244,-0.029852075178861306,0.0,-0.029852075178861306,0.1461046325831628,0.0,0.1461046325831628
2024-04-15,002788.SZ,0.06982543640897765,-0.003610213877170778,0.0,-0.003610213877170778,0.33392676853426295,0.0,0.33392676853426295
2024-04-16,002788.SZ,0.05080545229244127,-0.04287293503680344,0.0,-0.04287293503680344,0.25718452380952384,0.0,0.25718452380952384
2024-04-17,002788.SZ,0.011904761904761862,-0.035875932835081906,0.0,-0.035875932835081906,0.1642766799823297,0.0,0.1642766799823297
2024-04-18,002788.SZ,0.02898550724637694,-0.027765502458321392,0.0,-0.027765502458321392,0.2961428162941685,0.0,0.2961428162941685
2024-04-19,002788.SZ,0.017857142857142794,-0.02932293318250326,0.0,-0.02932293318250326,0.2378465618412791,0.0,0.2378465618412791
2024-04-22,002788.SZ,0.015151515151515138,-0.019698419802918365,0.0,-0.019698419802918365,0.19939074503305318,0.0,0.19939074503305318
2024-04-23,002788.SZ,0.04363207547169812,-0.0236689662957549,0.0,-0.0236689662957549,0.3211694348195869,0.0,0.3211694348195869
2024-04-24,002788.SZ,0.06705882352941184,-0.030621402289368667,0.0,-0.030621402289368667,0.24163627097733234,0.0,0.24163627097733234
2024-04-25,002788.SZ,0.06103286384976525,-0.025776422985131834,0.0,-0.025776422985131834,0.3270710524384761,0.0,0.3270710524384761
2024-04-26,002788.SZ,0.054970760233918003,-0.020965676666626906,0.0,-0.020965676666626906,0.3107057668414343,0.0,0.3107057668414343
2024-04-29,002788.SZ,0.051664753157290466,-0.02047469324496153,0.0,-0.02047469324496153,0.34469760365381924,0.0,0.34469760365381924
2024-04-30,002788.SZ,0.03728813559322042,-0.00781030171856319,0.0,-0.00781030171856319,0.41422479803071366,0.0,0.41422479803071366
2024-05-06,002788.SZ,-0.003307607497243792,-0.010354456912413457,0.0,-0.010354456912413457,0.37822564594834207,0.0,0.37822564594834207
2024-05-07,002788.SZ,0.013274336283185972,-0.01541033961018122,0.0,-0.01541033961018122,0.3786845681892034,0.0,0.3786845681892034
2024-05-08,002788.SZ,0.004434589800443645,-0.015566176914179995,0.0,-0.015566176914179995,0.40153402389366666,0.0,0.40153402389366666
2024-05-09,002788.SZ,-0.017467248908296984,-0.0005228279574585613,0.0,-0.0005228279574585613,0.39926657366254936,0.0,0.39926657366254936
2024-05-10,002788.SZ,-0.02287581699346397,-0.007497481977763072,0.0,-0.007497481977763072,0.3473791747808629,0.0,0.3473791747808629
2024-05-13,002788.SZ,-0.0022123893805309214,0.0005102858531000369,0.0,0.0005102858531000369,0.43240027392569763,0.0,0.43240027392569763
2024-04-10,003003.SZ,-0.08982683982683981,-0.05363025986231564,0.0,-0.05363025986231564,0.11511391717794205,0.0,0.11511391717794205
2024-04-11,003003.SZ,-0.11484290357529803,-0.06345424237519497,0.0,-0.06345424237519497,0.1801867744437696,0.0,0.1801867744437696
2024-04-12,003003.SZ,-0.12691466083150982,-0.060206393656761906,0.0,-0.060206393656761906,0.16019255727950985,0.0,0.16019255727950985
2024-04-15,003003.SZ,-0.01676646706586815,-0.023873942284781232,0.0,-0.023873942284781232,0.4492857142857143,0.0,0.4492857142857143
2024-04-17,003003.SZ,0.04714640198511155,-0.09165138077080613,0.0,-0.09165138077080613,0.47156130268199226,0.0,0.47156130268199226
2024-04-18,003003.SZ,0.024970273483947647,-0.09397240541188184,0.0,-0.09397240541188184,0.41662026714885153,0.0,0.41662026714885153
2024-04-19,003003.SZ,0.059975520195838516,-0.0313827694773076,0.0,-0.0313827694773076,0.4485784725819375,0.0,0.4485784725819375
2024-04-22,003003.SZ,0.14661654135338353,-0.06653081139558091,0.0,-0.06653081139558091,0.46390233019987265,0.0,0.46390233019987265
2024-04-23,003003.SZ,0.11084043848964664,-0.03396541301412792,0.0,-0.03396541301412792,0.43561866458474896,0.0,0.43561866458474896
2024-04-24,003003.SZ,0.13033175355450233,-0.013230786622844416,0.0,-0.013230786622844416,0.46578070162178603,0.0,0.46578070162178603
2024-04-25,003003.SZ,0.1032482598607889,-0.05286516757373286,0.0,-0.05286516757373286,0.4506881090291934,0.0,0.4506881090291934
2024-04-26,003003.SZ,0.09006928406466508,-0.01986315784275477,0.0,-0.01986315784275477,0.4165177155834547,0.0,0.4165177155834547
2024-04-29,003003.SZ,0.042622950819672045,-0.03204707811708097,0.0,-0.03204707811708097,0.40900629981125336,0.0,0.40900629981125336
2024-04-30,003003.SZ,0.02412280701754388,-0.027265135522164727,0.0,-0.027265135522164727,0.4462607372279958,0.0,0.4462607372279958
2024-05-06,003003.SZ,-0.04088050314465397,-0.03305700249195537,0.0,-0.03305700249195537,0.37232797813293167,0.0,0.37232797813293167
2024-05-07,003003.SZ,-0.01682439537329128,-0.02759689748111514,0.0,-0.02759689748111514,0.40409195072238546,0.0,0.40409195072238546
2024-05-08,003003.SZ,0.0031779661016950733,-0.017210822143625213,0.0,-0.017210822143625213,0.38913887513367174,0.0,0.38913887513367174
2024-05-09,003003.SZ,-0.0031446540880502027,-0.018945248275370218,0.0,-0.018945248275370218,0.37509550545986714,0.0,0.37509550545986714
2024-05-10,003003.SZ,0.03854389721627394,-0.024755336008183217,0.0,-0.024755336008183217,0.4551294934047441,0.0,0.4551294934047441
2024-05-13,003003.SZ,0.050273224043715814,-0.022888343588882074,0.0,-0.022888343588882074,0.4512077219365001,0.0,0.4512077219365001
2024-04-10,003008.SZ,-0.08921256258534349,-0.038619533183258954,0.0,-0.038619533183258954,0.25583714603315927,0.0,0.25583714603315927
2024-04-11,003008.SZ,-0.13634311512415354,-0.06257929325936785,0.0,-0.06257929325936785,0.2121636485381599,0.0,0.2121636485381599
2024-04-12,003008.SZ,-0.10616284300494827,-0.07873245240663614,0.0,-0.07873245240663614,0.25925667779989336,0.0,0.25925667779989336
2024-04-15,003008.SZ,0.01728395061728394,0.06727422649240225,0.0,0.06727422649240225,0.56,0.0,0.56
2024-04-18,003008.SZ,0.029585798816567976,-0.023284872527884047,0.0,-0.023284872527884047,0.4386250902387851,0.0,0.4386250902387851
2024-04-19,003008.SZ,0.04647676161919034,-0.03554534445940547,0.0,-0.03554534445940547,0.47831228498847994,0.0,0.47831228498847994
2024-04-22,003008.SZ,0.1348667015159437,-0.013003857852395308,0.0,-0.013003857852395308,0.49049845625185706,0.0,0.49049845625185706
2024-04-23,003008.SZ,0.07347760442878704,0.026422646769791624,0.0,0.026422646769791624,0.45868748054777464,0.0,0.45868748054777464
2024-04-24,003008.SZ,0.0902912621359222,0.07414743841788138,0.0,0.07414743841788138,0.4273849595393713,0.0,0.4273849595393713
2024-04-25,003008.SZ,0.06561302681992331,0.09063157422606836,0.0,0.09063157422606836,0.4656107109054915,0.0,0.4656107109054915
2024-04-26,003008.SZ,0.050620821394460336,0.0988767586180088,0.0,0.0988767586180088,0.4941884129993887,0.0,0.4941884129993887
2024-04-29,003008.SZ,0.029940119760478945,0.0703142679298039,0.0,0.0703142679298039,0.4308477973772091,0.0,0.4308477973772091
2024-04-30,003008.SZ,0.04125644631973757,0.09836986231594634,0.0,0.09836986231594634,0.5163464318673132,0.0,0.5163464318673132
2024-05-06,003008.SZ,-0.016028495102404228,-0.052283119605037766,0.0,-0.052283119605037766,0.4008804771157712,0.0,0.4008804771157712
2024-05-07,003008.SZ,0.004943820224719175,-0.018514173935636105,0.0,-0.018514173935636105,0.48582213875745156,0.0,0.48582213875745156
2024-05-08,003008.SZ,0.011363636363636465,-0.02017954611513967,0.0,-0.02017954611513967,0.46299605180092984,0.0,0.46299605180092984
2024-05-09,003008.SZ,-0.004472271914132242,0.016040351146049184,0.0,0.016040351146049184,0.445536044973545,0.0,0.445536044973545
2024-05-10,003008.SZ,0.011706438541197572,0.0381201221524931,0.0,0.0381201221524931,0.583767982870655,0.0,0.583767982870655
2024-05-13,003008.SZ,0.0117647058823529,0.030123574568457864,0.0,0.030123574568457864,0.484078907240403,0.0,0.484078907240403
2024-04-10,300034.SZ,0.12979152656355097,0.006614409133450894,0.0,0.006614409133450894,0.6044727839346647,0.0,0.6044727839346647
2024-04-11,300034.SZ,0.09406270847231468,-0.007086282032108779,0.0,-0.007086282032108779,0.6003878590556053,0.0,0.6003878590556053
2024-04-12,300034.SZ,0.06837606837606836,0.0391208784313971,0.0,0.0391208784313971,0.605,0.0,0.605
2024-04-15,300034.SZ,0.07030303030303031,-0.023229383682420737,0.0,-0.023229383682420737,0.3468333333333334,0.0,0.3468333333333334
2024-04-16,300034.SZ,0.10862619808306717,-0.008560236498070717,0.0,-0.008560236498070717,0.49125,0.0,0.49125
2024-04-17,300034.SZ,0.07857142857142851,0.018837655525519616,0.0,0.018837655525519616,0.6292254431392362,0.0,0.6292254431392362
2024-04-18,300034.SZ,0.0615853658536587,0.03876550002259201,0.0,0.03876550002259201,0.6689161747587167,0.0,0.6689161747587167
2024-04-19,300034.SZ,-0.006285714285714228,-0.0012393948438970599,0.0,-0.0012393948438970599,0.5457692307692308,0.0,0.5457692307692308
2024-04-22,300034.SZ,0.011325028312570762,-0.005165543136730523,0.0,-0.005165543136730523,0.5284615384615384,0.0,0.5284615384615384
2024-04-23,300034.SZ,0.026512968299711615,0.010674317255224587,0.0,0.010674317255224587,0.5403310653310653,0.0,0.5403310653310653
2024-04-24,300034.SZ,-0.008830022075055233,-0.0027888628128769706,0.0,-0.0027888628128769706,0.46910508935508927,0.0,0.46910508935508927
2024-04-25,300034.SZ,0.06145893164847793,0.024167028545007425,0.0,0.024167028545007425,0.5142020284837185,0.0,0.5142020284837185
2024-04-26,300034.SZ,0.020126509488211486,0.0253570865403737,0.0,0.0253570865403737,0.5366262709079611,0.0,0.5366262709079611
2024-04-29,300034.SZ,0.05207166853303469,0.020190987320798767,0.0,0.020190987320798767,0.5723156836703348,0.0,0.5723156836703348
2024-04-30,300034.SZ,0.04154969118472773,0.019787802719984336,0.0,0.019787802719984336,0.593406573938264,0.0,0.593406573938264
2024-05-06,300034.SZ,0.01837416481069032,0.00797944931776863,0.0,0.00797944931776863,0.6478722104768616,0.0,0.6478722104768616
2024-05-07,300034.SZ,-0.03625541125541132,0.010164954653707788,0.0,0.010164954653707788,0.573271756021756,0.0,0.573271756021756
2024-05-08,300034.SZ,-0.03494926719278457,-0.0003927623615759687,0.0,-0.0003927623615759687,0.6976625956942858,0.0,0.6976625956942858
2024-05-09,300034.SZ,-0.0910058541777542,-0.003531618955634279,0.0,-0.003531618955634279,0.521261655011655,0.0,0.521261655011655
2024-05-10,300034.SZ,-0.049056603773584895,0.0014948376621599074,0.0,0.0014948376621599074,0.530246177996178,0.0,0.530246177996178
2024-05-13,300034.SZ,-0.024056861673045216,-0.010108694744933859,0.0,-0.010108694744933859,0.5369217573188161,0.0,0.5369217573188161
2024-04-10,300124.SZ,0.06497759393312652,-0.009190770039677923,0.0,-0.009190770039677923,0.4736283185840708,0.0,0.4736283185840708
2024-04-11,300124.SZ,0.044501278772378416,0.013337217834751653,0.0,0.013337217834751653,0.49558823529411766,0.0,0.49558823529411766
2024-04-12,300124.SZ,0.04042299164250385,0.016384835850166174,0.0,0.016384835850166174,0.5405882352941177,0.0,0.5405882352941177
2024-04-15,300124.SZ,0.017940199335548135,0.005396853371556312,0.0,0.005396853371556312,0.3747674418604651,0.0,0.3747674418604651
2024-04-16,300124.SZ,-0.014304505097007536,0.0034975360117656235,0.0,0.0034975360117656235,0.505,0.0,0.505
2024-04-17,300124.SZ,-0.04223984463505426,-0.017248477063885766,0.0,-0.017248477063885766,0.38058823529411767,0.0,0.38058823529411767
2024-04-18,300124.SZ,-0.06252040483186416,-0.015377799263411878,0.0,-0.015377799263411878,0.425,0.0,0.425
2024-04-19,300124.SZ,-0.02803278688524591,-0.026839406495462622,0.0,-0.026839406495462622,0.315,0.0,0.315
2024-04-22,300124.SZ,-0.021214099216710247,-0.03079978467629648,0.0,-0.03079978467629648,0.3,0.0,0.3
2024-04-23,300124.SZ,-0.007506255212677226,0.014516101998672587,0.0,0.014516101998672587,0.48976744186046517,0.0,0.48976744186046517
2024-04-24,300124.SZ,0.06370395403852669,0.004994446477060185,0.0,0.004994446477060185,0.505,0.0,0.505
2024-04-25,300124.SZ,0.11039526379940812,0.01450405082238584,0.0,0.01450405082238584,0.5865,0.0,0.5865
2024-04-26,300124.SZ,0.07556080283353017,0.014760311428694156,0.0,0.014760311428694156,0.4397674418604652,0.0,0.4397674418604652
2024-04-29,300124.SZ,0.06168722907635882,0.021637214981722965,0.0,0.021637214981722965,0.5365,0.0,0.5365
2024-04-30,300124.SZ,0.06218487394957983,0.004485378933655712,0.0,0.004485378933655712,0.5317173913043479,0.0,0.5317173913043479
2024-05-06,300124.SZ,-0.01953931691818911,-0.007258132041387609,0.0,-0.007258132041387609,0.445,0.0,0.445
2024-05-07,300124.SZ,-0.03638074329622076,-0.010778140110544683,0.0,-0.010778140110544683,0.39333333333333337,0.0,0.39333333333333337
2024-05-08,300124.SZ,-0.043280539438607546,-0.0065784961324309894,0.0,-0.0065784961324309894,0.36333333333333334,0.0,0.36333333333333334
2024-05-09,300124.SZ,-0.06077261306532655,-0.0109777810406663,0.0,-0.0109777810406663,0.3433333333333334,0.0,0.3433333333333334
2024-05-10,300124.SZ,-0.03607594936708858,-0.014076944203784265,0.0,-0.014076944203784265,0.3065,0.0,0.3065
2024-05-13,300124.SZ,-0.0108554763447829,-0.0023572345695431125,0.0,-0.0023572345695431125,0.38833333333333336,0.0,0.38833333333333336
2024-04-10,300155.SZ,-0.18701298701298708,-0.06177842651214152,0.0,-0.06177842651214152,0.4364979388361615,0.0,0.4364979388361615
2024-04-11,300155.SZ,-0.15104166666666674,-0.08295413425985464,0.0,-0.08295413425985464,0.3072568359797306,0.0,0.3072568359797306
2024-04-12,300155.SZ,-0.09283819628647216,-0.08776249027827765,0.0,-0.08776249027827765,0.2700913484222181,0.0,0.2700913484222181
2024-04-18,300155.SZ,0.05504587155963314,0.0027445623163678805,0.0,0.0027445623163678805,0.5641540230268555,0.0,0.5641540230268555
2024-04-19,300155.SZ,0.07453416149068315,-0.10948412418173331,0.0,-0.10948412418173331,0.5512968801697126,0.0,0.5512968801697126
2024-04-22,300155.SZ,0.18849840255591066,-0.12030599887700102,0.0,-0.12030599887700102,0.5653030303030303,0.0,0.5653030303030303
2024-04-23,300155.SZ,0.1073619631901841,0.013140480191395954,0.0,0.013140480191395954,0.5439773763911695,0.0,0.5439773763911695
2024-04-24,300155.SZ,0.07602339181286566,0.05810999337361892,0.0,0.05810999337361892,0.5376481481481481,0.0,0.5376481481481481
2024-04-25,300155.SZ,0.09275362318840585,0.005536330065285695,0.0,0.005536330065285695,0.6190410052910054,0.0,0.6190410052910054
2024-04-26,300155.SZ,0.05780346820809257,0.051360676678462565,0.0,0.051360676678462565,0.6440410052910053,0.0,0.6440410052910053
2024-04-29,300155.SZ,-0.013440860215053863,0.1581385648144347,0.0,0.1581385648144347,0.7592754198703061,0.0,0.7592754198703061
2024-04-30,300155.SZ,0.01939058171745156,0.11926277598951966,0.0,0.11926277598951966,0.7666158967558494,0.0,0.7666158967558494
2024-05-06,300155.SZ,-0.05163043478260865,0.08291906927526778,0.0,0.08291906927526778,0.7010428829426506,0.0,0.7010428829426506
2024-05-07,300155.SZ,-0.06896551724137934,0.2506447897404194,0.0,0.2506447897404194,0.7034999999999999,0.0,0.7034999999999999
2024-05-08,300155.SZ,-0.021857923497267784,0.13434797878667964,0.0,0.13434797878667964,0.7787774455936219,0.0,0.7787774455936219
2024-05-09,300155.SZ,0.2942779291553135,0.009789555664447936,0.0,0.009789555664447936,0.6536428571428572,0.0,0.6536428571428572
2024-05-10,300155.SZ,0.2309782608695652,0.19893522750578857,0.0,0.19893522750578857,0.69025,0.0,0.69025
2024-05-13,300155.SZ,0.5816618911174782,0.14575109312340828,0.0,0.14575109312340828,0.7748919413919413,0.0,0.7748919413919413
2024-04-10,300193.SZ,0.05228758169934644,-0.013499556902042941,0.0,-0.013499556902042941,0.42819863056962304,0.0,0.42819863056962304
2024-04-11,300193.SZ,0.04768041237113407,-0.027698674667669107,0.0,-0.027698674667669107,0.24663060712832643,0.0,0.24663060712832643
2024-04-12,300193.SZ,0.046875,-0.028723854947654705,0.0,-0.028723854947654705,0.3708118918197599,0.0,0.3708118918197599
2024-04-15,300193.SZ,0.030729833546735197,-0.02415533778808046,0.0,-0.02415533778808046,0.3027986500147212,0.0,0.3027986500147212
2024-04-16,300193.SZ,0.09400544959128054,-0.040080757466641886,0.0,-0.040080757466641886,0.4997216181362333,0.0,0.4997216181362333
2024-04-17,300193.SZ,0.006211180124223503,-0.0674255343963989,0.0,-0.0674255343963989,0.4502567476383266,0.0,0.4502567476383266
2024-04-18,300193.SZ,0.019680196801967753,-0.03917153462797976,0.0,-0.03917153462797976,0.3900222869303726,0.0,0.3900222869303726
2024-04-19,300193.SZ,0.017412935323383172,-0.03550663516194616,0.0,-0.03550663516194616,0.4525745402979958,0.0,0.4525745402979958
2024-04-22,300193.SZ,0.019875776397515477,-0.04230192871894678,0.0,-0.04230192871894678,0.4206274605787793,0.0,0.4206274605787793
2024-04-23,300193.SZ,0.03362391033623924,-0.04096505475612883,0.0,-0.04096505475612883,0.42937692044468634,0.0,0.42937692044468634
2024-04-24,300193.SZ,0.051851851851851816,-0.04470118164533576,0.0,-0.04470118164533576,0.3826880406325681,0.0,0.3826880406325681
2024-04-25,300193.SZ,0.02895054282267795,0.006817074956935086,0.0,0.006817074956935086,0.40404653177574334,0.0,0.40404653177574334
2024-04-26,300193.SZ,0.033007334963325086,-0.0009233411561302364,0.0,-0.0009233411561302364,0.33571922869474846,0.0,0.33571922869474846
2024-04-29,300193.SZ,0.05724725943970754,-0.007229647006285778,0.0,-0.007229647006285778,0.3746886144374183,0.0,0.3746886144374183
2024-04-30,300193.SZ,0.08554216867469866,-0.00406368552483386,0.0,-0.00406368552483386,0.3663809446493691,0.0,0.3663809446493691
2024-05-06,300193.SZ,0.02230046948356823,-0.014075023731963555,0.0,-0.014075023731963555,0.30304915088133183,0.0,0.30304915088133183
2024-05-07,300193.SZ,0.029308323563892236,0.013208872807477592,0.0,0.013208872807477592,0.3071746055025689,0.0,0.3071746055025689
2024-05-08,300193.SZ,0.0035502958579882726,0.007504502163815323,0.0,0.007504502163815323,0.4103596165503846,0.0,0.4103596165503846
2024-05-09,300193.SZ,-0.02188940092165892,-0.008623358409919749,0.0,-0.008623358409919749,0.2505813850768051,0.0,0.2505813850768051
2024-05-10,300193.SZ,-0.049944506104328434,-0.021438005943072325,0.0,-0.021438005943072325,0.3306666666666666,0.0,0.3306666666666666
2024-05-13,300193.SZ,-0.02640642939150406,0.00975227410482888,0.0,0.00975227410482888,0.32759124252968663,0.0,0.32759124252968663
2024-04-10,300207.SZ,-0.011149825783972167,-0.02398979704975536,0.0,-0.02398979704975536,0.41429761501933277,0.0,0.41429761501933277
2024-04-11,300207.SZ,-0.005629838142153454,-0.027108598763970218,0.0,-0.027108598763970218,0.4490682707367493,0.0,0.4490682707367493
2024-04-12,300207.SZ,-0.010108303249097395,-0.0009144114628203123,0.0,-0.0009144114628203123,0.5156360073547113,0.0,0.5156360073547113
2024-04-15,300207.SZ,-0.03813559322033899,-0.020548786974154135,0.0,-0.020548786974154135,0.33713372770989464,0.0,0.33713372770989464
2024-04-16,300207.SZ,-0.005181347150259086,-0.0023291338297138104,0.0,-0.0023291338297138104,0.609439858490566,0.0,0.609439858490566
2024-04-17,300207.SZ,-0.05496828752642702,-0.014571599682507992,0.0,-0.014571599682507992,0.31325866336724656,0.0,0.31325866336724656
2024-04-18,300207.SZ,-0.031139419674451663,0.007730532691451247,0.0,0.007730532691451247,0.38662646373137044,0.0,0.38662646373137044
2024-04-19,300207.SZ,0.09044493070751258,0.010658456806941578,0.0,0.010658456806941578,0.5125441507525512,0.0,0.5125441507525512
2024-04-22,300207.SZ,0.11747430249632895,-0.00028262179047087484,0.0,-0.00028262179047087484,0.360706739996181,0.0,0.360706739996181
2024-04-23,300207.SZ,0.1316964285714286,-0.0015134106154518672,0.0,-0.0015134106154518672,0.3860831405564051,0.0,0.3860831405564051
2024-04-24,300207.SZ,0.14988814317673382,-0.005372994141201229,0.0,-0.005372994141201229,0.33029143132268246,0.0,0.33029143132268246
2024-04-25,300207.SZ,0.127100073046019,-0.005057856307073355,0.0,-0.005057856307073355,0.35942540817104757,0.0,0.35942540817104757
2024-04-26,300207.SZ,0.006688963210702337,0.04937769485345295,0.0,0.04937769485345295,0.48098601398601404,0.0,0.48098601398601404
2024-04-29,300207.SZ,0.016425755584756896,0.02397639835696356,0.0,0.02397639835696356,0.5441006479207815,0.0,0.5441006479207815
2024-04-30,300207.SZ,0.0013149243918475495,0.029853914787718337,0.0,0.029853914787718337,0.6235192832602927,0.0,0.6235192832602927
2024-05-06,300207.SZ,-0.024643320363164745,0.015486586834393887,0.0,0.015486586834393887,0.5583344869999282,0.0,0.5583344869999282
2024-05-07,300207.SZ,-0.028515878159429686,0.03684974563016009,0.0,0.03684974563016009,0.7018194097569096,0.0,0.7018194097569096
2024-05-08,300207.SZ,-0.017940199335548246,0.03398470329117587,0.0,0.03398470329117587,0.7032865814740813,0.0,0.7032865814740813
2024-05-09,300207.SZ,-0.04266321913380733,0.01415115293895689,0.0,0.01415115293895689,0.4462473845598845,0.0,0.4462473845598845
2024-05-10,300207.SZ,-0.006565988181221227,0.017093277626619142,0.0,0.017093277626619142,0.5287792208596557,0.0,0.5287792208596557
2024-05-13,300207.SZ,0.005319148936170137,0.030270960466359496,0.0,0.030270960466359496,0.6033492377992378,0.0,0.6033492377992378
2024-04-10,300289.SZ,-0.08798283261802575,-0.06763244330717272,0.0,-0.06763244330717272,0.3177917130020257,0.0,0.3177917130020257
2024-04-11,300289.SZ,-0.11513859275053306,-0.08846082752818855,0.0,-0.08846082752818855,0.24242346763512837,0.0,0.24242346763512837
2024-04-12,300289.SZ,-0.11038961038961037,-0.07301064328508125,0.0,-0.07301064328508125,0.2947783598233119,0.0,0.2947783598233119
2024-04-15,300289.SZ,-0.04439252336448607,0.11281919744725301,0.0,0.11281919744725301,0.6289151696193338,0.0,0.6289151696193338
2024-04-16,300289.SZ,0.08974358974358987,0.057606439154594506,0.0,0.057606439154594506,0.609125469809772,0.0,0.609125469809772
2024-04-17,300289.SZ,0.014117647058823346,0.05758706565797391,0.0,0.05758706565797391,0.7567468919096767,0.0,0.7567468919096767
2024-04-18,300289.SZ,0.07469879518072275,0.055560029573022564,0.0,0.055560029573022564,0.8292139661757159,0.0,0.8292139661757159
2024-04-19,300289.SZ,0.04866180048661772,0.05702274127990777,0.0,0.05702274127990777,0.8251413855305546,0.0,0.8251413855305546
2024-04-22,300289.SZ,0.10757946210268954,0.051536305974046986,0.0,0.051536305974046986,0.8048188048853934,0.0,0.8048188048853934
2024-04-23,300289.SZ,0.09882352941176475,0.0372795663783628,0.0,0.0372795663783628,0.7794531017640973,0.0,0.7794531017640973
2024-04-24,300289.SZ,0.09744779582366614,0.04285011633266077,0.0,0.04285011633266077,0.7784423490759252,0.0,0.7784423490759252
2024-04-25,300289.SZ,0.06726457399103136,0.03166604497042762,0.0,0.03166604497042762,0.7433292538378301,0.0,0.7433292538378301
2024-04-26,300289.SZ,0.13457076566125292,0.10514255059715037,0.0,0.10514255059715037,0.7877386507524328,0.0,0.7877386507524328
2024-04-29,300289.SZ,0.0971302428256069,0.03815721375760149,0.0,0.03815721375760149,0.7577851651989369,0.0,0.7577851651989369
2024-04-30,300289.SZ,0.02997858672376874,0.08650425379253708,0.0,0.08650425379253708,0.5546666666666666,0.0,0.5546666666666666
2024-05-06,300289.SZ,-0.016913319238900604,0.03750650979946756,0.0,0.03750650979946756,0.6568587834245728,0.0,0.6568587834245728
2024-05-07,300289.SZ,-0.01680672268907568,0.06385271439171483,0.0,0.06385271439171483,0.7714139212648246,0.0,0.7714139212648246
2024-05-08,300289.SZ,-0.05521472392638027,0.01906128111792204,0.0,0.01906128111792204,0.5890653282046471,0.0,0.5890653282046471
2024-05-09,300289.SZ,-0.05432595573440635,0.039076131945744885,0.0,0.039076131945744885,0.7015929040391109,0.0,0.7015929040391109
2024-05-10,300289.SZ,-0.02079002079002068,0.059386350393410385,0.0,0.059386350393410385,0.7619776646375567,0.0,0.7619776646375567
2024-05-13,300289.SZ,0.006451612903225712,0.04561307855572048,0.0,0.04561307855572048,0.7871527416859199,0.0,0.7871527416859199
2024-04-10,300338.SZ,-0.16387959866220747,-0.07660470357949706,0.0,-0.07660470357949706,0.17617213791698919,0.0,0.17617213791698919
2024-04-11,300338.SZ,0.00990099009900991,-0.0773745267480389,0.0,-0.0773745267480389,0.19946127946127945,0.0,0.19946127946127945
2024-04-12,300338.SZ,-0.026936026936026924,-0.06395456280449696,0.0,-0.06395456280449696,0.2501158226176727,0.0,0.2501158226176727
2024-04-18,300338.SZ,0.08148148148148149,0.08125939185077166,0.0,0.08125939185077166,0.620513258611263,0.0,0.620513258611263
2024-04-19,300338.SZ,0.10465116279069764,0.049415449292761704,0.0,0.049415449292761704,0.6825838871778245,0.0,0.6825838871778245
2024-04-22,300338.SZ,-0.272,-0.02947559203860287,0.0,-0.02947559203860287,0.5547577203048831,0.0,0.5547577203048831
2024-04-24,300338.SZ,-0.4117647058823529,0.0382852264999858,0.0,0.0382852264999858,0.44,0.0,0.44
2024-04-25,300338.SZ,-0.4325259515570935,0.010199767358761536,0.0,0.010199767358761536,0.545,0.0,0.545
2024-04-26,300338.SZ,-0.386986301369863,0.014471073092756592,0.0,0.014471073092756592,0.4975,0.0,0.4975
2024-04-29,300338.SZ,-0.38596491228070173,0.016702598243645044,0.0,0.016702598243645044,0.52,0.0,0.52
2024-05-08,300338.SZ,-0.016483516483516536,0.18360012674650483,0.0,0.18360012674650483,0.66,0.0,0.66
2024-05-09,300338.SZ,-0.03888888888888897,0.15227690470760177,0.0,0.15227690470760177,0.69,0.0,0.69
2024-05-13,300338.SZ,0.04268292682926833,0.20511822456732698,0.0,0.20511822456732698,0.6230130906768838,0.0,0.6230130906768838
2024-04-10,300374.SZ,0.2492753623188404,0.07444698831471547,0.0,0.07444698831471547,0.8020276270808624,0.0,0.8020276270808624
2024-04-11,300374.SZ,0.2090843547224226,0.09900210203876467,0.0,0.09900210203876467,0.7032710133242486,0.0,0.7032710133242486
2024-04-12,300374.SZ,0.2540740740740741,0.0567724725403119,0.0,0.0567724725403119,0.6544697251844716,0.0,0.6544697251844716
2024-04-17,300374.SZ,-0.09282245008094991,-0.07902635459902257,0.0,-0.07902635459902257,0.205,0.0,0.205
2024-04-18,300374.SZ,-0.06934097421203445,-0.09285476690359498,0.0,-0.09285476690359498,0.26,0.0,0.26
2024-04-19,300374.SZ,-0.07192575406032475,-0.0200321814051077,0.0,-0.0200321814051077,0.235,0.0,0.235
2024-04-22,300374.SZ,-0.022659511031604018,-0.07047671896152757,0.0,-0.07047671896152757,0.28,0.0,0.28
2024-04-23,300374.SZ,-0.10454813939751917,-0.07022618639983091,0.0,-0.07022618639983091,0.29,0.0,0.29
2024-04-24,300374.SZ,-0.014277215942890997,-0.06573795970315265,0.0,-0.06573795970315265,0.235,0.0,0.235
2024-04-25,300374.SZ,0.020320197044335186,-0.062453385387359256,0.0,-0.062453385387359256,0.295,0.0,0.295
2024-04-26,300374.SZ,0.05875000000000008,-0.07533470460983155,0.0,-0.07533470460983155,0.255,0.0,0.255
2024-04-29,300374.SZ,0.028676021964612497,-0.08308440264846363,0.0,-0.08308440264846363,0.22,0.0,0.22
2024-04-30,300374.SZ,0.10883905013192607,-0.05944017014150857,0.0,-0.05944017014150857,0.395,0.0,0.395
2024-05-06,300374.SZ,0.06638503319251665,0.024681433498243577,0.0,0.024681433498243577,0.355,0.0,0.355
2024-05-07,300374.SZ,0.013880506940253445,-0.07244605040283537,0.0,-0.07244605040283537,0.25,0.0,0.25
2024-05-08,300374.SZ,-0.05371900826446285,-0.07409155281706736,0.0,-0.07409155281706736,0.285,0.0,0.285
2024-05-09,300374.SZ,0.01720047449584805,-0.0729529961576206,0.0,-0.0729529961576206,0.245,0.0,0.245
2024-05-10,300374.SZ,-0.006543723973825077,-0.07407517283036119,0.0,-0.07407517283036119,0.27,0.0,0.27
2024-05-13,300374.SZ,-0.06621392190152808,-0.014703257712097852,0.0,-0.014703257712097852,0.32,0.0,0.32
2024-04-10,300623.SZ,0.05902777777777768,-0.031077828873404868,0.0,-0.031077828873404868,0.4728649179691498,0.0,0.4728649179691498
2024-04-11,300623.SZ,0.088935574229692,0.009487208192822384,0.0,0.009487208192822384,0.5080045381884223,0.0,0.5080045381884223
2024-04-12,300623.SZ,0.1475988700564972,0.012949022920788594,0.0,0.012949022920788594,0.5006508414465677,0.0,0.5006508414465677
2024-04-16,300623.SZ,0.15564738292011038,-0.02054697174421648,0.0,-0.02054697174421648,0.5983196553166035,0.0,0.5983196553166035
2024-04-17,300623.SZ,0.05785123966942152,0.00782966394016587,0.0,0.00782966394016587,0.667636889403461,0.0,0.667636889403461
2024-04-18,300623.SZ,0.06950819672131137,-0.03376945104364411,0.0,-0.03376945104364411,0.5969253035557964,0.0,0.5969253035557964
2024-04-19,300623.SZ,0.0559485530546624,0.017386182330284126,0.0,0.017386182330284126,0.613646624410749,0.0,0.613646624410749
2024-04-22,300623.SZ,0.05784615384615388,0.07342868634440959,0.0,0.07342868634440959,0.7494941471571905,0.0,0.7494941471571905
2024-04-23,300623.SZ,0.0,0.02323621644367407,0.0,0.02323621644367407,0.601893987956488,0.0,0.601893987956488
2024-04-24,300623.SZ,0.021033653846153744,-0.03580397307599139,0.0,-0.03580397307599139,0.5961526884950797,0.0,0.5961526884950797
2024-04-25,300623.SZ,0.018393623543838222,-0.03302661485281707,0.0,-0.03302661485281707,0.6159632945556858,0.0,0.6159632945556858
2024-04-26,300623.SZ,-0.011571254567600553,-0.04000381630018577,0.0,-0.04000381630018577,0.6160618993822318,0.0,0.6160618993822318
2024-04-29,300623.SZ,-0.0232693426410705,-0.03200226070736729,0.0,-0.03200226070736729,0.5328100058154406,0.0,0.5328100058154406
2024-04-30,300623.SZ,-0.03635280095351601,-0.035864630083544145,0.0,-0.035864630083544145,0.5530501900695487,0.0,0.5530501900695487
2024-05-06,300623.SZ,-0.061212477928193065,-0.03997998761457956,0.0,-0.03997998761457956,0.49234081093194,0.0,0.49234081093194
2024-05-07,300623.SZ,-0.030704394942805413,-0.03384695308261838,0.0,-0.03384695308261838,0.5644819198230488,0.0,0.5644819198230488
2024-05-08,300623.SZ,-0.020332717190388205,-0.02396588890792228,0.0,-0.02396588890792228,0.524896369077498,0.0,0.524896369077498
2024-05-09,300623.SZ,-0.06015485407980936,-0.03655370715734327,0.0,-0.03655370715734327,0.5357479405109405,0.0,0.5357479405109405
2024-05-10,300623.SZ,-0.0024737167594311993,-0.04853131237465322,0.0,-0.04853131237465322,0.5610632857112013,0.0,0.5610632857112013
2024-05-13,300623.SZ,0.01567398119122254,-0.0207292604957058,0.0,-0.0207292604957058,0.5465778047674626,0.0,0.5465778047674626
2024-04-10,300698.SZ,-0.03458498023715417,-0.08180982205681307,0.0,-0.08180982205681307,0.3074351851851852,0.0,0.3074351851851852
2024-04-11,300698.SZ,-0.05028305028305036,-0.057244803685387896,0.0,-0.057244803685387896,0.2502526875959855,0.0,0.2502526875959855
2024-04-12,300698.SZ,-0.05342237061769606,-0.055244796578232835,0.0,-0.055244796578232835,0.24884092289010318,0.0,0.24884092289010318
2024-04-15,300698.SZ,0.02499107461620853,-0.02885452814058388,0.0,-0.02885452814058388,0.556,0.0,0.556
2024-04-16,300698.SZ,0.13856812933025386,0.02898106884085161,0.0,0.02898106884085161,0.68,0.0,0.68
2024-04-18,300698.SZ,0.01569430228590929,0.0578114147210555,0.0,0.0578114147210555,0.7778889414208855,0.0,0.7778889414208855
2024-04-19,300698.SZ,0.08274894810659195,0.08634417667741351,0.0,0.08634417667741351,0.7570231103287468,0.0,0.7570231103287468
2024-04-22,300698.SZ,0.08042328042328029,0.07112267628223858,0.0,0.07112267628223858,0.6720794749200378,0.0,0.6720794749200378
2024-04-23,300698.SZ,0.062347614071752044,0.07486270315292201,0.0,0.07486270315292201,0.6926698110544917,0.0,0.6926698110544917
2024-04-24,300698.SZ,0.22312373225152138,0.0716999430283413,0.0,0.0716999430283413,0.7320001188186227,0.0,0.7320001188186227
2024-04-25,300698.SZ,0.18374202216996993,0.06578196880042628,0.0,0.06578196880042628,0.6826591721835585,0.0,0.6826591721835585
2024-04-26,300698.SZ,0.1033031088082903,0.07453706984062373,0.0,0.07453706984062373,0.7859142929456763,0.0,0.7859142929456763
2024-04-29,300698.SZ,0.07704864511916432,0.09070307846948684,0.0,0.09070307846948684,0.6936859058611714,0.0,0.6936859058611714
2024-04-30,300698.SZ,0.040983606557376984,0.04931787395090227,0.0,0.04931787395090227,0.561750940301062,0.0,0.561750940301062
2024-05-07,300698.SZ,-0.12520729684908793,-0.030731715114263328,0.0,-0.030731715114263328,0.48192307692307695,0.0,0.48192307692307695
2024-05-08,300698.SZ,-0.08768444948921694,-0.012694971245994629,0.0,-0.012694971245994629,0.5290909090909091,0.0,0.5290909090909091
2024-05-09,300698.SZ,-0.05459348400352215,-0.003949733441759276,0.0,-0.003949733441759276,0.5890909090909091,0.0,0.5890909090909091
2024-05-10,300698.SZ,-0.0290997271900576,0.025540956140216994,0.0,0.025540956140216994,0.5908624898693392,0.0,0.5908624898693392
2024-05-13,300698.SZ,0.1067716535433072,0.024718278611119877,0.0,0.024718278611119877,0.5911856083592039,0.0,0.5911856083592039
2024-04-10,300712.SZ,-0.07755581668625144,-0.0233154657244748,0.0,-0.0233154657244748,0.4048174603174603,0.0,0.4048174603174603
2024-04-11,300712.SZ,-0.05841503267973858,0.0028396930945613227,0.0,0.0028396930945613227,0.46190929185320895,0.0,0.46190929185320895
2024-04-12,300712.SZ,-0.039004149377593444,-0.023392104836467347,0.0,-0.023392104836467347,0.3910981732049408,0.0,0.3910981732049408
2024-04-15,300712.SZ,-0.021249468763280932,0.0564825843498646,0.0,0.0564825843498646,0.49223016233740646,0.0,0.49223016233740646
2024-04-16,300712.SZ,0.07863089731729866,0.09702684261746068,0.0,0.09702684261746068,0.6146922348484849,0.0,0.6146922348484849
2024-04-17,300712.SZ,-0.00721868365180478,0.06758817283398705,0.0,0.06758817283398705,0.6948599787309465,0.0,0.6948599787309465
2024-04-18,300712.SZ,0.010845986984815648,0.0309662302908174,0.0,0.0309662302908174,0.6225165636871116,0.0,0.6225165636871116
2024-04-19,300712.SZ,-0.00043177892918833116,0.03305658615274964,0.0,0.03305658615274964,0.5760332280010584,0.0,0.5760332280010584
2024-04-22,300712.SZ,0.054711246200607855,0.01970894085051822,0.0,0.01970894085051822,0.5765427289168094,0.0,0.5765427289168094
2024-04-23,300712.SZ,0.030874785591766596,0.02411227904633198,0.0,0.02411227904633198,0.5919450980392156,0.0,0.5919450980392156
2024-04-24,300712.SZ,0.04875962360992303,0.017500736130299222,0.0,0.017500736130299222,0.5715841504854369,0.0,0.5715841504854369
2024-04-25,300712.SZ,0.05579399141630903,0.01370488669539885,0.0,0.01370488669539885,0.6412399180327868,0.0,0.6412399180327868
2024-04-26,300712.SZ,0.06997840172786174,0.04113138646636018,0.0,0.04113138646636018,0.6546685279029981,0.0,0.6546685279029981
2024-04-29,300712.SZ,0.04158089748867844,0.015726487187904394,0.0,0.015726487187904394,0.6806227793540888,0.0,0.6806227793540888
2024-04-30,300712.SZ,0.04742096505823623,0.040440749350206355,0.0,0.040440749350206355,0.7202942427214987,0.0,0.7202942427214987
2024-05-06,300712.SZ,0.10970636215334428,0.028341198350635616,0.0,0.028341198350635616,0.7031118148418884,0.0,0.7031118148418884
2024-05-07,300712.SZ,0.09268292682926815,0.024587741382777244,0.0,0.024587741382777244,0.7048152675789942,0.0,0.7048152675789942
2024-05-08,300712.SZ,0.027048849414614606,0.03481230476768211,0.0,0.03481230476768211,0.694695929195749,0.0,0.694695929195749
2024-05-09,300712.SZ,0.04110671936758892,0.03160406412928738,0.0,0.03160406412928738,0.6755630602023791,0.0,0.6755630602023791
2024-05-10,300712.SZ,0.03256552819698166,0.037448319613167434,0.0,0.037448319613167434,0.5282389076152962,0.0,0.5282389076152962
2024-05-13,300712.SZ,-0.06651966188901148,-0.010033101996935488,0.0,-0.010033101996935488,0.655,0.0,0.655
2024-04-10,300737.SZ,-0.06575963718820865,-0.0896888596950359,0.0,-0.0896888596950359,0.23612090531001495,0.0,0.23612090531001495
2024-04-11,300737.SZ,-0.08219178082191791,-0.06477789996104671,0.0,-0.06477789996104671,0.21504935647197015,0.0,0.21504935647197015
2024-04-12,300737.SZ,-0.05660377358490576,-0.07688306179224122,0.0,-0.07688306179224122,0.2303453554025779,0.0,0.2303453554025779
2024-04-15,300737.SZ,-0.007444168734491385,0.00601310145347481,0.0,0.00601310145347481,0.41608343304846235,0.0,0.41608343304846235
2024-04-16,300737.SZ,0.05759162303664933,0.004433047350343189,0.0,0.004433047350343189,0.4520742580597477,0.0,0.4520742580597477
2024-04-17,300737.SZ,-0.00728155339805836,-0.06154563685028527,0.0,-0.06154563685028527,0.5989467839932957,0.0,0.5989467839932957
2024-04-18,300737.SZ,0.022388059701492713,-0.056594853056545616,0.0,-0.056594853056545616,0.48387263463102415,0.0,0.48387263463102415
2024-04-19,300737.SZ,0.04249999999999998,-0.05890468742761452,0.0,-0.05890468742761452,0.48504800523574254,0.0,0.48504800523574254
2024-04-22,300737.SZ,0.11250000000000004,-0.06874203146195819,0.0,-0.06874203146195819,0.4292558232127467,0.0,0.4292558232127467
2024-04-23,300737.SZ,0.1188118811881187,-0.06710628060283488,0.0,-0.06710628060283488,0.4267941839785654,0.0,0.4267941839785654
2024-04-24,300737.SZ,0.11491442542787289,-0.07541096815576498,0.0,-0.07541096815576498,0.43823966792404934,0.0,0.43823966792404934
2024-04-25,300737.SZ,0.13868613138686126,-0.06471586896912593,0.0,-0.06471586896912593,0.45618034589015094,0.0,0.45618034589015094
2024-04-26,300737.SZ,0.07913669064748197,-0.07573266947515656,0.0,-0.07573266947515656,0.35277880214060986,0.0,0.35277880214060986
2024-04-29,300737.SZ,0.035955056179775235,-0.00010029859862912826,0.0,-0.00010029859862912826,0.7310226098191214,0.0,0.7310226098191214
2024-04-30,300737.SZ,0.0331858407079646,-0.054862360669241994,0.0,-0.054862360669241994,0.6142828437372502,0.0,0.6142828437372502
2024-05-06,300737.SZ,-0.002192982456140302,-0.048689952131590164,0.0,-0.048689952131590164,0.5622070179114244,0.0,0.5622070179114244
2024-05-07,300737.SZ,-0.02136752136752129,-0.05172470191234581,0.0,-0.05172470191234581,0.6250219760507927,0.0,0.6250219760507927
2024-05-08,300737.SZ,0.05555555555555558,-0.06909632682801468,0.0,-0.06909632682801468,0.5702988333482831,0.0,0.5702988333482831
2024-05-09,300737.SZ,0.12798264642082424,-0.00548226355485369,0.0,-0.00548226355485369,0.5576886599645706,0.0,0.5576886599645706
2024-05-10,300737.SZ,0.38972162740899363,0.034023330827695014,0.0,0.034023330827695014,0.6183893705781507,0.0,0.6183893705781507
2024-05-13,300737.SZ,0.37362637362637363,0.02889553745946111,0.0,0.02889553745946111,0.5403818162661082,0.0,0.5403818162661082
2024-04-10,300800.SZ,-0.09482758620689657,-0.06904115206087807,0.0,-0.06904115206087807,0.24979166666666663,0.0,0.24979166666666663
2024-04-11,300800.SZ,-0.15302491103202853,-0.02554216515445835,0.0,-0.02554216515445835,0.475,0.0,0.475
2024-04-12,300800.SZ,-0.1462522851919561,-0.06001127343803594,0.0,-0.06001127343803594,0.34097297297297297,0.0,0.34097297297297297
2024-04-15,300800.SZ,-0.08030592734225639,-0.054614209877047556,0.0,-0.054614209877047556,0.4902830188679246,0.0,0.4902830188679246
2024-04-17,300800.SZ,0.025484199796126372,0.01544312370729514,0.0,0.01544312370729514,0.5012809523809524,0.0,0.5012809523809524
2024-04-18,300800.SZ,0.06878306878306883,0.01297278531824589,0.0,0.01297278531824589,0.6309502595853735,0.0,0.6309502595853735
2024-04-19,300800.SZ,0.07457983193277329,-0.052919794451852076,0.0,-0.052919794451852076,0.3840771222350169,0.0,0.3840771222350169
2024-04-22,300800.SZ,0.11991434689507496,-0.07470774523685696,0.0,-0.07470774523685696,0.4339162250156091,0.0,0.4339162250156091
2024-04-23,300800.SZ,0.09251559251559249,-0.05610479671607242,0.0,-0.05610479671607242,0.4958003598579452,0.0,0.4958003598579452
2024-04-24,300800.SZ,0.05666003976143141,-0.008389196568596984,0.0,-0.008389196568596984,0.4744880261093829,0.0,0.4744880261093829
2024-04-25,300800.SZ,0.0663366336633664,-3.505726330253513e-05,0.0,-3.505726330253513e-05,0.6379967289522221,0.0,0.6379967289522221
2024-04-26,300800.SZ,0.038123167155425186,-0.05294000402340781,0.0,-0.05294000402340781,0.46944444444444444,0.0,0.46944444444444444
2024-04-29,300800.SZ,0.020076481835563875,-0.04846681893059681,0.0,-0.04846681893059681,0.508,0.0,0.508
2024-04-30,300800.SZ,0.0028544243577544037,-0.06536336735311338,0.0,-0.06536336735311338,0.42507434366056984,0.0,0.42507434366056984
2024-05-06,300800.SZ,-0.027281279397930458,-0.0645305259197125,0.0,-0.0645305259197125,0.3879978287548381,0.0,0.3879978287548381
2024-05-07,300800.SZ,-0.01021355617455888,-0.06864884164924931,0.0,-0.06864884164924931,0.3779978287548381,0.0,0.3779978287548381
2024-05-08,300800.SZ,-0.0009416195856873921,-0.05126701173916943,0.0,-0.05126701173916943,0.35016305847969825,0.0,0.35016305847969825
2024-05-09,300800.SZ,0.0009372071227740086,-0.051262653895389,0.0,-0.051262653895389,0.376517993230885,0.0,0.376517993230885
2024-05-10,300800.SZ,0.022770398481973375,-0.06100132922624568,0.0,-0.06100132922624568,0.3668522611044745,0.0,0.3668522611044745
2024-05-13,300800.SZ,0.05802707930367501,-0.038955807553960164,0.0,-0.038955807553960164,0.4026334418925404,0.0,0.4026334418925404
2024-04-10,300820.SZ,-0.006956521739130417,-0.069091176167403,0.0,-0.069091176167403,0.33,0.0,0.33
2024-04-11,300820.SZ,-0.0493775933609959,-0.09100091216243929,0.0,-0.09100091216243929,0.255,0.0,0.255
2024-04-12,300820.SZ,-0.04978354978354982,-0.06090673413391997,0.0,-0.06090673413391997,0.34,0.0,0.34
2024-04-15,300820.SZ,-0.04259850905218321,-0.05101884786101503,0.0,-0.05101884786101503,0.30038617886178864,0.0,0.30038617886178864
2024-04-16,300820.SZ,0.05118200596740863,-0.05130166474656711,0.0,-0.05130166474656711,0.2662762001352265,0.0,0.2662762001352265
2024-04-17,300820.SZ,0.02977232924693518,-0.06956942466874326,0.0,-0.06956942466874326,0.2778861788617886,0.0,0.2778861788617886
2024-04-18,300820.SZ,0.04561326931470955,-0.04462442074640049,0.0,-0.04462442074640049,0.255,0.0,0.255
2024-04-19,300820.SZ,0.1246013667425967,-0.04784830873825597,0.0,-0.04784830873825597,0.335,0.0,0.335
2024-04-22,300820.SZ,0.12547274749721904,-0.053302003689638236,0.0,-0.053302003689638236,0.3128861788617886,0.0,0.3128861788617886
2024-04-23,300820.SZ,0.09541484716157211,-0.06095815260187876,0.0,-0.06095815260187876,0.2753861788617886,0.0,0.2753861788617886
2024-04-24,300820.SZ,0.06717687074829937,-0.05522538360627658,0.0,-0.05522538360627658,0.35538617886178864,0.0,0.35538617886178864
2024-04-25,300820.SZ,0.02149864328950124,-0.04937756976692859,0.0,-0.04937756976692859,0.3253861788617886,0.0,0.3253861788617886
2024-04-26,300820.SZ,-0.05063803929511845,-0.060122239017128355,0.0,-0.060122239017128355,0.2519791666666667,0.0,0.2519791666666667
2024-04-29,300820.SZ,-0.06088159715358776,-0.05641645002973448,0.0,-0.05641645002973448,0.24697916666666667,0.0,0.24697916666666667
2024-04-30,300820.SZ,-0.08610723539964127,-0.04373516154981498,0.0,-0.04373516154981498,0.22819867886178863,0.0,0.22819867886178863
2024-05-06,300820.SZ,-0.1139442231075698,-0.04457368913750684,0.0,-0.04457368913750684,0.22569867886178863,0.0,0.22569867886178863
2024-05-07,300820.SZ,-0.09154066203514499,-0.052717035962830804,0.0,-0.052717035962830804,0.30073100644799555,0.0,0.30073100644799555
2024-05-08,300820.SZ,-0.030083208875613332,-0.06544507888251662,0.0,-0.06544507888251662,0.3303448275862069,0.0,0.3303448275862069
2024-05-09,300820.SZ,-0.07240580930330454,-0.06434408041975186,0.0,-0.06434408041975186,0.2564094141755063,0.0,0.2564094141755063
2024-05-10,300820.SZ,-0.02726281352235549,-0.03830388388485714,0.0,-0.03830388388485714,0.3153448275862069,0.0,0.3153448275862069
2024-05-13,300820.SZ,0.02023381294964044,-0.06134657592949708,0.0,-0.06134657592949708,0.2453448275862069,0.0,0.2453448275862069
2024-04-10,300840.SZ,-0.10415293342122611,-0.05076087425030019,0.0,-0.05076087425030019,0.2704198661378989,0.0,0.2704198661378989
2024-04-11,300840.SZ,-0.11369680851063824,-0.04918742424446691,0.0,-0.04918742424446691,0.29185018628855813,0.0,0.29185018628855813
2024-04-12,300840.SZ,-0.06589673913043481,-0.022809644070970095,0.0,-0.022809644070970095,0.4438350227303525,0.0,0.4438350227303525
2024-04-15,300840.SZ,-0.056842105263157916,-0.03487745983756389,0.0,-0.03487745983756389,0.4032585353323059,0.0,0.4032585353323059
2024-04-17,300840.SZ,0.006721433905899854,0.07847344201793581,0.0,0.07847344201793581,0.46530092348455354,0.0,0.46530092348455354
2024-04-18,300840.SZ,0.01986754966887405,0.04062552131356642,0.0,0.04062552131356642,0.44608345818623507,0.0,0.44608345818623507
2024-04-19,300840.SZ,0.03975993998499616,0.03170127671991613,0.0,0.03170127671991613,0.583093077523655,0.0,0.583093077523655
2024-04-22,300840.SZ,0.019636363636363674,0.06377558751408927,0.0,0.06377558751408927,0.5261619118576356,0.0,0.5261619118576356
2024-04-23,300840.SZ,0.032738095238095344,0.007413030743934964,0.0,0.007413030743934964,0.5736574027584108,0.0,0.5736574027584108
2024-04-24,300840.SZ,0.06305637982195833,-0.0194471316341933,0.0,-0.0194471316341933,0.4492963204396234,0.0,0.4492963204396234
2024-04-25,300840.SZ,0.045454545454545414,-0.013668583933069224,0.0,-0.013668583933069224,0.3880765505120157,0.0,0.3880765505120157
2024-04-26,300840.SZ,0.031024531024530955,-0.029987355845258544,0.0,-0.029987355845258544,0.3864398360842282,0.0,0.3864398360842282
2024-04-29,300840.SZ,0.01711840228245376,-0.020813705096208036,0.0,-0.020813705096208036,0.467090533412573,0.0,0.467090533412573
2024-04-30,300840.SZ,0.025216138328530313,-0.031455510046292885,0.0,-0.031455510046292885,0.4028545792212929,0.0,0.4028545792212929
2024-05-06,300840.SZ,-0.037683182135380355,-0.03078513306285667,0.0,-0.03078513306285667,0.40804371406238127,0.0,0.40804371406238127
2024-05-07,300840.SZ,-0.0331262939958592,-0.018742643939582505,0.0,-0.018742643939582505,0.42305000041044005,0.0,0.42305000041044005
2024-05-08,300840.SZ,-0.0006997900629810427,-0.019722111916362858,0.0,-0.019722111916362858,0.48397968972631455,0.0,0.48397968972631455
2024-05-09,300840.SZ,-0.025946704067321136,-0.03408738965263029,0.0,-0.03408738965263029,0.3690956753000424,0.0,0.3690956753000424
2024-05-10,300840.SZ,-0.025298664792691605,-0.024724570054128158,0.0,-0.024724570054128158,0.37076559369621487,0.0,0.37076559369621487
2024-05-13,300840.SZ,-0.01377810007251623,-0.02121234403673644,0.0,-0.02121234403673644,0.4224918200800527,0.0,0.4224918200800527
2024-04-11,300922.SZ,0.16338880484114982,-0.004326068564391376,0.0,-0.004326068564391376,0.44309462629796215,0.0,0.44309462629796215
2024-04-12,300922.SZ,0.041784702549575226,-0.04502700810453473,0.0,-0.04502700810453473,0.4014102564102564,0.0,0.4014102564102564
2024-04-15,300922.SZ,-0.06775244299674266,0.014447868861938775,0.0,0.014447868861938775,0.565,0.0,0.565
2024-04-17,300922.SZ,0.003597122302158251,0.015580612023262925,0.0,0.015580612023262925,0.5518133718133718,0.0,0.5518133718133718
2024-04-18,300922.SZ,0.08012093726379432,0.03604260316092878,0.0,0.03604260316092878,0.667154761904762,0.0,0.667154761904762
2024-04-22,300922.SZ,-0.06176853055916787,0.00773303468539394,0.0,0.00773303468539394,0.5634615384615385,0.0,0.5634615384615385
2024-04-23,300922.SZ,-0.06458191706322236,0.021486209445429925,0.0,0.021486209445429925,0.5685435674702033,0.0,0.5685435674702033
2024-04-24,300922.SZ,-0.02096436058700213,0.020761843435849317,0.0,0.020761843435849317,0.6328192752838298,0.0,0.6328192752838298
2024-04-25,300922.SZ,0.09390681003584223,0.040569563354643005,0.0,0.040569563354643005,0.7567280913872554,0.0,0.7567280913872554
2024-04-26,300922.SZ,0.04828551434569639,0.017013068299207824,0.0,0.017013068299207824,0.5607319976750493,0.0,0.5607319976750493
2024-04-29,300922.SZ,0.08662508662508661,0.022227453876793656,0.0,0.022227453876793656,0.6708779787703434,0.0,0.6708779787703434
2024-04-30,300922.SZ,0.11482558139534893,0.03816296858744499,0.0,0.03816296858744499,0.7440695443474694,0.0,0.7440695443474694
2024-05-06,300922.SZ,0.047822983583154954,0.02602705774057508,0.0,0.02602705774057508,0.6940685249221475,0.0,0.6940685249221475
2024-05-07,300922.SZ,-0.023591087811271283,0.03537584822137067,0.0,0.03537584822137067,0.6746880440284465,0.0,0.6746880440284465
2024-05-08,300922.SZ,-0.044058744993324406,0.016330555568954817,0.0,0.016330555568954817,0.5849434976905902,0.0,0.5849434976905902
2024-05-09,300922.SZ,-0.08227040816326525,0.011105830736199428,0.0,0.011105830736199428,0.5701399516713653,0.0,0.5701399516713653
2024-05-10,300922.SZ,-0.04889178617992174,0.025577347614518558,0.0,0.025577347614518558,0.5991598761912899,0.0,0.5991598761912899
2024-05-13,300922.SZ,0.042234332425068244,0.049442468362078246,0.0,0.049442468362078246,0.7603074488217284,0.0,0.7603074488217284
2024-04-10,300989.SZ,0.14301310043668125,-0.08921529275276266,0.0,-0.08921529275276266,0.1175,0.0,0.1175
2024-04-11,300989.SZ,0.1884480746791133,-0.07136780861776287,0.0,-0.07136780861776287,0.215,0.0,0.215
2024-04-12,300989.SZ,0.2708585247883919,-0.0680127017017419,0.0,-0.0680127017017419,0.18967741935483873,0.0,0.18967741935483873
2024-04-15,300989.SZ,0.39393939393939403,0.04928734517535343,0.0,0.04928734517535343,0.2916666666666667,0.0,0.2916666666666667
2024-04-18,300989.SZ,0.20818291215403106,-0.07244852464670815,0.0,-0.07244852464670815,0.235,0.0,0.235
2024-04-22,300989.SZ,-0.04489016236867249,-0.0593815752545022,0.0,-0.0593815752545022,0.305,0.0,0.305
2024-04-23,300989.SZ,-0.10063819342169855,-0.040372602216669884,0.0,-0.040372602216669884,0.33,0.0,0.33
2024-04-24,300989.SZ,-0.05518553758325406,-0.05143035319193677,0.0,-0.05143035319193677,0.28,0.0,0.28
2024-04-25,300989.SZ,-0.09666975023126734,-0.051868360123668536,0.0,-0.051868360123668536,0.275,0.0,0.275
2024-04-26,300989.SZ,-0.07768924302788838,0.009172186596984148,0.0,0.009172186596984148,0.395,0.0,0.395
2024-04-29,300989.SZ,-0.0625,0.0010490047905009497,0.0,0.0010490047905009497,0.36,0.0,0.36
2024-04-30,300989.SZ,0.04530567685589504,0.02735489996768916,0.0,0.02735489996768916,0.5107124042145594,0.0,0.5107124042145594
2024-05-06,300989.SZ,-0.11127895266868082,0.03006616960983278,0.0,0.03006616960983278,0.451,0.0,0.451
2024-05-07,300989.SZ,-0.07066052227342567,0.0017859144489271628,0.0,0.0017859144489271628,0.44,0.0,0.44
2024-05-08,300989.SZ,-0.016198704103671746,0.023582834683577983,0.0,0.023582834683577983,0.5049137931034483,0.0,0.5049137931034483
2024-05-09,300989.SZ,0.04533333333333345,0.004295659850362039,0.0,0.004295659850362039,0.5205767171359375,0.0,0.5205767171359375
2024-05-10,300989.SZ,0.0663185378590081,-0.011872027637390441,0.0,-0.011872027637390441,0.41079861111111116,0.0,0.41079861111111116
2024-05-13,300989.SZ,0.15637393767705388,0.015241755817921731,0.0,0.015241755817921731,0.5940457375478928,0.0,0.5940457375478928
2024-04-10,301023.SZ,-0.0650563607085346,-0.10497876304338058,0.0,-0.10497876304338058,0.31729166666666664,0.0,0.31729166666666664
2024-04-11,301023.SZ,-0.08405797101449275,-0.09060218300884132,0.0,-0.09060218300884132,0.263655737704918,0.0,0.263655737704918
2024-04-12,301023.SZ,-0.09562398703403574,-0.04554588437422557,0.0,-0.04554588437422557,0.22865573770491798,0.0,0.22865573770491798
2024-04-15,301023.SZ,-0.04520358868184948,-0.019746137422127667,0.0,-0.019746137422127667,0.441,0.0,0.441
2024-04-16,301023.SZ,0.08455467869222089,0.03619203526848132,0.0,0.03619203526848132,0.5598404255319148,0.0,0.5598404255319148
2024-04-17,301023.SZ,0.02583534274888044,0.010882635360058015,0.0,0.010882635360058015,0.5421428571428571,0.0,0.5421428571428571
2024-04-18,301023.SZ,0.053094233473980346,0.013613662599654883,0.0,0.013613662599654883,0.5491152346922202,0.0,0.5491152346922202
2024-04-19,301023.SZ,0.07885304659498216,0.014707485446430746,0.0,0.014707485446430746,0.5176498091603053,0.0,0.5176498091603053
2024-04-22,301023.SZ,0.14672930972172016,0.007419281036713312,0.0,0.007419281036713312,0.606581181709325,0.0,0.606581181709325
2024-04-23,301023.SZ,0.08627858627858642,0.017574053587722575,0.0,0.017574053587722575,0.6424345238095238,0.0,0.6424345238095238
2024-04-24,301023.SZ,0.07387508394895903,0.0013231485736473916,0.0,0.0013231485736473916,0.6524345238095237,0.0,0.6524345238095237
2024-04-25,301023.SZ,0.06844741235392315,0.000297368719824736,0.0,0.000297368719824736,0.561139705882353,0.0,0.561139705882353
2024-04-26,301023.SZ,0.05780730897009967,0.0034744444869687567,0.0,0.0034744444869687567,0.5720870502046973,0.0,0.5720870502046973
2024-04-29,301023.SZ,0.011660888748818099,0.05592943281541328,0.0,0.05592943281541328,0.6640218052228855,0.0,0.6640218052228855
2024-04-30,301023.SZ,0.011164274322168932,-0.0005599340557523412,0.0,-0.0005599340557523412,0.6109302260132761,0.0,0.6109302260132761
2024-05-06,301023.SZ,-0.039399624765478425,0.012890877185629555,0.0,0.012890877185629555,0.6270729986902223,0.0,0.6270729986902223
2024-05-07,301023.SZ,-0.010937500000000044,-0.005635911151143096,0.0,-0.005635911151143096,0.654184588101495,0.0,0.654184588101495
2024-05-08,301023.SZ,-0.027638190954773822,-0.005827962712669845,0.0,-0.005827962712669845,0.5713028019751726,0.0,0.5713028019751726
2024-05-09,301023.SZ,-0.026479750778816258,0.003033901293152933,0.0,0.003033901293152933,0.6384492937263154,0.0,0.6384492937263154
2024-05-10,301023.SZ,0.001577287066246047,0.01419765172458641,0.0,0.01419765172458641,0.7404626673830847,0.0,0.7404626673830847
2024-05-13,301023.SZ,0.03352864583333348,-0.05811456512267155,0.0,-0.05811456512267155,0.5563764630891592,0.0,0.5563764630891592
2024-04-10,301105.SZ,-0.17075009423294385,-0.061693369221016585,0.0,-0.061693369221016585,0.30558629326047354,0.0,0.30558629326047354
2024-04-11,301105.SZ,-0.07611548556430447,0.060402050976885516,0.0,0.060402050976885516,0.29055555555555557,0.0,0.29055555555555557
2024-04-12,301105.SZ,-0.06113375324194137,0.07372691382619374,0.0,0.07372691382619374,0.24656340593652992,0.0,0.24656340593652992
2024-04-18,301105.SZ,0.09257641921397375,-0.044852938028039795,0.0,-0.044852938028039795,0.524375,0.0,0.524375
2024-04-19,301105.SZ,0.17602830605926578,-0.04338374189891517,0.0,-0.04338374189891517,0.534375,0.0,0.534375
2024-04-22,301105.SZ,0.19999999999999996,-0.0503908852116219,0.0,-0.0503908852116219,0.515,0.0,0.515
2024-04-24,301105.SZ,0.1160714285714286,-0.06161232952534803,0.0,-0.06161232952534803,0.4909264705882353,0.0,0.4909264705882353
2024-04-25,301105.SZ,0.09629044988161017,-0.059891067205166945,0.0,-0.059891067205166945,0.44475000000000003,0.0,0.44475000000000003
2024-04-26,301105.SZ,0.09472422062350128,-0.038702194268943085,0.0,-0.038702194268943085,0.4379042443064182,0.0,0.4379042443064182
2024-04-29,301105.SZ,0.05641218503196699,0.061662381040400824,0.0,0.061662381040400824,0.5050441176470588,0.0,0.5050441176470588
2024-04-30,301105.SZ,0.03295454545454546,-0.006754577993317574,0.0,-0.006754577993317574,0.4741839222868635,0.0,0.4741839222868635
2024-05-06,301105.SZ,-0.023636363636363567,0.06247622179493234,0.0,0.06247622179493234,0.49004411764705885,0.0,0.49004411764705885
2024-05-07,301105.SZ,-0.00683945284377252,0.030178468016298775,0.0,0.030178468016298775,0.5483855985960164,0.0,0.5483855985960164
2024-05-08,301105.SZ,0.013508579773640061,0.054394684344739555,0.0,0.054394684344739555,0.5989801151905331,0.0,0.5989801151905331
2024-05-09,301105.SZ,0.007831968672125322,0.045680714971980736,0.0,0.045680714971980736,0.5611689471918649,0.0,0.5611689471918649
2024-05-10,301105.SZ,0.03777044371103777,0.07431494652930587,0.0,0.07431494652930587,0.6689801151905331,0.0,0.6689801151905331
2024-05-13,301105.SZ,0.039478584729981225,0.07754554997539198,0.0,0.07754554997539198,0.7186676151905331,0.0,0.7186676151905331
2024-04-10,301115.SZ,-0.08890214797136053,0.023375012443704324,0.0,0.023375012443704324,0.4130218598724222,0.0,0.4130218598724222
2024-04-11,301115.SZ,-0.09330143540669844,0.006857685022085245,0.0,0.006857685022085245,0.4471759118094025,0.0,0.4471759118094025
2024-04-12,301115.SZ,-0.04277743335399875,-0.008035031366310973,0.0,-0.008035031366310973,0.45476785714285717,0.0,0.45476785714285717
2024-04-15,301115.SZ,-0.010396361273554255,0.02511768065776573,0.0,0.02511768065776573,0.5397466370508924,0.0,0.5397466370508924
2024-04-16,301115.SZ,0.07272727272727275,0.04040552342011692,0.0,0.04040552342011692,0.6669973702908777,0.0,0.6669973702908777
2024-04-17,301115.SZ,0.015062213490504295,0.02596826895403381,0.0,0.02596826895403381,0.5913768115942029,0.0,0.5913768115942029
2024-04-18,301115.SZ,0.02836411609498679,0.027560885710530458,0.0,0.027560885710530458,0.7307265527551544,0.0,0.7307265527551544
2024-04-19,301115.SZ,0.0019430051813471572,0.043249099230459116,0.0,0.043249099230459116,0.6508287363159101,0.0,0.6508287363159101
2024-04-22,301115.SZ,0.040052527905449775,0.03240902940321681,0.0,0.03240902940321681,0.7167234745768427,0.0,0.7167234745768427
2024-04-23,301115.SZ,0.022816166883963485,0.0330178433208997,0.0,0.0330178433208997,0.7187062958381584,0.0,0.7187062958381584
2024-04-24,301115.SZ,0.029677419354838808,0.028654439649100617,0.0,0.028654439649100617,0.763741108275606,0.0,0.763741108275606
2024-04-25,301115.SZ,0.029506093649775522,0.024922475961233495,0.0,0.024922475961233495,0.768838871595734,0.0,0.768838871595734
2024-04-26,301115.SZ,0.025856496444731647,0.02766952675178085,0.0,0.02766952675178085,0.7937683760856408,0.0,0.7937683760856408
2024-04-29,301115.SZ,0.010732323232323315,0.04972465070150365,0.0,0.04972465070150365,0.6690792639297015,0.0,0.6690792639297015
2024-04-30,301115.SZ,0.004461440407903083,0.02507418143350063,0.0,0.02507418143350063,0.8272444947310071,0.0,0.8272444947310071
2024-05-06,301115.SZ,-0.03007518796992481,0.01701801900534643,0.0,0.01701801900534643,0.708046743697479,0.0,0.708046743697479
2024-05-07,301115.SZ,-0.03177570093457949,0.02151259061406805,0.0,0.02151259061406805,0.7340663865147451,0.0,0.7340663865147451
2024-05-08,301115.SZ,-0.02961562696912401,0.022676211993794545,0.0,0.022676211993794545,0.7850021008004595,0.0,0.7850021008004595
2024-05-09,301115.SZ,-0.02623360399750163,0.018996685002675883,0.0,0.018996685002675883,0.6897980964714552,0.0,0.6897980964714552
2024-05-10,301115.SZ,-0.0031725888324872775,0.0230424899456924,0.0,0.0230424899456924,0.7361806722290308,0.0,0.7361806722290308
2024-05-13,301115.SZ,0.018733850129198926,0.01955381309973524,0.0,0.01955381309973524,0.6681494376558555,0.0,0.6681494376558555
2024-04-10,301120.SZ,-0.08975712777191147,-0.06904504192483539,0.0,-0.06904504192483539,0.3521725490196079,0.0,0.3521725490196079
2024-04-11,301120.SZ,-0.11746361746361733,-0.025767993794789966,0.0,-0.025767993794789966,0.3236113292207483,0.0,0.3236113292207483
2024-04-12,301120.SZ,-0.09656652360515028,-0.05027825295786193,0.0,-0.05027825295786193,0.3508487804878048,0.0,0.3508487804878048
2024-04-15,301120.SZ,-0.02491506228765583,0.012134816983048378,0.0,0.012134816983048378,0.5686572104018913,0.0,0.5686572104018913
2024-04-17,301120.SZ,0.02298850574712663,-0.088088004885723,0.0,-0.088088004885723,0.43316029682164436,0.0,0.43316029682164436
2024-04-18,301120.SZ,-0.013921113689094988,-0.03976779050365682,0.0,-0.03976779050365682,0.3896612091587399,0.0,0.3896612091587399
2024-04-19,301120.SZ,0.016489988221437102,-0.039786280363232056,0.0,-0.039786280363232056,0.4270604299819105,0.0,0.4270604299819105
2024-04-22,301120.SZ,0.07482185273159159,-0.0916176000414547,0.0,-0.0916176000414547,0.4046026651995844,0.0,0.4046026651995844
2024-04-23,301120.SZ,0.03716608594657389,-0.07271479436284309,0.0,-0.07271479436284309,0.3826248038796177,0.0,0.3826248038796177
2024-04-24,301120.SZ,0.020224719101123556,-0.0648521684049796,0.0,-0.0648521684049796,0.4213090144059335,0.0,0.4213090144059335
2024-04-25,301120.SZ,0.07176470588235295,-0.08729844212355502,0.0,-0.08729844212355502,0.4069594209099986,0.0,0.4069594209099986
2024-04-26,301120.SZ,0.1031286210892235,-0.048885314162382655,0.0,-0.048885314162382655,0.4473346554315745,0.0,0.4473346554315745
2024-04-29,301120.SZ,0.12486187845303864,-0.05840540066169374,0.0,-0.05840540066169374,0.4316748680644701,0.0,0.4316748680644701
2024-04-30,301120.SZ,0.2127659574468086,-0.0380440701738204,0.0,-0.0380440701738204,0.3815834939913887,0.0,0.3815834939913887
2024-05-06,301120.SZ,0.1806167400881058,-0.05312346092442394,0.0,-0.05312346092442394,0.2695037174047075,0.0,0.2695037174047075
2024-05-07,301120.SZ,0.15916575192096616,-0.046868810841424496,0.0,-0.046868810841424496,0.2797454013963915,0.0,0.2797454013963915
2024-05-08,301120.SZ,0.05147058823529416,-0.04778830951686005,0.0,-0.04778830951686005,0.3113729256818105,0.0,0.3113729256818105
2024-05-09,301120.SZ,-0.03929273084479379,0.007172612520924663,0.0,0.007172612520924663,0.425,0.0,0.425
2024-05-10,301120.SZ,-0.09510618651892888,0.008965388558505184,0.0,0.008965388558505184,0.415,0.0,0.415
2024-05-13,301120.SZ,-0.043843283582089554,0.015508775766330439,0.0,0.015508775766330439,0.4255,0.0,0.4255
2024-04-10,301312.SZ,-0.09316987740805605,-0.07732031176488335,0.0,-0.07732031176488335,0.11788617886178862,0.0,0.11788617886178862
2024-04-11,301312.SZ,-0.08062234794908063,-0.06727142657136492,0.0,-0.06727142657136492,0.22594985535197687,0.0,0.22594985535197687
2024-04-12,301312.SZ,-0.09932239657631958,-0.06992979419379615,0.0,-0.06992979419379615,0.260655737704918,0.0,0.260655737704918
2024-04-15,301312.SZ,-0.03417334860633825,0.0023822221915282484,0.0,0.0023822221915282484,0.51,0.0,0.51
2024-04-16,301312.SZ,0.10537407797681775,0.02520869364870731,0.0,0.02520869364870731,0.48,0.0,0.48
2024-04-17,301312.SZ,-0.011394360757049138,0.011176368130684018,0.0,0.011176368130684018,0.4940271493212669,0.0,0.4940271493212669
2024-04-18,301312.SZ,0.015576923076923155,-0.005828056735886053,0.0,-0.005828056735886053,0.5046153846153846,0.0,0.5046153846153846
2024-04-19,301312.SZ,0.05167293605226697,0.016088408834946263,0.0,0.016088408834946263,0.5,0.0,0.5
2024-04-22,301312.SZ,0.08638070764973316,0.006069708583498914,0.0,0.006069708583498914,0.5108653846153846,0.0,0.5108653846153846
2024-04-23,301312.SZ,0.024594852240228837,-0.00181251500709635,0.0,-0.00181251500709635,0.4743484735666418,0.0,0.4743484735666418
2024-04-24,301312.SZ,0.07013088493846453,0.08713873353370401,0.0,0.08713873353370401,0.49455209347614404,0.0,0.49455209347614404
2024-04-25,301312.SZ,0.041848134822950245,0.08009690605432665,0.0,0.08009690605432665,0.48396385818202636,0.0,0.48396385818202636
2024-04-26,301312.SZ,0.0011295180722892262,0.023420680680591582,0.0,0.023420680680591582,0.4496153846153846,0.0,0.4496153846153846
2024-04-29,301312.SZ,-0.026928675400291202,0.005353432893515154,0.0,0.005353432893515154,0.4289638581820265,0.0,0.4289638581820265
2024-04-30,301312.SZ,-0.051358392259025054,0.00540911877237477,0.0,0.00540911877237477,0.459316799358497,0.0,0.459316799358497
2024-05-06,301312.SZ,-0.10916392844103695,0.0025754235034269614,0.0,0.0025754235034269614,0.434027149321267,0.0,0.434027149321267
2024-05-07,301312.SZ,-0.051435841512177505,0.00012057884258403207,0.0,0.00012057884258403207,0.48938009049773756,0.0,0.48938009049773756
2024-05-08,301312.SZ,-0.05490786009778115,0.013419287808550055,0.0,0.013419287808550055,0.49476470588235294,0.0,0.49476470588235294
2024-05-09,301312.SZ,-0.05459985041136861,0.0018398307035021272,0.0,0.0018398307035021272,0.46938009049773755,0.0,0.46938009049773755
2024-05-10,301312.SZ,0.04158493526873297,0.011604006477054965,0.0,0.011604006477054965,0.4997014147431124,0.0,0.4997014147431124
2024-05-13,301312.SZ,0.08401639344262302,0.019959370306866557,0.0,0.019959370306866557,0.45959724807644575,0.0,0.45959724807644575
2024-04-10,301459.SZ,-0.12392426850258176,-0.08651398112429046,0.0,-0.08651398112429046,0.3421320921985816,0.0,0.3421320921985816
2024-04-11,301459.SZ,-0.07333164171530049,-0.10034271248653752,0.0,-0.10034271248653752,0.35584099082303977,0.0,0.35584099082303977
2024-04-12,301459.SZ,0.015789473684210575,-0.08620146492238545,0.0,-0.08620146492238545,0.39612400969096434,0.0,0.39612400969096434
2024-04-15,301459.SZ,0.039944521497919716,-0.06950687838831168,0.0,-0.06950687838831168,0.4538519197847885,0.0,0.4538519197847885
2024-04-16,301459.SZ,0.13678696158323644,-0.018611858548562732,0.0,-0.018611858548562732,0.5353448275862069,0.0,0.5353448275862069
2024-04-17,301459.SZ,0.12405276452427705,-0.06516261062580364,0.0,-0.06516261062580364,0.35038617886178863,0.0,0.35038617886178863
2024-04-18,301459.SZ,0.09638554216867457,-0.09869879761288901,0.0,-0.09869879761288901,0.29538617886178864,0.0,0.29538617886178864
2024-04-19,301459.SZ,0.032642487046631974,-0.08836174058022418,0.0,-0.08836174058022418,0.4046153846153846,0.0,0.4046153846153846
2024-04-22,301459.SZ,0.07655374766604428,-0.06705979098747906,0.0,-0.06705979098747906,0.4253448275862069,0.0,0.4253448275862069
2024-04-23,301459.SZ,0.04352278545826915,-0.09346160923616022,0.0,-0.09346160923616022,0.3700015634771732,0.0,0.3700015634771732
2024-04-24,301459.SZ,0.05617977528089879,-0.09182211804564837,0.0,-0.09182211804564837,0.24548233270794245,0.0,0.24548233270794245
2024-04-25,301459.SZ,0.03796203796203801,-0.07613088159875284,0.0,-0.07613088159875284,0.20548233270794244,0.0,0.20548233270794244
2024-04-26,301459.SZ,0.06497742097340709,-0.07656648535985713,0.0,-0.07656648535985713,0.19548233270794246,0.0,0.19548233270794246
2024-04-29,301459.SZ,0.05227948463825571,-0.0906137686077711,0.0,-0.0906137686077711,0.18048233270794245,0.0,0.18048233270794245
2024-04-30,301459.SZ,0.0022080471050049955,-0.08499179183867592,0.0,-0.08499179183867592,0.22048233270794246,0.0,0.22048233270794246
2024-05-06,301459.SZ,-0.05933806146572096,-0.0846748726927101,0.0,-0.0846748726927101,0.25048233270794246,0.0,0.25048233270794246
2024-05-07,301459.SZ,-0.032964388835418745,-0.08166135806162222,0.0,-0.08166135806162222,0.21298233270794245,0.0,0.21298233270794245
2024-05-08,301459.SZ,0.01719670200235557,-0.08989382487198937,0.0,-0.08989382487198937,0.18548233270794245,0.0,0.18548233270794245
2024-05-09,301459.SZ,0.04308923946315035,-0.08027844286032707,0.0,-0.08027844286032707,0.24048233270794245,0.0,0.24048233270794245
2024-05-10,301459.SZ,0.07711138310893517,-0.07776841243454968,0.0,-0.07776841243454968,0.22534482758620691,0.0,0.22534482758620691
2024-05-13,301459.SZ,0.09273686855993968,-0.07509139338834797,0.0,-0.07509139338834797,0.24163617886178862,0.0,0.24163617886178862
2024-04-10,600010.SH,-0.012121212121212088,0.016548811913352474,0.0,0.016548811913352474,0.3492,0.0,0.3492
2024-04-11,600010.SH,-0.012048192771084376,0.01122895727602175,0.0,0.01122895727602175,0.506174224388253,0.0,0.506174224388253
2024-04-12,600010.SH,-0.012195121951219412,0.027699503309092807,0.0,0.027699503309092807,0.6439322057787175,0.0,0.6439322057787175
2024-04-15,600010.SH,-0.006134969325153228,0.026870720660919445,0.0,0.026870720660919445,0.6293061553585493,0.0,0.6293061553585493
2024-04-16,600010.SH,-0.006249999999999978,0.030109500947065423,0.0,0.030109500947065423,0.6839698677611645,0.0,0.6839698677611645
2024-04-17,600010.SH,-0.018404907975460016,0.02158403526637319,0.0,0.02158403526637319,0.6443753393665159,0.0,0.6443753393665159
2024-04-18,600010.SH,-0.024390243902438935,0.019901214580637528,0.0,0.019901214580637528,0.6461451734539969,0.0,0.6461451734539969
2024-04-19,600010.SH,0.0,0.022528807046171665,0.0,0.022528807046171665,0.6897322057787174,0.0,0.6897322057787174
2024-04-22,600010.SH,0.0,0.016157004466204966,0.0,0.016157004466204966,0.7461758828446855,0.0,0.7461758828446855
2024-04-23,600010.SH,0.0062893081761006275,0.022418377983997897,0.0,0.022418377983997897,0.7133605243627882,0.0,0.7133605243627882
2024-04-24,600010.SH,0.012499999999999956,0.034977215110353385,0.0,0.034977215110353385,0.7196764705882353,0.0,0.7196764705882353
2024-04-25,600010.SH,0.018749999999999822,0.038316529634325525,0.0,0.038316529634325525,0.7191764705882352,0.0,0.7191764705882352
2024-04-26,600010.SH,-0.006172839506172867,0.025275925386190178,0.0,0.025275925386190178,0.6690151515151516,0.0,0.6690151515151516
2024-04-29,600010.SH,0.0,0.014940389947799141,0.0,0.014940389947799141,0.7163831487971773,0.0,0.7163831487971773
2024-04-30,600010.SH,0.006250000000000089,0.023440847430743487,0.0,0.023440847430743487,0.7698484848484849,0.0,0.7698484848484849
2024-05-06,600010.SH,-0.01851851851851849,0.016520109688370515,0.0,0.016520109688370515,0.7057695374800638,0.0,0.7057695374800638
2024-05-07,600010.SH,-0.018404907975460016,0.008289332602064096,0.0,0.008289332602064096,0.7100656393372529,0.0,0.7100656393372529
2024-05-08,600010.SH,-0.012422360248447228,0.04395115532016751,0.0,0.04395115532016751,0.745,0.0,0.745
2024-05-09,600010.SH,-0.01851851851851849,0.010097063182595085,0.0,0.010097063182595085,0.7750356113514727,0.0,0.7750356113514727
2024-05-10,600010.SH,0.0,0.021984402945048432,0.0,0.021984402945048432,0.725843137254902,0.0,0.725843137254902
2024-05-13,600010.SH,0.012578616352201255,0.012949429126438306,0.0,0.012949429126438306,0.545,0.0,0.545
2024-04-10,600011.SH,0.026557711950970564,0.022474116021513363,0.0,0.022474116021513363,0.8682558011651444,0.0,0.8682558011651444
2024-04-11,600011.SH,-0.03413654618473916,0.023662387263885046,0.0,0.023662387263885046,0.7791824092965212,0.0,0.7791824092965212
2024-04-12,600011.SH,-0.05247524752475241,0.014958079161938078,0.0,0.014958079161938078,0.6865309597523219,0.0,0.6865309597523219
2024-04-15,600011.SH,-0.0631163708086786,0.02537248484709101,0.0,0.02537248484709101,0.7099666895998165,0.0,0.7099666895998165
2024-04-16,600011.SH,-0.061491935483870885,0.0347259815950449,0.0,0.0347259815950449,0.7584383445825484,0.0,0.7584383445825484
2024-04-17,600011.SH,-0.032835820895522394,0.02166455628146572,0.0,0.02166455628146572,0.6917289002557544,0.0,0.6917289002557544
2024-04-18,600011.SH,-0.015592515592515399,-0.0031091500498814715,0.0,-0.0031091500498814715,0.4578333333333333,0.0,0.4578333333333333
2024-04-19,600011.SH,-0.015673981191222652,0.013186884979879243,0.0,0.013186884979879243,0.7567275137976576,0.0,0.7567275137976576
2024-04-22,600011.SH,-0.029473684210526208,0.018366593672984953,0.0,0.018366593672984953,0.6782956519527699,0.0,0.6782956519527699
2024-04-23,600011.SH,0.005370569280343629,0.017211405398378714,0.0,0.017211405398378714,0.7899469762237763,0.0,0.7899469762237763
2024-04-24,600011.SH,-0.02880658436214001,-0.033145568651723314,0.0,-0.033145568651723314,0.4186230158730158,0.0,0.4186230158730158
2024-04-25,600011.SH,-0.025343189017951406,0.018849495196358163,0.0,0.018849495196358163,0.6467203806712809,0.0,0.6467203806712809
2024-04-26,600011.SH,-0.0286624203821656,0.014638186406720327,0.0,0.014638186406720327,0.6565505570238288,0.0,0.6565505570238288
2024-04-29,600011.SH,-0.005422993492407935,-0.011075574766968925,0.0,-0.011075574766968925,0.4020833333333333,0.0,0.4020833333333333
2024-04-30,600011.SH,-0.010683760683760646,-0.006374505073914124,0.0,-0.006374505073914124,0.5132725563909775,0.0,0.5132725563909775
2024-05-06,600011.SH,0.0021186440677967155,-0.0072364757495834995,0.0,-0.0072364757495834995,0.5291187618584311,0.0,0.5291187618584311
2024-05-07,600011.SH,0.028169014084507005,0.020595859329106195,0.0,0.020595859329106195,0.5739187958695089,0.0,0.5739187958695089
2024-05-08,600011.SH,-0.003278688524590234,0.013797263546395456,0.0,0.013797263546395456,0.5980688063359451,0.0,0.5980688063359451
2024-05-09,600011.SH,-0.026172300981461283,0.01266800822718937,0.0,0.01266800822718937,0.6020132578152516,0.0,0.6020132578152516
2024-05-10,600011.SH,-0.048596112311015016,0.0025489004541131453,0.0,0.0025489004541131453,0.5500074677974004,0.0,0.5500074677974004
2024-05-13,600011.SH,-0.052854122621564525,-0.015513729705178812,0.0,-0.015513729705178812,0.44270833333333326,0.0,0.44270833333333326
2024-04-10,600021.SH,0.002178649237472685,-0.007530916648402111,0.0,-0.007530916648402111,0.3603571428571428,0.0,0.3603571428571428
2024-04-11,600021.SH,-0.011917659804983827,0.000585309605779418,0.0,0.000585309605779418,0.3674166666666667,0.0,0.3674166666666667
2024-04-12,600021.SH,-0.0065789473684209065,0.011292751148438194,0.0,0.011292751148438194,0.5136385343832311,0.0,0.5136385343832311
2024-04-15,600021.SH,-0.031419284940411796,0.0017973146548757165,0.0,0.0017973146548757165,0.3784191729323308,0.0,0.3784191729323308
2024-04-16,600021.SH,-0.034216335540838916,0.01722621202420954,0.0,0.01722621202420954,0.44815633074935407,0.0,0.44815633074935407
2024-04-17,600021.SH,-0.02717391304347827,0.0029633442234960894,0.0,0.0029633442234960894,0.43856220165017007,0.0,0.43856220165017007
2024-04-18,600021.SH,-0.02083333333333326,0.014286588104890807,0.0,0.014286588104890807,0.47093122449042496,0.0,0.47093122449042496
2024-04-19,600021.SH,-0.002207505518763919,0.01261546934133906,0.0,0.01261546934133906,0.5851956428893635,0.0,0.5851956428893635
2024-04-22,600021.SH,0.031319910514541416,0.021914045977111874,0.0,0.021914045977111874,0.6937124297158781,0.0,0.6937124297158781
2024-04-23,600021.SH,0.05028571428571427,0.021567003912024173,0.0,0.021567003912024173,0.6613526512590407,0.0,0.6613526512590407
2024-04-24,600021.SH,0.04916201117318453,0.010784541098492586,0.0,0.010784541098492586,0.5873189271186146,0.0,0.5873189271186146
2024-04-25,600021.SH,0.04591265397536404,0.02044194810263064,0.0,0.02044194810263064,0.6007289681518515,0.0,0.6007289681518515
2024-04-26,600021.SH,0.021017699115044364,0.014728465031474269,0.0,0.014728465031474269,0.5917714600903882,0.0,0.5917714600903882
2024-04-29,600021.SH,0.0032537960954446277,0.013130208174284069,0.0,0.013130208174284069,0.5331320997560905,0.0,0.5331320997560905
2024-04-30,600021.SH,0.03699673558215455,0.020367963842826894,0.0,0.020367963842826894,0.6740655777374471,0.0,0.6740655777374471
2024-05-06,600021.SH,0.022364217252396124,0.013807043153447645,0.0,0.013807043153447645,0.5712878879334304,0.0,0.5712878879334304
2024-05-07,600021.SH,0.01820128479657379,0.02015496007378471,0.0,0.02015496007378471,0.7593294666263358,0.0,0.7593294666263358
2024-05-08,600021.SH,0.007583965330444142,0.021306808301005235,0.0,0.021306808301005235,0.7058160085158189,0.0,0.7058160085158189
2024-05-09,600021.SH,-0.00216216216216214,-0.0008695636242426119,0.0,-0.0008695636242426119,0.5192940355772585,0.0,0.5192940355772585
2024-05-10,600021.SH,-0.0209863588667365,-0.0057764212338049506,0.0,-0.0057764212338049506,0.488,0.0,0.488
2024-05-13,600021.SH,0.0010416666666666075,-0.007735373118593554,0.0,-0.007735373118593554,0.493,0.0,0.493
2024-04-10,600060.SH,0.1568627450980391,0.0796545221369246,0.0,0.0796545221369246,0.727952270381837,0.0,0.727952270381837
2024-04-11,600060.SH,0.08629644426687966,-0.03136072180114709,0.0,-0.03136072180114709,0.34069088319088325,0.0,0.34069088319088325
2024-04-12,600060.SH,0.056179775280899014,-0.020954678584124767,0.0,-0.020954678584124767,0.3334615384615385,0.0,0.3334615384615385
2024-04-15,600060.SH,0.014291086874764991,-0.026383212799628297,0.0,-0.026383212799628297,0.3384615384615385,0.0,0.3384615384615385
2024-04-16,600060.SH,0.0030007501875468634,-0.019179776699968735,0.0,-0.019179776699968735,0.320964449399232,0.0,0.320964449399232
2024-04-17,600060.SH,-0.002579218865143673,-0.019413420713333067,0.0,-0.019413420713333067,0.26915889384367647,0.0,0.26915889384367647
2024-04-18,600060.SH,-0.020963589554983453,-0.018535657300253736,0.0,-0.018535657300253736,0.31292378635856893,0.0,0.31292378635856893
2024-04-19,600060.SH,0.007336757153338258,-0.019020742123153425,0.0,-0.019020742123153425,0.2940885590858417,0.0,0.2940885590858417
2024-04-22,600060.SH,0.004820170559881376,-0.010779076525463676,0.0,-0.010779076525463676,0.32758001207729465,0.0,0.32758001207729465
2024-04-23,600060.SH,0.041510845175766864,-0.02247932138674775,0.0,-0.02247932138674775,0.3225,0.0,0.3225
2024-04-24,600060.SH,0.05541189508681188,-0.01180837738247132,0.0,-0.01180837738247132,0.3277651972624798,0.0,0.3277651972624798
2024-04-25,600060.SH,0.03831705484598036,0.011037169837874165,0.0,0.011037169837874165,0.29418410928534167,0.0,0.29418410928534167
2024-04-26,600060.SH,0.008011653313911182,-0.007081113682166867,0.0,-0.007081113682166867,0.31115384333862595,0.0,0.31115384333862595
2024-04-29,600060.SH,0.02103321033210337,0.005776287181635672,0.0,0.005776287181635672,0.30760439914041415,0.0,0.30760439914041415
2024-04-30,600060.SH,0.021543985637342722,-0.00400796514751459,0.0,-0.00400796514751459,0.36251943545794935,0.0,0.36251943545794935
2024-05-06,600060.SH,0.01610080504025202,-0.0014186474432245342,0.0,-0.0014186474432245342,0.3325194354579494,0.0,0.3325194354579494
2024-05-07,600060.SH,0.02713458755426923,-0.0036747818041768434,0.0,-0.0036747818041768434,0.38953716776068276,0.0,0.38953716776068276
2024-05-08,600060.SH,0.02095375722543369,-0.012106849297625987,0.0,-0.012106849297625987,0.29389049145299145,0.0,0.29389049145299145
2024-05-09,600060.SH,0.006143838091796194,-0.01478033599316576,0.0,-0.01478033599316576,0.2713904914529915,0.0,0.2713904914529915
2024-05-10,600060.SH,-0.02390158172231982,-0.012916732223536384,0.0,-0.012916732223536384,0.3623248598221424,0.0,0.3623248598221424
2024-05-13,600060.SH,-0.052015156734412704,-0.007708589642735559,0.0,-0.007708589642735559,0.37126943545794944,0.0,0.37126943545794944
2024-04-10,600131.SH,0.06220657276995323,-0.016789820828723493,0.0,-0.016789820828723493,0.36189150352936883,0.0,0.36189150352936883
2024-04-11,600131.SH,0.009009009009008917,-0.07080123731838411,0.0,-0.07080123731838411,0.23589722721100728,0.0,0.23589722721100728
2024-04-12,600131.SH,-0.008928571428571397,-0.0578424593041381,0.0,-0.0578424593041381,0.20328994319067978,0.0,0.20328994319067978
2024-04-15,600131.SH,-0.06303879310344818,-0.03703778027971305,0.0,-0.03703778027971305,0.4352105146105809,0.0,0.4352105146105809
2024-04-16,600131.SH,-0.07028223574986159,-0.013829095929440342,0.0,-0.013829095929440342,0.34918415843784034,0.0,0.34918415843784034
2024-04-17,600131.SH,-0.04640883977900556,-0.021544003523951215,0.0,-0.021544003523951215,0.42150091865098493,0.0,0.42150091865098493
2024-04-18,600131.SH,-0.05412946428571441,-0.023456091189868244,0.0,-0.023456091189868244,0.3114452936845204,0.0,0.3114452936845204
2024-04-19,600131.SH,-0.05123873873873874,-0.020334349703422933,0.0,-0.020334349703422933,0.2992237743608471,0.0,0.2992237743608471
2024-04-22,600131.SH,0.0017251293847038163,-0.03390943614424355,0.0,-0.03390943614424355,0.3323034709425661,0.0,0.3323034709425661
2024-04-23,600131.SH,0.020238095238095166,-0.06342261324470147,0.0,-0.06342261324470147,0.4257346433586113,0.0,0.4257346433586113
2024-04-24,600131.SH,0.056199304750869095,-0.023266183888695915,0.0,-0.023266183888695915,0.29587771208582514,0.0,0.29587771208582514
2024-04-25,600131.SH,0.07964601769911517,-0.022726985796556756,0.0,-0.022726985796556756,0.3080531952553996,0.0,0.3080531952553996
2024-04-26,600131.SH,0.12818991097922838,-0.031259254952157665,0.0,-0.031259254952157665,0.39122224484456886,0.0,0.39122224484456886
2024-04-29,600131.SH,0.11940298507462677,-0.03129515110353314,0.0,-0.03129515110353314,0.31649182143107507,0.0,0.31649182143107507
2024-04-30,600131.SH,0.11960326721120196,-0.029763544704862532,0.0,-0.029763544704862532,0.3113237285312513,0.0,0.3113237285312513
2024-05-06,600131.SH,0.02084476138233682,-0.011301834516572296,0.0,-0.011301834516572296,0.5226970156145889,0.0,0.5226970156145889
2024-05-07,600131.SH,0.01038251366120213,-0.046089394002559896,0.0,-0.046089394002559896,0.45878669425889357,0.0,0.45878669425889357
2024-05-08,600131.SH,-0.013150973172014746,0.0030782082970447584,0.0,0.0030782082970447584,0.5211548913043478,0.0,0.5211548913043478
2024-05-09,600131.SH,-0.07282051282051294,-0.017327070358963793,0.0,-0.017327070358963793,0.4096739133033913,0.0,0.4096739133033913
2024-05-10,600131.SH,-0.07139134966128191,-0.037675299585906166,0.0,-0.037675299585906166,0.4270754284549065,0.0,0.4270754284549065
2024-05-13,600131.SH,-0.030628694250403043,-0.0005097576918524045,0.0,-0.0005097576918524045,0.4761712920023891,0.0,0.4761712920023891
2024-04-10,600336.SH,-0.014256619144602856,-0.03525958244106771,0.0,-0.03525958244106771,0.35057802037233216,0.0,0.35057802037233216
2024-04-11,600336.SH,-0.03125,0.032168623661636524,0.0,0.032168623661636524,0.5018303985251353,0.0,0.5018303985251353
2024-04-12,600336.SH,-0.06285714285714283,-0.04330102959024809,0.0,-0.04330102959024809,0.271346481038413,0.0,0.271346481038413
2024-04-15,600336.SH,-0.020576131687242927,0.04047537238692253,0.0,0.04047537238692253,0.6409545454545454,0.0,0.6409545454545454
2024-04-16,600336.SH,0.03991130820399125,-0.015846689392162737,0.0,-0.015846689392162737,0.6026086702067656,0.0,0.6026086702067656
2024-04-17,600336.SH,-0.028925619834710647,0.04101081219562702,0.0,0.04101081219562702,0.7521797328176493,0.0,0.7521797328176493
2024-04-18,600336.SH,-0.06048387096774188,0.044270841721162676,0.0,0.044270841721162676,0.7492220619114489,0.0,0.7492220619114489
2024-04-19,600336.SH,-0.03658536585365846,0.03616477830938879,0.0,0.03616477830938879,0.7079473005863044,0.0,0.7079473005863044
2024-04-22,600336.SH,0.04831932773109249,0.0463280967660224,0.0,0.0463280967660224,0.7632175708565747,0.0,0.7632175708565747
2024-04-23,600336.SH,0.08102345415778256,0.04525540072726895,0.0,0.04525540072726895,0.7515032851422889,0.0,0.7515032851422889
2024-04-24,600336.SH,0.09787234042553195,0.052091730515783814,0.0,0.052091730515783814,0.7565032851422889,0.0,0.7565032851422889
2024-04-25,600336.SH,0.09227467811158796,-0.036674364812841816,0.0,-0.036674364812841816,0.561904508746614,0.0,0.561904508746614
2024-04-26,600336.SH,0.06118143459915615,-0.050933100087776025,0.0,-0.050933100087776025,0.37932897266995524,0.0,0.37932897266995524
2024-04-29,600336.SH,0.022044088176352616,-0.06326729393818135,0.0,-0.06326729393818135,0.5820148812861159,0.0,0.5820148812861159
2024-04-30,600336.SH,0.011834319526627057,-0.04267015590970208,0.0,-0.04267015590970208,0.6304880265566554,0.0,0.6304880265566554
2024-05-06,600336.SH,0.009689922480620172,-0.04920694240859372,0.0,-0.04920694240859372,0.561153791760178,0.0,0.561153791760178
2024-05-07,600336.SH,0.025540275049115824,-0.047754571522478306,0.0,-0.047754571522478306,0.5475240273532589,0.0,0.5475240273532589
2024-05-08,600336.SH,0.035785288270377746,-0.03144997554866141,0.0,-0.03144997554866141,0.5494541469790274,0.0,0.5494541469790274
2024-05-09,600336.SH,0.0235294117647058,-0.03620019864906958,0.0,-0.03620019864906958,0.5351895249985138,0.0,0.5351895249985138
2024-05-10,600336.SH,0.011695906432748648,0.03516589202775014,0.0,0.03516589202775014,0.6361370799994834,0.0,0.6361370799994834
2024-05-13,600336.SH,-0.017274472168905874,0.029470635930021666,0.0,0.029470635930021666,0.7081115637259546,0.0,0.7081115637259546
2024-04-10,600352.SH,0.020618556701030855,0.005930632608263105,0.0,0.005930632608263105,0.7130330534220374,0.0,0.7130330534220374
2024-04-11,600352.SH,0.010192525481313774,0.006578541231408638,0.0,0.006578541231408638,0.6329346599326064,0.0,0.6329346599326064
2024-04-12,600352.SH,0.01927437641723362,0.005949824175059665,0.0,0.005949824175059665,0.648290704361695,0.0,0.648290704361695
2024-04-15,600352.SH,0.02359550561797752,0.010176763248182018,0.0,0.010176763248182018,0.5061189449375718,0.0,0.5061189449375718
2024-04-16,600352.SH,0.01362088535754813,0.01078241871113394,0.0,0.01078241871113394,0.5380632142774592,0.0,0.5380632142774592
2024-04-17,600352.SH,0.008978675645342271,0.005771322097628545,0.0,0.005771322097628545,0.5553957380688028,0.0,0.5553957380688028
2024-04-18,600352.SH,0.012331838565022402,0.006458606890041014,0.0,0.006458606890041014,0.5878794721910152,0.0,0.5878794721910152
2024-04-19,600352.SH,0.021134593993325845,0.007734380367252476,0.0,0.007734380367252476,0.5187367251429652,0.0,0.5187367251429652
2024-04-22,600352.SH,0.021953896816685026,-0.012228286129480547,0.0,-0.012228286129480547,0.4396985886920096,0.0,0.4396985886920096
2024-04-23,600352.SH,0.024636058230683267,0.016308505915300576,0.0,0.016308505915300576,0.6449397778869408,0.0,0.6449397778869408
2024-04-24,600352.SH,0.04449388209121241,0.0036873540698457974,0.0,0.0036873540698457974,0.5221729607049606,0.0,0.5221729607049606
2024-04-25,600352.SH,0.04318936877076429,0.005986302369020916,0.0,0.005986302369020916,0.5109671183017498,0.0,0.5109671183017498
2024-04-26,600352.SH,0.016339869281045694,0.009914542517411239,0.0,0.009914542517411239,0.5254020735680869,0.0,0.5254020735680869
2024-04-29,600352.SH,0.00859291084854985,0.009859445807350377,0.0,0.009859445807350377,0.45364142193901424,0.0,0.45364142193901424
2024-04-30,600352.SH,0.016393442622950838,0.013560650167648269,0.0,0.013560650167648269,0.532382964006149,0.0,0.532382964006149
2024-05-06,600352.SH,-0.005324813631522929,0.0076118423386160195,0.0,0.0076118423386160195,0.4817725059185555,0.0,0.4817725059185555
2024-05-07,600352.SH,-0.026539278131634814,0.014273264902250978,0.0,0.014273264902250978,0.4968870967447577,0.0,0.4968870967447577
2024-05-08,600352.SH,-0.020364415862808127,-0.014684384991592046,0.0,-0.014684384991592046,0.479,0.0,0.479
2024-05-09,600352.SH,-0.021299254526091715,-0.0023638121837603696,0.0,-0.0023638121837603696,0.5292547351986524,0.0,0.5292547351986524
2024-05-10,600352.SH,0.013978494623655857,0.012332517253861157,0.0,0.012332517253861157,0.58091784132166,0.0,0.58091784132166
2024-05-13,600352.SH,0.005353319057815886,0.013147450776459084,0.0,0.013147450776459084,0.606105001493919,0.0,0.606105001493919
2024-04-10,600360.SH,-0.03782894736842113,-0.03846951851675559,0.0,-0.03846951851675559,0.2518395325153303,0.0,0.2518395325153303
2024-04-11,600360.SH,-0.047775947281713305,-0.08379412805316189,0.0,-0.08379412805316189,0.20139448357581846,0.0,0.20139448357581846
2024-04-12,600360.SH,-0.06146179401993346,-0.07480796481448836,0.0,-0.07480796481448836,0.19392275987358049,0.0,0.19392275987358049
2024-04-15,600360.SH,-0.03082191780821908,-0.04211658363014393,0.0,-0.04211658363014393,0.3398690174702324,0.0,0.3398690174702324
2024-04-16,600360.SH,0.046040515653775316,-0.012710313842096399,0.0,-0.012710313842096399,0.4998429102654395,0.0,0.4998429102654395
2024-04-17,600360.SH,0.00512820512820511,0.0372609354456799,0.0,0.0372609354456799,0.4302207712669739,0.0,0.4302207712669739
2024-04-18,600360.SH,0.02076124567474058,0.026291131648338188,0.0,0.026291131648338188,0.4788697957728097,0.0,0.4788697957728097
2024-04-19,600360.SH,0.07433628318584073,0.028227647166845574,0.0,0.028227647166845574,0.49930446756974606,0.0,0.49930446756974606
2024-04-22,600360.SH,0.09540636042402828,0.027120658565040444,0.0,0.027120658565040444,0.4890408577199261,0.0,0.4890408577199261
2024-04-23,600360.SH,0.0369718309859155,0.014571905675686557,0.0,0.014571905675686557,0.49032405272456986,0.0,0.49032405272456986
2024-04-24,600360.SH,-0.04761904761904767,0.022056841495859486,0.0,0.022056841495859486,0.5291904655587617,0.0,0.5291904655587617
2024-04-25,600360.SH,-0.09830508474576272,0.030416449074616145,0.0,0.030416449074616145,0.5666406179349601,0.0,0.5666406179349601
2024-04-26,600360.SH,-0.16803953871499178,0.007899561344547524,0.0,0.007899561344547524,0.39044248390469266,0.0,0.39044248390469266
2024-04-29,600360.SH,-0.22580645161290325,0.010364070246480601,0.0,0.010364070246480601,0.40420419453506473,0.0,0.40420419453506473
2024-05-06,600360.SH,-0.22580645161290325,-0.010878130753547384,0.0,-0.010878130753547384,0.5694961923800004,0.0,0.5694961923800004
2024-05-07,600360.SH,-0.22678571428571426,-0.000825050545035179,0.0,-0.000825050545035179,0.5429905437352246,0.0,0.5429905437352246
2024-05-08,600360.SH,-0.22744360902255634,-0.0014427569648995447,0.0,-0.0014427569648995447,0.5379905437352246,0.0,0.5379905437352246
2024-05-09,600360.SH,-0.2277227722772277,0.001592765885298742,0.0,0.001592765885298742,0.5777777777777778,0.0,0.5777777777777778
2024-05-10,600360.SH,-0.2270833333333333,-0.05258961289184613,0.0,-0.05258961289184613,0.618438202247191,0.0,0.618438202247191
2024-05-13,600360.SH,-0.22807017543859642,-0.04631316067657384,0.0,-0.04631316067657384,0.599438202247191,0.0,0.599438202247191
2024-04-10,600420.SH,0.16608594657375142,0.03523882655471469,0.0,0.03523882655471469,0.6160927973537178,0.0,0.6160927973537178
2024-04-11,600420.SH,0.21412037037037024,0.023137035289697926,0.0,0.023137035289697926,0.5304480009736272,0.0,0.5304480009736272
2024-04-12,600420.SH,0.2289719626168223,0.00868283807305805,0.0,0.00868283807305805,0.5412854049410621,0.0,0.5412854049410621
2024-04-16,600420.SH,0.05177664974619289,-0.0783433505658529,0.0,-0.0783433505658529,0.30333333333333334,0.0,0.30333333333333334
2024-04-17,600420.SH,0.048387096774193505,-0.06010857017677816,0.0,-0.06010857017677816,0.22333333333333336,0.0,0.22333333333333336
2024-04-18,600420.SH,0.06374501992031889,-0.02992087963599378,0.0,-0.02992087963599378,0.23333333333333336,0.0,0.23333333333333336
2024-04-19,600420.SH,0.011439466158245981,-0.024516307016077966,0.0,-0.024516307016077966,0.2501785714285714,0.0,0.2501785714285714
2024-04-22,600420.SH,0.004752851711026684,-0.02964242195214769,0.0,-0.02964242195214769,0.2746551724137931,0.0,0.2746551724137931
2024-04-23,600420.SH,0.050193050193050315,-0.0019430462151027274,0.0,-0.0019430462151027274,0.4092466944610673,0.0,0.4092466944610673
2024-04-24,600420.SH,0.125,-0.00784554454262813,0.0,-0.00784554454262813,0.42139581726808495,0.0,0.42139581726808495
2024-04-25,600420.SH,0.11329588014981273,-0.030514462416791968,0.0,-0.030514462416791968,0.31568274133609886,0.0,0.31568274133609886
2024-04-26,600420.SH,0.10650329877474096,-0.005775299726656385,0.0,-0.005775299726656385,0.42487162263024325,0.0,0.42487162263024325
2024-04-29,600420.SH,0.11163670766319767,-0.0004779200318183924,0.0,-0.0004779200318183924,0.40234048709910775,0.0,0.40234048709910775
2024-04-30,600420.SH,0.07352941176470584,-0.02851593921669498,0.0,-0.02851593921669498,0.33132183908045976,0.0,0.33132183908045976
2024-05-06,600420.SH,0.047008547008547064,-0.008003865536687728,0.0,-0.008003865536687728,0.3601785714285714,0.0,0.3601785714285714
2024-05-07,600420.SH,0.026072329688814122,0.0026641543855524925,0.0,0.0026641543855524925,0.3485876623376623,0.0,0.3485876623376623
2024-05-08,600420.SH,0.03918228279386704,0.0032093030045211106,0.0,0.0032093030045211106,0.4343773946360153,0.0,0.4343773946360153
2024-05-09,600420.SH,0.041702127659574595,0.003950950659138619,0.0,0.003950950659138619,0.3626785714285714,0.0,0.3626785714285714
2024-05-10,600420.SH,0.001712328767123239,-0.0030948382258010887,0.0,-0.0030948382258010887,0.41812222222222223,0.0,0.41812222222222223
2024-05-13,600420.SH,-0.03591836734693876,0.0013166807317656494,0.0,0.0013166807317656494,0.3709,0.0,0.3709
2024-04-10,600481.SH,0.0,-0.02170563747730547,0.0,-0.02170563747730547,0.2955236167077641,0.0,0.2955236167077641
2024-04-11,600481.SH,-0.01740294511378848,-0.02172603533398858,0.0,-0.02172603533398858,0.2644219713634221,0.0,0.2644219713634221
2024-04-12,600481.SH,-0.015089163237311465,-0.024025708212343608,0.0,-0.024025708212343608,0.33894349818490777,0.0,0.33894349818490777
2024-04-15,600481.SH,-0.015027322404371657,-0.025549062244797652,0.0,-0.025549062244797652,0.25749848136853454,0.0,0.25749848136853454
2024-04-16,600481.SH,-0.008547008547008517,-0.04477828401973555,0.0,-0.04477828401973555,0.5576224439775911,0.0,0.5576224439775911
2024-04-17,600481.SH,-0.044654939106901215,-0.0706154524998464,0.0,-0.0706154524998464,0.23418657138882196,0.0,0.23418657138882196
2024-04-18,600481.SH,-0.04087193460490457,-0.044519361074609846,0.0,-0.044519361074609846,0.2202406979670036,0.0,0.2202406979670036
2024-04-19,600481.SH,-0.10027855153203336,-0.027007557460579156,0.0,-0.027007557460579156,0.2767410151282314,0.0,0.2767410151282314
2024-04-22,600481.SH,-0.0859916782246879,-0.029494103997070326,0.0,-0.029494103997070326,0.261981885470543,0.0,0.261981885470543
2024-04-23,600481.SH,-0.08764367816091956,-0.027125208211112698,0.0,-0.027125208211112698,0.3732972157926076,0.0,0.3732972157926076
2024-04-24,600481.SH,-0.09065155807365433,-0.009459868164857195,0.0,-0.009459868164857195,0.291537855557509,0.0,0.291537855557509
2024-04-25,600481.SH,-0.09232954545454553,-0.02817433329158209,0.0,-0.02817433329158209,0.26189449975725887,0.0,0.26189449975725887
2024-04-26,600481.SH,-0.03869969040247678,0.008911102405325945,0.0,0.008911102405325945,0.40465554971988804,0.0,0.40465554971988804
2024-04-29,600481.SH,-0.018209408194233667,0.02151893691688603,0.0,0.02151893691688603,0.42230530791998944,0.0,0.42230530791998944
2024-04-30,600481.SH,0.0,0.03376226818099998,0.0,0.03376226818099998,0.4516157349979907,0.0,0.4516157349979907
2024-05-06,600481.SH,-0.02336448598130847,-0.0007746604396848683,0.0,-0.0007746604396848683,0.38655811473588725,0.0,0.38655811473588725
2024-05-07,600481.SH,-0.026604068857589924,0.003947357155212181,0.0,0.003947357155212181,0.36100592430237927,0.0,0.36100592430237927
2024-05-08,600481.SH,-0.006441223832528209,-0.0004977013780178927,0.0,-0.0004977013780178927,0.3503011901242166,0.0,0.3503011901242166
2024-05-09,600481.SH,-0.0587326120556414,0.018841650938829897,0.0,0.018841650938829897,0.4397923059304379,0.0,0.4397923059304379
2024-05-10,600481.SH,-0.022047244094488105,0.01084448956686241,0.0,0.01084448956686241,0.4034903387895057,0.0,0.4034903387895057
2024-05-13,600481.SH,-0.019138755980861122,0.02409067475060746,0.0,0.02409067475060746,0.4150742240329939,0.0,0.4150742240329939
2024-04-10,600610.SH,-0.12734082397003743,-0.05134732856714866,0.0,-0.05134732856714866,0.5321352339181287,0.0,0.5321352339181287
2024-04-11,600610.SH,-0.11985018726591756,-0.046092431432497624,0.0,-0.046092431432497624,0.4016024417103364,0.0,0.4016024417103364
2024-04-12,600610.SH,-0.07514450867052036,-0.06869541488938624,0.0,-0.06869541488938624,0.3881857750436697,0.0,0.3881857750436697
2024-04-18,600610.SH,0.03586497890295348,-0.007550528515766011,0.0,-0.007550528515766011,0.4787364243943191,0.0,0.4787364243943191
2024-04-19,600610.SH,0.06423982869379019,-0.04861245910715186,0.0,-0.04861245910715186,0.4129030910609858,0.0,0.4129030910609858
2024-04-22,600610.SH,0.09871244635193133,-0.062065286375376345,0.0,-0.062065286375376345,0.4544864243943191,0.0,0.4544864243943191
2024-04-23,600610.SH,0.11063829787234036,-0.07593957708439698,0.0,-0.07593957708439698,0.45983281456328995,0.0,0.45983281456328995
2024-04-24,600610.SH,0.16041666666666687,-0.08007883150217784,0.0,-0.08007883150217784,0.43483281456329,0.0,0.43483281456329
2024-04-25,600610.SH,0.19959266802443976,-0.06680900945274527,0.0,-0.06680900945274527,0.4308328145632899,0.0,0.4308328145632899
2024-04-26,600610.SH,0.14084507042253525,-0.053467058758419686,0.0,-0.053467058758419686,0.4366807875362629,0.0,0.4366807875362629
2024-04-29,600610.SH,0.1015625,-0.05320147708735462,0.0,-0.05320147708735462,0.44997796105597176,0.0,0.44997796105597176
2024-04-30,600610.SH,0.05555555555555558,-0.05989043189954587,0.0,-0.05989043189954587,0.39794979210476406,0.0,0.39794979210476406
2024-05-06,600610.SH,-0.04847396768402168,-0.04599392701936318,0.0,-0.04599392701936318,0.48714150482113866,0.0,0.48714150482113866
2024-05-07,600610.SH,-0.09337860780984719,0.01875352159384367,0.0,0.01875352159384367,0.45176923076923076,0.0,0.45176923076923076
2024-05-08,600610.SH,-0.06525573192239864,0.012296542886111324,0.0,0.012296542886111324,0.4562692307692307,0.0,0.4562692307692307
2024-05-09,600610.SH,-0.049645390070921835,0.010646503546297027,0.0,0.010646503546297027,0.4884096960509529,0.0,0.4884096960509529
2024-05-10,600610.SH,-0.016333938294010864,0.011185278150908804,0.0,0.011185278150908804,0.48312725628353254,0.0,0.48312725628353254
2024-05-13,600610.SH,0.026415094339622858,0.027920642669770648,0.0,0.027920642669770648,0.616637458606396,0.0,0.616637458606396
2024-04-10,600721.SH,-0.12751677852348986,-0.08778195314493915,0.0,-0.08778195314493915,0.37013970588235295,0.0,0.37013970588235295
2024-04-11,600721.SH,-0.13344594594594594,-0.06660221936645341,0.0,-0.06660221936645341,0.3442839758067276,0.0,0.3442839758067276
2024-04-12,600721.SH,-0.12629757785467133,-0.058095740071666305,0.0,-0.058095740071666305,0.33391748366013074,0.0,0.33391748366013074
2024-04-15,600721.SH,-0.033395176252319025,-0.00188676553398542,0.0,-0.00188676553398542,0.5687975537403429,0.0,0.5687975537403429
2024-04-17,600721.SH,0.02115384615384608,-0.12200778912165472,0.0,-0.12200778912165472,0.39853727946177614,0.0,0.39853727946177614
2024-04-18,600721.SH,0.05576923076923079,-0.04988135385650469,0.0,-0.04988135385650469,0.38096171715858224,0.0,0.38096171715858224
2024-04-19,600721.SH,0.11111111111111116,-0.044201443798014266,0.0,-0.044201443798014266,0.39200758687726767,0.0,0.39200758687726767
2024-04-22,600721.SH,0.16831683168316847,-0.03852208195497038,0.0,-0.03852208195497038,0.40548970198438283,0.0,0.40548970198438283
2024-04-23,600721.SH,0.1612284069097889,-0.04787690976326349,0.0,-0.04787690976326349,0.44096741221741226,0.0,0.44096741221741226
2024-04-24,600721.SH,0.1694915254237288,-0.04703635215974211,0.0,-0.04703635215974211,0.44253905723905723,0.0,0.44253905723905723
2024-04-25,600721.SH,0.12568306010928953,0.03301707330657947,0.0,0.03301707330657947,0.626,0.0,0.626
2024-04-26,600721.SH,0.09999999999999987,-0.08286415948863049,0.0,-0.08286415948863049,0.34700749510193596,0.0,0.34700749510193596
2024-04-29,600721.SH,0.08983050847457608,-0.07617609709528297,0.0,-0.07617609709528297,0.3077660117807624,0.0,0.3077660117807624
2024-04-30,600721.SH,0.028099173553719048,-0.06169347510381853,0.0,-0.06169347510381853,0.37551228646328466,0.0,0.37551228646328466
2024-05-06,600721.SH,0.03542673107890493,-0.08746241893322226,0.0,-0.08746241893322226,0.3655122864632847,0.0,0.3655122864632847
2024-05-07,600721.SH,-0.01941747572815533,-0.07741948964767106,0.0,-0.07741948964767106,0.27545792235239275,0.0,0.27545792235239275
2024-05-08,600721.SH,-0.03668261562998398,-0.06386832760339632,0.0,-0.06386832760339632,0.4208584403094385,0.0,0.4208584403094385
2024-05-09,600721.SH,-0.0528771384136858,0.04163427589210064,0.0,0.04163427589210064,0.49823206668306497,0.0,0.49823206668306497
2024-05-10,600721.SH,-0.01768488745980701,-0.013243754077418539,0.0,-0.013243754077418539,0.426829237190376,0.0,0.426829237190376
2024-05-13,600721.SH,-0.04976671850699832,-0.005490202468684127,0.0,-0.005490202468684127,0.30691502192982456,0.0,0.30691502192982456
2024-04-10,601005.SH,-0.023076923076923106,0.0021277667591589186,0.0,0.0021277667591589186,0.4003746748482625,0.0,0.4003746748482625
2024-04-11,601005.SH,-0.038167938931297773,-0.011143293134307286,0.0,-0.011143293134307286,0.32555542422529415,0.0,0.32555542422529415
2024-04-12,601005.SH,-0.023076923076923106,-0.003648884436922803,0.0,-0.003648884436922803,0.4826160541586073,0.0,0.4826160541586073
2024-04-15,601005.SH,-0.015625,0.023688958867753282,0.0,0.023688958867753282,0.45449059561128524,0.0,0.45449059561128524
2024-04-16,601005.SH,0.008064516129032251,0.023417504260468167,0.0,0.023417504260468167,0.5528517202133034,0.0,0.5528517202133034
2024-04-17,601005.SH,-0.015748031496062964,-0.003464382492336339,0.0,-0.003464382492336339,0.4682878787878788,0.0,0.4682878787878788
2024-04-18,601005.SH,-0.007936507936507908,0.018020606673767973,0.0,0.018020606673767973,0.5869796905222436,0.0,0.5869796905222436
2024-04-19,601005.SH,-0.007874015748031482,-0.004061982248696576,0.0,-0.004061982248696576,0.5275402965828497,0.0,0.5275402965828497
2024-04-22,601005.SH,0.015873015873015817,0.009750045274136863,0.0,0.009750045274136863,0.5792069632495164,0.0,0.5792069632495164
2024-04-23,601005.SH,0.008000000000000007,0.007392096301691092,0.0,0.007392096301691092,0.5987978723404255,0.0,0.5987978723404255
2024-04-24,601005.SH,0.016000000000000014,0.013446235352366824,0.0,0.013446235352366824,0.6036933055457179,0.0,0.6036933055457179
2024-04-25,601005.SH,0.008000000000000007,-0.0014139998581462127,0.0,-0.0014139998581462127,0.5955114873638997,0.0,0.5955114873638997
2024-04-26,601005.SH,-0.007936507936507908,-0.00035433043847796545,0.0,-0.00035433043847796545,0.5921781540305663,0.0,0.5921781540305663
2024-04-29,601005.SH,-0.015625,-0.0044526687642687315,0.0,-0.0044526687642687315,0.4925126262626262,0.0,0.4925126262626262
2024-04-30,601005.SH,0.0,0.010081272813880916,0.0,0.010081272813880916,0.5312904175313111,0.0,0.5312904175313111
2024-05-06,601005.SH,-0.015748031496062964,-0.012121399548793379,0.0,-0.012121399548793379,0.5168975230694511,0.0,0.5168975230694511
2024-05-07,601005.SH,-0.007936507936507908,-0.0015993675242110706,0.0,-0.0015993675242110706,0.47431511371973584,0.0,0.47431511371973584
2024-05-08,601005.SH,-0.016000000000000014,0.017364896360795506,0.0,0.017364896360795506,0.5619796905222436,0.0,0.5619796905222436
2024-05-09,601005.SH,0.0,-0.004948255541948749,0.0,-0.004948255541948749,0.5276484470530691,0.0,0.5276484470530691
2024-05-10,601005.SH,0.007936507936507908,0.013731540381397926,0.0,0.013731540381397926,0.585313023855577,0.0,0.585313023855577
2024-05-13,601005.SH,0.008000000000000007,0.006215294116781991,0.0,0.006215294116781991,0.5737978723404256,0.0,0.5737978723404256
2024-04-10,601012.SH,-0.029733959311424085,-0.022201353831374573,0.0,-0.022201353831374573,0.30835167105239625,0.0,0.30835167105239625
2024-04-11,601012.SH,-0.012092534174553138,-0.03481258041918186,0.0,-0.03481258041918186,0.25573369429250103,0.0,0.25573369429250103
2024-04-12,601012.SH,-0.00592672413793105,-0.015807680892116545,0.0,-0.015807680892116545,0.3072150746293773,0.0,0.3072150746293773
2024-04-15,601012.SH,0.029962546816479252,-0.03698244147298361,0.0,-0.03698244147298361,0.19092858677662256,0.0,0.19092858677662256
2024-04-16,601012.SH,0.03186813186813198,-0.03794930431223739,0.0,-0.03794930431223739,0.1972413801482945,0.0,0.1972413801482945
2024-04-17,601012.SH,-0.005376344086021612,-0.05121795938063009,0.0,-0.05121795938063009,0.14460556964746746,0.0,0.14460556964746746
2024-04-18,601012.SH,-0.02767429483767958,-0.030979797355221467,0.0,-0.030979797355221467,0.2596191644044774,0.0,0.2596191644044774
2024-04-19,601012.SH,0.009214092140921393,-0.04083805149587565,0.0,-0.04083805149587565,0.2922616246178455,0.0,0.2922616246178455
2024-04-22,601012.SH,-0.012987012987012991,-0.042210277877379465,0.0,-0.042210277877379465,0.2666034247220652,0.0,0.2666034247220652
2024-04-23,601012.SH,-0.030883919062832943,0.0007532790813500299,0.0,0.0007532790813500299,0.35123598955667534,0.0,0.35123598955667534
2024-04-24,601012.SH,0.000540540540540535,-0.011675741610464967,0.0,-0.011675741610464967,0.2719807774058133,0.0,0.2719807774058133
2024-04-25,601012.SH,0.027367268746579132,-0.008531835886745867,0.0,-0.008531835886745867,0.28620571493397773,0.0,0.28620571493397773
2024-04-26,601012.SH,-0.005907626208378036,-0.013745048049763866,0.0,-0.013745048049763866,0.23159741485625512,0.0,0.23159741485625512
2024-04-29,601012.SH,-0.002105263157894721,0.004120745422306465,0.0,0.004120745422306465,0.3904174559805707,0.0,0.3904174559805707
2024-04-30,601012.SH,0.023076923076923217,0.0026866699131815963,0.0,0.0026866699131815963,0.4708333333333334,0.0,0.4708333333333334
2024-05-06,601012.SH,0.022150189086979966,-0.01846784164651953,0.0,-0.01846784164651953,0.27973780098425877,0.0,0.27973780098425877
2024-05-07,601012.SH,0.003196590303675917,-0.009112494597846452,0.0,-0.009112494597846452,0.3075964831804281,0.0,0.3075964831804281
2024-05-08,601012.SH,0.00864397622906532,-0.0005790971362037265,0.0,-0.0005790971362037265,0.32762562756545494,0.0,0.32762562756545494
2024-05-09,601012.SH,-0.022151898734177333,-0.004473584220317143,0.0,-0.004473584220317143,0.3409882352941176,0.0,0.3409882352941176
2024-05-10,601012.SH,0.0,0.0031725430796903237,0.0,0.0031725430796903237,0.30593987447666104,0.0,0.30593987447666104
2024-05-13,601012.SH,-0.022198731501057223,-0.008188706209185201,0.0,-0.008188706209185201,0.28842314440047173,0.0,0.28842314440047173
2024-04-10,601398.SH,0.029962546816479474,0.007742130783762212,0.0,0.007742130783762212,0.6276913345973087,0.0,0.6276913345973087
2024-04-11,601398.SH,0.037593984962405846,0.011992281725745978,0.0,0.011992281725745978,0.5832000930356194,0.0,0.5832000930356194
2024-04-12,601398.SH,0.043233082706766846,0.009148738658358514,0.0,0.009148738658358514,0.6154175037769662,0.0,0.6154175037769662
2024-04-15,601398.SH,0.011070110701107083,0.006274730155112452,0.0,0.006274730155112452,0.7122766801756164,0.0,0.7122766801756164
2024-04-16,601398.SH,0.005484460694698434,0.006396561442633929,0.0,0.006396561442633929,0.6744477328071953,0.0,0.6744477328071953
2024-04-17,601398.SH,-0.00545454545454549,0.007843216990843456,0.0,0.007843216990843456,0.699578868727805,0.0,0.699578868727805
2024-04-18,601398.SH,-0.005434782608695565,0.00937489115166331,0.0,0.00937489115166331,0.6354711246200608,0.0,0.6354711246200608
2024-04-19,601398.SH,-0.027027027027026973,0.0033497117392681875,0.0,0.0033497117392681875,0.5353196094685457,0.0,0.5353196094685457
2024-04-22,601398.SH,-0.018248175182481896,0.016094248206819747,0.0,0.016094248206819747,0.5959912063901426,0.0,0.5959912063901426
2024-04-23,601398.SH,-0.01272727272727281,0.010574247863235993,0.0,0.010574247863235993,0.6142253333742695,0.0,0.6142253333742695
2024-04-24,601398.SH,-0.018281535648994485,0.0074949450364017265,0.0,0.0074949450364017265,0.46668343570079296,0.0,0.46668343570079296
2024-04-25,601398.SH,-0.016393442622950838,0.012493396484972077,0.0,0.012493396484972077,0.5349362041467305,0.0,0.5349362041467305
2024-04-26,601398.SH,0.0018518518518517713,0.009073611134472392,0.0,0.009073611134472392,0.6281334622823984,0.0,0.6281334622823984
2024-04-29,601398.SH,0.0,0.011000627681862172,0.0,0.011000627681862172,0.6215479011573637,0.0,0.6215479011573637
2024-04-30,601398.SH,-0.0055248618784529135,-0.0006314531826487907,0.0,-0.0006314531826487907,0.5524569920664546,0.0,0.5524569920664546
2024-05-06,601398.SH,0.007448789571694592,0.01225394644311685,0.0,0.01225394644311685,0.5983018124507486,0.0,0.5983018124507486
2024-05-07,601398.SH,-0.005555555555555647,-0.005238728963682503,0.0,-0.005238728963682503,0.4861682923760521,0.0,0.4861682923760521
2024-05-08,601398.SH,-0.005545286506469571,-0.0025251465539153323,0.0,-0.0025251465539153323,0.5261682923760521,0.0,0.5261682923760521
2024-05-09,601398.SH,0.005576208178438735,-0.0020495873570867966,0.0,-0.0020495873570867966,0.4979804616882214,0.0,0.4979804616882214
2024-05-10,601398.SH,0.012962962962962843,0.00044393919810781874,0.0,0.00044393919810781874,0.49101677722453696,0.0,0.49101677722453696
2024-05-13,601398.SH,0.009242144177449063,0.0005634692837736035,0.0,0.0005634692837736035,0.5217575179652776,0.0,0.5217575179652776
2024-04-10,601801.SH,0.10041265474552974,0.024297093239618837,0.0,0.024297093239618837,0.7595046599925059,0.0,0.7595046599925059
2024-04-11,601801.SH,-0.003968253968253843,0.01851037790518846,0.0,0.01851037790518846,0.6603103609458707,0.0,0.6603103609458707
2024-04-12,601801.SH,-0.018741633199464536,-0.045334429318569736,0.0,-0.045334429318569736,0.4722846492767545,0.0,0.4722846492767545
2024-04-15,601801.SH,-0.07263294422827493,-0.010418882387874459,0.0,-0.010418882387874459,0.6422844118090254,0.0,0.6422844118090254
2024-04-16,601801.SH,-0.08087291399229779,-0.017400238826945788,0.0,-0.017400238826945788,0.5705006645493532,0.0,0.5705006645493532
2024-04-17,601801.SH,-0.13,-0.032183670341024595,0.0,-0.032183670341024595,0.5807185120730307,0.0,0.5807185120730307
2024-04-18,601801.SH,-0.09030544488711822,-0.006206005109282097,0.0,-0.006206005109282097,0.43598833996463304,0.0,0.43598833996463304
2024-04-19,601801.SH,-0.038199181446111896,-0.024171415733923694,0.0,-0.024171415733923694,0.5015149446882464,0.0,0.5015149446882464
2024-04-22,601801.SH,0.040559440559440496,-0.05617785768666503,0.0,-0.05617785768666503,0.45584867312497646,0.0,0.45584867312497646
2024-04-23,601801.SH,0.018156424581005526,-0.0471118598550544,0.0,-0.0471118598550544,0.4936317517239736,0.0,0.4936317517239736
2024-04-24,601801.SH,0.06896551724137945,-0.07190045717005178,0.0,-0.07190045717005178,0.3847160706913732,0.0,0.3847160706913732
2024-04-25,601801.SH,0.11678832116788329,-0.05872350614761362,0.0,-0.05872350614761362,0.34946539890210915,0.0,0.34946539890210915
2024-04-26,601801.SH,0.039716312056737646,-0.05264037563289347,0.0,-0.05264037563289347,0.34053158195366934,0.0,0.34053158195366934
2024-04-29,601801.SH,-0.0040322580645161255,-0.0786891548758365,0.0,-0.0786891548758365,0.3591117835703265,0.0,0.3591117835703265
2024-04-30,601801.SH,0.012345679012345734,-0.06362972425714884,0.0,-0.06362972425714884,0.3735407785594238,0.0,0.3735407785594238
2024-05-06,601801.SH,-0.024193548387096864,-0.055805764545044496,0.0,-0.055805764545044496,0.29406632196841204,0.0,0.29406632196841204
2024-05-07,601801.SH,-0.03790849673202612,-0.06780033556625673,0.0,-0.06780033556625673,0.2666292024027766,0.0,0.2666292024027766
2024-05-08,601801.SH,-0.0027285129604366354,-0.06897318839306057,0.0,-0.06897318839306057,0.4979740994643471,0.0,0.4979740994643471
2024-05-09,601801.SH,-0.006747638326585648,-0.07330820983965544,0.0,-0.07330820983965544,0.1721226496088786,0.0,0.1721226496088786
2024-05-10,601801.SH,-0.006775067750677488,-0.06867624001738083,0.0,-0.06867624001738083,0.21612527271131515,0.0,0.21612527271131515
2024-05-13,601801.SH,0.04683195592286493,-0.057450222127499215,0.0,-0.057450222127499215,0.22183115506425632,0.0,0.22183115506425632
2024-04-10,601886.SH,-0.034710743801652844,-0.031698641605993616,0.0,-0.031698641605993616,0.40711159208512826,0.0,0.40711159208512826
2024-04-11,601886.SH,-0.024671052631578982,-0.020502169030541886,0.0,-0.020502169030541886,0.3111077683043353,0.0,0.3111077683043353
2024-04-12,601886.SH,0.0016977928692700761,-0.005826234524793127,0.0,-0.005826234524793127,0.47398628160326034,0.0,0.47398628160326034
2024-04-15,601886.SH,0.0017331022530331364,0.005835807395789197,0.0,0.005835807395789197,0.3977329501809666,0.0,0.3977329501809666
2024-04-16,601886.SH,0.07116788321167866,0.02738883060700697,0.0,0.02738883060700697,0.5135373548350662,0.0,0.5135373548350662
2024-04-17,601886.SH,-0.017123287671232834,-0.014555122146627146,0.0,-0.014555122146627146,0.3178706526649302,0.0,0.3178706526649302
2024-04-18,601886.SH,-0.0202360876897133,-0.008147610009605205,0.0,-0.008147610009605205,0.31673637006655236,0.0,0.31673637006655236
2024-04-19,601886.SH,-0.0016949152542373724,-0.0007164821953846054,0.0,-0.0007164821953846054,0.37916124623901964,0.0,0.37916124623901964
2024-04-22,601886.SH,0.0692041522491349,-0.0037529831548652696,0.0,-0.0037529831548652696,0.4247546487237347,0.0,0.4247546487237347
2024-04-23,601886.SH,0.013628620102214661,-0.010460734679707808,0.0,-0.010460734679707808,0.401340558393988,0.0,0.401340558393988
2024-04-24,601886.SH,0.06097560975609739,0.0027232122436433924,0.0,0.0027232122436433924,0.4159026076183276,0.0,0.4159026076183276
2024-04-25,601886.SH,0.055077452667814164,0.003100873134985211,0.0,0.003100873134985211,0.4957903768292954,0.0,0.4957903768292954
2024-04-26,601886.SH,0.028862478777589073,-0.004424674503093436,0.0,-0.004424674503093436,0.4278797928437488,0.0,0.4278797928437488
2024-04-29,601886.SH,-0.009708737864077555,-0.012582361175433023,0.0,-0.012582361175433023,0.28422526349208893,0.0,0.28422526349208893
2024-04-30,601886.SH,0.0,-0.026979973912977927,0.0,-0.026979973912977927,0.2752457642970445,0.0,0.2752457642970445
2024-05-06,601886.SH,-0.016420361247947435,-0.034370938850452226,0.0,-0.034370938850452226,0.21711106226471175,0.0,0.21711106226471175
2024-05-07,601886.SH,-0.02446982055464919,-0.00719279948421139,0.0,-0.00719279948421139,0.3510080908652673,0.0,0.3510080908652673
2024-05-08,601886.SH,-0.011551155115511413,-0.0066490200092316045,0.0,-0.0066490200092316045,0.46488145911402107,0.0,0.46488145911402107
2024-05-09,601886.SH,-0.0032679738562092497,-0.027732270518065563,0.0,-0.027732270518065563,0.3492200017588016,0.0,0.3492200017588016
2024-05-10,601886.SH,0.053781512605041826,-0.0012585773887856414,0.0,-0.0012585773887856414,0.41461641948820616,0.0,0.41461641948820616
2024-05-13,601886.SH,0.02170283806343898,-0.003698645719824699,0.0,-0.003698645719824699,0.4788348789812726,0.0,0.4788348789812726
2024-04-10,603160.SH,0.033410342989159236,-0.045413541919034565,0.0,-0.045413541919034565,0.14985449735449738,0.0,0.14985449735449738
2024-04-11,603160.SH,0.0449236298292901,-0.04629416687232753,0.0,-0.04629416687232753,0.15876322751322752,0.0,0.15876322751322752
2024-04-12,603160.SH,0.02426312005751252,-0.05059391917962074,0.0,-0.05059391917962074,0.1057638888888889,0.0,0.1057638888888889
2024-04-15,603160.SH,-0.004581497797356837,-0.0445468600580361,0.0,-0.0445468600580361,0.16041666666666668,0.0,0.16041666666666668
2024-04-16,603160.SH,0.017098632109431078,-0.04196012210721344,0.0,-0.04196012210721344,0.2583267195767196,0.0,0.2583267195767196
2024-04-17,603160.SH,-0.02424763542562336,-0.06545412502291766,0.0,-0.06545412502291766,0.2998536036036036,0.0,0.2998536036036036
2024-04-18,603160.SH,-0.016509028374892543,-0.049365382226348294,0.0,-0.049365382226348294,0.28699646074646074,0.0,0.28699646074646074
2024-04-19,603160.SH,0.05790489559571843,-0.04013586520209806,0.0,-0.04013586520209806,0.2851190476190476,0.0,0.2851190476190476
2024-04-22,603160.SH,0.09098955567357048,-0.043164912870767506,0.0,-0.043164912870767506,0.23798881673881675,0.0,0.23798881673881675
2024-04-23,603160.SH,0.08883383471951878,-0.03864500100669148,0.0,-0.03864500100669148,0.2806770163020163,0.0,0.2806770163020163
2024-04-24,603160.SH,0.10468805075784271,-0.04868237103473851,0.0,-0.04868237103473851,0.22175595238095236,0.0,0.22175595238095236
2024-04-25,603160.SH,0.08935128518971847,-0.03398171717552054,0.0,-0.03398171717552054,0.29574646074646077,0.0,0.29574646074646077
2024-04-26,603160.SH,0.01559130867473879,-0.04298060247631938,0.0,-0.04298060247631938,0.4,0.0,0.4
2024-04-29,603160.SH,0.00438098328736003,-0.051832729957719724,0.0,-0.051832729957719724,0.28599206349206346,0.0,0.28599206349206346
2024-04-30,603160.SH,0.006338371526084741,-0.05252904378356292,0.0,-0.05252904378356292,0.22133928571428568,0.0,0.22133928571428568
2024-05-06,603160.SH,-0.013241863433312018,-0.05295775208937964,0.0,-0.05295775208937964,0.1764664043583535,0.0,0.1764664043583535
2024-05-07,603160.SH,-0.0022471910112359383,-0.049219414162124,0.0,-0.049219414162124,0.19629973769168682,0.0,0.19629973769168682
2024-05-08,603160.SH,-0.014861995753715496,-0.04258497033522703,0.0,-0.04258497033522703,0.2526388888888889,0.0,0.2526388888888889
2024-05-09,603160.SH,-0.018901453957996805,-0.04840462424737047,0.0,-0.04840462424737047,0.18663888888888888,0.0,0.18663888888888888
2024-05-10,603160.SH,-0.0027454780361757525,-0.04990475772044148,0.0,-0.04990475772044148,0.19999999999999996,0.0,0.19999999999999996
2024-05-13,603160.SH,-0.00307194826192414,-0.02061113747422319,0.0,-0.02061113747422319,0.2916666666666667,0.0,0.2916666666666667
2024-04-10,603228.SH,0.014158363922391226,-0.04124265309474179,0.0,-0.04124265309474179,0.4431833911135177,0.0,0.4431833911135177
2024-04-11,603228.SH,0.02212855637513167,-0.03901503222846026,0.0,-0.03901503222846026,0.2411696909106985,0.0,0.2411696909106985
2024-04-12,603228.SH,-0.01449275362318847,-0.04484700120647896,0.0,-0.04484700120647896,0.34247662975112114,0.0,0.34247662975112114
2024-04-15,603228.SH,-0.025141097998973794,-0.0353190816022943,0.0,-0.0353190816022943,0.28628596349793994,0.0,0.28628596349793994
2024-04-16,603228.SH,0.016577540106951894,-0.0377085384856385,0.0,-0.0377085384856385,0.4544092613834623,0.0,0.4544092613834623
2024-04-17,603228.SH,0.018614270941054833,-0.05062919360064778,0.0,-0.05062919360064778,0.30001336253685,0.0,0.30001336253685
2024-04-18,603228.SH,0.026804123711340333,-0.027242001109922188,0.0,-0.027242001109922188,0.22164029789481135,0.0,0.22164029789481135
2024-04-19,603228.SH,0.07983193277310918,-0.03898218779278091,0.0,-0.03898218779278091,0.21252322666662804,0.0,0.21252322666662804
2024-04-22,603228.SH,0.23684210526315796,-0.03993841902030178,0.0,-0.03993841902030178,0.2714434165234352,0.0,0.2714434165234352
2024-04-23,603228.SH,0.26091530773277216,-0.0470056885173174,0.0,-0.0470056885173174,0.1963574447728814,0.0,0.1963574447728814
2024-04-24,603228.SH,0.2822335025380711,-0.03549671788392045,0.0,-0.03549671788392045,0.32847041227029855,0.0,0.32847041227029855
2024-04-25,603228.SH,0.26154618473895574,-0.020338255200444612,0.0,-0.020338255200444612,0.379046496834719,0.0,0.379046496834719
2024-04-26,603228.SH,0.2188715953307394,-0.041401409125440825,0.0,-0.041401409125440825,0.30071817979550763,0.0,0.30071817979550763
2024-04-30,603228.SH,0.07234042553191489,-0.038134396563624155,0.0,-0.038134396563624155,0.29666666666666663,0.0,0.29666666666666663
2024-05-06,603228.SH,0.052148518982060965,-0.017592167887999235,0.0,-0.017592167887999235,0.3516666666666666,0.0,0.3516666666666666
2024-05-07,603228.SH,-0.018606492478226544,-0.013191493145276467,0.0,-0.013191493145276467,0.45166666666666666,0.0,0.45166666666666666
2024-05-08,603228.SH,0.03143653004377245,-0.034219617680817306,0.0,-0.034219617680817306,0.4106480473070706,0.0,0.4106480473070706
2024-05-09,603228.SH,0.045490822027134836,-0.03021769333738392,0.0,-0.03021769333738392,0.3839144024270657,0.0,0.3839144024270657
2024-05-10,603228.SH,0.042063492063492136,-0.04099728522887057,0.0,-0.04099728522887057,0.3789026527286767,0.0,0.3789026527286767
2024-05-13,603228.SH,0.03211736716891367,-0.035515427321106026,0.0,-0.035515427321106026,0.4415464320713996,0.0,0.4415464320713996
2024-04-10,603601.SH,-0.08181818181818179,-0.033567968664577605,0.0,-0.033567968664577605,0.4693269230769231,0.0,0.4693269230769231
2024-04-11,603601.SH,-0.07902735562310037,0.005248438832940064,0.0,0.005248438832940064,0.57150008388558,0.0,0.57150008388558
2024-04-12,603601.SH,-0.0619195046439629,-0.0036186099863549912,0.0,-0.0036186099863549912,0.5417748091603054,0.0,0.5417748091603054
2024-04-15,603601.SH,-0.038961038961038974,-0.03821577487296252,0.0,-0.03821577487296252,0.4969444444444444,0.0,0.4969444444444444
2024-04-16,603601.SH,0.0535714285714286,-0.012720205413336332,0.0,-0.012720205413336332,0.5836111111111111,0.0,0.5836111111111111
2024-04-17,603601.SH,-0.0033003300330032292,-0.007326799452816447,0.0,-0.007326799452816447,0.6105555555555555,0.0,0.6105555555555555
2024-04-18,603601.SH,0.01650165016501659,-0.0014483921336262962,0.0,-0.0014483921336262962,0.6197435897435897,0.0,0.6197435897435897
2024-04-19,603601.SH,0.02310231023102327,0.02876886915897352,0.0,0.02876886915897352,0.7287728111583073,0.0,0.7287728111583073
2024-04-22,603601.SH,0.10135135135135132,0.008635088963434097,0.0,0.008635088963434097,0.6229394778249739,0.0,0.6229394778249739
2024-04-23,603601.SH,0.08813559322033893,0.012740424891900753,0.0,0.012740424891900753,0.5990475364330325,0.0,0.5990475364330325
2024-04-24,603601.SH,0.0960264900662251,-0.026317284551930296,0.0,-0.026317284551930296,0.5948998091603053,0.0,0.5948998091603053
2024-04-25,603601.SH,0.0941558441558441,-0.019856230281572244,0.0,-0.019856230281572244,0.5968760332657667,0.0,0.5968760332657667
2024-04-26,603601.SH,0.06129032258064515,-0.04791657620454403,0.0,-0.04791657620454403,0.5417602339181287,0.0,0.5417602339181287
2024-04-29,603601.SH,0.030674846625766916,-0.050332990505332374,0.0,-0.050332990505332374,0.5017602339181286,0.0,0.5017602339181286
2024-04-30,603601.SH,0.031152647975077885,-0.031240675131014046,0.0,-0.031240675131014046,0.526089023970735,0.0,0.526089023970735
2024-05-06,603601.SH,-0.027190332326283984,-0.06416945534977828,0.0,-0.06416945534977828,0.49162500000000003,0.0,0.49162500000000003
2024-05-07,603601.SH,-0.041543026706231445,-0.053904342754751956,0.0,-0.053904342754751956,0.48592690058479526,0.0,0.48592690058479526
2024-05-08,603601.SH,-0.012158054711246202,-0.044598410838842986,0.0,-0.044598410838842986,0.6114406779661017,0.0,0.6114406779661017
2024-05-09,603601.SH,-0.017857142857142905,-0.06746439132364725,0.0,-0.06746439132364725,0.5214030910609858,0.0,0.5214030910609858
2024-05-10,603601.SH,0.030211480362537735,-0.0602356842829208,0.0,-0.0602356842829208,0.5770652144469256,0.0,0.5770652144469256
2024-05-13,603601.SH,0.04037267080745344,-0.05647797046216833,0.0,-0.05647797046216833,0.6299965869959453,0.0,0.6299965869959453
2024-04-10,603699.SH,0.0,-0.015329440722074518,0.0,-0.015329440722074518,0.214656471800048,0.0,0.214656471800048
2024-04-11,603699.SH,-0.002797985450475715,-0.026618294361550592,0.0,-0.026618294361550592,0.2811774643963956,0.0,0.2811774643963956
2024-04-12,603699.SH,0.010584958217270346,-0.01811540116660945,0.0,-0.01811540116660945,0.3013183182830242,0.0,0.3013183182830242
2024-04-15,603699.SH,0.04178757980266967,-0.04383752124426864,0.0,-0.04383752124426864,0.39611111111111114,0.0,0.39611111111111114
2024-04-16,603699.SH,0.058858858858859,-0.03700788137679331,0.0,-0.03700788137679331,0.40891255500408663,0.0,0.40891255500408663
2024-04-17,603699.SH,0.05348837209302326,-0.05274357444590696,0.0,-0.05274357444590696,0.17090617768404465,0.0,0.17090617768404465
2024-04-18,603699.SH,0.014029180695847465,-0.040847380628452085,0.0,-0.040847380628452085,0.2894888183459526,0.0,0.2894888183459526
2024-04-19,603699.SH,0.03528114663726578,-0.023326950089609628,0.0,-0.023326950089609628,0.2983731728870461,0.0,0.2983731728870461
2024-04-22,603699.SH,0.03509749303621157,-0.027654024898634492,0.0,-0.027654024898634492,0.33378065516855726,0.0,0.33378065516855726
2024-04-23,603699.SH,0.05785592739648315,-0.028362192872169165,0.0,-0.028362192872169165,0.23598830535580512,0.0,0.23598830535580512
2024-04-24,603699.SH,0.07615894039735083,-0.031237959488031354,0.0,-0.031237959488031354,0.19470306258931236,0.0,0.19470306258931236
2024-04-25,603699.SH,0.06032097399003877,-0.030054834879997373,0.0,-0.030054834879997373,0.1836114229789227,0.0,0.1836114229789227
2024-04-26,603699.SH,0.01650692225772099,-0.03650938962338523,0.0,-0.03650938962338523,0.3305740303651414,0.0,0.3305740303651414
2024-04-29,603699.SH,0.053821313240043134,-0.020984367147331574,0.0,-0.020984367147331574,0.3149848710586185,0.0,0.3149848710586185
2024-04-30,603699.SH,0.04021447721179627,-0.029275958232368657,0.0,-0.029275958232368657,0.18999905153306668,0.0,0.18999905153306668
2024-05-06,603699.SH,0.05128205128205132,-0.02136140437379322,0.0,-0.02136140437379322,0.22800898314724674,0.0,0.22800898314724674
2024-05-07,603699.SH,0.07254697286012535,-0.02232000956445205,0.0,-0.02232000956445205,0.24430924876961324,0.0,0.24430924876961324
2024-05-08,603699.SH,0.07752750130958619,-0.023418010763675584,0.0,-0.023418010763675584,0.22698979629226607,0.0,0.22698979629226607
2024-05-09,603699.SH,0.03626149131767109,-0.024230707739748555,0.0,-0.024230707739748555,0.24135448070524426,0.0,0.24135448070524426
2024-05-10,603699.SH,0.057731958762886615,-0.029386586851784236,0.0,-0.029386586851784236,0.2286129353480242,0.0,0.2286129353480242
2024-05-13,603699.SH,0.022926829268292703,-0.009003013636027853,0.0,-0.009003013636027853,0.27919648314724665,0.0,0.27919648314724665
2024-04-10,603711.SH,0.058897243107769226,-0.021926981310545556,0.0,-0.021926981310545556,0.5597484036066559,0.0,0.5597484036066559
2024-04-11,603711.SH,0.08945095619987664,-0.02307708452029435,0.0,-0.02307708452029435,0.4047773245514824,0.0,0.4047773245514824
2024-04-12,603711.SH,0.06390977443609014,-0.017311412332231314,0.0,-0.017311412332231314,0.5512033152730056,0.0,0.5512033152730056
2024-04-15,603711.SH,0.05928614640048391,-0.028054326552637763,0.0,-0.028054326552637763,0.38471289632544087,0.0,0.38471289632544087
2024-04-16,603711.SH,0.15896136795440152,0.017352736329357778,0.0,0.017352736329357778,0.5128687872331174,0.0,0.5128687872331174
2024-04-17,603711.SH,0.07810650887573978,0.05186671508539465,0.0,0.05186671508539465,0.5517317136080998,0.0,0.5517317136080998
2024-04-18,603711.SH,0.006228765571913986,0.0546820260164277,0.0,0.0546820260164277,0.4866835154826958,0.0,0.4866835154826958
2024-04-19,603711.SH,0.035924617196702036,-0.04415123299658138,0.0,-0.04415123299658138,0.5363492063492064,0.0,0.5363492063492064
2024-04-22,603711.SH,0.004568817818389359,0.0256687834137338,0.0,0.0256687834137338,0.5055025783642588,0.0,0.5055025783642588
2024-04-23,603711.SH,-0.04590163934426228,-0.014035149008327301,0.0,-0.014035149008327301,0.3836304554185652,0.0,0.3836304554185652
2024-04-24,603711.SH,0.06641053787047202,-0.03924197730160008,0.0,-0.03924197730160008,0.4709778302659401,0.0,0.4709778302659401
2024-04-25,603711.SH,0.06359032076533477,-0.03396257671445959,0.0,-0.03396257671445959,0.39391711305761645,0.0,0.39391711305761645
2024-04-26,603711.SH,0.02842524161455362,-0.04951255630829393,0.0,-0.04951255630829393,0.3246636259517357,0.0,0.3246636259517357
2024-04-29,603711.SH,0.048322910744741376,0.0241650380969616,0.0,0.0241650380969616,0.4092077513723855,0.0,0.4092077513723855
2024-04-30,603711.SH,0.030927835051546282,0.008261250782147839,0.0,0.008261250782147839,0.41824720094156076,0.0,0.41824720094156076
2024-05-07,603711.SH,-0.05506948018528046,0.009089987033102978,0.0,0.009089987033102978,0.45,0.0,0.45
2024-05-08,603711.SH,-0.03968253968253965,0.012314934054896183,0.0,0.012314934054896183,0.6374978934536667,0.0,0.6374978934536667
2024-05-09,603711.SH,-0.024322830292979658,0.034293103566158736,0.0,0.034293103566158736,0.7460515668700737,0.0,0.7460515668700737
2024-05-10,603711.SH,-0.06290672451193058,0.0326760091725501,0.0,0.0326760091725501,0.7148822021309141,0.0,0.7148822021309141
2024-05-13,603711.SH,-0.04611111111111099,0.04718335877072567,0.0,0.04718335877072567,0.8659339128174632,0.0,0.8659339128174632
2024-04-10,603758.SH,-0.039651837524178,-0.019913721591809538,0.0,-0.019913721591809538,0.388244289435516,0.0,0.388244289435516
2024-04-11,603758.SH,-0.030710172744721764,-0.03149955707695737,0.0,-0.03149955707695737,0.4054273170295003,0.0,0.4054273170295003
2024-04-12,603758.SH,-0.030126336248785135,-0.019076187254004718,0.0,-0.019076187254004718,0.4063410356965288,0.0,0.4063410356965288
2024-04-15,603758.SH,-0.021021021021021102,-0.015979176354845564,0.0,-0.015979176354845564,0.3945838945760338,0.0,0.3945838945760338
2024-04-16,603758.SH,0.0506465517241379,0.016564520862532045,0.0,0.016564520862532045,0.42506937156660224,0.0,0.42506937156660224
2024-04-17,603758.SH,0.02618328298086614,-0.07280471052538133,0.0,-0.07280471052538133,0.30349757552227075,0.0,0.30349757552227075
2024-04-18,603758.SH,0.005940594059405946,-0.07134926495298909,0.0,-0.07134926495298909,0.3183029134889428,0.0,0.3183029134889428
2024-04-19,603758.SH,0.01503006012024044,-0.024421899107503506,0.0,-0.024421899107503506,0.31738560792389875,0.0,0.31738560792389875
2024-04-22,603758.SH,-0.002044989775051076,-0.02732159644360149,0.0,-0.02732159644360149,0.3395649842119991,0.0,0.3395649842119991
2024-04-23,603758.SH,0.02358974358974364,-0.028468233915389836,0.0,-0.028468233915389836,0.29026453525264445,0.0,0.29026453525264445
2024-04-24,603758.SH,-0.07360157016683022,-0.026003776198923027,0.0,-0.026003776198923027,0.3168565840353235,0.0,0.3168565840353235
2024-04-25,603758.SH,-0.06102362204724421,-0.025775582671540266,0.0,-0.025775582671540266,0.4222739313741799,0.0,0.4222739313741799
2024-04-26,603758.SH,-0.08292201382033582,-0.022587824822960165,0.0,-0.022587824822960165,0.4843973706028823,0.0,0.4843973706028823
2024-04-29,603758.SH,-0.040983606557377095,-0.050116842900061284,0.0,-0.050116842900061284,0.316838629246524,0.0,0.316838629246524
2024-04-30,603758.SH,-0.08617234468937884,-0.03468111861416019,0.0,-0.03468111861416019,0.36161337903271545,0.0,0.36161337903271545
2024-05-06,603758.SH,-0.05826271186440668,-0.03474318336034027,0.0,-0.03474318336034027,0.3495868507750216,0.0,0.3495868507750216
2024-05-07,603758.SH,-0.052410901467505266,-0.02722708750897687,0.0,-0.02722708750897687,0.42585013694159934,0.0,0.42585013694159934
2024-05-08,603758.SH,-0.04305705059203435,-0.017401518010432077,0.0,-0.017401518010432077,0.40077013365617864,0.0,0.40077013365617864
2024-05-09,603758.SH,-0.05555555555555547,-0.013712018647255273,0.0,-0.013712018647255273,0.5126531828447233,0.0,0.5126531828447233
2024-05-10,603758.SH,-0.02960526315789469,0.0019864471277801846,0.0,0.0019864471277801846,0.5295987696193586,0.0,0.5295987696193586
2024-05-13,603758.SH,0.0,0.02115606901002753,0.0,0.02115606901002753,0.5701808333782847,0.0,0.5701808333782847
2024-04-10,603787.SH,-0.038461538461538436,-1.391980289921213e-06,0.0,-1.391980289921213e-06,0.2670281169675831,0.0,0.2670281169675831
2024-04-11,603787.SH,-0.05414847161572045,-0.012618471675584844,0.0,-0.012618471675584844,0.5883324660114476,0.0,0.5883324660114476
2024-04-12,603787.SH,-0.11908783783783783,-0.02982799433502127,0.0,-0.02982799433502127,0.18549122260372095,0.0,0.18549122260372095
2024-04-15,603787.SH,-0.07218309859154937,-0.011160481112836677,0.0,-0.011160481112836677,0.45,0.0,0.45
2024-04-17,603787.SH,-0.03199268738574035,0.009036942305575377,0.0,0.009036942305575377,0.257073020271561,0.0,0.257073020271561
2024-04-18,603787.SH,0.009090909090909038,0.002734560932060441,0.0,0.002734560932060441,0.32309603255462654,0.0,0.32309603255462654
2024-04-19,603787.SH,-0.012927054478301114,-0.009968323803850043,0.0,-0.009968323803850043,0.3943833336536268,0.0,0.3943833336536268
2024-04-22,603787.SH,0.04985618408437187,-0.009621830583410214,0.0,-0.009621830583410214,0.3284992389649924,0.0,0.3284992389649924
2024-04-23,603787.SH,0.015180265654648917,-0.0017718492053486524,0.0,-0.0017718492053486524,0.3304071004029727,0.0,0.3304071004029727
2024-04-24,603787.SH,0.06704438149197367,-0.03468797099198255,0.0,-0.03468797099198255,0.42325627582055014,0.0,0.42325627582055014
2024-04-25,603787.SH,0.022522522522522515,-0.08745852197527115,0.0,-0.08745852197527115,0.30174864474273777,0.0,0.30174864474273777
2024-04-26,603787.SH,0.041159962581852394,-0.08789201883832862,0.0,-0.08789201883832862,0.3151616052925235,0.0,0.3151616052925235
2024-04-29,603787.SH,0.15707762557077642,-0.07575210565696544,0.0,-0.07575210565696544,0.21930024813534943,0.0,0.21930024813534943
2024-04-30,603787.SH,0.16168224299065415,-0.06341607247064986,0.0,-0.06341607247064986,0.19031703690213814,0.0,0.19031703690213814
2024-05-06,603787.SH,0.15486725663716805,-0.09757338817687863,0.0,-0.09757338817687863,0.16172417357370436,0.0,0.16172417357370436
2024-05-07,603787.SH,0.11541850220264327,-0.0563909012946687,0.0,-0.0563909012946687,0.21178713901408913,0.0,0.21178713901408913
2024-05-08,603787.SH,0.11230907457322559,-0.06087226445939625,0.0,-0.06087226445939625,0.24133741388917213,0.0,0.24133741388917213
2024-05-10,603787.SH,-0.05524861878453036,-0.01740787656137352,0.0,-0.01740787656137352,0.435,0.0,0.435
2024-05-13,603787.SH,-0.029766693483507578,0.0006626137423277412,0.0,0.0006626137423277412,0.5246301247771836,0.0,0.5246301247771836
2024-04-10,603829.SH,-0.0700685453160701,-0.0828858897261358,0.0,-0.0828858897261358,0.3576612086588987,0.0,0.3576612086588987
2024-04-11,603829.SH,-0.06773211567732118,-0.06662030862485932,0.0,-0.06662030862485932,0.31875905996820497,0.0,0.31875905996820497
2024-04-12,603829.SH,-0.10754294249439889,-0.040923978318198204,0.0,-0.040923978318198204,0.28727299048112565,0.0,0.28727299048112565
2024-04-15,603829.SH,-0.048107255520504655,-0.07853604737081522,0.0,-0.07853604737081522,0.4710721117128274,0.0,0.4710721117128274
2024-04-17,603829.SH,-0.0015999999999999348,-0.10300743566219792,0.0,-0.10300743566219792,0.4800298067945127,0.0,0.4800298067945127
2024-04-18,603829.SH,0.042588042588042496,-0.05887176886994757,0.0,-0.05887176886994757,0.43782621669008776,0.0,0.43782621669008776
2024-04-19,603829.SH,0.0065306122448980375,-0.03678929084446592,0.0,-0.03678929084446592,0.46285334419752694,0.0,0.46285334419752694
2024-04-22,603829.SH,0.06108786610878658,-0.046316992085349486,0.0,-0.046316992085349486,0.4682093376587836,0.0,0.4682093376587836
2024-04-23,603829.SH,0.05468102734051361,-0.05435938410372912,0.0,-0.05435938410372912,0.4992193148282035,0.0,0.4992193148282035
2024-04-24,603829.SH,0.04807692307692313,-0.06648569030912857,0.0,-0.06648569030912857,0.4056841679761336,0.0,0.4056841679761336
2024-04-25,603829.SH,0.03927729772191668,-0.05375860040678709,0.0,-0.05375860040678709,0.43656318111985265,0.0,0.43656318111985265
2024-04-26,603829.SH,0.052716950527169626,-0.0804814872201097,0.0,-0.0804814872201097,0.37942473515644254,0.0,0.37942473515644254
2024-04-29,603829.SH,0.04100946372239744,-0.05995012309367184,0.0,-0.05995012309367184,0.36532050766052215,0.0,0.36532050766052215
2024-04-30,603829.SH,0.03927729772191668,-0.048512202219911336,0.0,-0.048512202219911336,0.4580440750968766,0.0,0.4580440750968766
2024-05-06,603829.SH,0.013761467889908285,-0.055704738961755734,0.0,-0.055704738961755734,0.36756161895652567,0.0,0.36756161895652567
2024-05-07,603829.SH,0.01058201058201047,-0.04387657191338911,0.0,-0.04387657191338911,0.34676715326710805,0.0,0.34676715326710805
2024-05-08,603829.SH,0.0,-0.047427382931049485,0.0,-0.047427382931049485,0.3581142721321298,0.0,0.3581142721321298
2024-05-09,603829.SH,-0.02651515151515149,-0.051429448480093495,0.0,-0.051429448480093495,0.3281737959416535,0.0,0.3281737959416535
2024-05-10,603829.SH,-0.019652305366591016,-0.05471385289804307,0.0,-0.05471385289804307,0.3299477288874833,0.0,0.3299477288874833
2024-05-13,603829.SH,-0.009803921568627416,-0.05230585760637691,0.0,-0.05230585760637691,0.34928164206505863,0.0,0.34928164206505863
2024-04-10,603927.SH,0.0960365853658538,0.010317439129927051,0.0,0.010317439129927051,0.7374139480191636,0.0,0.7374139480191636
2024-04-11,603927.SH,0.08536585365853666,0.004965139807251242,0.0,0.004965139807251242,0.7382278369080525,0.0,0.7382278369080525
2024-04-12,603927.SH,0.03688524590163933,-0.019799245137990192,0.0,-0.019799245137990192,0.376875,0.0,0.376875
2024-04-15,603927.SH,0.008300252616384007,-0.03858184951845601,0.0,-0.03858184951845601,0.3684027777777778,0.0,0.3684027777777778
2024-04-16,603927.SH,-0.0061482820976491714,-0.038371506014397205,0.0,-0.038371506014397205,0.2862549559180657,0.0,0.2862549559180657
2024-04-17,603927.SH,-0.014603616133518793,-0.06393244963711528,0.0,-0.06393244963711528,0.22878895663956642,0.0,0.22878895663956642
2024-04-18,603927.SH,-0.022471910112359605,-0.04814579951358706,0.0,-0.04814579951358706,0.17162522902730937,0.0,0.17162522902730937
2024-04-19,603927.SH,0.037010420409629985,-0.03855948531724038,0.0,-0.03855948531724038,0.15540184020491066,0.0,0.15540184020491066
2024-04-22,603927.SH,0.04617036506800276,-0.049471283170948795,0.0,-0.049471283170948795,0.1257320621451719,0.0,0.1257320621451719
2024-04-23,603927.SH,0.05094614264919928,-0.04330624694965629,0.0,-0.04330624694965629,0.18529108430309882,0.0,0.18529108430309882
2024-04-24,603927.SH,0.028581510232886354,-0.05602417027099373,0.0,-0.05602417027099373,0.15309050392155293,0.0,0.15309050392155293
2024-04-25,603927.SH,0.030172413793103425,-0.04087769814201361,0.0,-0.04087769814201361,0.156505511838687,0.0,0.156505511838687
2024-04-26,603927.SH,-0.023908523908523827,-0.03643515501597401,0.0,-0.03643515501597401,0.2794139566395664,0.0,0.2794139566395664
2024-04-29,603927.SH,-0.029421826890181246,-0.03760593999346425,0.0,-0.03760593999346425,0.19467175198431824,0.0,0.19467175198431824
2024-04-30,603927.SH,-0.023545706371191133,-0.03524622322893179,0.0,-0.03524622322893179,0.2189400069348133,0.0,0.2189400069348133
2024-05-06,603927.SH,-0.043567753001715226,-0.050062288424355755,0.0,-0.050062288424355755,0.15945436067997043,0.0,0.15945436067997043
2024-05-07,603927.SH,-0.028242677824267703,-0.0428332911716344,0.0,-0.0428332911716344,0.18709402123757024,0.0,0.18709402123757024
2024-05-08,603927.SH,-0.015974440894568787,-0.0383235202044593,0.0,-0.0383235202044593,0.20846884671750035,0.0,0.20846884671750035
2024-05-09,603927.SH,-0.0285512865703208,-0.029545238619229922,0.0,-0.029545238619229922,0.3012819056626201,0.0,0.3012819056626201
2024-05-10,603927.SH,-0.004964539007092261,-0.03950411194514549,0.0,-0.03950411194514549,0.22267446748231734,0.0,0.22267446748231734
2024-05-13,603927.SH,0.013271162123386082,-0.04135468282735737,0.0,-0.04135468282735737,0.21115594896379883,0.0,0.21115594896379883
2024-04-10,605020.SH,-0.1111898016997166,0.010986631544094141,0.0,0.010986631544094141,0.3493763486255746,0.0,0.3493763486255746
2024-04-11,605020.SH,-0.07675438596491224,0.003736622020144202,0.0,0.003736622020144202,0.40012152636683296,0.0,0.40012152636683296
2024-04-12,605020.SH,-0.062476334721696225,0.014114088379398712,0.0,0.014114088379398712,0.47778305469357873,0.0,0.47778305469357873
2024-04-15,605020.SH,-0.026156941649899457,0.015929842101145,0.0,0.015929842101145,0.49526315789473685,0.0,0.49526315789473685
2024-04-16,605020.SH,0.021867115222876432,0.011727076362704165,0.0,0.011727076362704165,0.5037502071354857,0.0,0.5037502071354857
2024-04-17,605020.SH,-0.0346613545816733,0.00558937191677651,0.0,0.00558937191677651,0.5078224206349207,0.0,0.5078224206349207
2024-04-18,605020.SH,-0.04433887569279493,1.8405720226107558e-05,0.0,1.8405720226107558e-05,0.5320459140859142,0.0,0.5320459140859142
2024-04-19,605020.SH,0.008481421647818843,0.004526281317802199,0.0,0.004526281317802199,0.5352965699517873,0.0,0.5352965699517873
2024-04-22,605020.SH,0.027685950413223193,0.007973073206101168,0.0,0.007973073206101168,0.5860612758341402,0.0,0.5860612758341402
2024-04-23,605020.SH,0.0,0.008931318134557413,0.0,0.008931318134557413,0.5674373129405708,0.0,0.5674373129405708
2024-04-24,605020.SH,0.06479570780024768,0.015354447949272827,0.0,0.015354447949272827,0.5090237566137567,0.0,0.5090237566137567
2024-04-25,605020.SH,0.10604805302402642,0.0058086292838891865,0.0,0.0058086292838891865,0.5368863942687823,0.0,0.5368863942687823
2024-04-26,605020.SH,0.04805766920304366,0.014053912838073118,0.0,0.014053912838073118,0.42261462505558384,0.0,0.42261462505558384
2024-04-29,605020.SH,0.05830317651789296,0.017845715607309486,0.0,0.017845715607309486,0.4457746749776287,0.0,0.4457746749776287
2024-04-30,605020.SH,0.05884773662551446,0.005517345806138207,0.0,0.005517345806138207,0.5436796764052003,0.0,0.5436796764052003
2024-05-06,605020.SH,-0.02209302325581397,0.00725664678157653,0.0,0.00725664678157653,0.3606785243741766,0.0,0.3606785243741766
2024-05-07,605020.SH,-0.05280898876404494,0.0030498030766024646,0.0,0.0030498030766024646,0.40049967762733724,0.0,0.40049967762733724
2024-05-08,605020.SH,-0.04470768055024843,0.017662101957709796,0.0,0.017662101957709796,0.4615945392874162,0.0,0.4615945392874162
2024-05-09,605020.SH,-0.05889057750759885,0.01900338194022922,0.0,0.01900338194022922,0.5085492377446392,0.0,0.5085492377446392
2024-05-10,605020.SH,-0.021375825884181965,0.028566451842294404,0.0,0.028566451842294404,0.5433306737411978,0.0,0.5433306737411978
2024-05-13,605020.SH,0.011494252873563093,0.024064351312161492,0.0,0.024064351312161492,0.5615024511794457,0.0,0.5615024511794457
2024-04-10,605288.SH,-0.03323943661971829,-0.07704397408267977,0.0,-0.07704397408267977,0.3009080188679245,0.0,0.3009080188679245
2024-04-11,605288.SH,-0.07631073291243484,-0.07084042749549865,0.0,-0.07084042749549865,0.230655737704918,0.0,0.230655737704918
2024-04-12,605288.SH,-0.10277324632952689,-0.034328861531518824,0.0,-0.034328861531518824,0.23898907103825137,0.0,0.23898907103825137
2024-04-15,605288.SH,-0.01977318988077925,-0.003021527721613743,0.0,-0.003021527721613743,0.455,0.0,0.455
2024-04-17,605288.SH,0.041916167664670656,-0.09703850505642717,0.0,-0.09703850505642717,0.32687368642286674,0.0,0.32687368642286674
2024-04-18,605288.SH,0.034965034965035,-0.08270704136132657,0.0,-0.08270704136132657,0.24065573770491802,0.0,0.24065573770491802
2024-04-19,605288.SH,0.057057949479940584,-0.020498127783038386,0.0,-0.020498127783038386,0.32094985535197684,0.0,0.32094985535197684
2024-04-22,605288.SH,0.13424242424242427,-0.019828253174551825,0.0,-0.019828253174551825,0.3610358758888171,0.0,0.3610358758888171
2024-04-23,605288.SH,0.11331948976564821,-0.047018098486163284,0.0,-0.047018098486163284,0.3523469631755141,0.0,0.3523469631755141
2024-04-24,605288.SH,0.060919540229885216,-0.04818710529544964,0.0,-0.04818710529544964,0.38318029650884744,0.0,0.38318029650884744
2024-04-25,605288.SH,0.024774774774774633,-0.05048801042728379,0.0,-0.05048801042728379,0.30196078431372547,0.0,0.30196078431372547
2024-04-26,605288.SH,0.03148720832161933,-0.05205460890625997,0.0,-0.05205460890625997,0.30779411764705883,0.0,0.30779411764705883
2024-04-30,605288.SH,-0.032861341170184244,-0.05048114051994613,0.0,-0.05048114051994613,0.2472916666666667,0.0,0.2472916666666667
2024-05-06,605288.SH,-0.07194244604316558,-0.052564233132640664,0.0,-0.052564233132640664,0.200655737704918,0.0,0.200655737704918
2024-05-07,605288.SH,-0.043066088840736816,-0.035973467386818864,0.0,-0.035973467386818864,0.19520833333333334,0.0,0.19520833333333334
2024-05-08,605288.SH,-0.0346153846153846,-0.051855635197670544,0.0,-0.051855635197670544,0.2013033399061759,0.0,0.2013033399061759
2024-05-09,605288.SH,-0.034886890160806816,-0.04956837343568792,0.0,-0.04956837343568792,0.21645833333333336,0.0,0.21645833333333336
2024-05-10,605288.SH,-0.022651933701657412,-0.03800493876943494,0.0,-0.03800493876943494,0.28218875657284254,0.0,0.28218875657284254
2024-05-13,605288.SH,0.029859316681022152,-0.05804656201997204,0.0,-0.05804656201997204,0.21240423098913666,0.0,0.21240423098913666
2024-04-10,605303.SH,-0.1518386714116251,-0.17574224884226133,0.0,-0.17574224884226133,0.29953509049786325,0.0,0.29953509049786325
2024-04-11,605303.SH,-0.21281464530892447,-0.12051360698307857,0.0,-0.12051360698307857,0.1438876349263874,0.0,0.1438876349263874
2024-04-12,605303.SH,-0.1435294117647059,-0.03522773481173522,0.0,-0.03522773481173522,0.41535714285714287,0.0,0.41535714285714287
2024-04-17,605303.SH,0.0013550135501354532,0.15611704281720462,0.0,0.15611704281720462,0.6023809523809525,0.0,0.6023809523809525
2024-04-18,605303.SH,0.051175656984785434,0.02172618008230929,0.0,0.02172618008230929,0.6314968095629859,0.0,0.6314968095629859
2024-04-19,605303.SH,0.03916083916083912,0.01081159675317906,0.0,0.01081159675317906,0.5783374958374958,0.0,0.5783374958374958
2024-04-22,605303.SH,0.14680232558139528,0.03322683128506618,0.0,0.03322683128506618,0.6383149913811679,0.0,0.6383149913811679
2024-04-23,605303.SH,0.07417582417582413,0.07262710515209995,0.0,0.07262710515209995,0.6948331553351622,0.0,0.6948331553351622
2024-04-24,605303.SH,0.09472259810554817,0.03812231325246395,0.0,0.03812231325246395,0.7421367267637337,0.0,0.7421367267637337
2024-04-25,605303.SH,0.08947368421052637,0.04032551899038442,0.0,0.04032551899038442,0.7308677175471437,0.0,0.7308677175471437
2024-04-26,605303.SH,0.0915208613728129,0.0468507301181802,0.0,0.0468507301181802,0.7966911627786959,0.0,0.7966911627786959
2024-04-29,605303.SH,0.0443599493029152,0.12112677092419036,0.0,0.12112677092419036,0.7956813367982631,0.0,0.7956813367982631
2024-04-30,605303.SH,0.03580562659846542,0.08284081092982185,0.0,0.08284081092982185,0.8465515726391059,0.0,0.8465515726391059
2024-05-06,605303.SH,-0.02966625463535233,0.06520034508699306,0.0,0.06520034508699306,0.7888994867527868,0.0,0.7888994867527868
2024-05-07,605303.SH,-0.015700483091787287,0.07441624946532838,0.0,0.07441624946532838,0.7817948733557037,0.0,0.7817948733557037
2024-05-08,605303.SH,0.0,0.0838703352111845,0.0,0.0838703352111845,0.8255468997419095,0.0,0.8255468997419095
2024-05-09,605303.SH,0.10194174757281549,0.08690390373127807,0.0,0.08690390373127807,0.8092284381467452,0.0,0.8092284381467452
2024-05-10,605303.SH,0.06543209876543221,0.0920505079309976,0.0,0.0920505079309976,0.7999992806942905,0.0,0.7999992806942905
2024-05-13,605303.SH,0.04840764331210212,0.05688410938522408,0.0,0.05688410938522408,0.7963679645804977,0.0,0.7963679645804977
2024-04-10,605338.SH,-0.06172106824925816,-0.05577482420996108,0.0,-0.05577482420996108,0.31031750929354746,0.0,0.31031750929354746
2024-04-11,605338.SH,-0.041466346153846256,-0.05317554028331428,0.0,-0.05317554028331428,0.2924951499814003,0.0,0.2924951499814003
2024-04-12,605338.SH,-0.03353658536585358,-0.04850538541024682,0.0,-0.04850538541024682,0.3868948221408832,0.0,0.3868948221408832
2024-04-15,605338.SH,0.020163831127914422,-0.019497224992402112,0.0,-0.019497224992402112,0.44088301593532686,0.0,0.44088301593532686
2024-04-16,605338.SH,0.0652173913043479,-0.046101707256167614,0.0,-0.046101707256167614,0.44766718266253874,0.0,0.44766718266253874
2024-04-17,605338.SH,0.03289057558507258,-0.07314727292241767,0.0,-0.07314727292241767,0.38062511357957385,0.0,0.38062511357957385
2024-04-18,605338.SH,0.006896551724137945,-0.05557747799979831,0.0,-0.05557747799979831,0.37777150234446893,0.0,0.37777150234446893
2024-04-19,605338.SH,0.046056782334384705,-0.05132954645367544,0.0,-0.05132954645367544,0.42394567580512255,0.0,0.42394567580512255
2024-04-22,605338.SH,0.07350216182828895,-0.05168057437625793,0.0,-0.05168057437625793,0.3905927014527316,0.0,0.3905927014527316
2024-04-23,605338.SH,0.07977736549165115,-0.05373963475643867,0.0,-0.05373963475643867,0.3164980032243317,0.0,0.3164980032243317
2024-04-24,605338.SH,0.07960808328230251,-0.05010935125267922,0.0,-0.05010935125267922,0.30583716853184567,0.0,0.30583716853184567
2024-04-25,605338.SH,0.10585305105853071,-0.0416943185377633,0.0,-0.0416943185377633,0.3484361902873907,0.0,0.3484361902873907
2024-04-26,605338.SH,0.06031363088057895,-0.04654885443473188,0.0,-0.04654885443473188,0.26587030287289976,0.0,0.26587030287289976
2024-04-29,605338.SH,0.015535097813578869,-0.003735154754846249,0.0,-0.003735154754846249,0.26874189130854587,0.0,0.26874189130854587
2024-04-30,605338.SH,0.001145475372279492,-0.03113447568152998,0.0,-0.03113447568152998,0.2280542126426791,0.0,0.2280542126426791
2024-05-06,605338.SH,-0.027793533749290944,-0.030603975258565203,0.0,-0.030603975258565203,0.27138997003413884,0.0,0.27138997003413884
2024-05-07,605338.SH,-0.024774774774774855,-0.026940791388284455,0.0,-0.026940791388284455,0.3090879431934366,0.0,0.3090879431934366
2024-05-08,605338.SH,-0.029010238907849706,-0.020135605773039526,0.0,-0.020135605773039526,0.403737785463329,0.0,0.403737785463329
2024-05-09,605338.SH,-0.04872521246458916,-0.011986507820013394,0.0,-0.011986507820013394,0.3901092184756342,0.0,0.3901092184756342
2024-05-10,605338.SH,-0.017734553775743622,-0.008176635567179177,0.0,-0.008176635567179177,0.3864536721171059,0.0,0.3864536721171059
2024-05-13,605338.SH,0.008168028004667427,-0.0006637063143005949,0.0,-0.0006637063143005949,0.4815961325416327,0.0,0.4815961325416327
2024-04-10,605358.SH,-0.0113690194220748,-0.050817784909354416,0.0,-0.050817784909354416,0.4011881123857025,0.0,0.4011881123857025
2024-04-11,605358.SH,-0.005760921747479442,-0.03181725161007173,0.0,-0.03181725161007173,0.3639493907243682,0.0,0.3639493907243682
2024-04-12,605358.SH,-0.016129032258064613,-0.03430468104379744,0.0,-0.03430468104379744,0.3628986962799239,0.0,0.3628986962799239
2024-04-15,605358.SH,-0.004921259842519787,-0.03212304143909626,0.0,-0.03212304143909626,0.3167034715881584,0.0,0.3167034715881584
2024-04-16,605358.SH,0.046907216494845416,-0.03424148485385954,0.0,-0.03424148485385954,0.5760381348816562,0.0,0.5760381348816562
2024-04-17,605358.SH,-0.01677048394825109,-0.08926197281751509,0.0,-0.08926197281751509,0.3840157761082761,0.0,0.3840157761082761
2024-04-18,605358.SH,-0.007242877836793893,-0.05059776161537163,0.0,-0.05059776161537163,0.3654945392647658,0.0,0.3654945392647658
2024-04-19,605358.SH,0.06358668653750632,-0.03410216482614595,0.0,-0.03410216482614595,0.3836281266530691,0.0,0.3836281266530691
2024-04-22,605358.SH,0.10237388724035612,-0.042226725757949266,0.0,-0.042226725757949266,0.33914290292754595,0.0,0.33914290292754595
2024-04-23,605358.SH,0.08813392417528321,-0.05911546086900444,0.0,-0.05911546086900444,0.3923484802767158,0.0,0.3923484802767158
2024-04-24,605358.SH,0.08625730994152048,-0.04945682000685071,0.0,-0.04945682000685071,0.32987882696261667,0.0,0.32987882696261667
2024-04-25,605358.SH,0.08706225680933866,-0.033128486086542314,0.0,-0.033128486086542314,0.3820898852143015,0.0,0.3820898852143015
2024-04-26,605358.SH,0.0420364315740307,-0.0605634835039731,0.0,-0.0605634835039731,0.3834188097416096,0.0,0.3834188097416096
2024-04-29,605358.SH,0.024674742036787878,-0.06344078761556947,0.0,-0.06344078761556947,0.36555036337316316,0.0,0.36555036337316316
2024-04-30,605358.SH,0.019457013574660564,-0.050280641826183435,0.0,-0.050280641826183435,0.3106940369504578,0.0,0.3106940369504578
2024-05-06,605358.SH,-0.013010318528488107,-0.05073892687896353,0.0,-0.05073892687896353,0.37020511106781917,0.0,0.37020511106781917
2024-05-07,605358.SH,-0.02371364653243857,-0.046349549668456946,0.0,-0.046349549668456946,0.34039085903789057,0.0,0.34039085903789057
2024-05-08,605358.SH,-0.02779022859704161,-0.050674401205756434,0.0,-0.050674401205756434,0.36266308278246084,0.0,0.36266308278246084
2024-05-09,605358.SH,-0.05604203152364273,-0.03107919774708886,0.0,-0.03107919774708886,0.3468929433575562,0.0,0.3468929433575562
2024-05-10,605358.SH,-0.022636484687083902,-0.023127416684596735,0.0,-0.023127416684596735,0.3010477039090971,0.0,0.3010477039090971
2024-05-13,605358.SH,-0.005909090909090864,-0.017553258266225474,0.0,-0.017553258266225474,0.3238988484311565,0.0,0.3238988484311565
2024-04-10,688092.SH,-0.05893019038984593,-0.059969278507775364,0.0,-0.059969278507775364,0.24955694239427417,0.0,0.24955694239427417
2024-04-11,688092.SH,-0.025664811379097152,-0.04906788115556252,0.0,-0.04906788115556252,0.253642488727166,0.0,0.253642488727166
2024-04-12,688092.SH,-0.0399504490554351,-0.055950157474990304,0.0,-0.055950157474990304,0.21169836583623347,0.0,0.21169836583623347
2024-04-15,688092.SH,0.05803996194100858,-0.010348599623738157,0.0,-0.010348599623738157,0.323400004076844,0.0,0.323400004076844
2024-04-16,688092.SH,0.18027681660899653,0.0068181375267385115,0.0,0.0068181375267385115,0.3848936170212766,0.0,0.3848936170212766
2024-04-17,688092.SH,0.1843288375080283,0.0008246037450725691,0.0,0.0008246037450725691,0.6704435412930846,0.0,0.6704435412930846
2024-04-18,688092.SH,0.13678197397651526,0.01830458397197541,0.0,0.01830458397197541,0.6946369342745122,0.0,0.6946369342745122
2024-04-19,688092.SH,0.1706451612903226,0.004549447120215373,0.0,0.004549447120215373,0.7016010853195458,0.0,0.7016010853195458
2024-04-22,688092.SH,0.09742206235011985,0.008026651942855898,0.0,0.008026651942855898,0.5716513976979093,0.0,0.5716513976979093
2024-04-23,688092.SH,0.03928466725300517,0.015472842695346297,0.0,0.015472842695346297,0.446515665374677,0.0,0.446515665374677
2024-04-24,688092.SH,-0.03416485900216937,0.025883422728798167,0.0,0.025883422728798167,0.6461377968877968,0.0,0.6461377968877968
2024-04-25,688092.SH,0.01005025125628145,0.022474385392276832,0.0,0.022474385392276832,0.5739485826939471,0.0,0.5739485826939471
2024-04-26,688092.SH,-0.008817856158721438,0.006905114916387348,0.0,0.006905114916387348,0.5444742867867868,0.0,0.5444742867867868
2024-04-29,688092.SH,-0.022398251843758543,0.003907047137415572,0.0,0.003907047137415572,0.49436192723622496,0.0,0.49436192723622496
2024-04-30,688092.SH,-0.020028208744710896,0.025056215861720812,0.0,0.025056215861720812,0.5705723342544965,0.0,0.5705723342544965
2024-05-06,688092.SH,-0.02610892756878158,0.027385583888628887,0.0,0.027385583888628887,0.6661448896925513,0.0,0.6661448896925513
2024-05-07,688092.SH,-0.024322830292979658,0.017825362003491198,0.0,0.017825362003491198,0.631583167839409,0.0,0.631583167839409
2024-05-08,688092.SH,-0.04086738949124269,0.021519165845753533,0.0,0.021519165845753533,0.736914248948169,0.0,0.736914248948169
2024-05-09,688092.SH,-0.02291142777312094,0.007355125069910189,0.0,0.007355125069910189,0.538460815578672,0.0,0.538460815578672
2024-05-10,688092.SH,0.016407599309153698,0.033337125515011445,0.0,0.033337125515011445,0.7016297796227973,0.0,0.7016297796227973
2024-05-13,688092.SH,-0.0037474776592676395,0.0230815429875723,0.0,0.0230815429875723,0.7036481380759383,0.0,0.7036481380759383
2024-04-10,688100.SH,0.06253669994127997,0.004911067444856833,0.0,0.004911067444856833,0.5171029082774049,0.0,0.5171029082774049
2024-04-11,688100.SH,0.03144475920679879,-0.07440678181943206,0.0,-0.07440678181943206,0.4406029082774049,0.0,0.4406029082774049
2024-04-12,688100.SH,-0.024572059635560528,-0.056941230798242815,0.0,-0.056941230798242815,0.39975,0.0,0.39975
2024-04-15,688100.SH,0.01238986784140983,-0.01980106359329291,0.0,-0.01980106359329291,0.39,0.0,0.39
2024-04-16,688100.SH,-0.0055710306406684396,-0.05616402820757969,0.0,-0.05616402820757969,0.43018624161073826,0.0,0.43018624161073826
2024-04-17,688100.SH,0.006907985631389835,-0.05066884194595664,0.0,-0.05066884194595664,0.3701862416107383,0.0,0.3701862416107383
2024-04-18,688100.SH,-0.015655039824223893,-0.014173839593110162,0.0,-0.014173839593110162,0.45716243208692864,0.0,0.45716243208692864
2024-04-19,688100.SH,0.011321822813472826,-0.022532432592461495,0.0,-0.022532432592461495,0.46710290827740486,0.0,0.46710290827740486
2024-04-22,688100.SH,-0.048137068262170346,-0.07187546977570655,0.0,-0.07187546977570655,0.3856029082774049,0.0,0.3856029082774049
2024-04-23,688100.SH,-0.025490196078431504,-0.06453866051780402,0.0,-0.06453866051780402,0.4775790987535954,0.0,0.4775790987535954
2024-04-24,688100.SH,-0.04171240395170128,-0.029640415845560163,0.0,-0.029640415845560163,0.355,0.0,0.355
2024-04-25,688100.SH,-0.0457589285714286,-0.0438436576540259,0.0,-0.0438436576540259,0.2801964811092232,0.0,0.2801964811092232
2024-04-26,688100.SH,-0.052616848586621745,-0.050953364515780246,0.0,-0.050953364515780246,0.26289280868385345,0.0,0.26289280868385345
2024-04-29,688100.SH,-0.010000000000000009,-0.054690533977343095,0.0,-0.054690533977343095,0.25349637884998993,0.0,0.25349637884998993
2024-04-30,688100.SH,-0.013222190284564506,-0.05257597254554546,0.0,-0.05257597254554546,0.276413872413571,0.0,0.276413872413571
2024-05-06,688100.SH,0.014032073310423776,-0.05568956129960991,0.0,-0.05568956129960991,0.2754884992792427,0.0,0.2754884992792427
2024-05-07,688100.SH,0.058479532163742576,-0.054233179534107744,0.0,-0.054233179534107744,0.27501974927924266,0.0,0.27501974927924266
2024-05-08,688100.SH,0.0262924667651403,-0.05119466565508213,0.0,-0.05119466565508213,0.2706628920214142,0.0,0.2706628920214142
2024-05-09,688100.SH,-0.01789321789321785,-0.062445043560756044,0.0,-0.062445043560756044,0.25214645100006206,0.0,0.25214645100006206
2024-05-10,688100.SH,0.021264200407806744,-0.04717690615640512,0.0,-0.04717690615640512,0.2695011482070306,0.0,0.2695011482070306
2024-05-13,688100.SH,0.06325896639367423,-0.06095280535196404,0.0,-0.06095280535196404,0.19936867322228427,0.0,0.19936867322228427
2024-04-10,688351.SH,-0.07785684386772707,-0.02870509193374304,0.0,-0.02870509193374304,0.2989640094487255,0.0,0.2989640094487255
2024-04-11,688351.SH,-0.04929876753081175,-0.02474514197866403,0.0,-0.02474514197866403,0.3433578407317032,0.0,0.3433578407317032
2024-04-12,688351.SH,-0.0959700872455338,-0.021768621436615773,0.0,-0.021768621436615773,0.3085325232759001,0.0,0.3085325232759001
2024-04-15,688351.SH,-0.012288135593220506,-0.008962702468916325,0.0,-0.008962702468916325,0.3828612565503363,0.0,0.3828612565503363
2024-04-16,688351.SH,0.13471971066907784,0.020508129580630335,0.0,0.020508129580630335,0.4735579943106539,0.0,0.4735579943106539
2024-04-17,688351.SH,0.12664548343168391,-0.058487143284930286,0.0,-0.058487143284930286,0.20418900407732454,0.0,0.20418900407732454
2024-04-18,688351.SH,0.10773357174787668,-0.053796695437632325,0.0,-0.053796695437632325,0.25214370532044766,0.0,0.25214370532044766
2024-04-19,688351.SH,0.1420036764705883,-0.05683571353878613,0.0,-0.05683571353878613,0.24651984616416647,0.0,0.24651984616416647
2024-04-22,688351.SH,0.09395109395109391,0.02583933520805133,0.0,0.02583933520805133,0.489050454197513,0.0,0.489050454197513
2024-04-23,688351.SH,0.01673306772908356,0.05680988591526598,0.0,0.05680988591526598,0.59,0.0,0.59
2024-04-24,688351.SH,0.12248186946011286,0.030226004180445822,0.0,0.030226004180445822,0.5204020252337289,0.0,0.5204020252337289
2024-04-25,688351.SH,0.11016949152542366,0.033255980724793556,0.0,0.033255980724793556,0.45490721205739976,0.0,0.45490721205739976
2024-04-26,688351.SH,0.06398390342052318,0.03283959798740829,0.0,0.03283959798740829,0.47861464932198294,0.0,0.47861464932198294
2024-04-29,688351.SH,0.028235294117646914,0.02897879175847697,0.0,0.02897879175847697,0.4697894178405014,0.0,0.4697894178405014
2024-04-30,688351.SH,0.009012539184952928,0.0339772969132154,0.0,0.0339772969132154,0.5040366763431141,0.0,0.5040366763431141
2024-05-06,688351.SH,-0.0897343862167983,0.06286660530828105,0.0,0.06286660530828105,0.8361285653337347,0.0,0.8361285653337347
2024-05-07,688351.SH,-0.055616139585605295,0.01016155189591319,0.0,0.01016155189591319,0.6702307746617806,0.0,0.6702307746617806
2024-05-08,688351.SH,-0.03593040847201223,0.041530323095950374,0.0,0.041530323095950374,0.7489948183480175,0.0,0.7489948183480175
2024-05-09,688351.SH,-0.04347826086956519,0.03366934600582136,0.0,0.03366934600582136,0.7864365519727052,0.0,0.7864365519727052
2024-05-10,688351.SH,-0.014368932038834936,0.04763453949616897,0.0,0.04763453949616897,0.8231143049396685,0.0,0.8231143049396685
2024-05-13,688351.SH,-0.004337539432176629,0.04578576991999637,0.0,0.04578576991999637,0.825302828947176,0.0,0.825302828947176
2024-04-10,688363.SH,-0.007468123861566478,-0.03468055982674021,0.0,-0.03468055982674021,0.25,0.0,0.25
2024-04-11,688363.SH,0.017700763927706253,-0.027654380263983792,0.0,-0.027654380263983792,0.34975446428571433,0.0,0.34975446428571433
2024-04-12,688363.SH,0.010754716981132173,-0.031149973558435438,0.0,-0.031149973558435438,0.22546875,0.0,0.22546875
2024-04-15,688363.SH,0.08061205448777753,-0.034515511523569124,0.0,-0.034515511523569124,0.2788345410628019,0.0,0.2788345410628019
2024-04-16,688363.SH,0.08132811042715904,-0.02386016497997435,0.0,-0.02386016497997435,0.24883454106280195,0.0,0.24883454106280195
2024-04-17,688363.SH,0.06771884749495305,-0.045195694478279605,0.0,-0.045195694478279605,0.21085317460317463,0.0,0.21085317460317463
2024-04-18,688363.SH,0.07597949469058962,-0.033173204157657905,0.0,-0.033173204157657905,0.2516388888888889,0.0,0.2516388888888889
2024-04-19,688363.SH,0.1185364943065148,-0.03265348331541092,0.0,-0.03265348331541092,0.25721428571428573,0.0,0.25721428571428573
2024-04-22,688363.SH,0.04489725436021419,0.014949904009914588,0.0,0.014949904009914588,0.415,0.0,0.415
2024-04-23,688363.SH,0.06089356563739878,-0.011246499612534138,0.0,-0.011246499612534138,0.36088766891891894,0.0,0.36088766891891894
2024-04-24,688363.SH,0.09487796493640421,-0.01758418779535801,0.0,-0.01758418779535801,0.27071875,0.0,0.27071875
2024-04-25,688363.SH,0.08728943338437967,-0.021160005999845737,0.0,-0.021160005999845737,0.29196875,0.0,0.29196875
2024-04-26,688363.SH,0.0535714285714286,-0.012231267854227157,0.0,-0.012231267854227157,0.3889189189189189,0.0,0.3889189189189189
2024-04-29,688363.SH,0.04478598578747306,-0.017499050009526486,0.0,-0.017499050009526486,0.34071874999999996,0.0,0.34071874999999996
2024-04-30,688363.SH,0.01300813008130075,-0.011931705466228121,0.0,-0.011931705466228121,0.33541891891891895,0.0,0.33541891891891895
2024-05-06,688363.SH,-0.023547880690737877,-0.0195728318746441,0.0,-0.0195728318746441,0.26,0.0,0.26
2024-05-07,688363.SH,-0.019874804381846523,-0.015121987767474525,0.0,-0.015121987767474525,0.31130208333333337,0.0,0.31130208333333337
2024-05-08,688363.SH,-0.01647394265800728,-0.00745240808455219,0.0,-0.00745240808455219,0.3367210022522522,0.0,0.3367210022522522
2024-05-09,688363.SH,-0.022619424232837693,-0.004899957797210619,0.0,-0.004899957797210619,0.32233333333333336,0.0,0.32233333333333336
2024-05-10,688363.SH,0.017495987158908655,-0.015309316850133686,0.0,-0.015309316850133686,0.3341666666666667,0.0,0.3341666666666667
2024-05-13,688363.SH,0.011736334405144655,-0.0174817921551808,0.0,-0.0174817921551808,0.3366666666666667,0.0,0.3366666666666667
2024-04-10,688418.SH,-0.09191583610188259,-0.0388696169745054,0.0,-0.0388696169745054,0.4058797072378633,0.0,0.4058797072378633
2024-04-11,688418.SH,-0.05583195135433949,-0.04912634650210478,0.0,-0.04912634650210478,0.5225153123114918,0.0,0.5225153123114918
2024-04-12,688418.SH,-0.09484649122806998,-0.05640056252667176,0.0,-0.05640056252667176,0.3952462193362194,0.0,0.3952462193362194
2024-04-15,688418.SH,-0.03730017761989335,0.046194413933397155,0.0,0.046194413933397155,0.6614650102363671,0.0,0.6614650102363671
2024-04-16,688418.SH,0.061118335500650156,0.062465614860865805,0.0,0.062465614860865805,0.6929054357682819,0.0,0.6929054357682819
2024-04-17,688418.SH,0.034146341463414887,0.021726416072964074,0.0,0.021726416072964074,0.6190948916383414,0.0,0.6190948916383414
2024-04-18,688418.SH,0.01756440281030458,0.0588227628715239,0.0,0.0588227628715239,0.6181316769030336,0.0,0.6181316769030336
2024-04-19,688418.SH,0.12174439733494835,-0.019932734841540716,0.0,-0.019932734841540716,0.6866334780963242,0.0,0.6866334780963242
2024-04-22,688418.SH,0.19003690036900367,-0.027639566487363255,0.0,-0.027639566487363255,0.6119174287136081,0.0,0.6119174287136081
2024-04-23,688418.SH,0.1384803921568627,-0.035552338903893956,0.0,-0.035552338903893956,0.5807375345337139,0.0,0.5807375345337139
2024-04-24,688418.SH,0.116745283018868,-0.03331274942489218,0.0,-0.03331274942489218,0.5581934559643567,0.0,0.5581934559643567
2024-04-25,688418.SH,0.1570771001150748,-0.03050464271731495,0.0,-0.03050464271731495,0.6132375476751151,0.0,0.6132375476751151
2024-04-26,688418.SH,0.06803455723542129,0.03133583385249567,0.0,0.03133583385249567,0.7321849662063229,0.0,0.7321849662063229
2024-04-29,688418.SH,-0.0015503875968992942,0.02560863951466486,0.0,0.02560863951466486,0.643262888284245,0.0,0.643262888284245
2024-04-30,688418.SH,-0.01399354144241105,0.03996845953324353,0.0,0.03996845953324353,0.6788106090819659,0.0,0.6788106090819659
2024-05-06,688418.SH,-0.06969376979936648,-0.0023324388704921216,0.0,-0.0023324388704921216,0.5614975926410425,0.0,0.5614975926410425
2024-05-07,688418.SH,-0.14470412729985083,0.016927937373884937,0.0,0.016927937373884937,0.5566608391608391,0.0,0.5566608391608391
2024-05-08,688418.SH,-0.10667340748230536,0.02986987921215775,0.0,0.02986987921215775,0.685495794267151,0.0,0.685495794267151
2024-05-09,688418.SH,-0.08436853002070388,0.016698950209957163,0.0,0.016698950209957163,0.6435240504868966,0.0,0.6435240504868966
2024-05-10,688418.SH,-0.0010917030567685337,0.0313024141625386,0.0,0.0313024141625386,0.7329390362103929,0.0,0.7329390362103929
2024-05-13,688418.SH,0.09023836549375708,0.021555285497144472,0.0,0.021555285497144472,0.7464799691202344,0.0,0.7464799691202344
2024-04-10,688455.SH,-0.02774813233724649,-0.0628763392004252,0.0,-0.0628763392004252,0.2384013504921457,0.0,0.2384013504921457
2024-04-11,688455.SH,-0.05508474576271183,-0.05775584122067623,0.0,-0.05775584122067623,0.2279716968322615,0.0,0.2279716968322615
2024-04-12,688455.SH,-0.07491856677524444,-0.05073893353856051,0.0,-0.05073893353856051,0.3409911779567703,0.0,0.3409911779567703
2024-04-15,688455.SH,-0.06541019955654104,-0.03043776292656735,0.0,-0.03043776292656735,0.31659546759656465,0.0,0.31659546759656465
2024-04-16,688455.SH,0.009237875288683695,-0.012597345726916915,0.0,-0.012597345726916915,0.38012750190985495,0.0,0.38012750190985495
2024-04-17,688455.SH,-0.028540065861690445,-0.07343389256882092,0.0,-0.07343389256882092,0.31147458857280286,0.0,0.31147458857280286
2024-04-18,688455.SH,0.0033632286995515237,-0.05408289616712589,0.0,-0.05408289616712589,0.3637770264558223,0.0,0.3637770264558223
2024-04-19,688455.SH,0.04107981220657275,-0.059667453913862356,0.0,-0.059667453913862356,0.34687472674476694,0.0,0.34687472674476694
2024-04-22,688455.SH,0.07473309608540935,-0.046310717401233825,0.0,-0.046310717401233825,0.4021513705802342,0.0,0.4021513705802342
2024-04-23,688455.SH,0.0194508009153318,-0.03932355911747626,0.0,-0.03932355911747626,0.4513474801832958,0.0,0.4513474801832958
2024-04-24,688455.SH,0.04406779661016946,-0.04497534597085855,0.0,-0.04497534597085855,0.4808213460593779,0.0,0.4808213460593779
2024-04-25,688455.SH,0.03240223463687153,-0.052933234508643165,0.0,-0.052933234508643165,0.4615879878928659,0.0,0.4615879878928659
2024-04-26,688455.SH,0.02367531003382206,-0.04664645290930227,0.0,-0.04664645290930227,0.46057568045392805,0.0,0.46057568045392805
2024-04-29,688455.SH,0.02538631346578346,-0.05171534373920499,0.0,-0.05171534373920499,0.3873170838647246,0.0,0.3873170838647246
2024-04-30,688455.SH,0.02805836139169471,-0.05456159172888988,0.0,-0.05456159172888988,0.4211666659541574,0.0,0.4211666659541574
2024-05-06,688455.SH,-0.0357142857142857,-0.04844260127733999,0.0,-0.04844260127733999,0.4433791204137752,0.0,0.4433791204137752
2024-05-07,688455.SH,-0.03463203463203468,-0.0558938979849229,0.0,-0.0558938979849229,0.42399026270765405,0.0,0.42399026270765405
2024-05-08,688455.SH,-0.03634361233480177,-0.055819210320098726,0.0,-0.055819210320098726,0.4354586744064757,0.0,0.4354586744064757
2024-05-09,688455.SH,-0.04843918191603869,-0.07061102093762454,0.0,-0.07061102093762454,0.4411968693142606,0.0,0.4411968693142606
2024-05-10,688455.SH,-0.01637554585152845,-0.05909677913483795,0.0,-0.05909677913483795,0.43576245525844826,0.0,0.43576245525844826
2024-05-13,688455.SH,0.0033670033670032407,-0.011320368013286121,0.0,-0.011320368013286121,0.4392389971139971,0.0,0.4392389971139971
2024-04-10,688525.SH,0.047178329571106126,-0.039264009366802355,0.0,-0.039264009366802355,0.41,0.0,0.41
2024-04-11,688525.SH,0.020408163265306145,-0.024604549048668208,0.0,-0.024604549048668208,0.325,0.0,0.325
2024-04-12,688525.SH,0.03264295362449343,-0.00703875714554838,0.0,-0.00703875714554838,0.39,0.0,0.39
2024-04-15,688525.SH,0.0988045864845084,0.03125908064166426,0.0,0.03125908064166426,0.54,0.0,0.54
2024-04-16,688525.SH,0.2554100988511889,0.04146649742362238,0.0,0.04146649742362238,0.56,0.0,0.56
2024-04-18,688525.SH,0.060573399439534326,0.030728512891181746,0.0,0.030728512891181746,0.565,0.0,0.565
2024-04-19,688525.SH,0.1451111111111112,0.016463433188188673,0.0,0.016463433188188673,0.63,0.0,0.63
2024-04-22,688525.SH,0.14584695879659915,0.01466347968591459,0.0,0.01466347968591459,0.575,0.0,0.575
2024-04-23,688525.SH,0.15763765541740682,-0.01622826274065219,0.0,-0.01622826274065219,0.54,0.0,0.54
2024-04-24,688525.SH,0.12257927218557141,-0.003063842847283712,0.0,-0.003063842847283712,0.525,0.0,0.525
2024-04-25,688525.SH,0.038414634146341387,0.033421749216257304,0.0,0.033421749216257304,0.5,0.0,0.5
2024-04-26,688525.SH,0.0034931108092373098,0.05491873537050717,0.0,0.05491873537050717,0.54,0.0,0.54
2024-04-29,688525.SH,0.02226027397260255,-0.0200148269414927,0.0,-0.0200148269414927,0.545,0.0,0.545
2024-04-30,688525.SH,-0.021097046413502185,-0.04221864156712071,0.0,-0.04221864156712071,0.475,0.0,0.475
2024-05-06,688525.SH,-0.061990521327014325,-0.05481351767289249,0.0,-0.05481351767289249,0.465,0.0,0.465
2024-05-07,688525.SH,-0.03699354081033468,-0.042270400206330654,0.0,-0.042270400206330654,0.475,0.0,0.475
2024-05-08,688525.SH,-0.03906401082962685,-0.044341645324221926,0.0,-0.044341645324221926,0.505,0.0,0.505
2024-05-09,688525.SH,-0.09305788200260567,-0.039896317579432655,0.0,-0.039896317579432655,0.43,0.0,0.43
2024-05-10,688525.SH,-0.061128526645767955,0.0025536137393866866,0.0,0.0025536137393866866,0.52,0.0,0.52
2024-05-13,688525.SH,-0.017784963621665262,0.007106822627519407,0.0,0.007106822627519407,0.495,0.0,0.495
2024-04-10,688592.SH,-0.08874841972187097,-0.005444082060332639,0.0,-0.005444082060332639,0.43924924112047486,0.0,0.43924924112047486
2024-04-11,688592.SH,-0.03935185185185186,0.0009465431096538055,0.0,0.0009465431096538055,0.3880283357608124,0.0,0.3880283357608124
2024-04-12,688592.SH,-0.003989361702127603,-0.05351418372985559,0.0,-0.05351418372985559,0.35016406159411884,0.0,0.35016406159411884
2024-04-15,688592.SH,0.07765363128491631,0.015748212056130414,0.0,0.015748212056130414,0.3399803529803529,0.0,0.3399803529803529
2024-04-16,688592.SH,0.12426035502958599,0.050201570913517325,0.0,0.050201570913517325,0.43998035298035293,0.0,0.43998035298035293
2024-04-17,688592.SH,0.07380688124306345,0.058547458075953046,0.0,0.058547458075953046,0.5356442924564366,0.0,0.5356442924564366
2024-04-18,688592.SH,0.02998661311914308,0.043056568523304736,0.0,0.043056568523304736,0.5723960298156507,0.0,0.5723960298156507
2024-04-19,688592.SH,0.03978638184245642,0.0576642918813591,0.0,0.0576642918813591,0.596989732819636,0.0,0.596989732819636
2024-04-22,688592.SH,0.05235873509590472,0.047391382257509045,0.0,0.047391382257509045,0.6421396195592405,0.0,0.6421396195592405
2024-04-23,688592.SH,0.07236842105263164,0.08103511814742546,0.0,0.08103511814742546,0.6669897328196359,0.0,0.6669897328196359
2024-04-24,688592.SH,0.06434108527131777,0.07130729464854413,0.0,0.07130729464854413,0.6661598077044286,0.0,0.6661598077044286
2024-04-25,688592.SH,0.09201975565375609,0.09033617136705564,0.0,0.09033617136705564,0.62306080329328,0.0,0.62306080329328
2024-04-26,688592.SH,0.06574216743708283,0.05199026445206949,0.0,0.05199026445206949,0.6487704104753136,0.0,0.6487704104753136
2024-04-29,688592.SH,0.020935960591133007,0.049884475404899827,0.0,0.049884475404899827,0.7205311737947083,0.0,0.7205311737947083
2024-04-30,688592.SH,-0.018404907975460127,-0.0778332029919032,0.0,-0.0778332029919032,0.3409408901079892,0.0,0.3409408901079892
2024-05-06,688592.SH,-0.05778101480941966,-0.07862971180005827,0.0,-0.07862971180005827,0.3403861788617886,0.0,0.3403861788617886
2024-05-07,688592.SH,-0.0587955248750297,-0.07003271923028487,0.0,-0.07003271923028487,0.30038617886178864,0.0,0.30038617886178864
2024-05-08,688592.SH,-0.057349397590361506,-0.07426361756066605,0.0,-0.07426361756066605,0.18285714285714286,0.0,0.18285714285714286
2024-05-09,688592.SH,-0.07358262967430651,-0.06591214414749587,0.0,-0.06591214414749587,0.19,0.0,0.19
2024-05-10,688592.SH,-0.018000000000000016,-0.08824178945779679,0.0,-0.08824178945779679,0.24093875657284256,0.0,0.24093875657284256
2024-05-13,688592.SH,0.022159237309971713,-0.06426603720071387,0.0,-0.06426603720071387,0.22565573770491804,0.0,0.22565573770491804
2024-04-10,688607.SH,-0.16028880866425987,0.014053819409375444,0.0,0.014053819409375444,0.6106889154033497,0.0,0.6106889154033497
2024-04-11,688607.SH,-0.1359999999999999,0.0011089652470970394,0.0,0.0011089652470970394,0.585396631183646,0.0,0.585396631183646
2024-04-12,688607.SH,-0.07032967032967041,-0.0606348608419606,0.0,-0.0606348608419606,0.48130813802674893,0.0,0.48130813802674893
2024-04-17,688607.SH,0.06879194630872476,0.08794113403442072,0.0,0.08794113403442072,0.6877904238618524,0.0,0.6877904238618524
2024-04-18,688607.SH,0.11129848229342332,0.06652721798701777,0.0,0.06652721798701777,0.7743440514684538,0.0,0.7743440514684538
2024-04-19,688607.SH,0.15305245055889927,0.05683191093942124,0.0,0.05683191093942124,0.7878707137462682,0.0,0.7878707137462682
2024-04-22,688607.SH,0.12205387205387197,0.08499277958045261,0.0,0.08499277958045261,0.6876427905256979,0.0,0.6876427905256979
2024-04-23,688607.SH,0.01576044129235621,0.0824888758692708,0.0,0.0824888758692708,0.6029689952904239,0.0,0.6029689952904239
2024-04-24,688607.SH,0.08791208791208782,0.06092022510098816,0.0,0.06092022510098816,0.7290835351030988,0.0,0.7290835351030988
2024-04-25,688607.SH,0.055386949924127515,0.047786652196693,0.0,0.047786652196693,0.7481042105118132,0.0,0.7481042105118132
2024-04-26,688607.SH,0.034302759134973826,0.06715086200449986,0.0,0.06715086200449986,0.7189682842920604,0.0,0.7189682842920604
2024-04-29,688607.SH,0.046511627906976605,0.05012203051203578,0.0,0.05012203051203578,0.682942615935263,0.0,0.682942615935263
2024-04-30,688607.SH,0.05508145849495727,0.05366387100969559,0.0,0.05366387100969559,0.6340177229443588,0.0,0.6340177229443588
2024-05-06,688607.SH,-0.06349206349206338,0.0186953106532723,0.0,0.0186953106532723,0.6310530308709482,0.0,0.6310530308709482
2024-05-07,688607.SH,-0.056793673616103546,0.06439829109188389,0.0,0.06439829109188389,0.8075513194105678,0.0,0.8075513194105678
2024-05-08,688607.SH,-0.02667627974044695,0.06677529358388146,0.0,0.06677529358388146,0.8218013194105679,0.0,0.8218013194105679
2024-05-09,688607.SH,-0.028673835125447966,0.05698688770115878,0.0,0.05698688770115878,0.8379260916971049,0.0,0.8379260916971049
2024-05-10,688607.SH,0.013970588235294068,0.06773302032212246,0.0,0.06773302032212246,0.831874580708094,0.0,0.831874580708094
2024-05-13,688607.SH,0.08089368258859775,0.04705593899820831,0.0,0.04705593899820831,0.7324958552273759,0.0,0.7324958552273759
2024-04-10,688609.SH,-0.15181818181818185,-0.030404439013034877,0.0,-0.030404439013034877,0.2570454545454545,0.0,0.2570454545454545
2024-04-11,688609.SH,-0.16575091575091583,-0.021847756102849943,0.0,-0.021847756102849943,0.345,0.0,0.345
2024-04-12,688609.SH,-0.1655813953488372,-0.03138600876468842,0.0,-0.03138600876468842,0.34706437225402736,0.0,0.34706437225402736
2024-04-15,688609.SH,-0.0951903807615232,0.10948710911783063,0.0,0.10948710911783063,0.564037037037037,0.0,0.564037037037037
2024-04-17,688609.SH,0.04661016949152552,-0.04179659031539914,0.0,-0.04179659031539914,0.6012962962962962,0.0,0.6012962962962962
2024-04-18,688609.SH,0.05037513397642024,-0.0399976983627835,0.0,-0.0399976983627835,0.6125117340843147,0.0,0.6125117340843147
2024-04-19,688609.SH,0.13391877058177837,-0.04069391654820185,0.0,-0.04069391654820185,0.57,0.0,0.57
2024-04-22,688609.SH,0.18283166109253046,-0.02451706385460005,0.0,-0.02451706385460005,0.5547739651416121,0.0,0.5547739651416121
2024-04-23,688609.SH,0.16722037652270205,-0.057251312340977245,0.0,-0.057251312340977245,0.5263480392156863,0.0,0.5263480392156863
2024-04-24,688609.SH,0.08805668016194312,0.0788663091163848,0.0,0.0788663091163848,0.665,0.0,0.665
2024-04-25,688609.SH,0.07857142857142851,-0.012541824964771244,0.0,-0.012541824964771244,0.7002392473118281,0.0,0.7002392473118281
2024-04-26,688609.SH,-0.01839303000968051,-0.029315592023533125,0.0,-0.029315592023533125,0.5554535330261136,0.0,0.5554535330261136
2024-04-29,688609.SH,-0.03864278982092362,-0.03501343405321873,0.0,-0.03501343405321873,0.5661035330261136,0.0,0.5661035330261136
2024-04-30,688609.SH,-0.06261859582542684,-0.007638365003712633,0.0,-0.007638365003712633,0.6590687445385492,0.0,0.6590687445385492
2024-05-06,688609.SH,-0.08465116279069773,-0.03498786357351497,0.0,-0.03498786357351497,0.6536771253278465,0.0,0.6536771253278465
2024-05-07,688609.SH,-0.045411542100283864,-0.008110060724939297,0.0,-0.008110060724939297,0.6670793815167092,0.0,0.6670793815167092
2024-05-08,688609.SH,-0.004930966469428033,-0.001907894207170615,0.0,-0.001907894207170615,0.6619813423010227,0.0,0.6619813423010227
2024-05-09,688609.SH,-0.021568627450980316,-0.005162444838083568,0.0,-0.005162444838083568,0.7658922462947273,0.0,0.7658922462947273
2024-05-10,688609.SH,0.0728744939271253,0.007184657873441711,0.0,0.007184657873441711,0.7220504348803352,0.0,0.7220504348803352
2024-05-13,688609.SH,0.07825203252032509,-0.0005884730401315737,0.0,-0.0005884730401315737,0.6850588712912044,0.0,0.6850588712912044
2024-04-10,688633.SH,-0.05115511551155105,-0.04167196731085635,0.0,-0.04167196731085635,0.49301339285714285,0.0,0.49301339285714285
2024-04-11,688633.SH,-0.07651821862348185,-0.052896235609695766,0.0,-0.052896235609695766,0.4725,0.0,0.4725
2024-04-12,688633.SH,-0.0625,-0.04834880637400186,0.0,-0.04834880637400186,0.535,0.0,0.535
2024-04-15,688633.SH,-0.02415875754961172,-0.07614964847975099,0.0,-0.07614964847975099,0.4875,0.0,0.4875
2024-04-16,688633.SH,0.06943150046598312,-0.028096694699260585,0.0,-0.028096694699260585,0.37086973775017257,0.0,0.37086973775017257
2024-04-17,688633.SH,0.025217391304347858,0.004539076845033715,0.0,0.004539076845033715,0.43329562650886183,0.0,0.43329562650886183
2024-04-18,688633.SH,0.07321350284962747,-0.0011520420530479996,0.0,-0.0011520420530479996,0.44111044973544977,0.0,0.44111044973544977
2024-04-19,688633.SH,0.08157894736842097,-0.007409019028336147,0.0,-0.007409019028336147,0.3988163320883909,0.0,0.3988163320883909
2024-04-22,688633.SH,0.16003536693191855,-0.0036664834240130546,0.0,-0.0036664834240130546,0.4708163320883909,0.0,0.4708163320883909
2024-04-23,688633.SH,0.13202614379084965,0.009171886318550128,0.0,0.009171886318550128,0.3748054304304304,0.0,0.3748054304304304
2024-04-24,688633.SH,0.1874469889737067,0.002679083711606612,0.0,0.002679083711606612,0.39147209709709707,0.0,0.39147209709709707
2024-04-25,688633.SH,0.10947712418300659,-0.0748298760912207,0.0,-0.0748298760912207,0.3799459533062474,0.0,0.3799459533062474
2024-04-26,688633.SH,0.0888077858880778,-0.026062663737053376,0.0,-0.026062663737053376,0.411145813881108,0.0,0.411145813881108
2024-04-29,688633.SH,0.03544207317073189,-0.06607225719014592,0.0,-0.06607225719014592,0.41023311546840957,0.0,0.41023311546840957
2024-04-30,688633.SH,0.033102386451116184,0.042586949061656,0.0,0.042586949061656,0.4773071895424837,0.0,0.4773071895424837
2024-05-06,688633.SH,-0.0714285714285714,-0.028866293608574657,0.0,-0.028866293608574657,0.5143167091212085,0.0,0.5143167091212085
2024-05-07,688633.SH,-0.040132547864506596,0.01854244477065179,0.0,0.01854244477065179,0.5935900453776177,0.0,0.5935900453776177
2024-05-08,688633.SH,-0.04692737430167604,0.03057027580633621,0.0,0.03057027580633621,0.7112586048659767,0.0,0.7112586048659767
2024-05-09,688633.SH,-0.053367684946632465,-0.01584967004291936,0.0,-0.01584967004291936,0.6245159649169187,0.0,0.6245159649169187
2024-05-10,688633.SH,-0.028315946348733245,0.02972133471813958,0.0,0.02972133471813958,0.6923320160375879,0.0,0.6923320160375879
2024-05-13,688633.SH,0.0180769230769231,0.03365703430243114,0.0,0.03365703430243114,0.7773053975794362,0.0,0.7773053975794362
2024-04-10,688701.SH,-0.19780219780219777,-0.17372286548392835,0.0,-0.17372286548392835,0.35662086716513813,0.0,0.35662086716513813
2024-04-11,688701.SH,-0.14963503649635046,-0.06799058503387806,0.0,-0.06799058503387806,0.43685980849859873,0.0,0.43685980849859873
2024-04-12,688701.SH,-0.07344632768361581,-0.07699947972862856,0.0,-0.07699947972862856,0.4363164670297675,0.0,0.4363164670297675
2024-04-18,688701.SH,0.09649122807017552,0.16163904597649537,0.0,0.16163904597649537,0.63375,0.0,0.63375
2024-04-19,688701.SH,0.1123595505617978,0.08518889958470499,0.0,0.08518889958470499,0.6806428571428572,0.0,0.6806428571428572
2024-04-22,688701.SH,0.21004566210045672,0.06314937373210736,0.0,0.06314937373210736,0.6168928571428571,0.0,0.6168928571428571
2024-04-23,688701.SH,0.12660944206008584,0.08618464676938892,0.0,0.08618464676938892,0.6836087285893788,0.0,0.6836087285893788
2024-04-24,688701.SH,0.08943089430894324,0.10137632263974955,0.0,0.10137632263974955,0.7262730804412305,0.0,0.7262730804412305
2024-04-25,688701.SH,0.08200000000000007,0.08566700803223344,0.0,0.08566700803223344,0.7435061182367683,0.0,0.7435061182367683
2024-04-26,688701.SH,0.06060606060606055,0.09561754379058274,0.0,0.09561754379058274,0.791402445593622,0.0,0.791402445593622
2024-04-29,688701.SH,0.007547169811320753,0.09392047698539527,0.0,0.09392047698539527,0.6912730804412306,0.0,0.6912730804412306
2024-04-30,688701.SH,-0.015238095238095273,0.09977294008196584,0.0,0.09977294008196584,0.7644247272335507,0.0,0.7644247272335507
2024-05-06,688701.SH,-0.04664179104477617,0.09265078997371301,0.0,0.09265078997371301,0.7406999984306484,0.0,0.7406999984306484
2024-05-07,688701.SH,0.0,0.09143666074283865,0.0,0.09143666074283865,0.7551197176003676,0.0,0.7551197176003676
2024-05-08,688701.SH,0.01333333333333342,0.09399410127856032,0.0,0.09399410127856032,0.7720004848093083,0.0,0.7720004848093083
2024-05-09,688701.SH,0.03745318352059934,0.09033962414765119,0.0,0.09033962414765119,0.7773859513666014,0.0,0.7773859513666014
2024-05-10,688701.SH,0.06769825918762074,0.096200125457004,0.0,0.096200125457004,0.7774009177097411,0.0,0.7774009177097411
2024-05-13,688701.SH,0.08806262230919759,0.10349989818715497,0.0,0.10349989818715497,0.790258060566884,0.0,0.790258060566884
2024-04-10,688776.SH,-0.07631578947368423,-0.08603528003318889,0.0,-0.08603528003318889,0.24,0.0,0.24
2024-04-11,688776.SH,-0.05588686317941727,-0.08171495194059161,0.0,-0.08171495194059161,0.2103225806451613,0.0,0.2103225806451613
2024-04-12,688776.SH,-0.03912443984832825,-0.07894825785994747,0.0,-0.07894825785994747,0.22032258064516128,0.0,0.22032258064516128
2024-04-15,688776.SH,0.034038800705467276,0.08571322955514521,0.0,0.08571322955514521,0.40034482758620693,0.0,0.40034482758620693
2024-04-16,688776.SH,0.11452830188679242,0.08920776821740223,0.0,0.08920776821740223,0.4053448275862069,0.0,0.4053448275862069
2024-04-17,688776.SH,0.09615384615384626,0.05415883712357071,0.0,0.05415883712357071,0.43529411764705883,0.0,0.43529411764705883
2024-04-18,688776.SH,0.09655296877819897,0.12007919249332284,0.0,0.12007919249332284,0.28265573770491803,0.0,0.28265573770491803
2024-04-19,688776.SH,0.16663677130044863,0.09806225462987724,0.0,0.09806225462987724,0.28065573770491803,0.0,0.28065573770491803
2024-04-22,688776.SH,0.13218488828244923,0.04864238814064583,0.0,0.04864238814064583,0.44,0.0,0.44
2024-04-23,688776.SH,0.12425935330963256,0.09635421257291439,0.0,0.09635421257291439,0.275655737704918,0.0,0.275655737704918
2024-04-24,688776.SH,0.08122157244964257,0.07042937157903449,0.0,0.07042937157903449,0.33594985535197686,0.0,0.33594985535197686
2024-04-25,688776.SH,0.16803818301514162,0.10776850849171758,0.0,0.10776850849171758,0.27,0.0,0.27
2024-04-26,688776.SH,0.04551045510455087,0.054556725800198554,0.0,0.054556725800198554,0.475,0.0,0.475
2024-04-29,688776.SH,0.081651099728834,-0.06570627832889263,0.0,-0.06570627832889263,0.3346153846153846,0.0,0.3346153846153846
2024-04-30,688776.SH,0.06520102394217742,-0.0728683565609344,0.0,-0.0728683565609344,0.3099602122015915,0.0,0.3099602122015915
2024-05-06,688776.SH,0.031700721153846034,-0.08197622255659814,0.0,-0.08197622255659814,0.2382386605292202,0.0,0.2382386605292202
2024-05-07,688776.SH,-0.038748767084683666,-0.05133910459885282,0.0,-0.05133910459885282,0.36,0.0,0.36
2024-05-08,688776.SH,0.011176470588235343,-0.08238290205655469,0.0,-0.08238290205655469,0.3169222085385879,0.0,0.3169222085385879
2024-05-09,688776.SH,-0.04596100278551529,-0.02634015508450107,0.0,-0.02634015508450107,0.41444871794871796,0.0,0.41444871794871796
2024-05-10,688776.SH,-0.008199038733389896,-0.03146102499969368,0.0,-0.03146102499969368,0.3796153846153846,0.0,0.3796153846153846
2024-05-13,688776.SH,-0.02752293577981657,-0.025247706748025126,0.0,-0.025247706748025126,0.48375,0.0,0.48375
2024-04-10,920718.BJ,0.12546125461254598,-0.028312246943896235,0.0,-0.028312246943896235,0.3146487509355687,0.0,0.3146487509355687
2024-04-11,920718.BJ,-0.07943925233644855,-0.01246096953905249,0.0,-0.01246096953905249,0.39290118997399126,0.0,0.39290118997399126
2024-04-12,920718.BJ,-0.11524500907441015,-0.022578885179396085,0.0,-0.022578885179396085,0.3129179240204061,0.0,0.3129179240204061
2024-04-15,920718.BJ,-0.12844036697247707,0.00478084213822999,0.0,0.00478084213822999,0.43235573743248407,0.0,0.43235573743248407
2024-04-16,920718.BJ,-0.07815442561205277,-0.005083053337570762,0.0,-0.005083053337570762,0.35905169753086424,0.0,0.35905169753086424
2024-04-18,920718.BJ,-0.16393442622950816,-0.0456385627406827,0.0,-0.0456385627406827,0.38026315789473686,0.0,0.38026315789473686
2024-04-23,920718.BJ,0.03756345177664988,0.017749644793673868,0.0,0.017749644793673868,0.5352551020408164,0.0,0.5352551020408164
2024-04-24,920718.BJ,0.0953846153846154,-0.04149617556283406,0.0,-0.04149617556283406,0.5078523554657756,0.0,0.5078523554657756
2024-04-25,920718.BJ,0.09789473684210526,-0.04514447549016507,0.0,-0.04514447549016507,0.5628523554657756,0.0,0.5628523554657756
2024-04-26,920718.BJ,0.04494382022471921,-0.05437573280259693,0.0,-0.05437573280259693,0.4770950905844266,0.0,0.4770950905844266
2024-04-29,920718.BJ,0.012745098039215863,-0.04813622241837571,0.0,-0.04813622241837571,0.4497494840632882,0.0,0.4497494840632882
2024-04-30,920718.BJ,0.016634050880626194,-0.04627819356050811,0.0,-0.04627819356050811,0.5055065420560748,0.0,0.5055065420560748
2024-05-06,920718.BJ,-0.009363295880149725,-0.05793137267630552,0.0,-0.05793137267630552,0.44411636718017133,0.0,0.44411636718017133
2024-05-07,920718.BJ,0.03163950143815919,-0.040685036416776586,0.0,-0.040685036416776586,0.5125021485772132,0.0,0.5125021485772132
2024-05-08,920718.BJ,0.0566959921798631,-0.02880099589419209,0.0,-0.02880099589419209,0.5430552540165002,0.0,0.5430552540165002
2024-05-09,920718.BJ,0.03388189738625358,0.05998962892176167,0.0,0.05998962892176167,0.5475195397307859,0.0,0.5475195397307859
2024-05-10,920718.BJ,0.04716073147256972,0.15157784245236955,0.0,0.15157784245236955,0.5532338254450717,0.0,0.5532338254450717
2024-05-13,920718.BJ,0.03402646502835527,-0.049997829051763976,0.0,-0.049997829051763976,0.42025510204081634,0.0,0.42025510204081634
2024-04-10,920779.BJ,-0.06443661971830983,-0.10930731876453317,0.0,-0.10930731876453317,0.17155337690631808,0.0,0.17155337690631808
2024-04-11,920779.BJ,-0.04837545126353793,-0.046648657873062105,0.0,-0.046648657873062105,0.16625925925925927,0.0,0.16625925925925927
2024-04-12,920779.BJ,-0.048357993504150154,-0.0718732786869557,0.0,-0.0718732786869557,0.17175925925925925,0.0,0.17175925925925925
2024-04-15,920779.BJ,-0.00187969924812037,-0.09123087968626545,0.0,-0.09123087968626545,0.38716351457840814,0.0,0.38716351457840814
2024-04-16,920779.BJ,0.058544303797468444,-0.0908489984564325,0.0,-0.0908489984564325,0.36950000000000005,0.0,0.36950000000000005
2024-04-17,920779.BJ,0.007527286413248069,-0.07806385982238398,0.0,-0.07806385982238398,0.30425925925925923,0.0,0.30425925925925923
2024-04-18,920779.BJ,0.013277693474962105,-0.052149432622485475,0.0,-0.052149432622485475,0.2837592592592592,0.0,0.2837592592592592
2024-04-19,920779.BJ,0.020098596890405718,-0.05921409809980987,0.0,-0.05921409809980987,0.2778462157809984,0.0,0.2778462157809984
2024-04-22,920779.BJ,0.016949152542372836,-0.05217792080585434,0.0,-0.05217792080585434,0.235,0.0,0.235
2024-04-23,920779.BJ,0.008594917787742684,-0.05571664101350964,0.0,-0.05571664101350964,0.25029411764705883,0.0,0.25029411764705883
2024-04-24,920779.BJ,0.009338812103100391,-0.04640434637757252,0.0,-0.04640434637757252,0.26,0.0,0.26
2024-04-25,920779.BJ,0.007113440658929049,-0.05245772919818815,0.0,-0.05245772919818815,0.24529411764705883,0.0,0.24529411764705883
2024-04-26,920779.BJ,-0.0007434944237918462,-0.04983908715657887,0.0,-0.04983908715657887,0.26029411764705884,0.0,0.26029411764705884
2024-04-29,920779.BJ,0.034074074074074145,-0.04842198905043941,0.0,-0.04842198905043941,0.2903521126760563,0.0,0.2903521126760563
2024-04-30,920779.BJ,-0.04890700259355307,-0.051322368116853756,0.0,-0.051322368116853756,0.27029411764705885,0.0,0.27029411764705885
2024-05-06,920779.BJ,-0.07253886010362698,-0.024790827075135732,0.0,-0.024790827075135732,0.324984593837535,0.0,0.324984593837535
2024-05-07,920779.BJ,-0.08141263940520438,-0.016055810835775185,0.0,-0.016055810835775185,0.28629411764705887,0.0,0.28629411764705887
2024-05-08,920779.BJ,-0.08519345238095233,-0.016347893088628825,0.0,-0.016347893088628825,0.3316512605042017,0.0,0.3316512605042017
2024-05-09,920779.BJ,-0.13968481375358177,-0.06662483886021188,0.0,-0.06662483886021188,0.2587051282051282,0.0,0.2587051282051282
2024-05-10,920779.BJ,-0.06232956758862496,-0.14988217788333583,0.0,-0.14988217788333583,0.408288971248877,0.0,0.408288971248877
2024-05-13,920779.BJ,-0.04628890662410212,-0.03611756556786002,0.0,-0.03611756556786002,0.4223567977915804,0.0,0.4223567977915804
2024-04-10,920950.BJ,-0.04068169323804294,-0.10388700950470543,0.0,-0.10388700950470543,0.3213119369369369,0.0,0.3213119369369369
2024-04-11,920950.BJ,-0.005090497737556543,-0.04495744098544305,0.0,-0.04495744098544305,0.37864766070797357,0.0,0.37864766070797357
2024-04-12,920950.BJ,0.006169377453729918,-0.046396394908849586,0.0,-0.046396394908849586,0.3208725490196078,0.0,0.3208725490196078
2024-04-15,920950.BJ,0.03360370799536483,-0.07404047793270516,0.0,-0.07404047793270516,0.39808478693146065,0.0,0.39808478693146065
2024-04-16,920950.BJ,0.13503422526446784,-0.10437918197506313,0.0,-0.10437918197506313,0.45070710507950607,0.0,0.45070710507950607
2024-04-17,920950.BJ,0.04641833810888274,-0.11715598265459025,0.0,-0.11715598265459025,0.4234136710239651,0.0,0.4234136710239651
2024-04-18,920950.BJ,0.021603183627060707,-0.09853499058732403,0.0,-0.09853499058732403,0.459722097097097,0.0,0.459722097097097
2024-04-19,920950.BJ,0.018394648829431315,-0.09397906591394747,0.0,-0.09397906591394747,0.42291817552846966,0.0,0.42291817552846966
2024-04-22,920950.BJ,0.03251121076233199,-0.05147995490977344,0.0,-0.05147995490977344,0.45617178263168834,0.0,0.45617178263168834
2024-04-23,920950.BJ,-0.011513157894736725,-0.03711041909291167,0.0,-0.03711041909291167,0.4480554304304304,0.0,0.4480554304304304
2024-04-24,920950.BJ,-0.0065717415115006395,-0.041526076995303,0.0,-0.041526076995303,0.5110153568202348,0.0,0.5110153568202348
2024-04-25,920950.BJ,-0.004451864218141255,-0.048637464312150464,0.0,-0.048637464312150464,0.4746804304304304,0.0,0.4746804304304304
2024-04-26,920950.BJ,-0.036672140120415864,-0.03279979174491363,0.0,-0.03279979174491363,0.46895968574957936,0.0,0.46895968574957936
2024-04-29,920950.BJ,-0.027687296416938234,-0.04298858078938093,0.0,-0.04298858078938093,0.45383004650992453,0.0,0.45383004650992453
2024-04-30,920950.BJ,-0.009983361064891838,-0.042524713233988314,0.0,-0.042524713233988314,0.4691857194097151,0.0,0.4691857194097151
2024-05-06,920950.BJ,-0.022601984564498356,-0.07797195479641802,0.0,-0.07797195479641802,0.4227343415612784,0.0,0.4227343415612784
2024-05-07,920950.BJ,-0.0005589714924539857,-0.07103029374861781,0.0,-0.07103029374861781,0.4440438653708022,0.0,0.4440438653708022
2024-05-08,920950.BJ,0.012499999999999956,-0.0005807693668599001,0.0,-0.0005807693668599001,0.49062767810808805,0.0,0.49062767810808805
2024-05-09,920950.BJ,-0.018425460636516067,0.01054184078720808,0.0,0.01054184078720808,0.4371369047619047,0.0,0.4371369047619047
2024-05-10,920950.BJ,-0.02128851540616261,0.004739933078949189,0.0,0.004739933078949189,0.46202984385243456,0.0,0.46202984385243456
2024-05-13,920950.BJ,-0.015792442188381384,0.00254711718633752,0.0,0.00254711718633752,0.4641548438524346,0.0,0.4641548438524346
2024-04-10,920982.BJ,0.05503436512316262,-0.0662419334872902,0.0,-0.0662419334872902,0.5751901260504202,0.0,0.5751901260504202
2024-04-11,920982.BJ,0.04414003044140036,-0.09331843922486305,0.0,-0.09331843922486305,0.45819607843137256,0.0,0.45819607843137256
2024-04-12,920982.BJ,-0.013500815983383707,-0.10689917551425532,0.0,-0.10689917551425532,0.42152941176470593,0.0,0.42152941176470593
2024-04-15,920982.BJ,-0.06365830115830118,-0.08629759888873773,0.0,-0.08629759888873773,0.4017675070028011,0.0,0.4017675070028011
2024-04-16,920982.BJ,-0.012557295645530875,-0.08889793335449735,0.0,-0.08889793335449735,0.4317675070028011,0.0,0.4317675070028011
2024-04-17,920982.BJ,0.026058012363290528,-0.08599353387002129,0.0,-0.08599353387002129,0.4517675070028011,0.0,0.4517675070028011
2024-04-18,920982.BJ,0.020408163265306145,-0.08811714301201835,0.0,-0.08811714301201835,0.4294117647058823,0.0,0.4294117647058823
2024-04-19,920982.BJ,0.1229195909364349,-0.08807414811995264,0.0,-0.08807414811995264,0.4665294117647059,0.0,0.4665294117647059
2024-04-22,920982.BJ,-0.12375650739652588,-0.05681686793558076,0.0,-0.05681686793558076,0.5201901260504203,0.0,0.5201901260504203
2024-04-23,920982.BJ,-0.15284560707896144,-0.07885807167112312,0.0,-0.07885807167112312,0.48152941176470593,0.0,0.48152941176470593
2024-04-24,920982.BJ,-0.16127537306515904,-0.02911599707051753,0.0,-0.02911599707051753,0.43152941176470594,0.0,0.43152941176470594
2024-04-25,920982.BJ,-0.1315238095238096,0.0005842411276323509,0.0,0.0005842411276323509,0.4615294117647059,0.0,0.4615294117647059
2024-04-26,920982.BJ,-0.1964285714285714,-0.04798810850211737,0.0,-0.04798810850211737,0.574938974057607,0.0,0.574938974057607
2024-04-29,920982.BJ,0.040999999999999925,0.07209798492573183,0.0,0.07209798492573183,0.48896551724137927,0.0,0.48896551724137927
2024-04-30,920982.BJ,-0.006849315068493067,0.06332122551799127,0.0,0.06332122551799127,0.4739655172413793,0.0,0.4739655172413793
2024-05-06,920982.BJ,-0.049618742402475324,0.05954783669867283,0.0,0.05954783669867283,0.4689655172413793,0.0,0.4689655172413793
2024-05-07,920982.BJ,-0.015517052308367085,-0.02256020391079545,0.0,-0.02256020391079545,0.5089655172413793,0.0,0.5089655172413793
2024-05-08,920982.BJ,0.017833333333333368,-0.009341976244270606,0.0,-0.009341976244270606,0.545,0.0,0.545
2024-05-09,920982.BJ,0.018816748601457878,-0.03732251389422709,0.0,-0.03732251389422709,0.44,0.0,0.44
2024-05-10,920982.BJ,0.034482758620689724,0.02203022419686074,0.0,0.02203022419686074,0.445,0.0,0.445
2024-05-13,920982.BJ,0.06395348837209291,-0.042991299691953866,0.0,-0.042991299691953866,0.46,0.0,0.46
